sector_a,sector_b,shared_boundary_m
AL1 1,AL1 2,4663.218840450449
AL1 1,AL1 3,3123.6497935925763
AL1 1,AL1 5,3550.0254361352995
AL1 1,AL2 1,1482.7655814323884
AL1 1,AL2 2,171.6705422749978
AL1 1,AL3 4,1100.9757965925462
AL1 1,AL4 0,820.922007261486
AL1 2,AL2 2,2260.763730924275
AL1 2,AL3 4,3893.9764916539507
AL1 3,AL1 4,2358.1462265284586
AL1 3,AL1 5,1487.407653595736
AL1 3,AL3 4,263.92933262444967
AL1 3,AL3 5,1083.9610623817223
AL1 4,AL1 5,2708.53550711639
AL1 4,AL3 5,1944.9578339076027
AL1 4,AL3 6,73.67074894812586
AL1 4,AL4 0,1115.068524197091
AL1 4,AL4 9,1977.4743764052268
AL1 5,AL4 0,2826.4558415166293
AL10 0,AL10 8,2291.4274311180734
AL10 0,AL10 9,4166.093179666399
AL10 0,AL8 6,976.3191792451566
AL10 0,AL8 7,196.31776854178176
AL10 0,AL9 5,1609.1493365457413
AL10 8,AL10 9,3812.941322431128
AL10 8,AL9 5,1718.7958882389717
AL10 8,AL9 6,1658.236566706343
AL10 8,AL9 7,1119.7588189104504
AL10 9,AL4 0,5040.997141368511
AL10 9,AL4 9,4273.818784194547
AL10 9,AL5 5,2505.981634797822
AL10 9,AL6 9,615.6881229363585
AL10 9,AL8 7,5280.724745572727
AL10 9,AL9 7,267.3026289927261
AL2 1,AL2 2,2105.556703086413
AL2 1,AL4 0,1191.6789507744118
AL2 1,EN6 3,1703.1577317490553
AL2 1,WD7 9,5457.052472502196
AL2 2,AL2 3,5943.137945110083
AL2 2,AL3 4,581.0412876599469
AL2 2,WD7 9,1861.031793294954
AL2 3,AL3 4,3328.5924406597146
AL2 3,AL3 6,6339.781705286918
AL2 3,AL3 7,506.248287217179
AL2 3,HP2 4,2721.4540380171447
AL2 3,HP3 8,1650.2433967333964
AL2 3,WD25 0,1547.1814326875738
AL2 3,WD25 8,4691.916039859051
AL2 3,WD25 9,2184.772447943251
AL2 3,WD5 0,3583.012033863083
AL2 3,WD7 9,1118.4503905728702
AL3 4,AL3 5,1467.3671968955389
AL3 4,AL3 6,2285.2599510525924
AL3 5,AL3 6,3855.712103327054
AL3 6,AL3 7,6377.608021602424
AL3 6,AL4 8,928.4528788844057
AL3 6,AL4 9,3190.4321318101074
AL3 6,AL5 2,1516.9779681804496
AL3 7,AL3 8,6749.610573347667
AL3 7,AL5 2,1079.4496976177866
AL3 7,AL5 3,5225.799676974914
AL3 7,HP2 4,530.8390237458675
AL3 7,HP2 6,735.1286506168326
AL3 7,HP2 7,1951.8825214825733
AL3 8,AL5 3,2848.0499253747676
AL3 8,HP2 6,6020.414483996378
AL3 8,LU1 4,7480.399274284728
AL3 8,LU6 2,4851.902397606749
AL3 8,LU6 3,2471.6564272818455
AL4 0,AL4 9,3138.545796644668
AL4 0,AL9 7,2901.7901156604667
AL4 0,EN6 3,3357.1332147013945
AL4 8,AL4 9,5312.22916418877
AL4 8,AL5 1,3462.4391538246646
AL4 8,AL5 2,2469.625030851929
AL4 8,AL5 5,12706.266008433757
AL4 8,LU2 9,4637.470880298968
AL4 9,AL5 5,16.46376997557954
AL5 1,AL5 2,2938.8790934474687
AL5 1,AL5 5,3559.302290870304
AL5 2,AL5 3,6346.62606139163
AL5 2,AL5 4,1814.7499344328007
AL5 2,AL5 5,1411.4645959798258
AL5 3,AL5 4,1094.1912999548927
AL5 3,LU1 4,2502.94391504429
AL5 4,AL5 5,5105.872055479406
AL5 4,LU1 4,1448.9927577110889
AL5 5,AL6 9,3863.9608910750953
AL5 5,LU1 4,2475.1820240119773
AL5 5,LU2 9,3256.0848885445916
AL6 0,AL6 9,7794.837039876348
AL6 0,AL7 1,2324.3435203849194
AL6 0,AL7 2,2172.74121359451
AL6 0,AL8 7,1316.2386199140922
AL6 0,SG14 2,6227.845232091948
AL6 0,SG14 3,887.8895896814882
AL6 0,SG3 6,9103.14912691868
AL6 9,AL8 7,3271.711549193806
AL6 9,LU2 9,586.7998720558385
AL6 9,SG3 6,4409.334711853875
AL6 9,SG4 8,11506.03467778041
AL7 1,AL7 2,2787.5924487021603
AL7 1,AL7 3,4221.315434323156
AL7 1,AL8 7,1668.6535990969192
AL7 2,AL7 3,356.7290461314652
AL7 2,AL7 4,303.23400975799154
AL7 2,SG14 2,2070.6212847511583
AL7 3,AL7 4,4770.236222342825
AL7 3,AL8 6,1800.0418405218238
AL7 3,AL8 7,20.912405257713587
AL7 4,AL8 6,658.3099075352732
AL7 4,AL9 5,4929.695179158618
AL7 4,SG14 2,33.53413487813346
AL8 6,AL8 7,4097.2803140119295
AL9 5,AL9 6,14371.193470794502
AL9 5,AL9 7,4602.988239803734
AL9 5,SG13 8,312.1237960581842
AL9 5,SG14 2,2375.745999199211
AL9 6,AL9 7,5125.976073741486
AL9 6,EN6 1,697.9169293725816
AL9 6,EN6 4,3212.020472178605
AL9 6,SG13 8,5534.765509090898
AL9 7,EN5 4,1469.6562301281688
AL9 7,EN6 1,3241.608592867201
AL9 7,EN6 3,4594.624497690416
AL9 7,EN6 4,87.57497319342271
B1 1,B1 2,1206.406445692854
B1 1,B15 1,467.7314703295806
B1 1,B15 2,676.2331597626986
B1 1,B2 4,92.9563465173153
B1 1,B3 1,68.5012286747171
B1 1,B5 4,1774.9754424096147
B1 2,B1 3,1589.343449686599
B1 2,B15 1,514.0944625172101
B1 2,B16 8,1549.445932865927
B1 2,B18 7,548.7532101173219
B1 2,B3 1,1298.1387407274995
B1 3,B18 6,605.1223607810692
B1 3,B18 7,227.26713877017426
B1 3,B3 1,1034.9621770236474
B10 0,B10 9,2799.7873022290273
B10 0,B11 1,2130.2356524572756
B10 0,B11 2,1243.525848610515
B10 0,B25 8,486.87783961602247
B10 0,B9 4,460.0737834137082
B10 0,B9 5,421.05275788199253
B10 9,B25 8,1140.3287910696026
B10 9,B9 5,5136.229583076393
B11 1,B11 2,1108.9481458377315
B11 1,B11 4,1388.7874368161836
B11 1,B12 0,1986.9618993400813
B11 1,B12 8,664.7645905702411
B11 1,B9 4,249.9110066947059
B11 2,B11 3,2233.364329934776
B11 2,B11 4,66.38088060846223
B11 2,B25 8,2408.0937007887055
B11 2,B27 6,814.7433642560784
B11 3,B11 4,2064.901814680488
B11 3,B13 9,300.9208228482214
B11 3,B27 6,13.646884314498864
B11 3,B27 7,1918.8434883823404
B11 3,B28 8,1197.9274656613813
B11 4,B12 0,36.461165559607906
B11 4,B12 8,2000.23512346327
B11 4,B13 9,2137.9988309697933
B12 0,B12 8,561.6621234529862
B12 0,B12 9,94.86042037086465
B12 0,B5 4,720.654963719903
B12 0,B5 6,21.116480359639304
B12 0,B5 7,1657.5651743534813
B12 0,B9 4,797.2804477539121
B12 8,B12 9,1416.3304757140247
B12 8,B13 8,56.00827517388608
B12 8,B13 9,1541.0731526953384
B12 9,B13 8,2226.1175104861627
B12 9,B5 7,2737.868254081862
B13 0,B13 9,3959.3545254195815
B13 0,B14 4,3196.1664953276004
B13 0,B14 6,683.8380990897617
B13 0,B14 7,1438.65720137863
B13 0,B28 0,1610.4066582946039
B13 8,B13 9,2337.008946301272
B13 8,B14 7,1218.5318714036043
B13 8,B29 7,1479.0135744345678
B13 8,B30 2,773.6528546334891
B13 8,B5 7,426.24566577467743
B13 9,B14 7,2266.6008087952373
B13 9,B28 0,285.9922868271604
B13 9,B28 8,1259.6228974997355
B14 4,B14 5,2272.94682501315
B14 4,B14 6,1249.8608533682043
B14 4,B28 0,1991.637504116823
B14 4,B47 5,1001.20180003227
B14 4,B90 1,2161.399575980592
B14 5,B14 6,1499.137283615454
B14 5,B30 3,3384.8100093035537
B14 5,B38 0,2160.551834194791
B14 5,B47 5,535.5121542168671
B14 6,B14 7,2199.526650313183
B14 6,B30 2,31.634347434342896
B14 6,B30 3,3986.1129528794336
B14 7,B30 2,2051.2173757083046
B15 1,B15 2,2179.0069166524786
B15 1,B15 3,1210.840460470947
B15 1,B16 8,1298.3470404965424
B15 2,B15 3,3237.2074451730396
B15 2,B17 0,1416.4247010565957
B15 2,B29 6,2811.394717474814
B15 2,B5 4,166.62756160093346
B15 2,B5 7,5127.609540566266
B15 3,B16 8,1208.2316939147095
B15 3,B16 9,2683.0826526791598
B15 3,B17 8,107.27784418424628
B15 3,B17 9,1479.756872852762
B15 3,B5 7,502.435638930531
B16 0,B16 8,773.8017656907615
B16 0,B16 9,3386.0032741002483
B16 0,B17 8,1067.233097129692
B16 0,B18 4,972.2678799549549
B16 0,B18 7,1150.4995967278555
B16 0,B66 3,64.97724390190632
B16 0,B66 4,915.0774866617573
B16 8,B16 9,1151.6357669971467
B16 8,B18 7,340.41608192020294
B16 9,B17 8,543.556760424376
B17 0,B17 9,2475.3156480419457
B17 0,B29 5,754.429963631708
B17 0,B29 6,1573.6257893236727
B17 0,B32 2,2773.2244867946843
B17 8,B17 9,2831.2961508470526
B17 8,B32 2,1094.4144797540491
B17 8,B66 4,1863.3177796659452
B17 8,B67 5,1453.4853564500966
B17 9,B32 2,735.0283592877345
B18 4,B18 5,874.3542462924803
B18 4,B18 7,1689.1983000282949
B18 4,B21 0,624.0536605109945
B18 4,B66 2,1198.7837139953551
B18 4,B66 3,550.8957265740197
B18 5,B18 6,705.0922222667749
B18 5,B18 7,1072.3111626038435
B18 5,B19 1,793.0914806142985
B18 5,B19 2,287.0689162821243
B18 5,B21 0,1193.3782512787225
B18 5,B21 9,126.1741681995816
B18 6,B18 7,1470.4205307765078
B18 6,B19 2,571.8719441243983
B18 6,B19 3,678.6207213861736
B18 6,B3 1,1033.0116074052119
B18 6,B4 6,139.03869881045017
B19 1,B19 2,1658.2292074569432
B19 1,B20 2,165.87427822333058
B19 1,B20 3,1883.2691769503024
B19 1,B21 9,478.68247715969216
B19 1,B6 6,897.0513365638702
B19 2,B19 3,1652.312630524321
B19 2,B6 4,1120.6551181189766
B19 2,B6 5,399.9432402489396
B19 2,B6 6,283.16294221499373
B19 3,B3 1,44.67416850326585
B19 3,B3 2,35.402199494331235
B19 3,B4 6,953.4834759219159
B19 3,B4 7,1174.8110346068586
B19 3,B6 4,324.23395806419956
B2 4,B3 1,305.80290797496883
B2 4,B3 2,636.6204902822316
B2 4,B4 7,767.5291235146435
B2 4,B5 4,523.6483515269135
B2 4,B5 5,104.25786605305532
B2 5,B3 1,264.10470941864247
B2 5,B3 2,301.2448391013911
B20 1,B20 2,2511.777332631337
B20 1,B21 8,2156.1070105761196
B20 1,B21 9,1144.4685922404324
B20 1,B42 1,0.39122742712671216
B20 1,B43 5,2518.476906524835
B20 1,B70 6,836.4679024944999
B20 1,B71 3,215.56037632524925
B20 1,B71 4,391.96492033546684
B20 2,B20 3,3522.9510374134343
B20 2,B21 9,2482.0318030570484
B20 2,B42 1,2205.698609370811
B20 3,B42 1,410.1296067425455
B20 3,B42 2,1011.0898129847865
B20 3,B6 6,2635.70290056274
B21 0,B21 8,1307.2740986042745
B21 0,B21 9,1987.5085298130339
B21 0,B66 2,1417.5321788252286
B21 0,B66 3,565.2257537762904
B21 0,B70 6,155.72020990543558
B21 0,B71 4,627.9998883067062
B21 8,B21 9,1592.0273748122709
B21 8,B70 6,1316.9481618236325
B23 5,B23 6,3821.140982601751
B23 5,B23 7,891.9141313960278
B23 5,B24 0,1471.857232184248
B23 5,B24 9,410.57887651620473
B23 5,B44 0,2905.554713128996
B23 5,B44 8,231.7741208919345
B23 5,B72 1,535.6386165271053
B23 5,B73 5,3479.6571028417266
B23 6,B23 7,4038.365067215214
B23 6,B24 8,1453.5963865746826
B23 6,B24 9,1370.319580893547
B23 7,B24 8,1404.2724265596187
B23 7,B44 0,1313.8157030987718
B23 7,B44 8,1638.074716581637
B23 7,B6 7,1796.7078422748464
B24 0,B24 9,5181.729278092736
B24 0,B35 6,1347.010705958722
B24 0,B72 1,569.9783815560787
B24 0,B76 1,1826.750979585606
B24 8,B24 9,2715.69493069891
B24 8,B6 7,11.481659549249605
B24 8,B7 5,2057.1714764819817
B24 9,B35 6,332.58284610465654
B24 9,B35 7,1640.3120480558841
B24 9,B36 8,1145.8041802479518
B25 8,B26 1,4077.675686311871
B25 8,B26 2,765.5152981037309
B25 8,B27 6,861.897158837149
B25 8,B33 8,2302.5234299506283
B25 8,B9 5,910.4930736049423
B26 1,B26 2,3271.887757207
B26 1,B26 3,1029.7170090645375
B26 1,B27 6,1775.2382517602236
B26 1,B92 7,1594.182655335093
B26 2,B26 3,2056.3587590531292
B26 2,B33 0,1834.8526999086703
B26 2,B33 8,1801.3847250503488
B26 3,B33 0,1454.019825690206
B26 3,B37 7,1766.4299300722123
B26 3,B92 7,878.5683136563088
B26 3,B92 8,954.6826503454234
B26 3,B92 9,1252.6251969254563
B27 6,B27 7,1707.6675604932902
B27 6,B92 7,641.1166736730448
B27 7,B28 8,3128.8774234221364
B27 7,B28 9,212.98430812878686
B27 7,B92 7,2135.0954127408695
B28 0,B28 8,849.2383924375664
B28 0,B28 9,2926.965666882635
B28 0,B90 1,823.988589589727
B28 0,B90 2,1610.140214400279
B28 0,B90 3,104.45994918743875
B28 8,B28 9,2659.343000316249
B28 9,B90 3,1330.8115860349885
B28 9,B92 7,1419.1200913283312
B29 4,B29 5,3478.8848992083595
B29 4,B29 6,296.2696648567329
B29 4,B30 1,1554.7572544961836
B29 4,B31 1,3001.078772133132
B29 4,B31 2,1367.7513173362358
B29 5,B29 6,2737.028435840975
B29 5,B31 1,704.3667111149202
B29 5,B32 2,18.350942645858144
B29 5,B32 3,2254.213723255671
B29 6,B29 7,2718.714203855964
B29 6,B30 1,1063.416829956111
B29 6,B30 2,1423.0011328291243
B29 6,B5 7,282.8583026155218
B29 7,B30 2,1457.4730731626848
B29 7,B5 7,1532.509702104318
B3 1,B3 2,1015.6539752480926
B3 1,B4 6,969.9583399735906
B3 2,B4 7,270.84207795309544
B30 1,B30 2,2824.2542324457745
B30 1,B30 3,605.4577431110769
B30 1,B31 2,4720.346577695517
B30 1,B38 8,1075.6156209831715
B30 2,B30 3,3917.1547422499243
B30 3,B38 0,257.4911414412999
B30 3,B38 8,1104.25505782602
B30 3,B38 9,597.6861609498455
B31 1,B31 2,1640.863035978608
B31 1,B31 5,4269.912639967422
B31 1,B32 3,2841.4915410720346
B31 1,B32 4,91.21476433655799
B31 2,B31 3,1754.2735637352012
B31 2,B31 4,2575.597694482715
B31 2,B31 5,4992.191403098593
B31 2,B38 8,183.77529710193883
B31 2,B45 8,5306.7503720471905
B31 2,B45 9,308.3361316822753
B31 3,B31 4,4454.359015393985
B31 3,B38 8,4916.3189318783225
B31 3,B45 8,96.15779051147489
B31 3,B48 7,873.2940022432443
B31 4,B45 8,3087.0861628998423
B31 4,B48 7,49.28887878667094
B31 5,B32 3,520.5771369256684
B31 5,B32 4,3489.794698340048
B31 5,B45 0,1368.6020554249546
B31 5,B45 9,1724.897872575402
B32 1,B32 2,3527.1495468596067
B32 1,B32 3,1064.7087094341932
B32 1,B62 0,1696.3865342348279
B32 1,B62 9,336.7097273936894
B32 1,B68 0,1564.1970899181556
B32 2,B32 3,1573.1178778103772
B32 2,B67 5,26.17234070568929
B32 2,B68 0,350.68719759497696
B32 2,B68 9,320.02381139257045
B32 3,B32 4,2967.9794956324654
B32 3,B62 0,1259.1229713155842
B32 3,B62 8,549.9098541566449
B32 4,B45 0,3031.5141066236415
B32 4,B62 0,2743.6188425490927
B32 4,B62 8,3048.5844334827193
B33 0,B33 8,1047.747172546307
B33 0,B33 9,2022.4655262042672
B33 0,B37 5,1553.9021405530193
B33 0,B37 6,522.5459901782748
B33 0,B37 7,1033.1734724318867
B33 8,B33 9,2417.6265358291994
B33 8,B8 3,0.4709009666499142
B33 8,B9 5,1243.0533023849505
B33 9,B34 6,2247.1127894282695
B33 9,B34 7,3509.172881894235
B33 9,B37 6,1017.017052623245
B33 9,B8 2,440.1933436565747
B33 9,B8 3,36.81142794791633
B34 6,B36 0,169.70972973645866
B34 6,B36 8,2874.9744397744985
B34 6,B36 9,990.4476126341787
B34 6,B8 2,567.5633363722079
B34 7,B36 0,1419.4283793209115
B34 7,B36 9,531.1381461687942
B34 7,B37 6,1210.3187147221602
B35 6,B35 7,3473.749904443164
B35 6,B76 1,725.2910226049947
B35 7,B36 8,1628.2758773364383
B35 7,B36 9,294.02822028616686
B35 7,B76 1,141.16855595642278
B35 7,B76 9,3015.5546018095115
B36 0,B36 9,5194.842126106339
B36 0,B37 6,2670.7383363264007
B36 0,B46 1,2219.1937723654214
B36 8,B36 9,1210.2396469566388
B36 8,B7 5,65.52013615763971
B36 8,B8 2,3386.2464427113514
B36 9,B46 1,544.6927664977293
B36 9,B76 9,2419.0198546478887
B37 5,B37 6,2623.9433247876304
B37 5,B37 7,2992.436938344305
B37 6,B37 7,3092.9021809322244
B37 6,B46 1,22.691614509108735
B37 6,B46 3,1991.217323424375
B37 7,B46 3,1608.4420998450619
B37 7,B92 0,6672.66654096094
B37 7,B92 9,1303.4274392953062
B37 7,CV7 7,2740.270647425032
B38 0,B38 9,4056.4287833565663
B38 0,B47 5,2566.914319614564
B38 0,B47 6,4570.890705345788
B38 0,B48 7,1530.843672140589
B38 8,B38 9,4734.25377596925
B38 8,B48 7,139.26504779332538
B38 9,B48 7,1287.6458734785485
B4 7,B5 4,361.38372643635444
B4 7,B5 5,1174.9861783721572
B4 7,B6 4,778.8908012248498
B4 7,B7 4,1588.1506251993533
B4 7,B7 5,834.563340910816
B4 7,B9 4,1657.4814662584413
B42 1,B42 2,6319.477159001846
B42 1,B43 5,1487.177228245457
B42 2,B43 5,395.6249839788669
B42 2,B43 6,1640.2545666012263
B42 2,B43 7,724.2192244362484
B42 2,B44 8,4978.938471450967
B42 2,B44 9,252.92752818255263
B42 2,B6 6,334.63765232324266
B42 2,B6 7,955.0902750397023
B43 5,B43 6,2744.1217663793186
B43 5,B71 3,1144.2051788918352
B43 6,B43 7,3021.332028630728
B43 6,B71 3,1831.0294810787777
B43 6,WS5 3,493.98001515757767
B43 6,WS5 4,1513.1206856390502
B43 6,WS9 0,404.29333126114784
B43 7,B44 8,255.60449307736005
B43 7,B44 9,1426.9946182109527
B43 7,B74 2,851.4327385574879
B43 7,WS5 3,1209.8135161899977
B43 7,WS9 0,4621.228911017801
B44 0,B44 8,1729.7495046468791
B44 0,B44 9,2103.803787383818
B44 0,B73 5,476.5167138025497
B44 0,B73 6,1096.2633340322936
B44 8,B44 9,4894.407619354269
B44 9,B73 6,854.3377024091012
B44 9,B74 2,693.0023706016881
B45 0,B45 9,2371.1128221647446
B45 0,B62 0,828.2996477346333
B45 8,B45 9,5920.258162150758
B45 8,B48 7,6560.358319468255
B45 8,B60 1,4438.756816366221
B45 8,B97 6,662.3249076960826
B45 9,B60 1,1573.4089872207958
B45 9,B61 0,2928.4755529080408
B45 9,B61 9,368.47465168377573
B45 9,B62 0,1388.4135260138858
B46 1,B46 2,3804.1647758732497
B46 1,B46 3,4786.599112638116
B46 1,B76 9,4972.846563120336
B46 2,B46 3,4362.973329187154
B46 2,B76 0,8764.059126420301
B46 2,B76 9,392.31567331960207
B46 2,B77 1,577.0302634128918
B46 2,B78 2,39.279315370545575
B46 2,CV10 0,757.9401542375779
B46 2,CV10 9,906.6960795673056
B46 2,CV7 7,3440.827051705396
B46 2,CV7 8,10339.497325352491
B46 2,CV9 2,7527.02997806215
B46 3,CV7 7,2993.144371280868
B47 5,B47 6,2177.0234623143233
B47 5,B90 1,2370.3959527882485
B47 6,B48 7,3561.3448020023616
B47 6,B90 1,1840.84328161665
B47 6,B94 5,1508.797754945933
B47 6,B94 6,1556.228245845145
B48 7,B94 5,2405.8325722095965
B48 7,B97 6,7738.87930046766
B48 7,B98 9,8245.736385091768
B49 5,B49 6,13316.72140672419
B49 5,B50 4,1216.599559346981
B49 5,B80 7,5212.953485691849
B49 5,B96 6,9776.424806266532
B49 5,WR11 4,2595.5874521574497
B49 5,WR11 8,6745.542760610766
B49 5,WR7 4,4370.421542592092
B49 6,B50 4,9497.384667157474
B49 6,B80 7,2268.1183640095164
B49 6,B95 6,7169.845998200894
B49 6,CV37 9,9648.379117279208
B5 4,B5 6,1239.9478796485241
B5 4,B5 7,90.67171046059869
B5 4,B9 4,84.04901962557398
B5 6,B5 7,1205.156404248758
B50 4,CV37 8,11022.112655367126
B50 4,CV37 9,2337.5007366876685
B50 4,WR11 8,6118.260657686896
B6 4,B6 5,1755.8291765781346
B6 4,B7 5,212.29777229913435
B6 5,B6 6,2698.3297713927464
B6 5,B6 7,1286.366903946282
B6 5,B7 5,656.0036790030714
B6 6,B6 7,1505.398046361986
B6 7,B7 5,1316.0340698607524
B60 1,B60 2,4813.003665877223
B60 1,B60 3,993.0402640493242
B60 1,B61 0,8159.729969224132
B60 1,B61 8,434.4280822582165
B60 1,B97 6,14678.161769853914
B60 2,B60 3,4469.697524145466
B60 2,B61 7,1627.5652427368827
B60 2,B61 8,619.4483909310163
B60 3,B60 4,6082.155364315043
B60 3,B61 7,1646.378634750261
B60 3,B97 5,1611.3375122145187
B60 3,B97 6,2131.4808567938917
B60 4,B61 7,237.0509662341022
B60 4,B61 9,5161.2911467779895
B60 4,B97 5,2280.7289481282805
B60 4,WR9 0,4702.891442756291
B60 4,WR9 7,18722.29876149034
B61 0,B61 8,2134.640015760383
B61 0,B61 9,15754.562157323617
B61 0,B62 0,1966.618511432446
B61 0,DY9 0,151.05234354251002
B61 0,DY9 9,7223.580341892468
B61 7,B61 8,3094.6543758585353
B61 7,B61 9,3233.226032980422
B61 8,B61 9,2012.1299340290404
B61 9,DY10 4,2034.4275286924365
B61 9,DY9 0,490.580686817656
B61 9,WR9 0,11202.835035185406
B61 9,WR9 7,312.9513505226833
B62 0,B62 8,7146.058636990259
B62 0,B62 9,1318.0370413563933
B62 0,B63 1,296.3108027903451
B62 0,B63 4,5022.529469192886
B62 0,DY9 9,6557.693759819076
B62 8,B62 9,3781.4185902901527
B62 8,B63 3,6386.652789013321
B62 8,B63 4,283.9478439021866
B62 8,B64 7,1561.7306692520965
B62 8,B65 0,1209.4473854027615
B62 9,B65 0,1621.2399219156682
B62 9,B68 0,1459.8931777280916
B62 9,B68 8,399.7789094890668
B63 1,B63 2,1096.2301699614168
B63 1,B63 4,5207.919870290954
B63 1,DY9 9,2919.106294012686
B63 2,B63 3,897.1429100490227
B63 2,B63 4,842.7499801570996
B63 2,B64 5,505.35104626163803
B63 2,B64 7,1884.4757746144967
B63 2,DY5 2,1035.7814715980967
B63 2,DY9 8,2072.3375923325207
B63 2,DY9 9,560.4481047517281
B63 3,B63 4,4265.789741863622
B63 3,B64 7,776.9186044934448
B64 5,B64 6,3579.547217803872
B64 5,B64 7,832.7005700124676
B64 5,B65 8,2115.115644019537
B64 5,DY2 0,1076.207671682578
B64 5,DY2 9,2796.1841582868847
B64 5,DY5 1,102.71497961442724
B64 5,DY5 2,506.63692962539596
B64 6,B64 7,3368.2704406982602
B64 6,B65 0,1488.5188567401651
B64 6,B65 8,1133.826668846588
B64 7,B65 0,430.98177060859246
B65 0,B65 8,1496.6074953741402
B65 0,B65 9,1584.8552064316032
B65 0,B68 8,1202.497018547865
B65 0,B69 1,618.5955230480486
B65 0,B69 2,213.6592288340712
B65 0,B69 4,1258.416528128772
B65 8,B65 9,3840.8256889947174
B65 8,B69 1,1351.1645280698863
B65 8,DY2 7,200.3790182386711
B65 8,DY2 8,1426.7619655449384
B65 8,DY2 9,341.8543438493029
B65 9,B69 1,3050.7520173664834
B66 1,B66 2,1589.323258444372
B66 1,B66 3,440.4988390946178
B66 1,B67 7,2501.345501445585
B66 1,B68 8,525.9249732139081
B66 1,B69 4,397.3520621158727
B66 1,B70 6,1859.6751552264009
B66 1,B70 7,446.6641590245786
B66 1,B71 4,358.89314600606775
B66 2,B66 3,3191.028561673666
B66 2,B71 4,755.1976137496639
B66 3,B66 4,2733.256770164608
B66 3,B67 6,167.44296101579747
B66 3,B67 7,828.8291508751053
B66 4,B67 5,2523.4228172158146
B66 4,B67 6,1360.8732041982691
B67 5,B67 6,1801.160514383956
B67 5,B68 9,1826.33170163583
B67 6,B67 7,2050.8037732179973
B67 6,B68 9,1711.9572949657318
B67 7,B68 8,302.41012937422687
B67 7,B68 9,1687.7378735061227
B68 0,B68 8,1075.318693149699
B68 0,B68 9,2439.8362783959
B68 8,B68 9,4148.049619517066
B68 8,B69 4,5937.8257439889685
B69 1,B69 2,5087.483679581973
B69 1,DY2 7,1414.2534845148168
B69 2,B69 3,2897.03641293614
B69 2,B69 4,3246.747770670857
B69 2,DY2 7,395.72550451341294
B69 2,DY4 7,1345.8509550755493
B69 3,B69 4,240.75716798830229
B69 3,B70 0,448.5239962868724
B69 3,B70 7,188.02487205723324
B69 3,B70 9,1277.746769856756
B69 3,DY4 7,1186.0121391444302
B69 4,B70 7,1295.5166613730855
B7 4,B7 5,2839.32643723566
B7 4,B8 1,1178.8088876646323
B7 4,B9 4,866.2548286133534
B7 5,B8 1,934.1820959469808
B7 5,B8 2,1961.0971165950198
B70 0,B70 9,2767.6296005965837
B70 0,B71 2,2002.5173512700985
B70 0,DY4 0,1909.615037913208
B70 0,DY4 7,2230.487695419404
B70 0,WS10 0,1416.835105770218
B70 0,WS10 7,2566.730400106272
B70 0,WS10 9,102.19507422617829
B70 6,B70 7,1157.9951766068802
B70 6,B70 8,809.9364433833366
B70 6,B71 4,4087.891731957955
B70 7,B70 8,2131.671340200842
B70 7,B70 9,730.0211108691062
B70 8,B70 9,4008.837902955435
B70 8,B71 1,112.99928293383721
B70 8,B71 4,658.0263487606879
B70 9,B71 1,1783.9443496761603
B70 9,B71 2,98.69990877780009
B71 1,B71 2,2993.7691415101735
B71 1,B71 3,309.4831913131957
B71 1,B71 4,1201.7679831949476
B71 2,B71 3,2049.7098506183825
B71 2,WS10 0,2393.1700697189626
B71 3,B71 4,3193.770666362565
B71 3,WS10 0,776.3787550541804
B71 3,WS5 4,1516.567935674194
B72 1,B73 5,4657.261843660614
B72 1,B73 6,1572.2348571723278
B72 1,B75 7,873.2849013300107
B72 1,B76 1,4691.493930839461
B73 5,B73 6,4981.646873997998
B73 6,B74 2,8898.230764656346
B73 6,B75 7,196.7903051757902
B74 2,B74 3,2757.0812069604663
B74 2,B74 4,5864.106120343335
B74 2,B75 5,832.3088918192993
B74 2,B75 6,3875.6430266297134
B74 2,B75 7,512.3629488381526
B74 2,WS9 0,564.4935077400884
B74 3,B74 4,5114.508205953627
B74 3,WS14 0,1118.7167684361873
B74 3,WS9 0,8742.706601630962
B74 3,WS9 8,26.21919115958264
B74 3,WS9 9,2675.47944816055
B74 4,B75 5,3997.688999118766
B74 4,WS14 0,2203.47348994442
B75 5,B75 6,5833.540907284134
B75 5,B76 9,1291.9929315800766
B75 5,B78 3,1540.3257712545542
B75 5,WS14 0,2319.654442135515
B75 6,B75 7,3640.394015216722
B75 6,B76 9,7405.251590397034
B75 6,B78 2,3371.910085009921
B75 6,B78 3,4268.551354909761
B75 7,B76 1,1389.5084123534014
B75 7,B76 2,2339.0970687813606
B75 7,B76 9,3758.826966656191
B76 0,B76 9,4589.840754074109
B76 0,B78 2,7878.129792581776
B76 1,B76 2,7606.000026944734
B76 1,B76 9,3240.9735612596282
B76 2,B76 9,1869.3471541721535
B76 9,B78 2,3019.6296614957746
B77 1,B77 2,3237.929169145424
B77 1,B77 3,524.8620617456726
B77 1,B77 5,4652.920502235501
B77 1,B78 1,897.1664418921075
B77 1,B78 2,7820.544332169583
B77 1,B78 3,5971.303941039427
B77 1,B79 7,1030.5275777022475
B77 1,CV9 2,5273.578703805064
B77 2,B77 3,1930.6700454302947
B77 2,B77 4,2631.7150953548157
B77 2,B77 5,1884.393050677091
B77 3,B77 4,7999.93569697684
B77 3,B79 7,463.0828306169727
B77 4,B77 5,1779.5952056663791
B77 4,B78 1,1933.826290664725
B77 4,B79 0,8348.197870910843
B77 4,B79 8,402.87676093828304
B77 5,B78 1,931.464113317568
B78 1,B79 0,6600.459659871257
B78 1,CV9 2,6940.86015053582
B78 1,CV9 3,2796.3718369083945
B78 2,B78 3,3383.212185894818
B78 2,CV9 2,2518.4098649038538
B78 3,B79 7,7768.885554233043
B78 3,B79 9,1016.1267186136379
B78 3,WS13 8,1355.6825741096154
B78 3,WS14 0,6334.827774159299
B78 3,WS14 9,5976.92642970345
B79 0,B79 8,1295.5222566165792
B79 0,B79 9,12046.982595819656
B79 0,CV9 3,9928.06426039713
B79 0,DE12 7,969.2692655136261
B79 0,DE12 8,8713.289886584174
B79 7,B79 8,5214.070542674721
B79 7,B79 9,428.426483133815
B79 8,B79 9,3352.701906220259
B79 9,DE12 8,8445.05082496359
B79 9,DE13 7,1417.1623249958297
B79 9,DE13 8,1013.5746454038663
B79 9,WS13 8,11576.59084196394
B8 1,B8 2,668.8612787047781
B8 1,B8 3,2134.62830768975
B8 1,B9 4,946.9294787345887
B8 2,B8 3,3845.200752287005
B8 3,B9 4,392.85294972748295
B8 3,B9 5,3629.411870790057
B80 7,B94 5,2150.909055568467
B80 7,B95 5,5122.079599095481
B80 7,B95 6,4357.863828884686
B80 7,B96 6,4019.9640714970174
B80 7,B97 5,1072.0590112359273
B80 7,B98 0,4512.084083334077
B80 7,B98 7,2908.1925921001675
B80 7,B98 9,753.3303129543849
B9 4,B9 5,1791.5453071948034
B90 1,B90 2,2519.2857334282667
B90 1,B94 5,632.8415347115721
B90 1,B94 6,5059.7196513747485
B90 2,B90 3,2407.2435889342705
B90 2,B90 4,1235.9080140959052
B90 2,B94 6,672.5523956024997
B90 3,B90 4,1654.3451990939184
B90 3,B91 1,3155.235792428746
B90 3,B92 7,212.22415659371956
B90 4,B90 8,3693.213223853051
B90 4,B91 1,3.686029050882262
B90 4,B91 3,4112.801060468775
B90 4,B93 8,1674.6621500415256
B90 4,B94 6,4799.804897615074
B90 8,B94 5,1958.3805334943527
B90 8,B94 6,4015.2987650706086
B91 1,B91 2,2616.157057985154
B91 1,B91 3,6414.101387591669
B91 1,B92 7,2133.0784101011823
B91 2,B91 3,2963.3230169913063
B91 2,B92 0,3036.7943462177877
B91 2,B92 7,68.26441938312544
B91 2,B92 8,1930.1738009409448
B91 2,B92 9,4246.91276021725
B91 3,B92 0,467.1131355554289
B91 3,B93 8,166.14377038358418
B91 3,B93 9,5505.262860737416
B92 0,B92 9,4345.019871635924
B92 0,B93 0,5022.031742576206
B92 0,B93 9,1024.4599377800232
B92 0,CV7 7,5838.354138693503
B92 0,CV8 1,3692.0891570210533
B92 7,B92 8,3986.215983889617
B92 8,B92 9,2147.8857391513375
B93 0,B93 8,1861.0092433659445
B93 0,B93 9,5413.537375113582
B93 0,B94 6,5961.58107038574
B93 0,CV35 7,7632.724281903634
B93 0,CV8 1,4248.378253858952
B93 8,B93 9,3639.531916024689
B93 8,B94 6,6539.43199445168
B94 5,B94 6,21627.63514808832
B94 5,B95 5,10425.028861189605
B94 5,B98 9,3776.1306925217523
B94 5,CV35 7,9092.035950402516
B94 6,CV35 7,72.11050992686066
B95 5,B95 6,8372.326561144342
B95 5,CV35 7,2013.6545477754858
B95 5,CV35 8,4678.064439337078
B95 6,CV35 8,2213.5916125096883
B95 6,CV37 0,7433.50228135037
B95 6,CV37 9,8891.746231257539
B96 6,B97 5,21835.518287804163
B96 6,WR11 4,2138.373569607905
B96 6,WR7 4,19926.212336983797
B96 6,WR9 7,6876.861385195674
B97 4,B97 5,3471.907062063455
B97 4,B97 6,5798.942390541383
B97 4,B98 7,2885.9015648685377
B97 4,B98 8,741.5273071701697
B97 5,B97 6,5416.448180904967
B97 5,B98 7,2335.2466826231494
B97 5,WR9 7,5941.9403174551435
B97 6,B98 8,917.7401266475396
B97 6,B98 9,3430.721946149749
B98 0,B98 7,2709.014828172387
B98 0,B98 8,1999.5376486195537
B98 0,B98 9,1774.7762561813572
B98 7,B98 8,1703.4175457028673
B98 8,B98 9,5534.831373982879
BA1 1,BA1 2,803.4592133952408
BA1 1,BA1 5,968.8921177814495
BA1 1,BA2 3,799.7018209372496
BA1 1,BA2 4,1092.7313597637694
BA1 2,BA1 3,3421.9322879289048
BA1 2,BA1 4,1029.6069296917367
BA1 2,BA1 5,3156.555495872391
BA1 2,BA2 3,173.6847050929404
BA1 3,BA1 4,2012.289815145022
BA1 3,BA1 9,1585.3623760259877
BA1 3,BA2 1,1319.864799144131
BA1 3,BA2 3,1503.5598644433003
BA1 3,BA2 9,752.3951671162954
BA1 4,BA1 5,1882.7514515841644
BA1 4,BA1 9,2986.1434724082483
BA1 5,BA1 6,2731.3258692470813
BA1 5,BA1 9,2818.0872750544936
BA1 5,BA2 4,249.99690500634858
BA1 5,BA2 6,1222.403063285624
BA1 6,BA1 7,2071.8279481713603
BA1 6,BA1 8,40.821624478002086
BA1 6,BA1 9,2095.1037662684744
BA1 6,BA2 6,2098.859461605787
BA1 7,BA1 8,5818.320424282926
BA1 7,BA15 2,4791.041096754155
BA1 7,BA2 6,3998.8525815792627
BA1 7,BA2 7,3914.3895793099696
BA1 7,SN13 8,4782.287756736057
BA1 7,SN14 8,7301.53345928851
BA1 8,BA1 9,4605.183191379081
BA1 8,SN14 8,744.1478286843117
BA1 9,BA2 9,2647.9767039851745
BA1 9,BS30 6,4132.447937867183
BA1 9,BS31 3,3406.0432324625176
BA1 9,SN14 8,1994.8692209020503
BA10 0,BA11 5,5965.727322634363
BA10 0,BA12 6,4421.223083520076
BA10 0,BA4 6,10557.44248652885
BA10 0,BA7 7,6036.842940677343
BA10 0,BA9 8,11656.999648649899
BA11 1,BA11 2,1324.1097352400282
BA11 1,BA11 3,812.0025373905314
BA11 1,BA11 4,2724.2581700869673
BA11 1,BA11 5,1970.5324755858137
BA11 2,BA11 3,15576.349145888787
BA11 2,BA11 4,2787.845931652269
BA11 2,BA11 5,4281.471541389455
BA11 2,BA11 6,19518.710468744775
BA11 2,BA13 4,656.5152589713705
BA11 2,BA14 0,1061.7502328289597
BA11 2,BA14 9,911.3179915870413
BA11 2,BA2 7,1358.1811566673518
BA11 2,BA3 5,9781.768642063067
BA11 3,BA11 4,5329.677427250011
BA11 3,BA3 5,8134.348499685512
BA11 3,BA4 4,1413.590600960918
BA11 4,BA11 5,9630.80235443309
BA11 4,BA4 4,3575.0892077029043
BA11 5,BA11 6,2218.4764142988124
BA11 5,BA12 6,1409.7881376868595
BA11 5,BA12 7,11695.852770624133
BA11 5,BA13 4,1270.3614568755033
BA11 5,BA4 4,8836.717909014898
BA11 5,BA4 6,2141.0373212091226
BA11 6,BA13 4,3502.0487217231444
BA11 6,BA14 9,6533.389553983205
BA11 6,BA2 7,3319.605955359986
BA12 0,BA12 7,17111.445972614692
BA12 0,BA12 8,9437.705926408016
BA12 0,BA12 9,9915.823716306904
BA12 0,BA13 3,5775.2114822902395
BA12 0,BA13 4,10784.754335492997
BA12 0,SN10 4,5048.805149601067
BA12 0,SN10 5,2355.871309190419
BA12 0,SP3 4,21205.921916645737
BA12 0,SP3 5,10067.987648492965
BA12 0,SP3 6,2511.9064034333596
BA12 6,BA12 7,13123.343111683624
BA12 6,BA9 8,4415.505342207878
BA12 6,SP3 6,4763.392647534293
BA12 6,SP7 9,2201.864169709481
BA12 6,SP8 5,7928.623618275757
BA12 7,BA12 8,15772.563963458748
BA12 7,BA12 9,8973.114695880266
BA12 7,BA13 4,3451.56297332262
BA12 7,SP3 6,4181.677202710377
BA12 8,BA12 9,2118.5387963568487
BA12 9,BA13 4,1701.9613533632164
BA13 2,BA13 3,3270.8542831404193
BA13 2,BA13 4,1016.6219314555154
BA13 3,BA13 4,14291.895023157036
BA13 4,BA14 0,6088.753572403647
BA13 4,BA14 6,12644.3725919644
BA13 4,SN10 5,7195.51642289374
BA14 0,BA14 6,4009.8820014180965
BA14 0,BA14 7,2996.967679044731
BA14 0,BA14 8,564.4615919200561
BA14 0,BA14 9,12155.126715305169
BA14 6,BA14 7,13324.035165997157
BA14 6,BA14 8,3602.4367973780168
BA14 6,BA14 9,1817.7778150292042
BA14 6,BA15 1,2052.4263371184065
BA14 6,BA15 2,3818.4368577257383
BA14 6,SN10 1,3760.708645188247
BA14 6,SN10 5,187.8680949288132
BA14 6,SN12 6,7232.256643137534
BA14 6,SN12 8,5849.475411744332
BA14 7,BA14 8,4636.04514527612
BA14 7,SN12 6,1598.6577317827864
BA14 7,SN12 8,1343.0348176049783
BA14 8,BA14 9,2679.3285455756295
BA14 9,BA15 1,1316.1773630529676
BA14 9,BA15 2,3657.5029309496826
BA14 9,BA2 7,2968.90116674882
BA15 1,BA15 2,11233.8333974589
BA15 2,BA2 7,10745.99458781331
BA15 2,SN12 8,3692.405411849306
BA15 2,SN13 8,3589.9899336082362
BA16 0,BA16 9,8146.7687273992005
BA16 0,BA6 8,5795.745799526967
BA16 0,BA6 9,1016.5399896574412
BA16 0,TA11 6,4141.989727055588
BA16 9,BA6 9,5563.358365629985
BA16 9,TA10 9,2931.6972417934767
BA16 9,TA11 6,68.35025885141225
BA16 9,TA11 7,1181.7193429087706
BA16 9,TA7 9,10987.2374558484
BA2 0,BA2 8,8490.47858533917
BA2 0,BA2 9,8132.213323367059
BA2 0,BA3 3,3760.2180673385174
BA2 0,BS39 4,1662.364456530987
BA2 0,BS39 5,1780.5998958248197
BA2 0,BS39 6,3761.8857592387194
BA2 0,BS39 7,3891.54948254009
BA2 1,BA2 2,1805.136482912329
BA2 1,BA2 3,1564.255091588794
BA2 1,BA2 9,4427.933014815476
BA2 2,BA2 3,1774.5785593262772
BA2 2,BA2 4,3519.9363978129663
BA2 2,BA2 5,937.6527485333302
BA2 2,BA2 7,1722.6779671128618
BA2 2,BA2 9,2158.168299879856
BA2 3,BA2 4,1355.4217628946649
BA2 4,BA2 5,5131.593475905521
BA2 4,BA2 6,5082.390966478723
BA2 5,BA2 6,401.0534111141393
BA2 5,BA2 7,3914.1725340106645
BA2 6,BA2 7,8451.004145302128
BA2 7,BA2 8,16467.28284734374
BA2 7,BA2 9,1858.4499268307354
BA2 7,BA3 5,3216.062597214315
BA2 8,BA2 9,2470.8711470348894
BA2 8,BA3 3,427.6432637502004
BA2 8,BA3 5,5790.607611793181
BA2 9,BS31 3,2910.4808801200425
BA2 9,BS39 4,9298.90873511831
BA20 1,BA20 2,3098.831390624556
BA20 1,BA21 3,586.8504016394788
BA20 1,BA21 4,1389.3763034390538
BA20 1,BA22 9,349.6423846709767
BA20 2,BA21 3,3440.6605278378743
BA20 2,BA22 8,614.1624282861005
BA20 2,BA22 9,7111.684916299908
BA21 3,BA21 4,3282.0410856572103
BA21 3,BA21 5,1904.3773100279834
BA21 3,BA22 8,7393.418974095785
BA21 4,BA21 5,5392.527102510072
BA21 4,BA22 9,599.107529296052
BA21 5,BA22 8,7765.026191759215
BA21 5,BA22 9,26.848884877616264
BA21 5,DT9 4,6290.426171615889
BA21 5,DT9 6,1698.87495507183
BA22 7,BA22 8,13792.635277730687
BA22 7,BA4 6,1783.8674799174612
BA22 7,BA6 8,858.1500911072025
BA22 7,BA7 7,15245.568295782867
BA22 7,BA9 8,8541.17966341622
BA22 7,DT9 4,6166.316370023901
BA22 7,TA11 7,7527.270884659797
BA22 8,BA22 9,5735.216370632279
BA22 8,DT9 4,9725.829075584605
BA22 8,TA10 9,1816.4718749684318
BA22 8,TA11 7,10448.319951554337
BA22 8,TA12 6,6405.80642280773
BA22 8,TA14 6,2399.669572302678
BA22 8,TA15 6,9350.318016326419
BA22 9,DT2 0,10462.559209122437
BA22 9,DT8 3,1448.5985682531873
BA22 9,DT9 6,8579.767904764412
BA22 9,TA14 6,538.0800542357828
BA22 9,TA18 7,11122.250482221103
BA3 2,BA3 3,3702.6527320373975
BA3 2,BA3 4,5668.201179310317
BA3 2,BS39 7,2595.668709062468
BA3 3,BA3 4,2013.1223907859649
BA3 3,BA3 5,5940.927563233418
BA3 3,BS39 7,1457.2155106602636
BA3 4,BA3 5,19733.307686878525
BA3 4,BA4 4,3731.675458272148
BA3 4,BA5 3,15089.462786034392
BA3 4,BS39 5,3412.123415492646
BA3 4,BS39 6,4460.669511847653
BA3 4,BS39 7,1051.5191777958032
BA3 4,BS40 6,8045.26265104904
BA3 5,BA4 4,7519.9112980906175
BA4 4,BA4 5,13559.262683506959
BA4 4,BA4 6,20479.29335097783
BA4 4,BA5 1,4635.590800251092
BA4 4,BA5 3,8825.05036861017
BA4 4,BA6 8,10228.520857410997
BA4 5,BA5 3,2228.7279160642756
BA4 6,BA6 8,15138.12625938732
BA4 6,BA7 7,4850.004774177583
BA5 1,BA5 2,10738.781044999523
BA5 1,BA5 3,17196.619845675938
BA5 1,BA6 9,13163.253030077265
BA5 1,BS27 3,6216.384012484177
BA5 1,BS28 4,8024.220844424876
BA5 1,BS40 6,275.4992590278132
BA5 2,BA5 3,4279.423801154773
BA5 3,BS40 6,2580.7681288757276
BA6 8,BA6 9,6209.636995765008
BA6 8,BA7 7,2358.207975345101
BA6 8,TA11 6,15046.26212170034
BA6 8,TA11 7,5123.907185001954
BA6 9,BS28 4,4706.853550639823
BA6 9,TA7 8,2091.050979567324
BA6 9,TA7 9,4544.65638832335
BA7 7,BA9 8,6695.861132233061
BA7 7,TA11 7,7165.887923725742
BA8 0,BA9 8,5985.186743361524
BA8 0,BA9 9,4380.167924399094
BA8 0,DT10 2,5451.766486976219
BA8 0,DT9 4,7949.643578228933
BA8 0,DT9 5,5414.949476137663
BA8 0,SP8 5,6899.91059378225
BA9 8,BA9 9,14554.22202951093
BA9 8,DT9 4,457.9067454155454
BA9 8,SP8 5,2258.8869649625913
BA9 9,SP8 5,9043.968374437076
BB1 1,BB1 2,3705.937324520485
BB1 1,BB1 3,1853.7440644964736
BB1 1,BB1 5,1815.5444477969927
BB1 1,BB2 3,3128.0569096734534
BB1 2,BB1 3,2906.1731202367437
BB1 2,BB1 4,0.9461362944879362
BB1 2,BB2 3,1485.4565946661755
BB1 2,BB3 0,1107.7696254520465
BB1 2,BB3 3,5019.506378669785
BB1 2,BB4 4,458.2249388058604
BB1 2,BB5 3,6637.3664828277915
BB1 3,BB1 4,1716.7267878533746
BB1 3,BB1 5,1795.6735652941236
BB1 3,BB5 3,769.441611779148
BB1 4,BB1 5,2889.865821423678
BB1 4,BB1 9,2534.891960274621
BB1 4,BB5 3,836.7439132292483
BB1 4,BB5 4,2807.315773087617
BB1 4,BB5 5,3338.387189523207
BB1 4,BB6 7,5428.998129897238
BB1 5,BB1 6,2708.176878829337
BB1 5,BB1 7,1177.9002079574857
BB1 5,BB1 9,3427.906802035305
BB1 5,BB2 2,154.34084124021655
BB1 5,BB2 3,2.1352007688694736
BB1 6,BB1 7,872.1267916901014
BB1 6,BB1 8,517.2433847510677
BB1 6,BB1 9,617.8658039996097
BB1 7,BB1 8,1413.1622040864384
BB1 7,BB2 1,876.9585871968873
BB1 7,BB2 2,158.5263589889375
BB1 7,BB2 6,55.08066038959544
BB1 8,BB1 9,3934.324535220833
BB1 8,BB2 6,1921.5501900422285
BB1 8,BB2 7,2748.810255811523
BB1 9,BB2 7,6940.671527960966
BB1 9,BB6 7,172.3780861705192
BB1 9,BB6 8,7639.421964072907
BB1 9,BB7 9,236.80659959361282
BB1 9,PR3 3,5325.686852607114
BB10 1,BB10 2,1755.3926708025583
BB10 1,BB10 3,1863.312925775847
BB10 1,BB11 1,1484.964769858644
BB10 1,BB11 2,454.60053941575495
BB10 1,BB11 4,148.6497066755457
BB10 1,BB12 0,7495.017128483318
BB10 1,BB12 9,697.3456939909179
BB10 2,BB10 3,4752.587388729695
BB10 2,BB12 0,492.4678244527294
BB10 2,BB12 9,1476.1640694574542
BB10 2,BB9 0,2090.5714452231614
BB10 2,BB9 5,2225.8153512400045
BB10 3,BB10 4,10972.267153007044
BB10 3,BB11 2,1724.9329901108622
BB10 3,BB8 8,4118.3443920976515
BB10 3,BB9 0,3881.3950036365873
BB10 3,BB9 9,2779.509579142707
BB10 3,HX7 7,5338.621836371847
BB10 3,HX7 8,1147.5174438171791
BB10 4,BB11 2,131.61104171386333
BB10 4,BB11 3,3735.8081679607317
BB10 4,BB11 5,3272.7124770845394
BB10 4,BB4 9,2694.9157816623338
BB10 4,HX7 7,1022.3103250954573
BB10 4,OL13 8,3365.5396314094564
BB10 4,OL14 7,1953.569547821048
BB10 4,OL14 8,2962.138395963878
BB11 1,BB11 2,1017.8115387063742
BB11 1,BB11 3,594.4869271865732
BB11 2,BB11 3,4968.819266353553
BB11 2,BB11 4,3114.189113895787
BB11 2,BB11 5,1981.3201541614287
BB11 3,BB11 5,1335.7212442238017
BB11 4,BB11 5,2766.80679733057
BB11 4,BB12 0,1579.8875388231681
BB11 4,BB12 6,92.30301562251552
BB11 5,BB12 6,2250.4068848190454
BB11 5,BB12 7,6762.385218074607
BB11 5,BB4 5,781.205710109406
BB11 5,BB4 8,3203.8930347985474
BB11 5,BB4 9,3204.218476317894
BB11 5,BB5 6,4432.2967143030155
BB12 0,BB12 6,2543.4890642617133
BB12 0,BB12 8,1993.7615181399706
BB12 0,BB12 9,2608.111622593856
BB12 6,BB12 7,1700.9487419743075
BB12 6,BB12 8,7078.081567684528
BB12 6,BB12 9,4138.0437430922975
BB12 7,BB12 8,7314.002116297261
BB12 7,BB12 9,2126.6265305253514
BB12 7,BB5 5,4310.437222909883
BB12 7,BB5 6,429.0776267506845
BB12 7,BB6 7,2241.9611531292726
BB12 7,BB7 9,6495.837791470599
BB12 8,BB12 9,93.58105546067594
BB12 8,BB5 5,486.8551871113926
BB12 9,BB7 1,1324.188391872948
BB12 9,BB7 4,5468.418589990737
BB12 9,BB7 9,8307.239536720526
BB12 9,BB9 5,2586.749022312804
BB12 9,BB9 6,8898.059340042311
BB12 9,BB9 7,89.72964724095989
BB18 5,BB18 6,12360.486431278436
BB18 5,BB7 4,10117.71096445879
BB18 5,BB8 7,3069.6843573095366
BB18 5,BB9 6,2814.7499508216933
BB18 5,BD23 3,2334.1012593285404
BB18 6,BB8 7,5158.864194274513
BB18 6,BD20 8,2088.767509293216
BB18 6,BD23 3,8659.177597850345
BB2 1,BB2 2,3922.941285613917
BB2 1,BB2 6,2078.560175464392
BB2 2,BB2 3,427.05639818552544
BB2 2,BB2 4,3589.5505867633033
BB2 2,BB2 5,371.23156857786665
BB2 2,BB2 6,1557.2982300318515
BB2 3,BB2 4,2199.254333075711
BB2 3,BB3 0,2001.6362734034437
BB2 4,BB2 5,3500.7180218806743
BB2 4,BB3 0,3647.0723885253133
BB2 5,BB2 6,3850.0239246060564
BB2 5,BB3 0,2442.219368769449
BB2 5,PR5 0,1703.163747105927
BB2 5,PR6 8,1230.094954912089
BB2 6,BB2 7,7091.330411342487
BB2 6,PR5 0,3651.058082647586
BB2 7,PR2 5,1793.1556178142673
BB2 7,PR3 2,2737.3576267380104
BB2 7,PR3 3,4361.644719747354
BB2 7,PR5 0,9766.644494701817
BB3 0,BB3 1,5527.5431033062705
BB3 0,BB3 2,3147.615686419679
BB3 0,BB3 3,4583.232511686287
BB3 0,BL7 8,2322.3639874839896
BB3 0,PR6 8,5588.466282816206
BB3 1,BB3 2,3216.178354346396
BB3 1,BB3 3,780.8777437354305
BB3 2,BB3 3,6747.866735583369
BB3 2,BL7 0,2137.254972456262
BB3 2,BL7 8,3988.8814370403625
BB3 3,BB4 4,1117.0029307018106
BB3 3,BB5 3,1222.5253706820324
BB3 3,BL7 0,5480.855390823941
BB4 4,BB4 5,5317.945220175101
BB4 4,BB4 6,7723.343114543128
BB4 4,BB5 3,2637.8458263160346
BB4 4,BL0 0,4059.206662975224
BB4 4,BL7 0,4667.654935578759
BB4 4,BL8 4,3721.020864065978
BB4 5,BB4 6,3676.3441676597754
BB4 5,BB4 8,5143.88511203774
BB4 5,BB5 2,6795.577162882674
BB4 5,BB5 3,1209.6907171093173
BB4 5,BB5 6,1305.8999679198919
BB4 6,BB4 7,3097.977823701206
BB4 6,BB4 8,3240.834157139393
BB4 6,BL0 0,3663.727432028956
BB4 7,BB4 8,2956.810632654826
BB4 7,BB4 9,6494.543375240512
BB4 7,BL0 0,3799.235428834381
BB4 7,OL13 0,3972.5841630421046
BB4 8,BB4 9,3815.9501681244647
BB4 9,OL13 0,3807.527620930895
BB4 9,OL13 8,3517.4604462955617
BB5 0,BB5 1,2321.2542934623534
BB5 0,BB5 2,1630.3265600039624
BB5 0,BB5 3,3537.8449081217286
BB5 0,BB5 4,988.20920940412
BB5 1,BB5 2,578.7106472254421
BB5 1,BB5 4,2142.230397893152
BB5 1,BB5 6,2421.2604342882087
BB5 2,BB5 3,3169.562026241379
BB5 2,BB5 6,4341.4288395773
BB5 3,BB5 4,6169.198723083571
BB5 4,BB5 5,4606.8203176561
BB5 4,BB5 6,11.40451283336749
BB5 5,BB5 6,4385.470938701767
BB5 5,BB6 7,2497.596045614192
BB6 7,BB6 8,1124.8523272367918
BB6 7,BB7 9,6151.48466804996
BB6 8,BB7 9,8226.013136974949
BB7 1,BB7 2,7178.099431862159
BB7 1,BB7 4,5430.08065659771
BB7 1,BB7 9,10873.369245075355
BB7 2,BB7 3,5281.429647756669
BB7 2,BB7 4,3463.081059332844
BB7 2,BB7 9,494.5718612498183
BB7 3,BB7 4,20824.43122262206
BB7 3,BB7 9,13730.892562837405
BB7 3,BD23 4,6730.48057589339
BB7 3,LA2 8,13399.784403894386
BB7 3,LA2 9,17300.210097067353
BB7 3,PR3 1,4446.961833447664
BB7 3,PR3 2,13446.811283913108
BB7 4,BB9 6,2017.3204420288143
BB7 4,BD23 3,2128.2333045698306
BB7 4,BD23 4,23419.882747512565
BB7 9,PR3 2,3317.8760908295417
BB7 9,PR3 3,6984.69622087477
BB8 0,BB8 7,3396.7956277195694
BB8 0,BB8 8,5018.346339025282
BB8 0,BB8 9,2726.917242845593
BB8 7,BB8 8,9646.977584164068
BB8 7,BB8 9,5409.032586005991
BB8 7,BB9 6,506.0582518003805
BB8 7,BD22 0,8782.149028135487
BB8 8,BB8 9,1357.6080060102975
BB8 8,BB9 6,563.6981152299454
BB8 8,BB9 8,1668.69908733383
BB8 8,BB9 9,6011.084593290992
BB8 8,BD22 0,2088.181345944982
BB8 8,HX7 8,4057.542751910617
BB8 9,BB9 6,3768.149818290666
BB9 0,BB9 5,2872.815520919155
BB9 0,BB9 7,678.5551466046102
BB9 0,BB9 9,5431.376435752747
BB9 5,BB9 7,1504.719837881653
BB9 6,BB9 7,1276.8191296007678
BB9 6,BB9 8,4052.109519320129
BB9 7,BB9 8,2743.5441303114612
BB9 7,BB9 9,2141.7703195891336
BB9 8,BB9 9,2727.4141626212804
BD1 1,BD1 2,846.0342841218248
BD1 1,BD1 4,1044.908605317112
BD1 1,BD1 5,341.2605708124918
BD1 1,BD5 0,427.2981691222015
BD1 1,BD7 1,382.24419481136977
BD1 2,BD1 3,514.8327198944149
BD1 2,BD1 4,120.8056290079233
BD1 2,BD7 1,1258.279590633154
BD1 2,BD8 7,141.72954485722045
BD1 2,BD8 8,362.94364225160234
BD1 3,BD1 4,202.80884600241103
BD1 3,BD3 0,245.08592563861583
BD1 3,BD8 7,1261.6886678688838
BD1 4,BD1 5,855.7750730860322
BD1 4,BD3 0,1946.5234561324376
BD1 4,BD3 9,159.97479914029643
BD1 5,BD3 0,116.25278397290793
BD1 5,BD3 9,157.01958909869035
BD1 5,BD4 8,452.6355981396548
BD1 5,BD5 0,53.46291624088359
BD10 0,BD10 8,3278.528757794873
BD10 0,BD10 9,4853.492029114689
BD10 0,BD17 5,603.760291217514
BD10 0,BD17 7,4907.614515229661
BD10 0,BD18 1,530.7455967554706
BD10 0,BD2 2,526.0329211388596
BD10 0,BD2 3,1149.0485179581315
BD10 0,LS19 6,1833.670127981054
BD10 0,LS28 5,3526.5167211171283
BD10 8,BD10 9,4067.854739989418
BD10 8,BD18 1,1216.5229940569964
BD10 8,BD2 1,1384.0716451252474
BD10 8,BD2 2,2865.616054122519
BD10 9,BD17 7,616.0817267476143
BD11 1,BD11 2,714.1806121762918
BD11 1,BD4 0,1968.777148292942
BD11 1,LS27 0,1065.576387219309
BD11 1,LS27 7,5093.520957937336
BD11 1,WF17 0,1162.545325514398
BD11 1,WF17 9,1903.0020130204502
BD11 2,BD19 4,2726.0624104067033
BD11 2,BD4 0,1520.177925706064
BD11 2,BD4 6,4622.860313626409
BD11 2,WF17 9,3356.6059012582846
BD12 0,BD12 7,1686.1334997976335
BD12 0,BD12 8,2539.0793697197505
BD12 0,BD12 9,632.2521379684935
BD12 0,BD4 6,378.8718394532391
BD12 0,BD6 1,2599.072453982825
BD12 0,BD6 2,2279.996278624434
BD12 7,BD12 9,1158.0149200514745
BD12 7,BD19 6,3005.335908184857
BD12 7,BD4 6,1895.024442196991
BD12 8,BD12 9,4642.423951001206
BD12 8,BD6 2,1335.1727788403466
BD12 8,HD6 4,288.9100853092098
BD12 8,HX3 7,1433.614004660119
BD12 8,HX3 8,1928.9964036402805
BD12 9,BD19 6,2613.6471334634607
BD12 9,HD6 4,1334.5851398436564
BD13 1,BD13 2,7925.716565146675
BD13 1,BD13 3,4815.798286981398
BD13 1,BD14 6,5180.82870459238
BD13 1,BD6 3,2719.5586269809432
BD13 1,HX2 9,2043.42743513373
BD13 1,HX3 7,942.2526209440875
BD13 2,BD14 6,666.0467234933403
BD13 2,BD6 3,903.5911939598456
BD13 2,BD7 4,646.3257974886801
BD13 2,HX2 9,1444.4069710440933
BD13 2,HX3 7,4083.195016084615
BD13 3,BD13 4,3291.293826124766
BD13 3,BD14 6,1601.6833099330154
BD13 3,BD15 7,2294.815808123616
BD13 3,BD15 8,4312.57565562172
BD13 3,BD8 0,575.9511921225027
BD13 3,HX2 9,1583.013923937482
BD13 4,BD13 5,2674.58822595749
BD13 4,BD15 0,983.0801342244293
BD13 4,BD15 8,1526.1457273963135
BD13 4,BD22 9,2891.1264365234542
BD13 4,HX2 9,2309.3148538878286
BD13 5,BD15 0,2276.208989145981
BD13 5,BD16 1,2512.7037385705903
BD13 5,BD21 4,25.887768466795333
BD13 5,BD21 5,1632.3379164926885
BD13 5,BD22 9,4292.852445990671
BD14 6,BD15 7,317.2806393805519
BD14 6,BD6 3,259.12856218875726
BD14 6,BD7 2,952.5933600842122
BD14 6,BD7 4,1776.4503032805312
BD14 6,BD8 0,1194.3666001878375
BD15 0,BD15 8,3407.9848188820233
BD15 0,BD15 9,460.9549169145256
BD15 0,BD16 1,5956.852233283665
BD15 7,BD15 8,2049.0090982993147
BD15 7,BD15 9,1147.429403016723
BD15 7,BD8 0,2582.300992612221
BD15 7,BD9 6,1517.9057654534772
BD15 8,BD15 9,2475.227051655661
BD15 9,BD16 1,1604.9420377767271
BD15 9,BD9 6,1175.8769406109238
BD16 1,BD16 2,4246.323397209158
BD16 1,BD16 4,2200.728646429991
BD16 1,BD18 4,3412.7730129541324
BD16 1,BD21 4,4452.346143888784
BD16 1,BD9 6,1644.1519164530343
BD16 2,BD16 3,2404.036102985971
BD16 2,BD16 4,5191.135644085522
BD16 2,BD20 5,1382.0268212840424
BD16 2,BD21 4,435.99212555865967
BD16 3,BD16 4,6311.562092175792
BD16 3,BD17 5,4370.014671706849
BD16 3,BD20 5,4917.6433746334715
BD16 3,LS20 8,4371.019709923648
BD16 3,LS29 7,1934.580815492199
BD16 4,BD17 5,1792.1735496358342
BD16 4,BD18 4,1530.975290482797
BD17 5,BD17 6,5988.768715648675
BD17 5,BD17 7,7893.335860758551
BD17 5,BD18 3,287.4416002562082
BD17 5,BD18 4,1117.6510950604968
BD17 5,BD98 8,210.59034177488962
BD17 5,LS20 8,2003.4856623062983
BD17 6,BD17 7,4367.0092232789775
BD17 6,BD18 1,205.2704910014413
BD17 7,BD18 1,1688.158502030945
BD17 7,BD18 2,1148.3921241136077
BD17 7,BD18 3,500.35358592550546
BD17 7,BD98 8,439.58948291711397
BD17 7,LS19 6,230.13874991415105
BD17 7,LS19 7,2284.993498914052
BD17 7,LS20 8,2764.8853008548663
BD18 1,BD18 2,4639.211759955528
BD18 1,BD2 1,2486.286135996691
BD18 2,BD18 3,3653.2107674169056
BD18 2,BD2 1,237.64293350538895
BD18 2,BD9 4,1264.9991867651108
BD18 3,BD18 4,4196.870535452551
BD18 3,BD9 4,1015.008136401221
BD18 3,BD9 5,1553.547893758046
BD18 3,BD98 8,1254.736622341892
BD18 4,BD9 5,944.409637625182
BD18 4,BD9 6,10.589188593344987
BD19 3,BD19 4,2575.5340708788112
BD19 3,BD19 5,2985.0887182954457
BD19 3,BD19 6,5039.708536074636
BD19 3,WF15 8,86.48362380252125
BD19 4,BD19 5,1443.309569879647
BD19 4,BD19 6,1381.589413516614
BD19 4,BD4 6,1119.6892672140302
BD19 4,WF15 6,1715.9989105776106
BD19 4,WF16 9,2013.896017715457
BD19 4,WF17 9,2068.1587135384793
BD19 5,WF15 6,972.8651212195294
BD19 5,WF15 8,1915.1015959245176
BD19 6,BD4 6,1719.927892046246
BD19 6,HD6 4,2861.575628119905
BD19 6,WF15 8,2370.1017020130976
BD2 1,BD2 2,1250.6812824608708
BD2 1,BD2 4,4321.7990480582375
BD2 1,BD3 0,733.4161147753613
BD2 1,BD8 7,946.4037988796812
BD2 1,BD9 4,356.2350543841844
BD2 2,BD2 3,2735.5727722540028
BD2 2,BD2 4,368.0572235231484
BD2 3,BD2 4,1959.0086457854402
BD2 3,BD3 7,1285.2474856895676
BD2 3,LS28 5,362.99479315796884
BD2 3,LS28 7,120.45260381252837
BD2 3,LS28 8,34.71904356294059
BD2 4,BD3 0,2941.0587103243765
BD2 4,BD3 7,644.8409868172805
BD20 0,BD20 5,4029.454094533495
BD20 0,BD20 6,4534.366480746852
BD20 0,BD20 9,9575.645579607593
BD20 0,LS29 0,4560.760253065685
BD20 0,LS29 8,698.6360033764233
BD20 5,BD20 6,940.382434063816
BD20 5,BD21 4,5634.230988372637
BD20 5,LS29 8,2968.2735804297326
BD20 6,BD20 7,2839.7777948036346
BD20 6,BD20 8,2042.7123652720893
BD20 6,BD20 9,1047.6996291878015
BD20 6,BD21 2,3805.7711877290094
BD20 6,BD21 3,276.2589852036382
BD20 6,BD21 4,573.3155722088687
BD20 6,BD22 0,6077.229443621644
BD20 6,BD22 6,353.3916491427609
BD20 7,BD20 8,7924.40327395441
BD20 7,BD20 9,2977.9324322224975
BD20 7,BD22 0,7545.293152735153
BD20 8,BD20 9,5423.467132430431
BD20 8,BD22 0,6753.236076729621
BD20 8,BD23 2,167.59047620028002
BD20 8,BD23 3,10448.95027425257
BD20 9,BD23 2,6475.23387749285
BD20 9,BD23 6,1656.7965646652594
BD20 9,LS29 0,1815.4327438749551
BD21 1,BD21 2,999.2492467817876
BD21 1,BD21 3,876.3409948532523
BD21 1,BD21 4,159.20518167353873
BD21 1,BD21 5,3212.9736120969505
BD21 1,BD22 6,1762.2719674474474
BD21 1,BD22 7,1053.1010174736527
BD21 2,BD21 3,1000.4074314112115
BD21 2,BD22 6,2431.204341384278
BD21 3,BD21 4,2796.197948426341
BD21 4,BD21 5,3165.7444272976218
BD21 5,BD22 0,217.28618822456804
BD21 5,BD22 7,3425.026460308317
BD21 5,BD22 9,1276.1605273544685
BD22 0,BD22 6,5385.264685891904
BD22 0,BD22 7,7833.873259071228
BD22 0,BD22 8,3030.658018658528
BD22 0,BD22 9,6461.681275386618
BD22 0,HX7 8,4285.976077939248
BD22 6,BD22 7,515.0019478739598
BD22 7,BD22 8,399.8424223836918
BD22 7,BD22 9,341.48318791412913
BD22 8,BD22 9,4805.353363737249
BD22 9,HX2 7,623.5830304398623
BD22 9,HX2 9,1583.9971429639697
BD22 9,HX7 8,4433.592897198707
BD23 1,BD23 2,6205.904277486992
BD23 1,BD23 3,1864.998048745119
BD23 1,BD23 6,2623.66327709204
BD23 2,BD23 3,4183.484511256774
BD23 2,BD23 6,6523.512384567562
BD23 3,BD23 4,18454.17237455603
BD23 3,BD23 6,16404.59490571904
BD23 4,BD23 5,13675.389325592008
BD23 4,BD23 6,7391.801329390238
BD23 4,BD24 0,13144.916130900494
BD23 4,BD24 9,18246.872456967143
BD23 5,BD23 6,33198.43139782484
BD23 5,BD24 0,15726.317143656699
BD23 5,BD24 9,848.2593651206854
BD23 5,DL8 3,18225.173710128114
BD23 5,DL8 4,7230.282373890911
BD23 5,HG3 5,11142.470437935184
BD23 6,HG3 2,11475.142648901674
BD23 6,HG3 5,7521.917109000142
BD23 6,LS21 2,2551.5896120628654
BD23 6,LS29 0,10962.549289933657
BD24 0,BD24 9,16259.38237439139
BD24 0,DL8 3,1990.9753736749474
BD24 0,LA2 8,16383.117818533998
BD24 0,LA6 3,13562.361739647067
BD24 9,LA2 8,3867.6801735696517
BD3 0,BD3 7,692.2277484741575
BD3 0,BD3 9,1621.5882626008404
BD3 0,BD8 7,860.7141494207897
BD3 7,BD3 8,2384.545305124402
BD3 7,BD3 9,286.01608995751866
BD3 7,LS28 8,2350.98940909524
BD3 8,BD3 9,1277.521181017004
BD3 8,BD4 8,3114.905017144518
BD3 8,LS28 8,513.4558646824019
BD3 9,BD4 8,2200.93774905668
BD4 0,BD4 6,2145.023919052886
BD4 0,BD4 8,3020.925905919604
BD4 0,BD4 9,3386.4264480111133
BD4 0,LS12 5,1963.2075462593227
BD4 0,LS27 7,693.3331357349753
BD4 0,LS28 8,2258.5138104193684
BD4 0,LS28 9,1567.467795115447
BD4 6,BD4 9,2285.122451402995
BD4 6,BD5 8,2771.8755371403063
BD4 6,BD6 1,281.05199505497944
BD4 7,BD4 8,3117.4352000685167
BD4 7,BD4 9,1135.017033907866
BD4 7,BD5 0,564.9233420150447
BD4 7,BD5 7,888.8354496373954
BD4 7,BD5 8,1509.446218272497
BD4 8,BD4 9,2250.2121962185083
BD4 8,BD5 0,43.97679355336905
BD4 8,LS28 7,353.476475937234
BD4 8,LS28 8,2534.4768535235207
BD4 9,BD5 8,126.77794431559835
BD5 0,BD5 7,3003.3816398266167
BD5 0,BD5 9,1273.8432849703565
BD5 0,BD7 1,2300.9597767641944
BD5 0,BD7 3,503.85520974893313
BD5 7,BD5 8,1192.352521549855
BD5 7,BD5 9,553.225181216665
BD5 8,BD5 9,1556.989235656901
BD5 8,BD6 1,2792.679435748354
BD5 9,BD6 1,1628.4576188551573
BD5 9,BD6 3,718.9115305281533
BD5 9,BD7 3,1594.2530411521882
BD6 1,BD6 2,2819.757731540527
BD6 1,BD6 3,1812.673446866476
BD6 2,BD6 3,5531.228767470236
BD6 2,HX3 7,1296.2178789179072
BD6 3,BD7 3,131.5798823784986
BD6 3,BD7 4,2628.328519932669
BD6 3,HX3 7,804.4433305095658
BD7 1,BD7 2,1317.948291459338
BD7 1,BD7 3,859.8364285545348
BD7 1,BD8 8,1134.0544355359941
BD7 1,BD8 9,96.14876156520347
BD7 2,BD7 3,2110.0127717588784
BD7 2,BD7 4,1681.6855589651964
BD7 2,BD8 0,1566.343846499385
BD7 2,BD8 9,767.5404138569879
BD7 3,BD7 4,1815.7733435421735
BD8 0,BD8 9,1207.2766041814043
BD8 0,BD9 6,975.2368846956359
BD8 7,BD8 8,3314.708578713256
BD8 7,BD9 4,2268.2160789428754
BD8 8,BD8 9,1674.0308768462105
BD8 8,BD9 4,252.71528013089937
BD8 8,BD9 5,142.6397630730849
BD8 9,BD9 4,13.861244849886935
BD8 9,BD9 5,1787.7228713880886
BD8 9,BD9 6,318.31337231704566
BD9 4,BD9 5,4210.915296022824
BD9 5,BD9 6,3438.621409096866
BH1 1,BH1 2,1445.2277027482346
BH1 1,BH1 3,17.46424919657298
BH1 1,BH2 5,257.70513454073665
BH1 1,BH2 6,1479.4536932316464
BH1 1,BH3 7,2.4199675531799287
BH1 1,BH8 8,2005.8140316398365
BH1 2,BH1 3,1136.9828525150951
BH1 2,BH2 5,417.75600590574624
BH1 3,BH1 4,1367.572713986694
BH1 3,BH2 5,336.9858173196702
BH1 3,BH5 1,761.4654668514585
BH1 3,BH8 8,2305.292942175549
BH1 4,BH5 1,1880.6696370073103
BH1 4,BH7 6,808.057304023691
BH1 4,BH7 7,161.6254611879657
BH1 4,BH8 8,1629.720748388023
BH1 4,BH8 9,637.9975622499427
BH10 4,BH10 5,1322.0315103929738
BH10 4,BH11 8,1386.4445397863142
BH10 4,BH12 5,1021.9514615917165
BH10 4,BH9 2,2221.3794964684744
BH10 5,BH10 6,2554.9682775094584
BH10 5,BH10 7,558.5407794451215
BH10 5,BH11 8,1660.826948600155
BH10 5,BH11 9,1195.447057732568
BH10 5,BH9 2,37.62133630102415
BH10 6,BH10 7,3015.6892300609966
BH10 6,BH9 2,1028.8504574449269
BH10 6,BH9 3,91.5357324430171
BH10 7,BH11 9,1847.2611560896257
BH10 7,BH22 8,2200.4540165532444
BH10 7,BH23 6,10.518273051531157
BH10 7,BH9 2,547.9222984850679
BH10 7,BH9 3,431.59080995392077
BH11 8,BH11 9,3390.7300556855703
BH11 8,BH12 4,1126.6478498300119
BH11 8,BH12 5,1089.4216130460156
BH11 9,BH12 4,925.6359038970736
BH11 9,BH17 9,417.06235033300504
BH11 9,BH21 3,5414.7113248024825
BH11 9,BH22 8,444.6568479241483
BH11 9,BH22 9,2587.135469392176
BH12 1,BH12 2,2196.996774536232
BH12 1,BH12 4,1089.439087780028
BH12 1,BH12 5,1711.1033204496853
BH12 1,BH13 6,1024.2882921663345
BH12 1,BH14 9,138.06658759045155
BH12 1,BH4 9,1011.793995784591
BH12 2,BH12 3,3106.625989871344
BH12 2,BH12 4,486.8719368987214
BH12 2,BH14 0,293.6285944701286
BH12 2,BH14 9,997.8063240411352
BH12 3,BH12 4,2399.751353983767
BH12 3,BH14 0,2508.899299109323
BH12 3,BH15 3,1848.3586950647386
BH12 3,BH17 8,590.5695812047871
BH12 4,BH12 5,1915.0032109725018
BH12 4,BH17 8,251.9672093292923
BH12 4,BH17 9,357.81954309261
BH12 5,BH3 7,1242.7750469231862
BH12 5,BH4 9,100.63343357865246
BH12 5,BH9 2,574.8270247518702
BH13 6,BH13 7,2804.2797491831698
BH13 6,BH14 9,1507.8349157971802
BH13 6,BH4 8,1685.5163029714645
BH13 6,BH4 9,69.28779430622708
BH13 7,BH14 8,2362.5635973185626
BH13 7,BH14 9,1742.5881600210218
BH14 0,BH14 8,3690.3543619011944
BH14 0,BH14 9,1156.6960793379033
BH14 0,BH15 2,619.7317198719696
BH14 0,BH15 3,1927.8545126038077
BH14 8,BH14 9,3667.090725396788
BH14 8,BH15 1,678.3658008822156
BH14 8,BH15 2,371.52202905300055
BH15 1,BH15 2,2356.1525830700334
BH15 1,BH15 4,3.794579725778153
BH15 2,BH15 3,3192.3046262910766
BH15 2,BH17 7,721.9987765810732
BH15 3,BH17 7,1464.8200683086209
BH15 3,BH17 8,2081.9442065365847
BH15 3,BH17 9,756.9728611962237
BH15 4,BH16 5,3362.3066179291222
BH16 5,BH16 6,5924.611877824774
BH16 5,BH17 7,2387.617260199841
BH16 5,BH20 7,0.9537540671877937
BH16 5,BH21 3,1301.7005209197926
BH16 6,BH20 7,19207.346201652268
BH16 6,BH21 3,5848.273696089978
BH16 6,BH21 4,4722.4719224175005
BH16 6,DT11 9,1047.347192442059
BH17 7,BH17 9,1263.532350217286
BH17 7,BH18 8,2991.9128340380844
BH17 7,BH18 9,1021.9968712429593
BH17 7,BH21 3,25.567610573032496
BH17 8,BH17 9,3697.9434308898567
BH17 9,BH18 8,1669.139905644752
BH17 9,BH21 1,73.00530966869076
BH17 9,BH21 3,1994.5563576626694
BH18 8,BH18 9,3309.886631860411
BH18 8,BH21 1,1865.1997917751335
BH18 8,BH21 3,1576.2453283526845
BH18 9,BH21 3,5861.92876311861
BH19 1,BH19 2,2748.04344386746
BH19 1,BH19 3,7832.940165262563
BH19 1,BH20 5,117.4166820350415
BH19 2,BH19 3,2019.9635949789879
BH19 3,BH20 5,15057.875627719552
BH2 5,BH2 6,1254.0507927590966
BH2 5,BH4 8,2852.9941281919655
BH2 6,BH3 7,1665.2138065842112
BH2 6,BH4 8,323.66340463445
BH2 6,BH4 9,1798.827254809673
BH20 4,BH20 5,913.8513928167979
BH20 4,BH20 6,2537.3598020320615
BH20 4,BH20 7,5030.465126028687
BH20 5,BH20 6,14484.528551452386
BH20 5,DT2 8,8062.663200517309
BH20 6,BH20 7,18982.47589460454
BH20 6,DT2 7,1865.2175807715935
BH20 6,DT2 8,5035.331286677601
BH20 7,DT11 0,4700.71212971233
BH20 7,DT11 9,13799.583719755015
BH20 7,DT2 7,9633.93327336726
BH21 1,BH21 2,5528.879103765249
BH21 1,BH21 3,8111.309128767291
BH21 1,BH21 4,2900.5033176380007
BH21 2,BH21 3,2703.872268939957
BH21 2,BH21 4,4423.525736968958
BH21 2,BH21 7,10222.098976561258
BH21 2,BH22 9,1190.9839468346117
BH21 3,BH21 4,5539.537480237835
BH21 3,BH22 9,3964.937636369154
BH21 4,BH21 5,4549.816562875024
BH21 4,BH21 7,16748.84712496447
BH21 4,DT11 8,685.4511525035621
BH21 4,DT11 9,12290.19260617151
BH21 5,BH21 7,6209.779117818938
BH21 5,BH21 8,9033.443509314882
BH21 5,BH31 6,1746.7939741604832
BH21 5,BH31 7,4342.95256450696
BH21 5,DT11 8,11975.390036509325
BH21 5,SP5 5,17255.729219892284
BH21 5,SP6 3,10406.693888660298
BH21 6,BH21 7,2122.0345221346906
BH21 6,BH22 0,3618.4915705069507
BH21 6,BH24 2,3173.681368824732
BH21 6,BH31 6,3687.6818209304465
BH21 7,BH21 8,6430.92003457191
BH21 7,BH22 0,2781.8235546638375
BH21 7,BH22 8,423.7091632378639
BH21 7,BH22 9,6080.976401905734
BH21 7,BH31 6,2851.6365842557625
BH21 8,BH31 6,939.8457740600201
BH22 0,BH22 8,564.8665336342956
BH22 0,BH22 9,2710.51867610689
BH22 0,BH24 2,3533.7823507691874
BH22 8,BH22 9,7812.028760650641
BH22 8,BH23 6,5023.450509584422
BH22 8,BH24 2,519.0405290168635
BH23 1,BH23 2,1070.618193633365
BH23 1,BH23 3,4406.510749916527
BH23 1,BH23 7,1404.5269013023337
BH23 1,BH6 5,51.42702600549018
BH23 2,BH23 6,4568.526095327784
BH23 2,BH23 7,5652.264795261542
BH23 2,BH6 5,446.1786702848299
BH23 2,BH7 6,756.4309236213282
BH23 2,BH7 7,113.18600203659048
BH23 3,BH23 4,2725.749756984621
BH23 3,BH23 7,1274.6603109055316
BH23 3,BH6 4,138.19077895783388
BH23 4,BH23 5,2658.5178502474537
BH23 4,BH23 7,2369.4511828307727
BH23 5,BH23 7,2249.1160690357783
BH23 5,BH25 6,928.878097152936
BH23 5,BH25 7,992.4942619883683
BH23 6,BH23 7,2150.573399516559
BH23 6,BH23 8,3499.4328511725066
BH23 6,BH24 2,5318.97670149315
BH23 6,BH7 7,1552.681204889857
BH23 6,BH8 0,2724.905566364969
BH23 6,BH9 3,3366.635309103532
BH23 7,BH23 8,11912.754148811458
BH23 7,BH24 4,2366.603470644885
BH23 7,BH25 5,5474.316944111859
BH23 7,BH25 6,18.93314854364634
BH23 8,BH24 2,1693.3139476960812
BH23 8,BH24 3,7234.380419715698
BH23 8,BH24 4,2266.143273881977
BH24 1,BH24 2,2787.284400852708
BH24 1,BH24 3,15504.53208309221
BH24 2,BH24 3,11692.893880239442
BH24 2,BH31 6,219.9347129303213
BH24 3,BH24 4,11376.75991405117
BH24 3,BH31 6,1290.8392032873487
BH24 3,BH31 7,2854.4897350890237
BH24 3,SO43 7,6855.878664646246
BH24 3,SP6 2,9134.349292686027
BH24 3,SP6 3,7250.614751995075
BH24 4,SO42 7,8041.040005124281
BH24 4,SO43 7,4373.99594028487
BH25 5,BH25 6,6634.316836005449
BH25 5,BH25 7,3475.1912583154344
BH25 5,SO41 0,5237.815155393676
BH25 5,SO41 6,2108.804131476756
BH25 5,SO42 7,3997.7775385274235
BH25 6,BH25 7,3551.489885914635
BH3 7,BH4 9,1276.6329957072996
BH3 7,BH8 8,801.7005284882691
BH3 7,BH9 1,1671.134803227811
BH3 7,BH9 2,856.652453803978
BH31 6,BH31 7,7815.560345065313
BH31 7,SP6 3,1259.8679338021045
BH4 8,BH4 9,1463.3553528078594
BH5 1,BH5 2,1238.917206434367
BH5 1,BH7 6,374.4637605279566
BH5 2,BH6 3,1164.1107571945845
BH5 2,BH6 5,798.6811931765797
BH5 2,BH7 6,1387.2124369091223
BH6 3,BH6 4,2161.6227607020055
BH6 3,BH6 5,3935.3569502388705
BH6 5,BH7 6,2030.1287220677048
BH7 6,BH7 7,3360.048863245171
BH7 7,BH8 0,1235.5121436527627
BH7 7,BH8 9,1978.8334816736306
BH8 0,BH8 9,4187.609857474116
BH8 0,BH9 3,3687.86490083446
BH8 8,BH8 9,3472.310669737759
BH8 8,BH9 1,89.11274900230681
BH8 9,BH9 1,1250.1761806480408
BH8 9,BH9 3,817.824401261812
BH9 1,BH9 2,2846.0908044634975
BH9 1,BH9 3,3074.1317551217853
BH9 2,BH9 3,804.2724546440413
BL0 0,BL0 9,3896.2661583440513
BL0 0,BL8 4,191.3451799687641
BL0 0,BL9 5,4729.846527988832
BL0 0,BL9 6,11849.631990854792
BL0 9,BL8 4,9124.184376454057
BL0 9,BL9 5,3449.5690475667825
BL1 1,BL1 2,1463.3871631078466
BL1 1,BL1 4,375.78191688265065
BL1 1,BL2 1,1001.311328685885
BL1 1,BL3 5,312.9935266619418
BL1 2,BL1 3,3297.9314518788046
BL1 2,BL1 4,2266.839055478382
BL1 2,BL1 8,992.3845642418289
BL1 2,BL2 1,701.5213426514224
BL1 2,BL2 2,1685.162956416866
BL1 2,BL2 6,372.7664213591264
BL1 3,BL1 4,2383.7934811547066
BL1 3,BL1 6,1729.9207137998694
BL1 3,BL1 8,3510.9949799378537
BL1 4,BL1 5,2498.7707103341118
BL1 4,BL1 6,1008.4360130375126
BL1 4,BL3 5,2532.3659272594105
BL1 5,BL1 6,2143.089016310071
BL1 5,BL1 7,2441.4709435977998
BL1 5,BL3 4,2231.86082907058
BL1 5,BL3 5,392.80581144127484
BL1 5,BL6 4,3076.437339116691
BL1 5,BL6 6,3779.622132788316
BL1 6,BL1 7,7216.320362281132
BL1 6,BL1 8,1683.0584221485437
BL1 6,BL6 6,4528.45142074465
BL1 6,BL7 8,2725.596989659774
BL1 7,BL1 8,3254.4950359534555
BL1 7,BL2 3,1016.9652475256887
BL1 7,BL6 6,277.5965412533426
BL1 7,BL7 8,3160.4280599135373
BL1 7,BL7 9,3462.018493204197
BL1 8,BL2 2,1362.5547681653097
BL1 8,BL2 3,2296.410385018702
BL2 1,BL2 2,2.2581472485136573
BL2 1,BL2 6,1441.258251322428
BL2 1,BL3 1,189.16493629540338
BL2 1,BL3 2,1523.2613033208318
BL2 1,BL3 5,159.75523529789294
BL2 1,BL3 6,224.05001463390573
BL2 2,BL2 3,1113.7657398913948
BL2 2,BL2 5,1774.3053902491918
BL2 2,BL2 6,2416.4559562626787
BL2 3,BL2 4,12676.350817950402
BL2 3,BL2 5,1906.499902209007
BL2 3,BL2 6,312.77028095195277
BL2 3,BL7 9,1692.084769708599
BL2 4,BL2 5,828.2683575898802
BL2 4,BL2 6,455.9607863959568
BL2 4,BL7 0,2593.254133822534
BL2 4,BL7 9,1886.2226544297062
BL2 4,BL8 3,5488.428864499843
BL2 5,BL2 6,8283.483968549192
BL2 5,BL8 2,1395.6252759692572
BL2 5,M26 3,85.27919352737612
BL2 5,M26 4,239.2754452630929
BL2 6,BL3 1,2451.1151237749045
BL2 6,BL8 2,664.1486602620221
BL2 6,BL8 3,1637.1060974915176
BL2 6,M26 3,5203.656406903204
BL2 6,M26 4,1583.9193529615522
BL3 1,BL3 2,2459.3042596043347
BL3 1,BL4 7,1643.2007541501016
BL3 1,BL4 8,189.36256990458037
BL3 1,M26 1,2693.177117675609
BL3 1,M26 3,1974.5780628185373
BL3 2,BL3 3,638.6569431719985
BL3 2,BL3 6,2163.1892114694274
BL3 2,BL4 0,927.4538721170843
BL3 2,BL4 7,2823.7450937312506
BL3 3,BL3 4,6036.485515261698
BL3 3,BL3 6,2855.780643121222
BL3 3,BL4 0,2485.954536256979
BL3 3,BL5 1,1181.5958224375845
BL3 4,BL3 5,2991.500623200806
BL3 4,BL3 6,787.5502527452909
BL3 4,BL5 1,1431.3385969509602
BL3 4,BL5 3,993.5413246028452
BL3 4,BL6 4,2977.1736280661653
BL3 5,BL3 6,3326.2606591353006
BL4 0,BL4 7,1968.8214947562865
BL4 0,BL4 9,2664.8468283251723
BL4 0,BL5 1,2997.9718448365115
BL4 0,M29 8,1326.2157268399474
BL4 0,M38 0,1145.7274361940047
BL4 0,M38 9,2002.0219121333691
BL4 0,M46 9,530.0639055299299
BL4 7,BL4 8,1020.7582182042511
BL4 7,BL4 9,1890.791911886521
BL4 8,BL4 9,3544.615852992097
BL4 8,M26 1,3551.244378172866
BL4 8,M27 6,1463.5191565004432
BL4 8,M28 3,3231.1474711774267
BL4 9,M28 3,1000.9640774563104
BL4 9,M38 9,786.5809756535892
BL5 1,BL5 3,2139.6855683559156
BL5 1,M46 9,3413.7605010002553
BL5 2,BL5 3,6118.190449593856
BL5 2,M46 0,2187.798947044547
BL5 2,M46 9,325.89735516183043
BL5 2,WN2 4,3794.5827192920497
BL5 2,WN7 5,1201.2377398005576
BL5 3,BL6 4,5187.179148532704
BL5 3,BL6 5,1414.9635468828715
BL5 3,M46 9,655.0280477773582
BL5 3,WN2 1,2506.212311334416
BL5 3,WN2 2,1318.721255524573
BL5 3,WN2 4,945.3324522045107
BL6 4,BL6 6,7170.86273417387
BL6 5,BL6 6,6093.420539366429
BL6 5,BL6 7,2347.503452077278
BL6 5,PR6 9,4163.820911978669
BL6 5,PR7 4,3085.7360536912224
BL6 5,WN2 1,5793.506422990743
BL6 6,BL6 7,2064.864478353457
BL6 6,BL7 8,91.32430739299004
BL6 6,PR6 9,2771.11508020953
BL6 7,PR6 9,2318.4003922086654
BL7 0,BL7 8,2378.1427771290223
BL7 0,BL7 9,5116.553629214779
BL7 0,BL8 3,669.4007196686716
BL7 0,BL8 4,4602.635093705065
BL7 8,BL7 9,1664.6138494602585
BL7 8,PR6 8,1867.4939593278011
BL7 8,PR6 9,4801.594002785697
BL8 1,BL8 2,2174.7913727963664
BL8 1,BL8 3,3281.8808624546136
BL8 1,BL8 4,963.0288455431028
BL8 1,BL9 5,4411.980565783754
BL8 2,BL8 3,2359.115884265887
BL8 2,BL9 0,290.84766685616034
BL8 2,BL9 9,1583.6875487112218
BL8 2,M26 2,37.63200789160887
BL8 2,M26 4,4063.799274956065
BL8 3,BL8 4,8086.863403393119
BL8 4,BL9 5,693.2375833667226
BL9 0,BL9 5,855.9249649104676
BL9 0,BL9 7,2134.767878887462
BL9 0,BL9 9,4043.0622231784355
BL9 5,BL9 6,9824.704846857667
BL9 5,BL9 7,527.5724619930024
BL9 6,BL9 7,7356.337194193719
BL9 6,OL10 4,4827.947726098041
BL9 6,OL11 5,195.06884436324395
BL9 6,OL12 6,1694.261711176262
BL9 6,OL12 7,5385.095602338525
BL9 6,OL12 8,2507.3843211166964
BL9 6,OL13 0,1451.2058507580346
BL9 7,BL9 8,486.55399685715633
BL9 7,BL9 9,5205.019585020373
BL9 7,OL10 2,945.5296035168312
BL9 7,OL10 3,2989.1590921802836
BL9 7,OL10 4,2056.822836508498
BL9 8,BL9 9,8400.103269436784
BL9 8,M25 2,1932.6685332496713
BL9 8,M26 2,93.54100784535824
BL9 8,M45 7,788.3477067675017
BL9 8,M45 8,4976.894099527316
BL9 8,OL10 2,2244.52818209967
BL9 9,M26 2,3443.426376790088
BN1 1,BN1 2,1888.1012235247251
BN1 1,BN1 3,421.9358458829071
BN1 1,BN1 4,906.0282276172934
BN1 1,BN2 0,335.4468142957174
BN1 1,BN2 1,320.16320429516014
BN1 1,BN2 9,354.75511589479447
BN1 1,BN3 1,134.72805339616906
BN1 2,BN1 3,1397.1085197069121
BN1 2,BN3 1,483.22870425334395
BN1 3,BN1 4,1451.789150542957
BN1 3,BN1 5,794.062692196424
BN1 3,BN3 1,1047.8855751939577
BN1 4,BN1 5,62.20054744983742
BN1 4,BN1 6,1104.0576486518025
BN1 4,BN1 7,26.170172201087233
BN1 4,BN2 3,1032.789274586559
BN1 4,BN2 9,384.0279473812005
BN1 5,BN1 6,3590.7736673098943
BN1 5,BN1 8,2862.9406241523016
BN1 5,BN3 1,45.77684249674701
BN1 5,BN3 6,3437.900831539823
BN1 5,BN3 8,1591.5733459516061
BN1 5,BN45 7,5410.3471404262955
BN1 6,BN1 7,1776.6080497078724
BN1 6,BN1 8,2105.9093686598762
BN1 7,BN1 8,1291.3202782948
BN1 7,BN2 3,196.93892399654314
BN1 7,BN2 4,4142.390517665074
BN1 8,BN1 9,1246.2141192486895
BN1 8,BN2 4,1089.9822676175504
BN1 8,BN45 7,3224.3878331022374
BN1 8,BN6 8,1755.48981304947
BN1 9,BN2 4,6370.921103443582
BN1 9,BN2 6,1096.568737775177
BN1 9,BN6 8,4706.63546130516
BN1 9,BN7 1,2795.9652334777556
BN1 9,BN7 3,10870.475414385755
BN10 7,BN10 8,4728.381642589627
BN10 7,BN2 8,4080.55569641447
BN10 7,BN7 3,2191.7528274617107
BN10 7,BN9 9,1284.5968029862734
BN10 8,BN9 9,3968.9733450432836
BN11 1,BN11 2,1601.8239287596828
BN11 1,BN11 3,1694.4357415819666
BN11 1,BN11 4,1014.5682565722716
BN11 1,BN14 7,493.44891777354076
BN11 1,BN14 8,550.803337574881
BN11 2,BN11 3,462.0813522321682
BN11 2,BN14 8,1065.2863358919524
BN11 2,BN15 8,1170.3736031745786
BN11 2,BN15 9,380.45956080765967
BN11 3,BN11 4,1859.0168948569337
BN11 3,BN11 5,749.3201812615719
BN11 4,BN11 5,1446.8675076085462
BN11 4,BN13 1,324.40543490048856
BN11 4,BN14 7,801.5693340272868
BN11 5,BN12 4,2097.116821330916
BN11 5,BN12 6,0.78002628175491
BN11 5,BN13 1,1095.7508843058895
BN12 4,BN12 5,2131.7652821846145
BN12 4,BN12 6,1558.4450285343141
BN12 5,BN12 6,2717.5472055367854
BN12 5,BN16 1,1590.9286575531387
BN12 5,BN16 4,246.9469387306765
BN12 6,BN13 1,1445.2071518381495
BN12 6,BN13 2,872.0162188447237
BN12 6,BN13 3,5674.801715023903
BN12 6,BN16 4,2556.075765592695
BN13 1,BN13 2,1911.2605503472994
BN13 1,BN14 7,1907.0311394220678
BN13 1,BN14 9,262.43302357394083
BN13 2,BN13 3,4269.355340993383
BN13 2,BN14 0,619.236566798275
BN13 2,BN14 9,782.5776122291437
BN13 3,BN14 0,8102.422259417953
BN13 3,BN16 4,9134.10091328088
BN13 3,RH20 4,2835.9442264373065
BN14 0,BN14 9,4980.196801209372
BN14 0,BN15 0,1982.7902638908704
BN14 0,BN44 3,4259.560009010908
BN14 0,RH20 4,7445.481143763099
BN14 7,BN14 8,1744.3774752377365
BN14 7,BN14 9,2115.377354170278
BN14 8,BN14 9,2463.754845540133
BN14 8,BN15 0,978.2492172045961
BN14 8,BN15 9,1170.9678409353394
BN14 9,BN15 0,3282.311912262162
BN15 0,BN15 9,8596.250894089691
BN15 0,BN44 3,5446.089345849383
BN15 8,BN15 9,5133.890647740507
BN15 8,BN43 5,1136.0263256764747
BN15 9,BN43 5,206.47100241863404
BN16 1,BN16 2,1734.0361381415619
BN16 1,BN16 3,1543.5289933209376
BN16 1,BN16 4,3233.901420914091
BN16 2,BN16 3,5702.329770042332
BN16 2,BN17 6,1285.2251612478435
BN16 3,BN16 4,2186.41646717558
BN16 3,BN17 6,1123.8181117381218
BN16 4,BN17 6,119.80344384412967
BN16 4,BN17 7,283.812016258183
BN16 4,BN18 9,9134.37961650177
BN16 4,RH20 4,2448.8701534288734
BN17 5,BN17 6,3770.489679527744
BN17 5,BN17 7,1571.6466234452157
BN17 5,BN18 0,6056.752844013471
BN17 5,PO22 6,1812.0196298177261
BN17 6,BN17 7,5036.098918090712
BN17 7,BN18 9,6913.205115219451
BN18 0,BN18 9,10855.147662858613
BN18 0,PO18 0,7419.818313725765
BN18 0,PO20 3,7293.834956963572
BN18 0,PO22 0,6123.388573962527
BN18 0,PO22 6,2108.609738459374
BN18 0,PO22 8,1319.4383984848544
BN18 0,RH20 1,3999.096543290503
BN18 9,RH20 1,6717.006248863657
BN18 9,RH20 2,9646.562110157196
BN18 9,RH20 4,2219.720903989248
BN2 0,BN2 1,2547.4751156089023
BN2 0,BN2 5,3199.5857594056697
BN2 0,BN2 9,2787.090897496083
BN2 1,BN2 5,2693.2947947059474
BN2 3,BN2 4,2032.5497609216193
BN2 3,BN2 5,1051.6692835967958
BN2 3,BN2 9,1887.1880592436928
BN2 4,BN2 5,649.946191507147
BN2 4,BN2 6,2638.511872299349
BN2 5,BN2 6,2007.8468025913494
BN2 5,BN2 7,3439.4045041952113
BN2 5,BN2 9,161.14974209264574
BN2 6,BN2 7,4492.825123178986
BN2 6,BN7 3,5382.3654826887205
BN2 7,BN2 8,2767.1475937267132
BN2 7,BN7 3,799.8340639569683
BN2 8,BN7 3,2552.3343264019986
BN20 0,BN20 7,3679.943907052572
BN20 0,BN20 8,2015.6079382936261
BN20 0,BN26 5,5824.103616253684
BN20 7,BN20 8,4705.990046106129
BN20 7,BN21 1,1306.0644914122308
BN20 7,BN21 4,1885.035114919375
BN20 8,BN20 9,2299.4835354566526
BN20 8,BN21 1,5711.489742073021
BN20 8,BN26 5,1876.022819948519
BN20 9,BN21 1,51.10595639563725
BN20 9,BN21 2,1774.5028137608638
BN20 9,BN22 0,5249.9341885223685
BN20 9,BN24 5,231.33199803087746
BN20 9,BN26 5,6265.259643929092
BN20 9,BN26 6,295.67128920784774
BN21 1,BN21 2,3817.1316212304964
BN21 1,BN21 3,137.94907179811042
BN21 1,BN21 4,479.97008562067236
BN21 2,BN21 3,1902.623374302088
BN21 2,BN22 0,683.4375397407473
BN21 2,BN22 8,1392.9404488022687
BN21 2,BN22 9,2242.4617764866616
BN21 3,BN21 4,1424.2668181936408
BN21 3,BN22 8,2302.2438948066538
BN21 4,BN22 8,59.7997000904978
BN22 0,BN22 9,3191.611179448104
BN22 0,BN23 8,208.73975003628192
BN22 0,BN24 5,1303.2383617075566
BN22 7,BN22 8,2912.6976099596386
BN22 7,BN23 6,883.1835969660843
BN22 8,BN22 9,1193.4567796282217
BN22 8,BN23 6,1886.587383905025
BN22 8,BN23 7,3084.7421517569837
BN22 8,BN23 8,400.8185959964965
BN22 9,BN23 8,1461.4684600881446
BN23 5,BN23 6,3221.5313900120373
BN23 5,BN23 7,527.070971722663
BN23 5,BN24 6,578.2416177093235
BN23 6,BN23 7,1201.195564017843
BN23 7,BN23 8,3103.6958943508353
BN23 7,BN24 6,1918.6582161472727
BN23 8,BN24 5,2951.900615886818
BN24 5,BN24 6,10107.21423101305
BN24 5,BN26 6,4190.57845988373
BN24 5,BN27 1,4142.023242675504
BN24 5,BN27 2,7713.318378215554
BN24 5,BN27 4,3308.5313249749406
BN24 5,TN33 9,1299.176302793737
BN24 6,TN33 9,1415.7785876428268
BN24 6,TN39 4,3940.87823570871
BN25 1,BN25 2,1624.8399784103635
BN25 1,BN25 3,543.8010665994725
BN25 1,BN25 4,5132.403819131482
BN25 2,BN25 3,3058.3836045765074
BN25 2,BN9 0,4096.910270306326
BN25 2,BN9 9,193.97839539205535
BN25 3,BN25 4,4651.704461091113
BN25 3,BN26 5,5819.517866470681
BN25 4,BN26 5,4.848113880117226
BN26 5,BN26 6,23172.56033469021
BN26 5,BN27 3,2126.002062252729
BN26 5,BN9 0,1212.2668070569598
BN26 6,BN27 2,1277.1816195838014
BN26 6,BN27 3,12817.644117520802
BN26 6,BN8 6,8945.961822726473
BN26 6,BN9 0,1176.0168781532752
BN27 1,BN27 2,4584.233915965314
BN27 1,BN27 3,5043.434934426229
BN27 1,BN27 4,19982.617285326498
BN27 2,BN27 3,3259.5866634411536
BN27 3,BN27 4,5601.224062956113
BN27 3,BN8 6,8566.937348340583
BN27 4,BN8 6,7056.580915249187
BN27 4,TN21 9,14797.03361599483
BN27 4,TN33 9,10357.307782807333
BN3 1,BN3 2,820.4643890245271
BN3 1,BN3 3,1312.2720297172073
BN3 1,BN3 6,960.8485342882038
BN3 2,BN3 3,2179.322390037298
BN3 2,BN3 4,481.13440431477227
BN3 3,BN3 4,68.10043671164524
BN3 3,BN3 5,781.4239339532469
BN3 3,BN3 6,1741.1809534765111
BN3 3,BN3 7,296.64640024784296
BN3 4,BN3 5,4087.4424290914776
BN3 4,BN41 1,976.3254934318588
BN3 5,BN3 7,2021.7467870242986
BN3 5,BN41 1,51.08900556995357
BN3 6,BN3 7,3572.550672164565
BN3 6,BN3 8,1168.389690130784
BN3 7,BN3 8,3169.9402871350535
BN3 7,BN41 1,460.72831512736997
BN3 7,BN41 2,758.2294993896247
BN3 8,BN41 2,2925.2211160440183
BN3 8,BN45 7,2808.309174745377
BN41 1,BN41 2,2255.0140099250043
BN41 1,BN42 4,2699.7705393351303
BN41 2,BN42 4,3319.925912985259
BN41 2,BN45 7,1042.0764873263763
BN41 2,BN5 9,2705.2556443317667
BN42 4,BN43 5,3093.329491901687
BN42 4,BN43 6,4142.029408416821
BN42 4,BN5 9,4115.977149103785
BN43 5,BN43 6,6073.149338149254
BN43 5,BN5 9,1850.6154512810435
BN44 3,BN5 9,4398.8659132594
BN44 3,RH13 8,6090.987837354469
BN44 3,RH20 3,3871.987008445553
BN44 3,RH20 4,2298.7098827373666
BN45 7,BN5 9,4071.2057148768968
BN45 7,BN6 8,833.1701235833424
BN45 7,BN6 9,10131.376998320338
BN5 9,BN6 9,4864.415948736313
BN5 9,RH13 8,7249.099936504084
BN5 9,RH17 5,4396.984725848232
BN6 8,BN6 9,12050.092354014481
BN6 8,BN7 3,7699.350794757699
BN6 8,RH15 0,5104.666341821189
BN6 8,RH15 9,2365.168327719729
BN6 8,RH17 7,4826.632668072225
BN6 9,RH15 8,4620.056215403595
BN6 9,RH15 9,1800.7372800298945
BN6 9,RH17 5,5825.684967843771
BN7 1,BN7 2,4335.9593612998115
BN7 1,BN7 3,6820.591965115171
BN7 2,BN7 3,3256.0067633696226
BN7 2,BN8 5,3593.6040963217984
BN7 2,BN8 6,2543.3807956886862
BN7 3,BN8 4,15702.40333192562
BN7 3,BN8 5,3324.199082291314
BN7 3,BN8 6,2028.3429729195052
BN7 3,BN9 9,2374.204160727489
BN7 3,RH17 7,1507.0839249121154
BN8 4,BN8 5,11796.449672681445
BN8 4,RH17 7,8051.741000272959
BN8 4,TN22 3,10578.965802348179
BN8 4,TN22 5,912.1119311928475
BN8 5,BN8 6,10229.05514446778
BN8 5,TN22 5,10458.78182779576
BN8 6,BN9 0,4517.050796007753
BN8 6,TN21 0,8367.305389275498
BN8 6,TN21 9,1089.36114382301
BN8 6,TN22 5,11042.07981714343
BN9 0,BN9 9,1806.0881552597316
BR1 1,BR1 3,2098.840373498486
BR1 1,BR2 0,1590.2157348980504
BR1 1,BR2 9,887.1500443861894
BR1 2,BR1 3,3109.42157798418
BR1 2,BR1 5,893.3563868934516
BR1 2,BR2 8,3104.0483924902283
BR1 2,BR2 9,2341.988807840229
BR1 2,BR5 1,1730.1087145258973
BR1 2,BR7 5,3143.524326041109
BR1 3,BR1 4,5572.9929720019645
BR1 3,BR1 5,2358.419602916285
BR1 3,BR2 0,286.0518218989962
BR1 3,BR2 9,618.0466506675489
BR1 4,BR1 5,5711.213091429306
BR1 4,BR2 0,3008.1987631213397
BR1 4,BR3 1,1176.8226049268426
BR1 4,SE12 0,34.52092560671274
BR1 4,SE6 3,914.7698514148359
BR1 5,BR7 5,1449.7309901875756
BR1 5,SE12 0,1613.134328525752
BR1 5,SE12 9,1019.4473891160806
BR1 5,SE6 1,1988.9901443679419
BR1 5,SE6 2,967.6417578043939
BR1 5,SE6 3,514.4108165013934
BR2 0,BR2 9,2573.455302982362
BR2 0,BR3 5,1300.3478453631785
BR2 0,BR3 6,3741.8919570974194
BR2 0,BR4 0,399.5850458922857
BR2 6,BR2 7,4489.707778392429
BR2 6,BR2 8,2032.488495954949
BR2 6,BR6 7,3351.2106240472567
BR2 6,BR6 8,1332.4847024274056
BR2 6,CR0 0,1590.8921438875243
BR2 6,TN16 3,2931.8517913339324
BR2 7,BR2 8,2341.5547569762093
BR2 7,BR2 9,6399.7118059915465
BR2 7,BR4 0,787.1518599953496
BR2 7,BR4 9,7706.911202996015
BR2 7,CR0 0,1648.453794285462
BR2 7,CR0 9,827.7772814343364
BR2 8,BR2 9,2539.171544210786
BR2 8,BR5 1,1343.1978671997426
BR2 8,BR6 8,2369.6448313161422
BR2 9,BR4 0,644.4942919332204
BR3 1,BR3 3,558.3281356216055
BR3 1,BR3 4,2445.867828454279
BR3 1,BR3 5,3831.8960186562717
BR3 1,BR3 6,440.9995837654833
BR3 1,SE20 7,862.310541071618
BR3 1,SE26 5,2708.128669386352
BR3 1,SE6 3,1690.0858383458503
BR3 3,BR3 4,2610.982852083212
BR3 3,BR3 5,177.50538825337378
BR3 3,BR3 6,3543.252123935199
BR3 3,BR4 0,2254.8054303729846
BR3 3,CR0 7,2141.97825954337
BR3 3,CR0 8,1082.133002177054
BR3 4,CR0 7,445.004304316759
BR3 4,SE20 7,2217.4509629609597
BR3 4,SE25 4,1270.665610003226
BR3 5,BR3 6,2867.861394798892
BR3 6,BR4 0,1130.2248953485825
BR4 0,BR4 9,3589.13128578934
BR4 0,CR0 8,156.080613634799
BR4 9,CR0 5,415.5515119740463
BR4 9,CR0 8,1518.4512171864715
BR4 9,CR0 9,1.8878778136961538
BR5 1,BR5 2,2591.779663991393
BR5 1,BR6 0,1751.646314361034
BR5 1,BR6 8,4207.467946372052
BR5 1,BR7 5,1644.1706728772267
BR5 1,BR7 6,1254.1005920537216
BR5 2,BR5 3,4408.90368524259
BR5 2,BR5 4,695.9234715104405
BR5 2,BR6 0,2606.503371993356
BR5 2,BR7 6,3122.659758661155
BR5 3,BR5 4,6874.853141694678
BR5 3,BR6 0,69.29486403037416
BR5 3,BR7 6,836.2635638944453
BR5 3,DA14 5,2152.081301926117
BR5 3,DA14 6,344.00635175977243
BR5 4,BR6 0,1746.3196880222695
BR5 4,BR6 7,2625.1584132795897
BR5 4,BR6 9,1560.0719994149354
BR5 4,BR8 7,2188.4606737297413
BR5 4,BR8 8,4834.210262117947
BR5 4,DA14 5,861.3205516547893
BR6 0,BR6 8,1144.3439429350924
BR6 0,BR6 9,3100.9102506452878
BR6 6,BR6 7,5910.202883843323
BR6 6,BR6 9,3072.930437339212
BR6 6,TN14 7,1725.1252559331
BR6 7,BR6 8,2874.922961731075
BR6 7,BR6 9,8387.222666448744
BR6 7,BR8 8,3172.3511946684616
BR6 7,DA4 0,916.9784917787621
BR6 7,TN14 7,17220.59944407075
BR6 7,TN16 3,4032.429348111946
BR6 8,BR6 9,2022.351032272427
BR7 5,BR7 6,6956.69516192443
BR7 5,SE12 9,477.6886288191065
BR7 5,SE9 4,1249.777190643357
BR7 6,DA14 6,2269.634204334149
BR7 6,DA15 7,302.1001223206587
BR7 6,SE9 3,2617.5608104572702
BR7 6,SE9 4,944.3190676533271
BR8 7,BR8 8,5247.744714954051
BR8 7,DA14 5,827.0044113989413
BR8 7,DA2 7,5303.65521090651
BR8 7,DA4 9,1075.3385084870915
BR8 8,DA4 0,7620.8107717279745
BR8 8,DA4 9,409.8344822842683
BS1 1,BS1 2,465.6461965631173
BS1 1,BS1 3,851.4542646586324
BS1 1,BS1 4,455.85564509360626
BS1 1,BS1 5,339.35221512990444
BS1 1,BS1 6,766.8582627166752
BS1 1,BS2 0,464.7887815011415
BS1 2,BS1 3,25.818760098374735
BS1 2,BS1 5,201.62601921301513
BS1 2,BS2 8,561.773102771085
BS1 3,BS2 0,115.88609194621232
BS1 3,BS2 8,1749.6264249353208
BS1 3,BS2 9,131.8461997556966
BS1 4,BS1 5,518.3039542143222
BS1 4,BS1 6,2307.806256530692
BS1 5,BS1 6,1461.6507466586315
BS1 5,BS2 8,131.25373293223484
BS1 5,BS8 1,1859.7326329707143
BS1 6,BS2 0,1559.7306867987988
BS1 6,BS3 4,17.935044368189
BS1 6,BS4 2,5.350336370017329
BS1 6,BS4 3,83.64217878111178
BS1 6,BS5 9,563.7038797545866
BS1 6,BS8 1,30.65218935150953
BS1 6,BS8 4,1289.6811708696525
BS10 5,BS10 6,3272.4463620220577
BS10 5,BS7 0,3296.936507570728
BS10 5,BS7 8,373.25441300072936
BS10 5,BS9 3,700.4155647744296
BS10 5,BS9 4,2055.6375607534783
BS10 6,BS10 7,3961.0719387776303
BS10 6,BS34 5,1489.4791255880843
BS10 6,BS34 7,1106.0094275633205
BS10 6,BS7 0,510.59932180743556
BS10 6,BS9 3,396.4257175484517
BS10 7,BS11 0,3067.4195952656146
BS10 7,BS32 4,1533.077770328315
BS10 7,BS34 5,3740.1217259232894
BS10 7,BS35 5,6287.948228656675
BS10 7,BS9 2,232.8199207969078
BS10 7,BS9 3,2003.0170358073726
BS11 0,BS11 9,10229.698565233086
BS11 0,BS35 4,1786.4520893449446
BS11 0,BS35 5,1547.0063934039295
BS11 0,BS9 2,2908.3230963416077
BS11 9,BS20 0,3540.255522237761
BS11 9,BS35 4,935.1629024412667
BS11 9,BS8 3,727.5802541861324
BS11 9,BS9 2,56.63719020236067
BS13 0,BS13 7,585.689351481308
BS13 0,BS13 9,2427.5203818923414
BS13 0,BS14 0,3792.01623479347
BS13 0,BS4 1,158.88784280320687
BS13 0,BS41 8,2081.4110943244395
BS13 7,BS13 8,2414.671208093771
BS13 7,BS13 9,2254.0628913431024
BS13 7,BS3 2,1870.0370813870634
BS13 7,BS3 5,619.2953844038368
BS13 7,BS4 1,1868.8586648657888
BS13 7,BS41 9,1016.4328574977317
BS13 8,BS13 9,1294.288364502597
BS13 8,BS41 8,3507.4231713555614
BS13 8,BS41 9,10.19948312420849
BS13 9,BS41 8,1393.9531332826373
BS14 0,BS14 8,2654.4274139500217
BS14 0,BS14 9,4483.144497080088
BS14 0,BS31 2,2997.9092930595993
BS14 0,BS39 4,3921.3292360469495
BS14 0,BS4 1,1344.1744542882834
BS14 0,BS41 8,386.6226301841647
BS14 8,BS14 9,2733.1373966703063
BS14 8,BS31 2,641.7113950676974
BS14 8,BS4 5,2291.4637806483415
BS14 9,BS4 1,892.8767574695039
BS14 9,BS4 2,1558.5775214128942
BS14 9,BS4 3,350.8924768365492
BS14 9,BS4 5,966.971772405469
BS15 1,BS15 4,2501.61861734817
BS15 1,BS15 8,2453.552867077796
BS15 1,BS16 3,970.9902541632248
BS15 1,BS16 4,2580.577397005199
BS15 1,BS5 7,2297.1364709051936
BS15 3,BS15 8,1692.7325113119837
BS15 3,BS15 9,1311.1350399586595
BS15 3,BS30 7,408.27623852667335
BS15 3,BS30 9,1769.9190642119477
BS15 3,BS4 4,3455.7287299323807
BS15 3,BS5 8,1310.2362267043484
BS15 4,BS15 8,12.927059443316685
BS15 4,BS15 9,2159.5508685053255
BS15 4,BS16 4,680.2231271884353
BS15 4,BS16 5,322.8541724879094
BS15 4,BS16 9,2858.9915802170476
BS15 4,BS30 5,1300.8611900690732
BS15 4,BS30 8,1384.2341504053284
BS15 8,BS15 9,2051.123100120482
BS15 8,BS5 7,1117.6156589731363
BS15 8,BS5 8,1202.5157956994055
BS15 9,BS30 7,889.2103176200172
BS15 9,BS30 8,1227.310517362463
BS16 1,BS16 2,9025.8352760402
BS16 1,BS16 6,1914.5010844983367
BS16 1,BS16 7,74.83680177161467
BS16 1,BS32 0,1906.7183367625826
BS16 1,BS32 4,665.0168436282815
BS16 1,BS32 9,255.8538809262863
BS16 1,BS34 7,785.9499301056668
BS16 1,BS34 8,5582.947558731714
BS16 1,BS36 1,6780.140229543688
BS16 1,BS36 2,2688.5223274599343
BS16 1,BS5 6,1110.145871021633
BS16 1,BS7 0,933.9397705334634
BS16 1,BS7 9,5211.822278233654
BS16 2,BS16 3,4024.4217448338104
BS16 2,BS16 5,1758.4629320160213
BS16 2,BS16 6,1439.922267040285
BS16 2,BS5 6,837.3860814793962
BS16 3,BS16 4,2127.606799588276
BS16 3,BS16 5,463.3902507472429
BS16 3,BS5 6,279.6973603946047
BS16 3,BS5 7,1863.7732779694331
BS16 4,BS16 5,2475.8750053168656
BS16 5,BS16 6,1627.7234100058542
BS16 5,BS16 9,1648.7796362243264
BS16 6,BS16 7,1391.1022149377986
BS16 6,BS16 9,1641.003685382525
BS16 6,BS36 1,974.2894027870856
BS16 7,BS16 9,6348.582378161496
BS16 7,BS30 5,265.80734701620486
BS16 7,BS36 1,4459.6930576969735
BS16 9,BS30 5,6511.78585336244
BS16 9,BS36 1,1833.5270642018077
BS16 9,BS37 8,2878.5576492250434
BS16 9,SN14 8,2800.7097392032483
BS2 0,BS2 9,758.7466723635689
BS2 0,BS5 0,1006.1328041602625
BS2 0,BS5 9,1580.9969147688048
BS2 8,BS2 9,1195.4095452830552
BS2 8,BS6 5,1977.6152228319029
BS2 8,BS6 6,542.1685166944319
BS2 8,BS8 1,1434.4233991857288
BS2 9,BS5 0,1637.6659498911674
BS2 9,BS5 6,685.999554791701
BS2 9,BS6 5,1456.7140121828334
BS20 0,BS20 7,4517.92343602318
BS20 0,BS48 1,2450.446585012964
BS20 0,BS8 3,4468.744863591518
BS20 6,BS20 7,5854.471788426535
BS20 6,BS20 8,3773.114797997969
BS20 7,BS20 8,2429.0123320372923
BS20 7,BS21 6,4098.506808852627
BS20 7,BS21 7,1416.7441193101254
BS20 7,BS48 1,7897.668852837755
BS20 8,BS21 7,1697.1983430196053
BS21 5,BS21 6,8642.69043902294
BS21 5,BS21 7,2348.2307587854607
BS21 6,BS21 7,12575.829097282542
BS21 6,BS22 7,1778.2347247953721
BS21 6,BS24 6,686.775933592832
BS21 6,BS48 1,1871.382678209129
BS21 6,BS48 2,1402.4273036693494
BS21 6,BS48 4,3331.034213851117
BS21 6,BS49 4,8546.732034574949
BS22 6,BS22 7,2543.933054160892
BS22 6,BS22 8,4169.9235096944185
BS22 6,BS22 9,4769.782767384597
BS22 6,BS24 7,4053.777689782088
BS22 7,BS22 9,5899.306269487078
BS22 7,BS24 6,2276.4859619697418
BS22 7,BS24 7,1227.0674759316632
BS22 7,BS29 6,1213.3074702669928
BS22 8,BS22 9,1916.8795815787905
BS22 8,BS23 2,1156.1519171061325
BS22 8,BS23 3,2340.3882020086594
BS22 8,BS24 7,1640.8082940577524
BS22 8,BS24 8,1288.4137669455972
BS22 9,BS23 2,2298.9158436114203
BS23 1,BS23 2,808.1174471197637
BS23 1,BS23 3,1982.5011996353462
BS23 1,BS23 4,1434.3818693512746
BS23 2,BS23 3,3030.533383091514
BS23 3,BS23 4,1446.7007062215434
BS23 3,BS24 8,2041.3418671849638
BS23 3,BS24 9,1076.3383478351716
BS23 4,BS24 0,1272.9272079744212
BS23 4,BS24 9,1857.072420094031
BS24 0,BS24 8,773.1474813100075
BS24 0,BS24 9,4030.26644393062
BS24 0,BS26 2,9361.157035553453
BS24 0,TA8 2,3232.618651191763
BS24 0,TA9 4,3167.0665394971243
BS24 6,BS25 5,234.6991455681001
BS24 6,BS29 6,4730.479245571889
BS24 6,BS49 4,3514.4520111245215
BS24 6,BS49 5,3172.1920182309473
BS24 7,BS24 8,11640.26864523947
BS24 7,BS29 6,638.7898696401118
BS24 8,BS24 9,6197.264535274842
BS24 8,BS25 1,1930.3486497185427
BS24 8,BS26 2,3127.637027858806
BS24 8,BS29 6,7030.650742789093
BS25 1,BS25 5,11240.00392070076
BS25 1,BS26 2,7387.008443715942
BS25 1,BS27 3,3472.199425951126
BS25 1,BS29 6,2004.751480031998
BS25 1,BS40 6,1581.0441847040488
BS25 5,BS29 6,3966.3671698220014
BS25 5,BS40 5,6916.643913441992
BS25 5,BS40 6,704.1223057084042
BS25 5,BS40 7,566.089136559907
BS25 5,BS49 5,2615.8665475173007
BS26 2,BS27 3,11035.864795446445
BS26 2,BS28 4,5991.754900495918
BS26 2,TA9 4,17200.2964351111
BS27 3,BS28 4,7386.634813332101
BS27 3,BS40 6,10090.511356766214
BS28 4,TA7 8,1684.2375390101902
BS28 4,TA9 4,6614.152923632125
BS3 1,BS3 2,2382.669415152368
BS3 1,BS3 3,753.8527692278622
BS3 1,BS3 4,1483.7449074268388
BS3 2,BS3 3,1408.1769597234875
BS3 2,BS3 5,353.22685998892894
BS3 2,BS41 9,1806.885137660109
BS3 2,BS8 3,2310.3563743688605
BS3 2,BS8 4,18.820991912318863
BS3 3,BS3 4,397.95953477940446
BS3 3,BS3 5,1644.0148522553418
BS3 4,BS3 5,1899.4358615388633
BS3 4,BS4 2,1791.9518554251604
BS3 4,BS4 3,120.20815280171308
BS3 5,BS4 1,3478.4250466074086
BS3 5,BS4 2,1339.3037229960207
BS30 5,BS30 6,2308.313036829451
BS30 5,BS30 8,6430.7171236589675
BS30 5,SN14 8,7995.3488660418225
BS30 6,BS30 8,2903.6951952697236
BS30 6,BS30 9,3830.441713672052
BS30 6,BS31 2,3712.7975665329855
BS30 6,BS31 3,1192.2156136297108
BS30 6,SN14 8,831.3969057812932
BS30 7,BS30 8,1846.2866625803158
BS30 7,BS30 9,1855.5739892048737
BS30 8,BS30 9,4884.572251330007
BS30 9,BS31 2,2247.7042716125106
BS30 9,BS4 4,251.052131832086
BS31 1,BS31 2,11847.893272364807
BS31 1,BS31 3,3612.134114844588
BS31 1,BS39 4,351.22865595625956
BS31 2,BS31 3,1042.9907373533654
BS31 2,BS39 4,8869.294524483168
BS31 2,BS4 4,2655.3190525040372
BS31 2,BS4 5,1495.860624710676
BS31 3,BS39 4,669.5452348943866
BS32 0,BS32 4,3277.4335515218254
BS32 0,BS32 8,1768.864276663799
BS32 0,BS32 9,3244.8057847810474
BS32 0,BS34 8,376.1127096036346
BS32 4,BS32 9,199.5817336254815
BS32 4,BS34 5,3051.4063284221766
BS32 4,BS35 1,2001.4268184779971
BS32 4,BS35 2,697.3991522127249
BS32 4,BS35 3,7452.981923402646
BS32 4,BS35 4,8886.63295178818
BS32 4,BS35 5,4461.949502883978
BS32 4,BS36 2,3088.9827217550956
BS32 8,BS32 9,1716.0982658147977
BS32 8,BS34 6,1670.1447657782717
BS32 8,BS34 8,1602.7677734475717
BS32 9,BS34 5,204.67563700884227
BS32 9,BS34 6,1714.8285372108164
BS34 5,BS34 6,2745.24585280642
BS34 5,BS34 7,1575.7740280009345
BS34 5,BS34 8,310.0110235327073
BS34 6,BS34 8,2886.87271292874
BS34 7,BS34 8,2625.9001423243267
BS34 7,BS7 0,3822.873934380767
BS35 1,BS35 2,5692.341313427897
BS35 1,BS35 3,1111.2328303329132
BS35 1,BS35 4,9437.635766425792
BS35 1,GL12 8,7576.527734597522
BS35 1,GL13 9,12043.128885704591
BS35 2,BS35 3,4964.4342405519355
BS35 3,BS36 2,497.1457660964787
BS35 3,BS37 9,3528.740856337465
BS35 3,GL12 8,4940.43057192217
BS35 4,BS35 5,3726.003929287873
BS36 1,BS36 2,6990.682988156136
BS36 1,BS37 8,1542.4303626846
BS36 2,BS37 4,155.8610720277776
BS36 2,BS37 5,2106.888211568861
BS36 2,BS37 7,1440.7731927234465
BS36 2,BS37 8,3240.014519100691
BS36 2,BS37 9,5393.980958650854
BS37 4,BS37 5,2618.183101552982
BS37 4,BS37 6,1846.3499081741631
BS37 4,BS37 7,884.1246377866355
BS37 4,BS37 8,2040.0525079528054
BS37 5,BS37 7,5653.0613376173405
BS37 6,BS37 7,3720.836514926855
BS37 6,BS37 8,5442.047045704451
BS37 6,GL12 8,3199.1910536406203
BS37 6,GL9 1,19762.324905862926
BS37 6,SN14 8,4185.312320785365
BS37 7,BS37 9,8064.776265424336
BS37 7,GL12 8,11337.07131942014
BS37 8,SN14 8,983.8206253446393
BS37 9,GL12 8,2178.2262704956956
BS39 4,BS39 5,3803.3176895904894
BS39 4,BS40 8,8660.527695600853
BS39 4,BS41 8,1057.4353094396388
BS39 5,BS39 6,6320.531913963974
BS39 5,BS40 6,9647.983185255815
BS39 5,BS40 8,5570.385720385582
BS39 6,BS39 7,4614.226749816896
BS4 1,BS4 2,1566.3876287668977
BS4 2,BS4 3,3629.0652739928864
BS4 3,BS4 4,3066.9664774014777
BS4 3,BS4 5,1182.7868519859103
BS4 3,BS5 9,18.727456807382733
BS4 4,BS4 5,2307.8673846492684
BS4 4,BS5 8,1824.3360989525236
BS4 4,BS5 9,408.6057808786078
BS40 5,BS40 7,14998.693307388745
BS40 5,BS40 9,435.61601596473554
BS40 5,BS48 3,10774.33725803059
BS40 5,BS49 4,1445.4046621918233
BS40 5,BS49 5,6747.936847361932
BS40 6,BS40 7,9309.678085636706
BS40 6,BS40 8,5444.206607610459
BS40 7,BS40 8,10697.602906904483
BS40 7,BS40 9,641.6109523617051
BS40 8,BS40 9,3149.250170526498
BS40 8,BS41 8,13220.236186051552
BS40 8,BS48 3,2206.859561470439
BS40 9,BS48 3,2047.1459390392363
BS41 8,BS41 9,2966.6287359565044
BS41 8,BS48 3,1402.5249382059012
BS41 9,BS48 3,3037.8815214581523
BS41 9,BS8 3,5677.421183378117
BS48 1,BS48 2,3405.7236988460227
BS48 1,BS48 3,10403.599457441025
BS48 1,BS48 4,1548.0881614031832
BS48 1,BS8 3,10758.426027335086
BS48 2,BS48 3,623.4022592000101
BS48 2,BS48 4,6176.283625105103
BS48 3,BS48 4,4587.705165836742
BS48 3,BS49 4,2947.590328708144
BS48 3,BS8 3,1104.3091275294319
BS48 4,BS49 4,3158.116957069009
BS49 4,BS49 5,6161.507976517132
BS5 0,BS5 6,849.2633526959519
BS5 0,BS5 9,2049.5743429344166
BS5 6,BS5 7,1604.8990163584383
BS5 6,BS5 9,1423.6609647283433
BS5 6,BS6 5,26.009113788813874
BS5 6,BS7 9,2047.6388501740928
BS5 7,BS5 8,3222.804712388756
BS5 7,BS5 9,1059.798560699057
BS5 8,BS5 9,741.4604608963413
BS6 5,BS6 6,1584.804626077034
BS6 5,BS6 7,24.930023746316238
BS6 5,BS7 8,1162.45151350679
BS6 5,BS7 9,2856.550841464366
BS6 6,BS6 7,2308.9026911878595
BS6 6,BS8 1,190.32692191545166
BS6 6,BS8 2,2142.416153617681
BS6 6,BS9 1,416.0028766041104
BS6 7,BS7 8,2607.486679426569
BS6 7,BS9 1,489.4390812557009
BS6 7,BS9 3,560.3647562830258
BS6 7,BS9 4,3677.4728905760558
BS7 0,BS7 8,1001.4904279089154
BS7 0,BS7 9,4287.8433376184175
BS7 8,BS7 9,2230.3947802780945
BS7 8,BS9 4,314.81324148909664
BS8 1,BS8 2,1246.4834048401503
BS8 1,BS8 3,432.4895165330986
BS8 1,BS8 4,833.0922562464399
BS8 2,BS8 3,1072.3860369992312
BS8 2,BS9 1,755.0757007198292
BS8 3,BS8 4,3147.987453431727
BS8 3,BS9 1,3614.0415536445325
BS8 3,BS9 2,1107.175962399179
BS8 4,BS9 1,742.1444820747922
BS9 1,BS9 2,2677.3862100626397
BS9 1,BS9 3,1411.5672376563807
BS9 2,BS9 3,3414.4176670293677
BS9 3,BS9 4,2185.7924146342853
CA1 1,CA1 2,4442.539787314642
CA1 1,CA2 5,868.8955652524247
CA1 1,CA3 8,2227.6372367806416
CA1 1,CA3 9,127.09161977415253
CA1 2,CA1 3,3767.5422881302857
CA1 2,CA2 4,2725.47074378576
CA1 2,CA2 5,405.0391298971713
CA1 2,CA3 8,348.44113964743616
CA1 2,CA3 9,703.7410844143661
CA1 2,CA4 8,2732.4767516949614
CA1 2,CA6 4,509.5647239795974
CA1 3,CA2 4,392.71403118829755
CA1 3,CA4 0,4341.422307720893
CA1 3,CA4 8,2793.648896167223
CA10 1,CA10 2,7607.49113108282
CA10 1,CA11 8,5411.837925584726
CA10 1,CA11 9,6058.712478624264
CA10 1,CA16 6,25109.035027639176
CA10 1,CA4 9,25489.798178594276
CA10 1,CA9 3,25497.368312730912
CA10 2,CA10 3,58609.00028534232
CA10 2,CA11 0,27936.382824609613
CA10 2,CA11 8,11121.379744761205
CA10 2,CA16 6,481.0719904892673
CA10 2,LA8 9,18152.250378132507
CA10 3,CA16 6,29057.57115983248
CA10 3,CA17 4,10911.811824852313
CA10 3,LA10 5,9724.569301468868
CA10 3,LA8 9,12847.202237557658
CA11 0,CA11 8,4102.919492317401
CA11 0,CA11 9,20810.270994729563
CA11 0,CA12 4,29009.077387861005
CA11 0,CA5 7,5001.02654655807
CA11 0,CA7 8,16855.051090574958
CA11 0,LA22 9,4819.353266821852
CA11 0,LA23 1,8981.426989256164
CA11 0,LA8 9,1335.1437922757807
CA11 7,CA11 8,9713.043200452357
CA11 7,CA11 9,2929.5095011310027
CA11 8,CA11 9,16446.207914841856
CA11 8,CA4 9,999.8577702240063
CA11 9,CA4 0,20910.63873660638
CA11 9,CA4 9,10359.070536544657
CA11 9,CA5 7,2784.8643223468216
CA12 4,CA12 5,33269.31030632085
CA12 4,CA13 0,2501.6807008125197
CA12 4,CA13 9,4288.8695686542305
CA12 4,CA7 1,11889.837227275179
CA12 4,CA7 8,704.8176152816532
CA12 4,LA22 9,8046.242799589771
CA12 5,CA13 0,15413.88956631226
CA12 5,CA13 9,8854.52955946838
CA12 5,CA19 1,3226.6999818892477
CA12 5,CA20 1,2066.8776142805104
CA12 5,CA23 3,1927.2369174922605
CA12 5,LA22 9,6722.180626190676
CA13 0,CA13 9,32738.9117628934
CA13 0,CA14 1,6189.835137507107
CA13 0,CA14 4,18391.17219366423
CA13 0,CA15 7,7672.390178092589
CA13 0,CA23 3,15059.134255604084
CA13 0,CA26 3,1491.4633848974518
CA13 0,CA7 1,3292.272504265201
CA13 0,CA7 2,14069.342854388295
CA14 1,CA14 2,5963.194363938199
CA14 1,CA14 4,13394.750671010854
CA14 1,CA15 7,1335.9449967070843
CA14 1,CA15 8,4943.822689294671
CA14 2,CA14 3,4432.962106480989
CA14 2,CA14 4,1622.964138890589
CA14 3,CA14 4,4390.872719979177
CA14 3,CA14 5,2748.980668203445
CA14 4,CA14 5,10466.102274554669
CA14 4,CA25 5,2287.657359069368
CA14 4,CA26 3,16003.301091353307
CA14 4,CA28 8,2123.8212594244924
CA14 5,CA28 6,4396.659758948973
CA14 5,CA28 8,253.17407729820334
CA15 6,CA15 7,5616.815717699888
CA15 6,CA15 8,1563.0542129608948
CA15 6,CA7 2,9076.615475654642
CA15 6,CA7 3,2403.919948282899
CA15 6,CA7 4,3179.1583700988795
CA15 7,CA15 8,8682.334499897712
CA15 7,CA7 2,1390.9803707127087
CA16 6,CA17 4,23917.768187100264
CA16 6,CA9 3,1453.7895091756727
CA16 6,DL12 0,16215.038824304052
CA17 4,DL11 6,17927.73997574163
CA17 4,DL12 0,7975.783171893876
CA17 4,DL12 9,12992.915073712362
CA17 4,DL8 3,6680.2151536632655
CA17 4,LA10 5,10839.616837848045
CA18 1,CA19 1,12705.35215784002
CA18 1,LA19 5,6575.0321367152155
CA18 1,LA20 6,4073.5985569548825
CA19 1,CA20 1,25754.171879483685
CA19 1,LA20 6,14619.520311444941
CA19 1,LA22 9,3147.7917200102315
CA2 4,CA2 5,2167.7930018836673
CA2 4,CA2 6,1640.1090821303378
CA2 4,CA4 0,9851.29547023752
CA2 4,CA5 7,7499.421725992903
CA2 5,CA2 6,4659.0479720745425
CA2 5,CA2 7,4194.270006133983
CA2 5,CA3 8,1038.116993053872
CA2 5,CA3 9,1939.3362521661993
CA2 5,CA6 4,11.642336524036432
CA2 6,CA2 7,2216.6467925836246
CA2 6,CA5 6,3739.9246384035914
CA2 6,CA5 7,3092.0402498147137
CA2 7,CA5 6,2873.1362840979964
CA2 7,CA6 4,1005.8170669554894
CA20 1,CA21 2,4719.146027283947
CA20 1,CA22 2,5760.959454430553
CA20 1,CA23 3,23383.20125628946
CA21 2,CA22 2,12437.454375944078
CA22 2,CA23 3,10348.310175979046
CA22 2,CA24 3,3853.1046873577557
CA22 2,CA27 0,7260.134243909227
CA22 2,CA28 8,2083.0439978907107
CA23 3,CA24 3,1395.8388081335506
CA23 3,CA25 5,6213.577647571188
CA23 3,CA26 3,10869.482134314636
CA24 3,CA25 5,3117.4990688018065
CA24 3,CA28 8,963.0312429149824
CA25 5,CA26 3,7835.66713036076
CA25 5,CA28 6,1239.8351506237045
CA25 5,CA28 8,4602.791101355932
CA27 0,CA28 9,7250.0204847468485
CA28 6,CA28 7,2668.7333942979126
CA28 6,CA28 8,12093.491149508855
CA28 7,CA28 8,1814.4785790095032
CA28 7,CA28 9,1626.8673842756755
CA28 8,CA28 9,4109.720493315433
CA3 0,CA3 9,4672.71116704922
CA3 0,CA6 4,9462.944052968693
CA3 8,CA3 9,1800.7590249828618
CA3 9,CA6 4,3001.6036232069937
CA4 0,CA4 8,13629.072255311636
CA4 0,CA4 9,19317.03082725043
CA4 0,CA5 7,14860.423849028739
CA4 0,CA8 9,5968.587670739157
CA4 8,CA6 4,12901.772417453663
CA4 8,CA8 9,11984.074388410738
CA4 9,CA8 7,4745.002697428292
CA4 9,CA8 9,17052.33081428294
CA4 9,CA9 3,1363.1672455962093
CA5 6,CA5 7,5979.0007997466755
CA5 6,CA6 4,6700.602543631198
CA5 6,CA7 0,26855.352303584175
CA5 6,CA7 5,5816.788623113418
CA5 6,CA7 8,3801.291079642708
CA5 7,CA7 8,21774.591349075654
CA6 4,CA6 5,3353.130509474958
CA6 4,CA6 6,19940.10587495928
CA6 4,CA8 2,12061.239563179677
CA6 4,CA8 9,1158.6233585104344
CA6 5,CA6 6,39459.63435206675
CA6 6,CA8 2,27546.036848564057
CA6 6,NE48 1,15397.689212519159
CA7 0,CA7 1,712.8797768847371
CA7 0,CA7 3,17270.803279539883
CA7 0,CA7 4,4840.43778901796
CA7 0,CA7 5,18461.42591299311
CA7 0,CA7 8,12034.395524677964
CA7 0,CA7 9,9688.309504709721
CA7 1,CA7 2,9815.643842401632
CA7 1,CA7 3,6287.974086130644
CA7 1,CA7 8,30626.387659025964
CA7 2,CA7 3,28490.523101571605
CA7 3,CA7 4,9195.330731122052
CA7 3,CA7 8,2545.4810185745523
CA7 4,CA7 5,3200.9449164726266
CA7 8,CA7 9,574.2340177557788
CA8 1,CA8 2,21099.68366082585
CA8 1,CA8 9,8901.946012289498
CA8 2,CA8 7,49007.12432161429
CA8 2,CA8 9,8955.446797426483
CA8 2,NE47 7,8175.069527508943
CA8 2,NE48 1,12027.188018191262
CA8 7,CA8 9,5146.253269936225
CA8 7,CA9 3,12001.240190927432
CA8 7,NE47 7,3995.94242011617
CA8 7,NE47 8,3892.2181252336695
CA8 7,NE49 0,25563.048406944064
CA8 7,NE49 9,6141.388697267186
CA9 3,DL12 0,4780.2469921579095
CA9 3,DL13 1,8432.368180327017
CA9 3,NE47 8,11038.255688294863
CB1 1,CB1 2,1831.5788384710943
CB1 1,CB2 3,2013.9628879154163
CB1 1,CB4 1,207.26928638119188
CB1 1,CB5 8,1912.0796989554417
CB1 2,CB1 3,2356.261392498335
CB1 2,CB2 1,2850.7255358764264
CB1 2,CB2 3,360.8328690872205
CB1 2,CB2 8,882.4098059706747
CB1 2,CB5 8,766.6477027358367
CB1 3,CB1 7,2407.804954324862
CB1 3,CB1 8,1227.8822678059148
CB1 3,CB1 9,3770.2870320187612
CB1 3,CB2 8,487.19177147973943
CB1 3,CB5 8,4277.597860843519
CB1 7,CB1 8,2441.472364439798
CB1 7,CB2 0,1077.0948730779148
CB1 7,CB2 8,1863.3122333367326
CB1 8,CB1 9,2081.976697898048
CB1 8,CB2 0,890.7300985455544
CB1 8,CB22 5,1691.749667990889
CB1 9,CB21 5,7500.220377500918
CB1 9,CB22 5,1253.4613924217601
CB1 9,CB25 9,532.9156589199824
CB1 9,CB5 8,5308.480391917704
CB10 1,CB10 2,11976.671403218434
CB10 1,CB11 3,1830.910064405565
CB10 1,CB11 4,14061.647687741677
CB10 1,CB21 4,4120.069746924988
CB10 1,CB21 6,3676.046129490099
CB10 1,CB22 3,2744.6383997694506
CB10 1,CB22 4,8662.207985622996
CB10 1,SG8 8,1527.6644166542865
CB10 2,CB11 3,16013.25057073211
CB10 2,CB21 4,12904.145037325807
CB10 2,CB9 7,6549.266603643083
CB10 2,CM6 2,3117.876558025925
CB10 2,CM6 3,3991.7453368286
CB10 2,CM7 4,11171.88598453503
CB11 3,CB11 4,18534.611260345933
CB11 3,CM22 6,11787.889326238123
CB11 3,CM23 1,801.2330893879996
CB11 3,CM6 2,4070.6419339909016
CB11 4,CM23 1,4436.1071829848825
CB11 4,SG8 8,13522.668914271446
CB11 4,SG9 0,5891.905748844213
CB2 0,CB2 8,821.440565170363
CB2 0,CB2 9,1271.1909241595113
CB2 0,CB22 5,1296.112954079198
CB2 1,CB2 3,2386.2879717786045
CB2 1,CB2 7,1212.891224331846
CB2 1,CB2 8,410.8098345525813
CB2 1,CB3 0,2983.3857526909105
CB2 1,CB3 9,1942.8919276826837
CB2 3,CB3 0,359.0486599122735
CB2 3,CB3 9,71.24179906793111
CB2 3,CB5 8,517.2076340094217
CB2 7,CB2 8,2674.6014698712884
CB2 7,CB2 9,1210.5320227403927
CB2 7,CB3 9,1938.9500011755536
CB2 8,CB2 9,1449.6223344126943
CB2 9,CB22 5,5401.052660454205
CB2 9,CB22 7,1668.8531436823303
CB2 9,CB23 1,4041.069438487044
CB2 9,CB23 7,1973.8933569851588
CB2 9,CB3 9,3401.5562656977363
CB21 4,CB21 5,14384.261439782127
CB21 4,CB21 6,10548.146492812415
CB21 4,CB22 3,12.301791949597904
CB21 4,CB9 7,11081.629876626883
CB21 4,CB9 9,2886.1184724456693
CB21 5,CB22 3,2867.824038886872
CB21 5,CB22 5,1610.4258868974132
CB21 5,CB25 9,8684.630544615977
CB21 5,CB8 0,680.3960509129354
CB21 5,CB8 9,10532.641469749446
CB21 5,CB9 7,2261.1085001053125
CB21 6,CB22 3,5477.923369952635
CB22 3,CB22 4,4275.9851416088895
CB22 3,CB22 5,8739.647981743372
CB22 4,CB22 5,1903.5000644411496
CB22 4,CB22 7,841.9851990482614
CB22 4,SG8 7,6725.374447755545
CB22 4,SG8 8,1186.4033639384168
CB22 5,CB22 7,7515.802923019042
CB22 6,CB22 7,6412.511896085458
CB22 6,SG8 6,2961.749370504708
CB22 6,SG8 7,4186.825810637108
CB22 7,CB23 1,8721.164257749404
CB22 7,SG8 5,3956.0334460406025
CB22 7,SG8 6,2451.913725979734
CB22 7,SG8 7,1478.6239297421437
CB23 1,CB23 2,6270.835236511181
CB23 1,CB23 7,4881.0471024013505
CB23 1,SG8 5,3731.47112066641
CB23 2,CB23 3,2693.5909726494433
CB23 2,CB23 6,11701.776519289398
CB23 2,CB23 7,10153.382871640897
CB23 2,SG19 3,4533.187858820206
CB23 2,SG8 0,1405.943757770515
CB23 2,SG8 5,4230.427657193149
CB23 3,CB23 4,4211.266258041753
CB23 3,CB23 5,1726.5752789015091
CB23 3,CB23 6,3562.632491946772
CB23 3,PE19 6,7440.672887624476
CB23 3,PE28 9,1070.4217695379248
CB23 3,SG19 3,3287.2526819777163
CB23 4,CB23 6,5463.823735356397
CB23 4,CB23 7,4483.780490115561
CB23 4,CB23 8,2526.0106176520876
CB23 4,CB24 4,4453.42683880525
CB23 4,PE28 9,7202.873059696425
CB23 5,CB23 6,7372.357956090418
CB23 6,CB23 7,5348.342499658569
CB23 6,SG8 5,297.79921801434523
CB23 7,CB23 8,13753.731225285823
CB23 7,CB3 0,2197.6113220627753
CB23 7,CB3 1,170.70307621177707
CB23 7,CB3 9,6514.831432414817
CB23 8,CB24 3,3145.182784183368
CB23 8,CB24 4,1678.0034361982764
CB23 8,CB3 0,5590.697524925259
CB23 8,CB3 1,861.0199487295699
CB24 1,CB24 3,6103.006733290576
CB24 1,CB24 5,3454.5180787267986
CB24 1,CB24 8,2055.087008921451
CB24 3,CB24 4,4835.05804716335
CB24 3,CB24 5,244.3830340694801
CB24 3,CB24 8,2614.401665830537
CB24 3,CB24 9,2708.275167842029
CB24 3,CB3 0,3169.286820523596
CB24 4,CB24 5,4590.568368720373
CB24 4,PE27 4,3680.5319047426415
CB24 4,PE28 9,2797.062495079793
CB24 5,CB24 8,8124.136441305725
CB24 5,CB6 3,5229.90871754405
CB24 5,PE27 4,806.7221216756172
CB24 5,PE28 3,996.0110114018416
CB24 6,CB24 9,2659.3276239255515
CB24 6,CB25 9,5686.1935765573935
CB24 6,CB4 1,2333.670962997079
CB24 6,CB4 2,868.2838616058768
CB24 6,CB5 8,643.913694311617
CB24 8,CB24 9,3534.8308454633634
CB24 8,CB25 9,6581.998312797192
CB24 8,CB6 3,8610.758078716437
CB24 9,CB25 9,3227.163153201992
CB24 9,CB3 0,1865.5387510044757
CB24 9,CB4 2,2255.480491417831
CB24 9,CB4 3,3301.2628465545768
CB25 0,CB25 9,18762.48306393636
CB25 0,CB7 5,5565.906720291956
CB25 0,CB7 6,3892.213240644814
CB25 0,CB8 0,2424.336577850897
CB25 0,CB8 7,7583.521789368481
CB25 0,CB8 9,1633.6639189883758
CB25 9,CB5 8,15284.876254199053
CB25 9,CB6 3,4225.146782572841
CB25 9,CB7 5,2492.8963276900668
CB25 9,CB8 0,1015.4044038365261
CB25 9,CB8 9,3733.3244188500203
CB3 0,CB3 1,3154.887921015224
CB3 0,CB3 9,2033.3333419715352
CB3 0,CB4 3,5005.431134594325
CB3 0,CB5 8,114.17398276714528
CB4 1,CB4 2,3432.9464397415736
CB4 1,CB4 3,1187.845461232487
CB4 1,CB5 8,5013.232584412607
CB4 2,CB4 3,4752.835793623593
CB4 3,CB5 8,233.879918271024
CB6 1,CB6 2,17497.382957180234
CB6 1,CB6 3,2551.63317682236
CB6 1,CB7 4,22080.888322296338
CB6 1,IP26 4,229.40660465875115
CB6 1,PE14 9,4852.330953911691
CB6 1,PE38 0,6530.2900219389085
CB6 2,CB6 3,32819.22949171794
CB6 2,CB7 4,412.4491209787811
CB6 2,PE14 9,1393.4388626905657
CB6 2,PE15 0,9530.518562206698
CB6 2,PE16 6,20035.350502500776
CB6 2,PE28 3,3386.6452201280827
CB6 3,CB7 4,1803.882954863996
CB6 3,CB7 5,10017.941466018578
CB7 4,CB7 5,15845.769780211627
CB7 4,IP26 4,7950.650019829353
CB7 4,IP27 9,959.5457868281749
CB7 4,IP28 8,4138.923433338597
CB7 5,CB7 6,9147.25696857693
CB7 5,CB8 7,14646.267906748632
CB7 5,CB8 8,1551.580591307452
CB7 5,IP28 6,346.7177896550711
CB7 5,IP28 8,19546.06122103099
CB7 6,CB8 7,1964.4358047138091
CB8 0,CB8 7,7798.625205700281
CB8 0,CB8 8,486.2767588678025
CB8 0,CB8 9,23560.242551097825
CB8 7,CB8 8,12521.5320979563
CB8 7,IP28 6,2847.1259137951274
CB8 8,CB8 9,37309.85215553306
CB8 8,CO10 8,8694.50079743875
CB8 8,IP28 6,7085.015132133954
CB8 8,IP29 4,6027.211511315497
CB8 8,IP29 5,8571.029425947803
CB8 9,CB9 7,11531.307500204244
CB8 9,CO10 8,11089.61748208294
CB9 0,CB9 7,6224.874032801473
CB9 0,CB9 8,1584.936190752853
CB9 0,CB9 9,2131.0762262764633
CB9 7,CB9 8,2290.5566358975275
CB9 7,CB9 9,8869.631010032017
CB9 7,CM7 4,1837.9305119314936
CB9 7,CO10 8,10110.37477436645
CB9 7,CO9 4,9102.395837850221
CB9 8,CB9 9,3330.383169846489
CF10 1,CF10 2,869.7743345577663
CF10 1,CF10 3,931.7395577969904
CF10 1,CF11 6,894.9694772355413
CF10 1,CF11 9,7.46238899209758
CF10 2,CF10 3,1065.6178511015878
CF10 2,CF10 4,1111.2425451310105
CF10 2,CF11 6,69.18997321318166
CF10 2,CF24 0,575.9171678102682
CF10 2,CF24 2,383.1754825236987
CF10 3,CF11 9,1503.6837612688978
CF10 3,CF14 3,395.84431742908043
CF10 3,CF24 0,265.52301611930733
CF10 3,CF24 3,101.98142286027188
CF10 3,CF24 4,2318.421832945305
CF10 4,CF10 5,3947.0675861412697
CF10 4,CF11 6,595.7409648353097
CF10 4,CF11 7,330.82334027865187
CF10 4,CF24 0,403.2202082792429
CF10 4,CF24 2,51.763795778583024
CF10 4,CF24 5,2644.461009824868
CF10 5,CF11 0,1432.2263078590681
CF10 5,CF11 7,1667.1932747594294
CF11 0,CF11 7,2098.4201145409597
CF11 0,CF11 8,1836.7847589072796
CF11 0,CF64 1,1754.665140134273
CF11 0,CF64 2,2104.050599086126
CF11 6,CF11 7,918.343039752713
CF11 6,CF11 8,1811.4019290405754
CF11 6,CF11 9,1353.9263937610185
CF11 6,CF5 1,120.26345171908702
CF11 7,CF11 8,394.281383493927
CF11 8,CF5 1,3049.872493267794
CF11 8,CF5 5,1085.6865611691087
CF11 8,CF64 2,118.75474567754453
CF11 8,CF64 4,2147.151007884316
CF11 9,CF14 3,1045.7220077598133
CF11 9,CF5 1,1636.3142914047335
CF11 9,CF5 2,710.9837632211438
CF14 0,CF14 3,6.985625839068972
CF14 0,CF14 5,3246.770691430522
CF14 0,CF14 6,1301.9397630440958
CF14 0,CF14 9,3505.531557716113
CF14 0,CF23 6,3126.8422974943746
CF14 0,CF23 7,101.14498644060382
CF14 0,CF23 8,3233.6073621868018
CF14 0,CF83 1,1160.9779685166293
CF14 0,CF83 8,3243.9077852775954
CF14 0,NP10 8,1030.7476177307763
CF14 1,CF14 2,2831.3721343085263
CF14 1,CF14 3,980.7768273164921
CF14 1,CF14 4,3030.2151881362083
CF14 1,CF14 6,1956.8461357264298
CF14 1,CF14 7,704.0478319480576
CF14 2,CF14 3,1632.5306558495747
CF14 2,CF14 7,3096.351128629893
CF14 2,CF15 8,1498.564753421833
CF14 2,CF5 2,2801.2824677390836
CF14 3,CF14 4,3240.366147960273
CF14 3,CF14 5,157.03103908078688
CF14 3,CF23 5,1448.9198767875728
CF14 3,CF23 6,245.6959258330072
CF14 3,CF24 4,2020.15658182455
CF14 4,CF14 5,1870.3107336890416
CF14 4,CF14 6,1733.418893008212
CF14 5,CF14 6,1033.6280458578951
CF14 5,CF14 9,1950.7188094244104
CF14 6,CF14 7,3111.9072693916983
CF14 6,CF14 9,938.2727791731609
CF14 6,CF15 7,1190.8715160937431
CF14 6,CF83 1,1197.7274138805503
CF14 7,CF15 7,3267.1472140478127
CF14 7,CF15 8,1302.971622344811
CF15 7,CF15 8,1027.6501671674628
CF15 7,CF15 9,2269.8290927492403
CF15 7,CF37 5,3431.2139311119117
CF15 7,CF38 1,1645.1451463483136
CF15 7,CF83 1,3016.2953172352295
CF15 7,CF83 2,1522.7104308372732
CF15 8,CF15 9,3027.2883074258198
CF15 8,CF5 2,652.1479139684056
CF15 8,CF5 6,2734.3037903770337
CF15 9,CF38 1,6596.348846886153
CF15 9,CF38 2,306.00518314306674
CF15 9,CF5 6,8838.115881467085
CF15 9,CF72 8,2375.0771634151065
CF23 5,CF23 6,1785.9342155073884
CF23 5,CF23 9,3915.6441312826037
CF23 5,CF24 1,425.3167765992562
CF23 5,CF24 3,1985.8739502491437
CF23 5,CF24 4,1065.00842145581
CF23 6,CF23 7,2744.0516104925446
CF23 6,CF23 9,3326.895349489433
CF23 7,CF23 8,1772.7391409432887
CF23 7,CF23 9,2567.252909646415
CF23 8,CF23 9,90.19655580708303
CF23 8,CF3 6,2980.455300459199
CF23 8,NP10 8,3579.7020737739504
CF23 9,CF24 1,1320.0081386552
CF23 9,CF3 4,1403.5757203364442
CF23 9,CF3 5,758.2110036592974
CF23 9,CF3 6,57.2786707862195
CF24 0,CF24 1,899.5104013133629
CF24 0,CF24 2,835.416956001365
CF24 0,CF24 3,909.4925914516183
CF24 0,CF24 5,172.82429888071374
CF24 1,CF24 2,2224.737019022204
CF24 1,CF24 3,604.6891548810191
CF24 2,CF24 5,2618.1602372013404
CF24 2,CF3 3,20.962612529642065
CF24 3,CF24 4,2771.5441948003654
CF3 0,CF3 1,1978.9905159748764
CF3 0,CF3 2,4818.4535258295355
CF3 0,CF3 5,1649.0209327086243
CF3 0,CF3 6,584.6713454149964
CF3 0,NP10 8,3142.666875707298
CF3 1,CF3 2,1383.4090889367128
CF3 1,CF3 3,2654.171985034638
CF3 1,CF3 4,216.02894650229302
CF3 1,CF3 5,434.7908761434136
CF3 2,CF3 3,2785.3259411992435
CF3 2,CF3 6,2929.0801668751924
CF3 2,NP10 8,7160.58449125881
CF3 3,CF3 4,3292.444483903082
CF3 4,CF3 5,1419.2151635513924
CF3 5,CF3 6,3397.990345383765
CF3 6,NP10 8,8187.740094618698
CF31 1,CF31 2,2137.593405197503
CF31 1,CF31 3,1391.8287166567272
CF31 1,CF31 4,3446.3300360912863
CF31 1,CF32 9,785.6856739717816
CF31 1,CF35 6,3013.8805792369917
CF31 2,CF31 3,2409.228945121414
CF31 2,CF35 5,490.3984190365729
CF31 2,CF35 6,3147.4475716344627
CF31 3,CF31 4,774.5006126471249
CF31 3,CF31 5,966.3279889341848
CF31 3,CF32 0,3231.4655113356375
CF31 3,CF35 5,9236.059699669764
CF31 3,CF71 7,804.4891491481106
CF31 4,CF31 5,3069.3882834105584
CF31 4,CF32 0,3653.8985184950193
CF31 4,CF32 9,2789.9651068386293
CF31 5,CF32 0,1978.9684125303586
CF32 0,CF32 8,2915.847263422885
CF32 0,CF32 9,5829.9271230336835
CF32 0,CF33 4,3267.9493503035924
CF32 0,CF33 6,2166.9931373665427
CF32 0,CF34 9,4470.372690419115
CF32 0,CF35 5,6144.01416087198
CF32 0,CF36 3,603.2474796225283
CF32 0,CF36 5,5578.307768411243
CF32 0,CF71 7,8689.351975698723
CF32 0,SA13 2,4273.124094309283
CF32 7,CF32 8,7651.285533924017
CF32 7,CF35 6,8699.55204023423
CF32 7,CF39 8,2363.4626414145664
CF32 7,CF40 1,462.7053116257046
CF32 7,CF40 2,1878.747936673941
CF32 7,CF41 7,1397.7513301606466
CF32 7,CF42 6,2701.483530122441
CF32 7,SA13 3,384.09497253169917
CF32 8,CF32 9,2566.7013385509995
CF32 8,CF34 0,6037.563180169865
CF32 8,CF34 9,3637.9205568706484
CF32 8,CF35 6,2726.6596530095035
CF32 8,SA13 3,2847.3294484380567
CF32 9,CF35 6,10718.620620699226
CF33 4,CF33 6,2985.777126915426
CF33 4,CF36 3,4743.504306582041
CF33 4,SA13 2,4942.165088786814
CF33 6,SA13 2,3248.9774702787195
CF34 0,CF34 9,9431.302725381982
CF34 0,SA13 2,1730.6618984290046
CF34 0,SA13 3,6728.84655378653
CF34 9,SA13 2,8282.483340563831
CF35 5,CF35 6,11495.403429276124
CF35 5,CF71 7,11701.548972636747
CF35 6,CF39 8,4884.556637934716
CF35 6,CF71 7,957.8032235984158
CF35 6,CF72 9,9473.418818596718
CF36 3,CF36 5,4811.352341026877
CF37 1,CF37 2,7096.809613279402
CF37 1,CF37 4,3073.9540778582946
CF37 1,CF37 5,1313.2419656430313
CF37 1,CF38 1,2601.1844727719204
CF37 1,CF38 2,6386.373734515058
CF37 1,CF39 8,1770.3943792059154
CF37 2,CF37 3,6692.811455917345
CF37 2,CF37 4,1556.6487378010056
CF37 2,CF39 0,263.80203232300846
CF37 2,CF39 8,2633.330647403919
CF37 2,CF39 9,4101.010674085752
CF37 3,CF37 4,1893.253213100632
CF37 3,CF39 0,2111.6314478765335
CF37 3,CF43 3,3093.8171467661673
CF37 3,CF43 4,206.84257488532495
CF37 3,CF44 6,1894.7741803238198
CF37 3,CF45 3,4389.672288879265
CF37 3,CF45 4,5124.366223776738
CF37 4,CF37 5,3618.88749501983
CF37 4,CF45 4,2742.8070391014053
CF37 4,CF46 6,3043.6941990621144
CF37 4,CF83 4,510.10428459399174
CF37 5,CF38 1,3889.8650902951163
CF37 5,CF83 2,2291.2301599389634
CF37 5,CF83 4,4249.370771357896
CF38 1,CF38 2,9140.59639033228
CF38 2,CF39 8,1186.9744847748034
CF38 2,CF72 8,7383.280529539292
CF39 0,CF39 9,5492.334074659073
CF39 0,CF40 1,1381.9158630813433
CF39 0,CF40 2,1878.0974168923053
CF39 0,CF43 3,3304.7661280613256
CF39 8,CF39 9,3566.620370410691
CF39 8,CF40 1,9415.910919121156
CF39 8,CF72 8,3792.9653946470758
CF39 8,CF72 9,6633.790615409393
CF39 9,CF40 1,1788.6797475801447
CF40 1,CF40 2,7175.578062571996
CF40 2,CF41 7,6054.248978185831
CF40 2,CF43 3,2388.1218025645853
CF41 7,CF42 6,5303.603510245867
CF41 7,CF43 3,1470.9007183622978
CF41 7,CF43 4,3512.5930461054713
CF42 5,CF42 6,7077.813814882979
CF42 5,CF43 4,4698.664719866447
CF42 5,CF44 9,1530.7508730783954
CF42 5,SA13 3,7421.818145237817
CF42 6,CF43 4,2806.7212448919267
CF42 6,SA13 3,1087.3581416530437
CF43 3,CF43 4,2192.014276480265
CF43 4,CF44 6,4840.252612289985
CF43 4,CF44 8,3646.7434831069686
CF43 4,CF44 9,2817.292331460397
CF44 0,CF44 6,3353.979205070002
CF44 0,CF44 7,2261.746217127474
CF44 0,CF44 8,5559.159657184241
CF44 0,CF44 9,4632.079326671085
CF44 0,CF45 4,3119.841801969392
CF44 0,CF48 1,2994.5429846176075
CF44 0,CF48 4,4013.2987557315996
CF44 6,CF44 7,2270.489674812807
CF44 6,CF44 8,3097.7289042467983
CF44 6,CF45 3,2281.539221472432
CF44 6,CF45 4,361.8623907042284
CF44 7,CF44 8,2462.922917212498
CF44 8,CF44 9,7177.847131756788
CF44 9,CF48 1,2983.163945690198
CF44 9,CF48 2,8537.667447126554
CF44 9,LD3 7,5692.192769056793
CF44 9,LD3 8,15319.38302237803
CF44 9,SA10 9,5079.606375030304
CF44 9,SA11 5,11359.990191884577
CF44 9,SA9 1,7328.308182878644
CF45 3,CF45 4,5981.3525877909815
CF45 4,CF46 5,4975.930235800043
CF45 4,CF46 6,1171.3975985427394
CF45 4,CF48 4,5441.4492533719385
CF46 5,CF46 6,7037.8604569424315
CF46 5,CF48 4,3716.534486417762
CF46 6,CF47 0,635.4735486713349
CF46 6,CF48 4,7039.402246135658
CF46 6,CF81 9,7897.574995788844
CF46 6,CF82 7,4190.199510082873
CF46 6,CF82 8,5279.54821434722
CF46 6,CF83 4,3272.0199217552117
CF47 0,CF47 8,2933.0753500985516
CF47 0,CF47 9,469.8965468556753
CF47 0,CF48 1,1414.763822840614
CF47 0,CF48 3,3120.0427733634133
CF47 0,CF48 4,5265.862245383337
CF47 0,CF81 9,3319.727072688355
CF47 0,NP22 5,328.2624363686717
CF47 8,CF47 9,2377.029270744239
CF47 8,CF48 1,7786.940678887544
CF47 8,CF48 2,1330.8002520709367
CF47 8,CF48 4,1337.0162222201438
CF47 9,CF48 1,754.4801577383425
CF47 9,CF48 2,1432.2403216395664
CF47 9,CF48 3,1970.8737474169936
CF48 1,CF48 2,3349.3678787976096
CF48 1,CF48 4,6544.533116956672
CF48 2,CF48 3,2836.391640324468
CF48 2,LD3 7,12112.268406972387
CF48 2,NP22 5,2472.352669286702
CF48 2,NP8 1,1613.5189857531134
CF48 3,NP22 5,1078.9569627446
CF5 1,CF5 2,1405.2574758468863
CF5 1,CF5 3,479.61955424055645
CF5 1,CF5 5,464.9134780599607
CF5 2,CF5 3,2844.125681956692
CF5 2,CF5 6,695.809860769079
CF5 3,CF5 4,1778.2577653111312
CF5 3,CF5 6,5893.292880192078
CF5 4,CF5 5,3982.7150446328014
CF5 4,CF5 6,6149.46647568324
CF5 5,CF5 6,2503.875581277635
CF5 5,CF64 4,3322.412830832829
CF5 6,CF62 3,11327.02363210199
CF5 6,CF62 8,2796.16401471549
CF5 6,CF62 9,268.21396199136757
CF5 6,CF63 1,1681.6510267132996
CF5 6,CF64 4,6513.002685879314
CF5 6,CF71 7,12004.45373965569
CF5 6,CF72 8,2536.5960966942057
CF61 1,CF61 2,13071.705971090987
CF61 1,CF71 7,5616.625625187331
CF61 2,CF62 4,6363.203968380305
CF61 2,CF71 7,6887.583755342449
CF62 3,CF62 4,4349.277344171483
CF62 3,CF62 6,1570.728881065617
CF62 3,CF62 7,2334.178949999393
CF62 3,CF62 8,350.01224863426984
CF62 3,CF71 7,5976.315330714834
CF62 4,CF71 7,2572.9976880413215
CF62 5,CF62 6,1049.872224912122
CF62 5,CF62 7,1374.3615418621907
CF62 5,CF63 4,1704.0818799225663
CF62 6,CF62 7,5843.067656711028
CF62 7,CF62 8,4298.541928602259
CF62 7,CF63 4,15.638138189246623
CF62 8,CF62 9,3684.4339546307856
CF62 8,CF63 1,605.9672937479309
CF62 8,CF63 4,1052.707896115247
CF62 9,CF63 1,4612.155257870513
CF63 1,CF63 2,2532.8724426326107
CF63 1,CF63 3,244.82517138339668
CF63 1,CF63 4,1083.3632987817132
CF63 1,CF64 4,1372.450706642408
CF63 2,CF63 3,1399.4737847134081
CF63 2,CF63 4,784.0843921806467
CF63 2,CF64 4,1288.1390304786046
CF63 2,CF64 5,1631.9461824285227
CF63 3,CF63 4,3755.5188740211843
CF63 3,CF64 5,707.1815586446126
CF63 4,CF64 5,371.4208959386682
CF64 1,CF64 2,2012.639057659041
CF64 1,CF64 3,794.0048568439659
CF64 2,CF64 3,3816.9910256103412
CF64 2,CF64 4,4566.390550744484
CF64 3,CF64 4,2335.1459602523146
CF64 3,CF64 5,6872.40360627098
CF64 4,CF64 5,2788.9389673455426
CF71 7,CF72 8,3444.282433813366
CF71 7,CF72 9,6883.107880381189
CF72 8,CF72 9,9857.023202089891
CF81 8,CF81 9,4258.716957536041
CF81 8,CF82 8,2731.202212266105
CF81 8,NP12 3,1344.2298866313934
CF81 8,NP24 6,1067.3147112528607
CF81 9,CF82 8,2229.14251043485
CF81 9,NP12 0,1712.4234723506895
CF81 9,NP12 1,1637.3138291866644
CF81 9,NP12 3,1152.069445190431
CF81 9,NP22 5,8808.926838039226
CF81 9,NP24 6,7898.4777758286355
CF82 6,CF82 7,5018.301949819563
CF82 6,CF82 8,1289.4756930642848
CF82 7,CF82 8,9637.112326308996
CF82 7,CF83 3,4011.853023335214
CF82 7,CF83 4,83.58105848950078
CF82 7,CF83 8,1683.510677795849
CF82 7,NP11 7,2031.9294143643178
CF82 7,NP12 2,3655.568196572655
CF82 7,NP12 3,1754.8056058841562
CF82 8,NP12 3,2031.5444223689692
CF83 1,CF83 2,2127.7617458590803
CF83 1,CF83 3,7089.43401976451
CF83 1,CF83 8,5086.483800986306
CF83 2,CF83 3,3730.4865417177334
CF83 2,CF83 4,5504.466116932511
CF83 3,CF83 4,2476.8971822645026
CF83 3,CF83 8,12677.03608675286
CF83 3,NP10 8,1402.6399689270186
CF83 8,NP10 8,8159.358654604562
CF83 8,NP11 6,1359.590008962061
CF83 8,NP11 7,6949.046481827416
CH1 1,CH1 2,1187.1934241793315
CH1 1,CH1 3,671.1696187554021
CH1 1,CH3 5,375.0753194777575
CH1 1,CH4 7,789.1551742928673
CH1 2,CH1 3,1127.4894501068654
CH1 2,CH1 4,1280.2738764884227
CH1 2,CH2 1,31.665753885832032
CH1 3,CH2 1,299.95309810605664
CH1 3,CH2 2,668.7371189156434
CH1 3,CH2 3,1293.8731171936015
CH1 3,CH3 5,640.9332279684307
CH1 4,CH1 5,3239.4112730107618
CH1 4,CH1 6,1701.8374680510797
CH1 4,CH2 1,1637.0083981221967
CH1 4,CH2 2,989.8041881637178
CH1 5,CH1 6,4526.800809578004
CH1 5,CH2 1,816.1499190659455
CH1 6,CH2 1,901.753021662732
CH1 6,CH2 4,11517.816286898265
CH1 6,CH5 2,9180.786325546791
CH1 6,CH64 5,4929.62278755354
CH1 6,CH65 5,1571.722146054734
CH1 6,CH65 9,4000.7976735891407
CH1 6,CH66 2,3975.2153904212323
CH1 6,CH66 4,1931.6388578179158
CH1 6,CH66 8,1517.4943345423435
CH2 1,CH2 2,5311.685603102082
CH2 1,CH2 3,44.42339493893506
CH2 1,CH2 4,5289.826176805442
CH2 2,CH2 3,2324.9221207207797
CH2 2,CH2 4,665.0449371040747
CH2 3,CH2 4,704.3739162562046
CH2 3,CH3 5,2965.3954790219373
CH2 3,CH3 7,107.0095429256558
CH2 4,CH3 7,7111.706325689541
CH2 4,CH65 5,8701.471907348176
CH2 4,WA6 0,6660.755901371963
CH3 5,CH3 6,2477.2409429785944
CH3 5,CH3 7,2952.9293353024254
CH3 5,CH4 7,1724.1243574345588
CH3 6,CH3 7,5985.328975658752
CH3 6,CH3 9,9996.232317569998
CH3 6,CH4 7,1391.0052999527811
CH3 6,CH4 9,7411.526022793079
CH3 6,LL12 0,6669.48285209697
CH3 6,LL13 9,6539.744443700333
CH3 6,SY14 7,3744.8070169598277
CH3 7,CH3 8,18076.24471120587
CH3 7,CH3 9,6255.761112506649
CH3 7,CW6 0,511.1646361914015
CH3 7,WA6 0,2351.300072829723
CH3 7,WA6 9,623.5472163443874
CH3 8,CW6 0,17367.331540999603
CH3 8,CW8 2,676.4293876780207
CH3 8,WA6 9,4995.372504518456
CH3 9,CW6 0,2370.4747604125705
CH3 9,CW6 9,8517.424104124779
CH3 9,SY14 7,7447.4985035263535
CH3 9,SY14 8,10602.4387612092
CH4 0,CH4 8,1613.2291491359356
CH4 0,CH4 9,7993.213735514693
CH4 0,CH5 2,742.2951990100969
CH4 0,CH5 3,13711.277616904947
CH4 0,CH7 3,2462.385921463569
CH4 0,CH7 4,3180.5601382716222
CH4 0,LL12 9,2849.217446208075
CH4 7,CH4 8,5032.547835325664
CH4 7,CH4 9,4005.532667693884
CH4 8,CH4 9,1379.8354406787334
CH4 8,CH5 3,1180.6915118032723
CH4 9,CH5 3,3262.127667113195
CH4 9,LL12 0,9730.879876366247
CH4 9,LL12 9,3065.115804855308
CH41 0,CH41 8,831.4882197310019
CH41 0,CH43 7,3219.3673892551274
CH41 0,CH43 8,1578.7865336638224
CH41 1,CH41 3,693.6328835652973
CH41 1,CH41 4,1142.771208788499
CH41 1,CH41 5,945.3689522113006
CH41 1,CH41 6,1011.8854603716406
CH41 1,CH44 4,852.5119649029066
CH41 1,CH44 7,921.2785806966214
CH41 2,CH41 4,1425.7798839213442
CH41 2,CH41 6,21.314241139677776
CH41 2,CH41 9,1109.425757384872
CH41 2,CH42 0,1210.456596436959
CH41 2,CH42 9,214.54574634564437
CH41 2,CH43 4,665.1921559597353
CH41 2,CH43 5,359.19295461251653
CH41 3,CH41 4,3028.311168593704
CH41 3,CH41 6,228.13481147961886
CH41 3,CH43 4,92.59391051766167
CH41 4,CH41 6,649.0280989649685
CH41 4,CH41 8,1449.5475857555166
CH41 4,CH43 4,1140.7590812095038
CH41 4,CH44 4,306.9897719858767
CH41 5,CH41 6,454.4047276293781
CH41 5,CH41 9,400.53979002012215
CH41 6,CH41 9,705.3000699826534
CH41 7,CH41 8,1625.1346790844075
CH41 7,CH43 7,3562.5162099148474
CH41 7,CH44 2,580.3150439901715
CH41 7,CH44 3,569.9863871414867
CH41 7,CH44 4,183.12328933103038
CH41 7,CH45 8,397.1560371453099
CH41 7,CH46 2,10.182962438657968
CH41 8,CH43 4,461.6297749979051
CH41 8,CH43 7,484.6993279277299
CH41 8,CH43 8,448.27080485013954
CH41 8,CH44 4,1524.1337828261958
CH41 9,CH42 0,310.1273387277205
CH41 9,CH42 1,804.7236830400245
CH41 9,CH42 2,360.4630885522489
CH41 9,CH42 3,578.3616271684913
CH41 9,CH42 5,2083.011737298272
CH42 0,CH42 5,535.74054970321
CH42 0,CH42 6,95.19068443959695
CH42 0,CH42 7,1602.329181356604
CH42 0,CH42 9,216.7960109575842
CH42 1,CH42 2,1539.265500155147
CH42 1,CH42 4,479.28428415811356
CH42 1,CH62 1,692.6441845488139
CH42 1,CH62 5,376.61738635587636
CH42 2,CH42 3,1157.0028372179318
CH42 2,CH42 4,1486.9383092714863
CH42 3,CH42 4,767.9559362387971
CH42 3,CH42 5,1174.7271813156408
CH42 3,CH42 6,169.68091481151168
CH42 4,CH42 6,1083.1325313161362
CH42 4,CH62 5,76.4158205406174
CH42 4,CH63 5,1080.8332377244208
CH42 4,CH63 7,485.9795534548522
CH42 4,CH63 8,274.68564112412986
CH42 5,CH42 6,657.9395865042497
CH42 5,CH42 7,255.98845417396012
CH42 6,CH42 7,717.5501673141792
CH42 6,CH42 8,1882.1813471758123
CH42 6,CH42 9,707.6618627935101
CH42 6,CH63 5,481.46976053887886
CH42 7,CH42 9,840.3660963841061
CH42 8,CH42 9,649.8584458656402
CH42 8,CH43 0,1481.299996212154
CH42 8,CH43 3,772.8349498709399
CH42 8,CH43 5,109.55126547859459
CH42 8,CH63 5,1043.0841633552911
CH42 9,CH43 5,2019.2774941265868
CH43 0,CH43 2,2243.574860170448
CH43 0,CH43 3,2022.1743471651143
CH43 0,CH43 5,275.72036924854933
CH43 0,CH43 9,729.1180332309186
CH43 0,CH49 5,546.5487011258094
CH43 1,CH43 2,793.321295347601
CH43 1,CH43 4,1536.2980986823707
CH43 1,CH43 5,148.96156204588272
CH43 1,CH43 6,1507.8990956750772
CH43 1,CH43 8,880.0826814928903
CH43 2,CH43 5,2269.1039811724763
CH43 2,CH43 6,1410.2587361162664
CH43 2,CH43 9,1139.8789733443
CH43 3,CH49 5,65.02682847088145
CH43 3,CH61 1,1324.2495835708087
CH43 3,CH63 5,332.072532967951
CH43 3,CH63 6,1109.551839770922
CH43 4,CH43 5,349.7260676613788
CH43 4,CH43 8,790.3068391347348
CH43 5,CH43 6,873.4457793404522
CH43 6,CH43 7,507.9686957271959
CH43 6,CH43 8,647.7835302033569
CH43 6,CH43 9,2070.9688828455655
CH43 7,CH43 8,69.21467319195176
CH43 7,CH43 9,3481.8335422832893
CH43 7,CH46 1,940.305182274142
CH43 7,CH46 2,446.6070405191804
CH43 7,CH46 9,905.4318660511626
CH43 7,CH49 4,367.0864223665742
CH43 9,CH49 4,87.51480874117932
CH43 9,CH49 5,54.25243519801608
CH43 9,CH49 6,755.6933903385514
CH43 9,CH49 7,475.2629422667619
CH43 9,CH49 8,475.52766761225644
CH43 9,CH49 9,590.1944817993992
CH44 0,CH44 1,2273.5472510844434
CH44 0,CH44 5,35.82319533030562
CH44 0,CH44 8,2189.2709389858596
CH44 0,CH44 9,543.4030917344127
CH44 0,CH45 7,392.301777630083
CH44 1,CH44 5,395.18266071808085
CH44 1,CH44 8,7.511305745451422
CH44 1,CH45 4,724.7864440941648
CH44 1,CH45 7,1130.4748725582785
CH44 2,CH44 3,1809.6429739375676
CH44 2,CH44 5,247.80412890053947
CH44 2,CH45 3,1239.398078285182
CH44 2,CH45 4,577.9587241860665
CH44 2,CH45 6,1079.9044057490048
CH44 2,CH45 8,1214.7757634065317
CH44 3,CH44 4,8.252937961644715
CH44 3,CH44 5,1130.3546976709017
CH44 4,CH44 5,2062.0369829975953
CH44 4,CH44 7,1181.2762600120038
CH44 4,CH44 9,1873.8694872009155
CH44 5,CH44 9,193.5759011711849
CH44 5,CH45 4,510.56886992837724
CH44 6,CH44 7,2399.6019274275227
CH44 6,CH44 8,793.0482997790027
CH44 6,CH44 9,312.43300069267764
CH44 7,CH44 8,78.69015962387621
CH44 7,CH44 9,269.2232576160838
CH44 8,CH44 9,970.1034991442821
CH44 8,CH45 7,36.21274709066595
CH45 0,CH45 2,686.5170022696659
CH45 0,CH45 3,1211.5247909519535
CH45 0,CH45 4,190.7056141873831
CH45 0,CH45 5,1141.3366001434374
CH45 0,CH45 6,708.5452577342387
CH45 0,CH45 8,325.0095615755783
CH45 0,CH45 9,544.0366053723046
CH45 1,CH45 2,1577.8770830465355
CH45 1,CH45 4,136.42977548158905
CH45 1,CH45 5,2461.4043691311895
CH45 1,CH45 7,1385.3286797756195
CH45 1,CH45 9,220.41334195062788
CH45 2,CH45 8,542.7369237205149
CH45 2,CH45 9,1141.917732879607
CH45 3,CH45 6,1543.3702894651829
CH45 3,CH45 8,4182.923492857787
CH45 4,CH45 5,1651.4235294472212
CH45 4,CH45 6,986.6916271101535
CH45 4,CH45 7,372.3641881877937
CH45 5,CH45 7,507.5122301336717
CH45 5,CH45 9,1327.9367801688602
CH45 8,CH46 2,3088.681241612856
CH46 0,CH46 5,246.5531446254836
CH46 0,CH46 6,1813.4056643875901
CH46 0,CH46 7,479.76749550343743
CH46 0,CH46 8,146.01409690872183
CH46 0,CH46 9,985.6377093201615
CH46 0,CH49 4,1584.0872655709643
CH46 1,CH46 2,3833.799384581273
CH46 1,CH46 3,1568.3454214515523
CH46 1,CH46 8,1555.3287847128222
CH46 1,CH46 9,838.8598712723444
CH46 2,CH46 3,785.3366134050959
CH46 3,CH46 6,625.3455818920327
CH46 3,CH46 7,267.37153415098703
CH46 3,CH46 8,728.8564080208554
CH46 5,CH46 6,1623.3436938558834
CH46 5,CH47 9,1246.1477663276187
CH46 5,CH49 2,193.7975841980134
CH46 5,CH49 4,665.8704257727622
CH46 6,CH46 7,4384.329062897583
CH46 6,CH47 7,647.8600445087616
CH46 6,CH47 9,1787.3501979077182
CH46 7,CH46 8,991.4767863816516
CH46 8,CH46 9,1005.5217560099628
CH46 9,CH49 4,1045.1555959030616
CH47 0,CH47 6,602.1293442631727
CH47 0,CH47 7,421.3781606883549
CH47 0,CH47 9,722.0703489240627
CH47 1,CH47 2,1096.3807952942616
CH47 1,CH47 3,290.130692338182
CH47 1,CH47 4,428.69738014259565
CH47 1,CH47 7,112.29130101510852
CH47 1,CH48 5,1489.5556400276425
CH47 2,CH47 3,1099.062805080801
CH47 2,CH47 4,832.8155334907583
CH47 3,CH47 4,1672.2857528892532
CH47 3,CH47 5,991.8307034542055
CH47 3,CH47 7,407.205703057219
CH47 3,CH47 9,954.3060316482026
CH47 4,CH47 9,741.5740099054574
CH47 4,CH48 5,3150.131620077065
CH47 4,CH48 9,196.43351599197592
CH47 5,CH47 6,863.6477138547733
CH47 5,CH47 7,342.7493227654808
CH47 5,CH47 9,185.88655761217566
CH47 6,CH47 7,2072.947019188293
CH47 6,CH47 9,106.58407927721575
CH47 7,CH47 9,1308.6712331154263
CH47 9,CH48 9,1864.7943115804708
CH47 9,CH49 2,589.7030474599276
CH47 9,CH49 3,518.1473968872201
CH48 0,CH48 3,1361.9939539895622
CH48 0,CH48 4,1154.6109718674943
CH48 0,CH48 5,679.2814408816074
CH48 1,CH48 2,3285.4714964025043
CH48 1,CH48 8,958.0459045221171
CH48 1,CH48 9,565.2627945777253
CH48 1,CH49 3,2050.3343566921376
CH48 1,CH61 0,2064.796081079236
CH48 1,CH61 4,813.8575059517937
CH48 2,CH48 3,1855.3770880166894
CH48 2,CH48 6,95.86758931990903
CH48 2,CH48 7,581.6585517110224
CH48 2,CH48 8,2146.1517908150913
CH48 2,CH61 0,1189.3715729135001
CH48 2,CH61 4,11.868958715986958
CH48 3,CH48 4,148.04214633389654
CH48 3,CH48 7,336.40114740404044
CH48 4,CH48 5,2795.234057927889
CH48 4,CH48 6,211.8093000790473
CH48 4,CH48 7,2225.232551192154
CH48 5,CH48 6,1744.3163205009917
CH48 5,CH48 7,43.574918990267946
CH48 5,CH48 9,876.817032917051
CH48 6,CH48 7,1770.2406024245909
CH48 6,CH48 8,726.6106090157324
CH48 6,CH48 9,1328.8261752906922
CH48 8,CH48 9,1456.5265727917645
CH48 9,CH49 3,1270.5278706221616
CH49 0,CH49 1,1131.9495943426105
CH49 0,CH49 2,1.7412136574329733
CH49 0,CH49 6,2186.300962464562
CH49 0,CH49 8,304.3559391674997
CH49 0,CH49 9,2414.672198375523
CH49 0,CH61 1,721.4547024728654
CH49 1,CH49 2,988.2989669180424
CH49 1,CH49 3,3300.5268918434267
CH49 1,CH61 1,53.06798239684926
CH49 1,CH61 4,416.8847884619518
CH49 2,CH49 3,2547.457403292319
CH49 2,CH49 4,805.9035163412673
CH49 2,CH49 6,628.9606150236829
CH49 3,CH61 4,1496.460878310557
CH49 4,CH49 6,3198.888426453172
CH49 5,CH49 7,1936.4801023832201
CH49 5,CH49 8,913.1248701254613
CH49 5,CH61 1,3705.6726613443034
CH49 6,CH49 9,335.6679490967472
CH49 7,CH49 8,2130.493022500049
CH49 8,CH49 9,2831.8842281526586
CH49 8,CH61 1,165.71976852342277
CH5 1,CH5 2,1497.2813373006277
CH5 1,CH5 3,4609.783770860026
CH5 1,CH5 4,1860.1413607450556
CH5 2,CH5 3,7377.522847759622
CH5 2,CH5 4,3547.302964029946
CH5 2,CH64 5,960.741058066241
CH5 3,CH5 4,1789.2078684759617
CH5 3,CH7 3,7042.957318382588
CH5 3,CH7 6,1831.758818156361
CH5 4,CH6 5,4561.527130336804
CH5 4,CH64 4,1061.5644322719472
CH5 4,CH64 5,2183.8621604123937
CH5 4,CH7 6,3096.382594761298
CH6 5,CH6 6,3390.4032389270897
CH6 5,CH64 0,494.50333694121326
CH6 5,CH64 4,2469.528989325759
CH6 5,CH64 6,893.3700191103833
CH6 5,CH7 6,4672.769568930772
CH6 5,CH8 8,4924.441554184953
CH6 6,CH8 7,4325.098165087535
CH6 6,CH8 8,3077.638748182557
CH60 0,CH60 3,432.92967488176794
CH60 0,CH60 4,2401.0731861927734
CH60 0,CH60 5,969.0403313031549
CH60 0,CH60 7,563.7293829757501
CH60 0,CH60 8,3214.9932490544306
CH60 1,CH60 2,2911.086015085507
CH60 1,CH60 3,1190.5081862219417
CH60 1,CH60 8,383.3628535321502
CH60 1,CH61 1,442.46610392906985
CH60 1,CH63 1,1422.6021740425538
CH60 2,CH60 5,1993.0641506676084
CH60 2,CH60 8,450.8362467226596
CH60 2,CH61 1,697.9049270599037
CH60 3,CH60 8,2038.7952440353429
CH60 3,CH63 1,805.0617802658642
CH60 3,CH64 3,1188.4399365192744
CH60 4,CH60 5,81.22351005550816
CH60 4,CH60 6,614.3383630240731
CH60 4,CH60 7,865.4993781624901
CH60 4,CH60 8,2456.1879043207296
CH60 4,CH60 9,3975.8877193740855
CH60 5,CH60 7,1426.0017968272014
CH60 5,CH60 8,62.72772683842649
CH60 5,CH61 1,192.22564495004204
CH60 5,CH61 6,961.4068099978058
CH60 6,CH60 7,1573.5973766372633
CH60 6,CH60 9,2229.7970416479166
CH60 6,CH61 0,781.424535569228
CH60 6,CH61 6,691.479507283224
CH60 6,CH61 8,886.3109152418608
CH60 7,CH61 6,1010.1606701829619
CH60 8,CH64 3,867.3357686912327
CH60 8,CH64 6,2505.657898965838
CH60 9,CH61 0,991.4644691982792
CH61 0,CH61 2,2321.0493969911117
CH61 0,CH61 4,1536.7193066102623
CH61 0,CH61 8,3.3219277529596236
CH61 1,CH61 4,1080.2582156741137
CH61 1,CH61 5,24.6723295410414
CH61 1,CH61 7,4563.836040701369
CH61 1,CH61 8,350.9702899179288
CH61 1,CH61 9,3341.0511077313663
CH61 1,CH63 1,1170.3429417169837
CH61 1,CH63 6,1539.575935738322
CH61 2,CH61 3,933.8942412934238
CH61 2,CH61 4,137.95276418364026
CH61 2,CH61 8,987.8783580643914
CH61 3,CH61 4,2221.5562417491537
CH61 3,CH61 7,1889.4154981105287
CH61 3,CH61 8,1026.460449455935
CH61 3,CH61 9,1221.4599384170097
CH61 4,CH61 7,258.0075832146718
CH61 5,CH61 6,925.3914914803861
CH61 5,CH61 8,1370.8753121741452
CH61 5,CH61 9,1526.3661696415834
CH61 6,CH61 8,17.648301051006428
CH61 6,CH61 9,885.0658149833903
CH61 7,CH61 8,368.3167464466771
CH61 7,CH61 9,252.3066631826652
CH61 8,CH61 9,2329.1224359012745
CH62 0,CH62 6,314.38795807841535
CH62 0,CH62 7,1178.5099339707342
CH62 0,CH62 8,2013.4648718322567
CH62 0,CH62 9,3447.4857802364727
CH62 1,CH62 4,1637.9659126084625
CH62 1,CH62 5,1471.4401476713433
CH62 2,CH62 3,1672.2742744143857
CH62 2,CH62 4,631.844327533437
CH62 2,CH62 5,499.3023658187601
CH62 2,CH62 7,2287.252512072432
CH62 2,CH63 3,111.5194445587194
CH62 2,CH63 7,26.394224536404224
CH62 2,CH63 9,1713.0452661926615
CH62 3,CH62 4,1724.9960653999
CH62 3,CH62 7,1460.1581577297027
CH62 4,CH62 5,2794.980607116893
CH62 4,CH62 7,2101.299385832077
CH62 4,CH63 7,786.0661620515739
CH62 5,CH63 7,1220.5393972043935
CH62 6,CH62 7,1543.0067465851296
CH62 6,CH62 8,6184.358746576552
CH62 6,CH63 0,1663.230966604044
CH62 7,CH63 0,563.005051968376
CH62 8,CH62 9,2506.291471466326
CH62 8,CH63 0,386.65799588076123
CH62 9,CH63 0,260.0793542481422
CH62 9,CH64 1,184.42870907876093
CH62 9,CH65 4,1745.2832876749371
CH62 9,CH66 5,1377.642763693488
CH62 9,CH66 7,1149.1763858561299
CH63 0,CH63 4,7467.500772543158
CH63 0,CH63 9,210.54213563648472
CH63 0,CH64 1,705.3730793044042
CH63 1,CH63 4,4399.121440485109
CH63 1,CH63 6,3091.41241424698
CH63 1,CH64 3,1641.004999601358
CH63 2,CH63 3,1717.8963384546068
CH63 2,CH63 5,15.0
CH63 2,CH63 6,3096.2364271207557
CH63 2,CH63 7,2052.4321453493076
CH63 2,CH63 8,1127.4528287468124
CH63 3,CH63 4,15.297826251720583
CH63 3,CH63 6,544.5709412713059
CH63 3,CH63 7,1355.424058293135
CH63 3,CH63 9,1705.1834783418333
CH63 4,CH63 6,1973.467677440276
CH63 4,CH63 9,3010.374524053165
CH63 4,CH64 1,1639.5440461299556
CH63 4,CH64 2,1545.109158964996
CH63 4,CH64 3,1833.3739000721134
CH63 4,CH64 9,656.4803653999938
CH63 5,CH63 6,1745.0238316721393
CH63 5,CH63 7,1785.0043331909908
CH63 5,CH63 8,3890.1499539029064
CH63 7,CH63 8,497.2146456631888
CH64 0,CH64 4,4642.194096808809
CH64 0,CH64 6,3056.4495679883594
CH64 0,CH64 9,765.2765339862073
CH64 1,CH64 2,4648.362963080575
CH64 1,CH66 7,1928.5370190705548
CH64 1,CH66 8,2148.395840975168
CH64 2,CH64 4,314.15958325179747
CH64 2,CH64 8,1025.619787577606
CH64 2,CH64 9,1681.1204395309665
CH64 2,CH66 8,1539.7511530125028
CH64 3,CH64 6,3963.334167958871
CH64 3,CH64 9,3727.8737807605653
CH64 4,CH64 5,3218.725043808019
CH64 4,CH64 8,1905.7112291648027
CH64 4,CH64 9,3611.0187200655037
CH64 5,CH64 8,7636.266954035274
CH64 5,CH66 8,669.5613954346627
CH64 6,CH64 9,782.6645786162767
CH64 8,CH66 8,1295.2292034429352
CH65 0,CH65 4,269.3089981992758
CH65 0,CH65 5,729.7819825002454
CH65 0,CH65 8,818.3425132228584
CH65 0,CH65 9,262.7425206332586
CH65 2,CH65 3,1588.0550839241073
CH65 2,CH65 4,2283.958487687061
CH65 2,CH65 8,37.94861993774888
CH65 2,CH66 1,353.73193440237463
CH65 3,CH65 8,1736.3501680187203
CH65 3,CH66 1,2707.4362013145214
CH65 4,CH65 5,2275.1484760547264
CH65 4,CH65 8,665.6750997356096
CH65 4,CH66 1,2850.046195376895
CH65 4,CH66 5,884.3435682509296
CH65 5,CH65 9,2882.6731710859926
CH65 5,WA6 0,573.7540219383188
CH65 5,WA6 7,1914.4442311986622
CH65 6,CH65 7,1102.648564219583
CH65 6,CH65 9,2769.6844362164634
CH65 6,CH66 2,1241.6180516416168
CH65 7,CH65 8,1489.8220602925915
CH65 7,CH65 9,580.6338732589447
CH65 7,CH66 2,886.9306793298775
CH65 7,CH66 3,667.202594379472
CH65 8,CH65 9,453.8007995891679
CH65 8,CH66 3,909.2825594604665
CH65 9,CH66 2,364.9531837808962
CH66 1,CH66 3,2152.381544211448
CH66 1,CH66 4,688.2802642046363
CH66 1,CH66 5,1613.894239024628
CH66 2,CH66 3,960.3112516206012
CH66 2,CH66 4,5126.416872712412
CH66 3,CH66 4,2012.5646752620353
CH66 4,CH66 5,2728.1694223923455
CH66 4,CH66 8,2040.2828214599085
CH66 5,CH66 7,2158.86123321375
CH66 5,CH66 8,1628.8719263033054
CH66 7,CH66 8,3031.071925673593
CH7 1,CH7 4,3012.929389577005
CH7 1,CH7 5,2868.9763362340727
CH7 1,CH7 6,7693.202408000138
CH7 2,CH7 3,7610.520116088426
CH7 2,CH7 6,3710.4641412803885
CH7 3,CH7 4,1787.3696088472698
CH7 3,CH7 6,2741.8739934797354
CH7 4,CH7 5,14752.385235969014
CH7 4,CH7 6,2965.334827014204
CH7 4,LL11 3,9219.036933213456
CH7 4,LL11 5,9116.7973903149
CH7 4,LL12 9,4614.232434707752
CH7 4,LL15 1,804.848873942572
CH7 4,LL15 2,7625.1065863616095
CH7 5,CH7 6,11210.815593127254
CH7 5,CH8 8,19015.580233385444
CH7 5,LL15 1,8594.672271411031
CH7 5,LL16 4,5663.7785565213335
CH7 5,LL17 0,4933.425523350214
CH7 6,CH8 8,10638.969757692104
CH8 7,CH8 8,7992.993993560824
CH8 7,CH8 9,1939.3566064651563
CH8 8,CH8 9,11972.807173013356
CH8 8,LL16 4,6411.162388266548
CH8 8,LL17 0,1941.9237729741867
CH8 8,LL18 5,1970.3867102905815
CH8 8,LL18 6,964.4798706595706
CH8 9,LL18 6,5358.885741149185
CH8 9,LL19 7,808.0066089186694
CH8 9,LL19 9,9663.625188055443
CM0 7,CM0 8,13169.016360956846
CM0 7,CM3 6,6408.732185011494
CM0 8,CM3 6,2426.6803234203257
CM1 1,CM1 2,3030.464174237047
CM1 1,CM1 3,50.79709686662
CM1 1,CM1 4,1319.6996248560783
CM1 1,CM1 7,1793.4361282882398
CM1 1,CM2 0,1814.089422845456
CM1 1,CM2 6,1121.3757042654095
CM1 2,CM1 3,5466.92432884085
CM1 2,CM1 4,3914.828154041065
CM1 3,CM1 4,9472.092957284804
CM1 3,CM2 0,429.73997541681763
CM1 3,CM2 8,287.988336829205
CM1 3,CM2 9,2083.819735313042
CM1 3,CM4 0,12461.69959929537
CM1 3,CM5 0,763.3165719485212
CM1 4,CM1 7,5804.297502165987
CM1 4,CM3 1,21916.89318570153
CM1 4,CM3 3,280.5560834498355
CM1 4,CM5 0,5315.921643005677
CM1 4,CM6 1,15411.285892879378
CM1 6,CM1 7,3562.815592314664
CM1 6,CM2 6,2782.616052019242
CM1 6,CM3 3,6118.306547000961
CM1 7,CM2 6,2514.5326877653943
CM1 7,CM3 3,3189.9688933708817
CM11 1,CM11 2,6770.1867209724305
CM11 1,CM12 0,2675.352928122628
CM11 1,CM12 9,81.22844490129145
CM11 1,CM4 9,4946.0900229271965
CM11 1,SS11 7,8076.367860897267
CM11 1,SS12 0,2193.4960085360053
CM11 2,CM12 9,7018.753592606241
CM11 2,SS12 0,2454.262569242373
CM11 2,SS14 2,884.7063740070787
CM11 2,SS14 3,1164.2840144097
CM11 2,SS15 4,2978.1738370340495
CM12 0,CM12 9,2415.0323559905864
CM12 0,CM13 1,2954.730202129545
CM12 0,CM4 9,3172.4582551128224
CM12 9,CM13 1,2565.779136366776
CM12 9,CM13 3,3098.128787170505
CM12 9,SS15 4,4616.83492588955
CM13 1,CM13 2,5162.35855365574
CM13 1,CM13 3,1120.9557767372805
CM13 1,CM15 0,2168.5765646572145
CM13 1,CM15 8,2143.6716829842712
CM13 1,CM4 0,1023.9205537609643
CM13 1,CM4 9,3092.2827924080157
CM13 2,CM13 3,3944.723404772975
CM13 2,CM14 5,655.7024097891999
CM13 2,CM15 8,2449.593865896528
CM13 3,CM14 4,272.2979689929189
CM13 3,CM14 5,6851.81420071563
CM13 3,RM14 1,4946.172189720525
CM13 3,RM14 3,6471.322219478375
CM13 3,SS15 4,1085.022767659043
CM13 3,SS15 6,3788.2036950549104
CM13 3,SS16 6,668.7602003986483
CM14 4,CM14 5,5350.7258226326785
CM14 4,CM15 8,1249.8624610059412
CM14 4,CM15 9,2498.4282680692154
CM14 5,CM15 0,3865.7763784934737
CM14 5,CM15 8,288.2303009543687
CM14 5,CM15 9,3979.7520431974176
CM14 5,CM5 9,1470.4283862365814
CM14 5,RM14 1,28.01303648398809
CM14 5,RM3 0,1853.683906353476
CM14 5,RM3 9,1675.7015615048317
CM14 5,RM4 1,10103.71415138065
CM15 0,CM15 8,4621.621524907596
CM15 0,CM15 9,4936.45251683851
CM15 0,CM4 0,13508.693403570578
CM15 0,CM4 9,541.7754214961318
CM15 0,CM5 9,6038.0475656823355
CM15 8,CM15 9,5225.151547731368
CM16 4,CM16 5,2145.722168769517
CM16 4,CM16 6,3006.168291011787
CM16 4,CM16 7,3805.710436829935
CM16 5,CM16 6,4368.346971108026
CM16 6,CM16 7,5580.316827500115
CM16 6,CM17 9,6977.731184020204
CM16 6,CM19 5,2686.012292053372
CM16 6,CM5 0,4443.049171661496
CM16 6,CM5 9,1473.255084986504
CM16 6,EN9 2,6076.019112832765
CM16 6,EN9 3,3945.3529869058043
CM16 7,CM5 9,1247.5265991023925
CM16 7,EN9 3,1077.2211246064705
CM16 7,IG10 2,2186.3309252378112
CM16 7,IG10 3,1754.3932000926839
CM16 7,IG7 6,925.430517805911
CM16 7,RM4 1,10278.08793220285
CM17 0,CM17 9,6471.404844128995
CM17 0,CM20 2,1924.11220259161
CM17 0,CM21 0,2028.513373643509
CM17 0,CM21 9,4092.4135541201217
CM17 0,CM22 7,10443.303362296847
CM17 0,CM5 0,9039.807971050699
CM17 0,CM6 1,1092.4209855794616
CM17 9,CM18 6,803.2686163300086
CM17 9,CM18 7,3631.1559794480554
CM17 9,CM19 5,449.5780029466893
CM17 9,CM20 3,1797.779484693881
CM17 9,CM5 0,3254.218244500904
CM18 6,CM18 7,3249.595107415329
CM18 6,CM19 4,1688.5203090377813
CM18 6,CM20 1,630.0781596408217
CM18 6,CM20 3,2145.172137204732
CM18 7,CM19 4,1267.9155915585602
CM18 7,CM19 5,917.6465167847045
CM19 4,CM19 5,5047.4133693738595
CM19 4,CM20 1,2616.8764860574533
CM19 5,CM20 1,1776.3833713222873
CM19 5,CM20 2,1589.9527947355339
CM19 5,EN11 0,1827.9571213889678
CM19 5,EN9 2,10310.102702805802
CM19 5,SG12 8,4571.044037850536
CM2 0,CM2 6,859.6783081773208
CM2 0,CM2 9,3575.1304280424943
CM2 6,CM2 7,4486.450211761066
CM2 6,CM2 9,390.47082706523764
CM2 6,CM3 3,1260.6342895109974
CM2 6,CM3 4,1916.6939848536103
CM2 7,CM2 8,6937.456070286551
CM2 7,CM2 9,2193.909041196984
CM2 7,CM3 4,7127.255321292472
CM2 7,CM3 8,2494.5910886491206
CM2 8,CM2 9,9332.551637577482
CM2 8,CM3 8,2669.4494604740908
CM2 8,CM4 0,3417.0745448780976
CM2 8,CM4 9,7375.935153421281
CM2 8,SS11 7,2483.083921701568
CM2 9,CM4 0,391.4826043855731
CM20 1,CM20 2,2731.8392341819253
CM20 1,CM20 3,418.007478649487
CM20 2,CM20 3,3578.9396333290765
CM20 2,CM21 0,9077.473881777578
CM20 2,SG12 8,5167.602375033523
CM21 0,CM21 9,3579.354815693213
CM21 0,CM22 7,456.8434104259333
CM21 0,CM23 4,9998.721891293064
CM21 0,SG10 6,5834.473893785849
CM21 0,SG11 2,765.9386101773623
CM21 0,SG12 8,378.0909610412737
CM21 9,CM22 7,4015.4629936656934
CM21 9,CM23 4,4272.974234491123
CM22 6,CM22 7,3276.394949393368
CM22 6,CM23 1,4730.181041201292
CM22 6,CM24 8,10432.595090436267
CM22 6,CM6 1,5746.979137901618
CM22 6,CM6 2,11885.574388370518
CM22 7,CM23 3,822.0988415308063
CM22 7,CM23 4,4894.818163286453
CM22 7,CM23 5,4480.040887459213
CM22 7,CM24 8,822.719158747324
CM22 7,CM6 1,13577.30837973202
CM23 1,CM23 2,2506.2075649507015
CM23 1,CM23 4,3260.5541415876373
CM23 1,CM23 5,1385.6898232704116
CM23 1,CM24 8,5218.881266295762
CM23 1,SG11 2,3956.752244627657
CM23 1,SG9 0,4303.528863369509
CM23 2,CM23 3,2886.2372091461066
CM23 2,CM23 4,4710.495092380502
CM23 2,CM23 5,3516.7183159781057
CM23 3,CM23 4,4495.39601213228
CM23 3,CM23 5,1096.0569385295403
CM23 4,SG11 2,2342.0926498123863
CM23 5,CM24 8,5968.290628201389
CM3 1,CM3 2,5719.683486776257
CM3 1,CM3 3,12354.332797199453
CM3 1,CM6 1,3726.863743331801
CM3 1,CM6 3,12762.43293328437
CM3 1,CM77 6,1269.5102741908436
CM3 1,CM77 7,2224.012367550551
CM3 1,CM77 8,2562.0891085298845
CM3 2,CM3 3,6329.739024344286
CM3 2,CM3 4,1809.1792286441896
CM3 2,CM77 8,1656.981824742807
CM3 2,CM8 1,16458.545647653922
CM3 2,CM8 2,3127.4313582432924
CM3 2,CM8 3,2739.238751925063
CM3 2,CM9 6,6993.875739000619
CM3 3,CM3 4,3485.9799890091294
CM3 4,CM3 5,1472.2000531591295
CM3 4,CM3 6,2836.876108007245
CM3 4,CM3 8,11666.613960330335
CM3 4,CM9 6,6646.824669145618
CM3 5,CM3 6,2589.997281748504
CM3 5,CM3 7,3329.6838679722896
CM3 5,CM3 8,3178.186864670579
CM3 5,SS11 7,1257.0854675551002
CM3 6,CM3 8,3668.440748655236
CM3 6,CM9 6,27130.206862711617
CM3 7,SS11 7,388.26384672004446
CM3 8,SS11 7,15468.22979824582
CM4 0,CM4 9,20060.043264947264
CM4 0,CM5 0,2957.567390395212
CM4 0,CM5 9,6589.660225911276
CM4 9,SS11 7,1301.1952688492531
CM5 0,CM5 9,14683.014018295202
CM5 0,CM6 1,11397.863141277458
CM5 9,RM4 1,8691.298531580203
CM6 1,CM6 2,8902.356132292154
CM6 1,CM6 3,5661.151822741376
CM6 1,CM6 4,3062.244758551243
CM6 2,CM6 3,23101.914900778313
CM6 3,CM7 4,8217.534637211369
CM6 3,CM7 5,5590.396724007315
CM6 3,CM77 6,3298.634900651799
CM7 1,CM7 2,3180.2655528812174
CM7 1,CM7 3,3129.191006863021
CM7 1,CM7 5,954.6830732924577
CM7 1,CM7 9,490.6924483711455
CM7 1,CM77 6,1995.4656861833982
CM7 1,CM77 7,314.16140257375224
CM7 1,CM77 8,2142.5298567054638
CM7 2,CM7 5,2344.0046362735525
CM7 2,CM7 9,1771.1396889159505
CM7 2,CM77 6,390.59238497508903
CM7 2,CM77 7,1012.5109054045353
CM7 3,CM7 9,2205.154746751247
CM7 3,CM77 8,2538.0308164314342
CM7 4,CM7 5,17771.3229281476
CM7 4,CO9 1,4755.857835224064
CM7 4,CO9 3,4198.706323917278
CM7 4,CO9 4,11840.243841721232
CM7 5,CM7 9,3881.0114478783576
CM7 5,CM77 6,13292.290640897261
CM7 5,CM77 8,1963.3621319172084
CM7 5,CO9 1,4148.7992464861745
CM7 9,CM77 8,3912.9677342221403
CM77 6,CM77 7,2109.1743037815095
CM77 7,CM77 8,2335.712356704459
CM77 8,CM8 1,8081.013331930928
CM77 8,CM8 2,955.425979229992
CM77 8,CM8 3,5969.8540069896935
CM77 8,CO5 9,1542.5164586273174
CM77 8,CO6 1,8474.57543555489
CM77 8,CO9 1,4167.52496004021
CM8 1,CM8 2,6035.935594374677
CM8 1,CM8 3,3184.165623364275
CM8 2,CM8 3,7381.829553089469
CM8 3,CM9 6,3113.8888402622238
CM8 3,CM9 8,7258.033000177291
CM8 3,CO5 0,3343.4364439513383
CM8 3,CO5 9,9879.820598002638
CM9 4,CM9 5,2709.9303680057064
CM9 4,CM9 6,2422.493215892156
CM9 4,CM9 8,9000.767177649159
CM9 5,CM9 6,4361.333893636269
CM9 6,CM9 8,3024.497221630007
CM9 8,CO5 0,15758.527523580879
CM9 8,CO5 7,4052.3486968213215
CM9 8,CO5 9,1581.9935847512477
CO1 1,CO1 2,3718.868926557605
CO1 1,CO2 7,577.1066984813101
CO1 1,CO3 3,4219.82438799091
CO1 1,CO4 0,85.31469469127411
CO1 1,CO4 5,2894.892338940913
CO1 2,CO2 7,2599.834001335759
CO1 2,CO2 8,1457.2851406756054
CO1 2,CO4 0,1000.9120102582023
CO1 2,CO4 3,1795.440777879677
CO10 0,CO10 1,1315.5820185963262
CO10 0,CO10 2,3502.7374582543976
CO10 0,CO10 5,16365.279967727523
CO10 0,CO10 7,4476.542126775819
CO10 0,CO10 9,15242.562057760966
CO10 0,CO8 5,4887.433238990475
CO10 0,IP7 7,4899.253253991066
CO10 1,CO10 2,4868.428763989215
CO10 1,CO10 7,735.2614186300607
CO10 1,CO10 9,2795.9372684662303
CO10 2,CO10 7,8180.795128973285
CO10 5,CO6 4,4930.141559597187
CO10 5,CO6 5,5620.950323554677
CO10 5,CO8 5,4170.400031584394
CO10 5,IP7 6,7310.80052165725
CO10 5,IP7 7,1659.2294550643824
CO10 7,CO10 8,13177.4727375639
CO10 7,CO10 9,11392.053378812187
CO10 7,CO8 5,5125.782397599522
CO10 7,CO9 2,5577.464282901192
CO10 7,CO9 3,5942.270641219124
CO10 7,CO9 4,10651.16889921341
CO10 7,IP29 4,3142.22266203434
CO10 8,CO9 4,13511.04146643187
CO10 8,IP29 4,9929.277690595132
CO10 9,IP29 4,14072.899939802392
CO10 9,IP30 0,7901.0382970159535
CO10 9,IP7 7,12126.739709539372
CO11 1,CO11 2,7757.356060103105
CO11 1,CO7 6,4599.134292200822
CO11 1,IP9 2,5306.601820820592
CO11 2,CO12 5,13524.412749562774
CO11 2,CO16 0,2583.5248307831316
CO11 2,CO7 6,4160.769545858345
CO11 2,CO7 7,8022.859494747444
CO11 2,CO7 8,4780.5286845825385
CO12 3,CO12 4,6114.15633300338
CO12 3,CO12 5,858.3709865515439
CO12 4,CO12 5,4502.031798009879
CO12 5,CO16 0,9835.973018042343
CO13 0,CO13 9,4370.947392953386
CO13 0,CO14 8,3126.0873366753895
CO13 0,CO15 4,1668.067744412518
CO13 0,CO15 5,3355.8235737822565
CO13 0,CO16 0,4968.053626698304
CO13 0,CO16 9,1117.3598693374217
CO13 9,CO14 8,1451.032042232761
CO15 1,CO15 2,2792.09168788175
CO15 1,CO15 3,1547.4416453337085
CO15 1,CO15 6,742.323363023564
CO15 1,CO16 7,880.5200576086388
CO15 2,CO15 3,1144.324088283575
CO15 2,CO16 7,2633.0923298672737
CO15 2,CO16 8,3903.1882228272707
CO15 3,CO15 4,2487.402473746265
CO15 3,CO15 6,1575.2010005333711
CO15 3,CO16 7,1629.1714137886988
CO15 3,CO16 8,391.4971253915485
CO15 3,CO16 9,540.0446070935307
CO15 4,CO15 5,1707.27809025572
CO15 4,CO15 6,1484.962948258629
CO15 4,CO16 8,508.3687144425975
CO15 4,CO16 9,6570.532505818602
CO15 5,CO15 6,4777.038971951884
CO16 0,CO16 9,11081.531606535968
CO16 0,CO7 8,6969.8916593755375
CO16 7,CO16 8,6671.873009596089
CO16 8,CO16 9,10190.98531339848
CO16 9,CO7 8,5678.474870020587
CO2 0,CO2 8,4755.62142647831
CO2 0,CO2 9,2201.9842375836615
CO2 0,CO3 0,4042.939491478738
CO2 0,CO5 7,16017.367760421383
CO2 0,CO5 9,13203.825913392287
CO2 0,CO6 1,1288.1998354364132
CO2 7,CO2 8,2693.081334611642
CO2 7,CO2 9,3972.3191710277456
CO2 7,CO3 3,3821.0145449981787
CO2 7,CO3 4,15.37096660077546
CO2 8,CO2 9,4360.018981081713
CO2 8,CO4 3,1924.509580560734
CO2 8,CO5 7,1510.9677299229872
CO2 9,CO3 0,2825.937111812776
CO2 9,CO3 4,1272.2304471579046
CO2 9,CO3 9,450.5556566805485
CO2 9,CO5 7,699.7672284220271
CO3 0,CO3 8,5876.819098697161
CO3 0,CO3 9,3184.2980200807274
CO3 0,CO6 1,780.3555724722355
CO3 0,CO6 3,1584.973448738449
CO3 3,CO3 4,3065.483653260108
CO3 3,CO3 9,1566.060141089544
CO3 3,CO4 5,33.278876702660455
CO3 3,CO6 3,1646.2919275936201
CO3 4,CO3 9,3372.9665316838
CO3 8,CO3 9,1460.9658325295627
CO3 8,CO6 1,2899.5555781026537
CO3 8,CO6 3,621.6003410373874
CO3 9,CO6 1,538.1899849869294
CO3 9,CO6 3,13603.375812801984
CO4 0,CO4 3,4513.290364937419
CO4 0,CO4 5,817.2718538292736
CO4 0,CO4 9,3323.3112701443174
CO4 3,CO4 9,3.263872720342175
CO4 3,CO7 7,7429.202886444927
CO4 3,CO7 9,3139.5684023890626
CO4 5,CO4 6,6660.903869485333
CO4 5,CO4 9,8351.081137375128
CO4 5,CO6 3,1812.0684635125597
CO4 5,CO6 4,13651.379504048742
CO4 5,CO7 6,5777.8778016738315
CO4 5,CO7 7,1878.6444971832384
CO4 6,CO4 9,129.9467114209562
CO4 6,CO6 4,827.1356128507365
CO4 9,CO7 7,1634.44637920651
CO5 0,CO5 9,7033.982243123629
CO5 7,CO5 8,369.6702101082717
CO5 7,CO5 9,1716.460208009993
CO5 9,CO6 1,14904.603768072147
CO6 1,CO6 2,12045.199908451803
CO6 1,CO6 3,7574.206394124956
CO6 1,CO9 1,2317.00701841361
CO6 2,CO6 3,5011.915654564821
CO6 2,CO8 5,10867.401533188506
CO6 2,CO9 1,8364.02516365341
CO6 2,CO9 2,7134.397800355181
CO6 3,CO6 4,11794.786452881472
CO6 3,CO8 5,5893.869795620115
CO6 4,CO6 5,9071.162067991974
CO6 4,CO7 6,5940.6627362207055
CO6 4,CO8 5,3753.112013440221
CO6 5,CO7 6,2323.6986244022205
CO6 5,IP7 5,2087.183527978783
CO6 5,IP7 6,5070.704159108429
CO7 0,CO7 8,3370.8279421345596
CO7 6,CO7 7,4185.143392585117
CO7 6,IP7 5,15933.577389125958
CO7 6,IP8 3,4208.9482218356825
CO7 6,IP9 2,9368.018049190438
CO7 7,CO7 8,15525.372101738243
CO7 7,CO7 9,3712.6644112904883
CO8 5,CO9 2,3486.9173756619807
CO9 1,CO9 2,16308.769952480694
CO9 1,CO9 3,5886.466829970272
CO9 2,CO9 3,15895.97730954815
CO9 3,CO9 4,16035.697510815411
CR0 0,CR0 9,4662.347976040951
CR0 0,CR6 9,1185.3054106266145
CR0 0,TN16 3,354.47000778609515
CR0 1,CR0 2,1207.4312897470395
CR0 1,CR0 3,559.4338483109066
CR0 1,CR0 4,1693.5502420027788
CR0 1,CR0 5,1250.3201948792193
CR0 1,CR0 6,380.85346977214556
CR0 1,CR0 9,625.1841050082473
CR0 1,CR2 6,1129.6258347214919
CR0 1,CR2 7,884.7495872988806
CR0 2,CR0 3,1643.5823937683654
CR0 2,CR0 6,850.0243208317146
CR0 2,CR0 9,1654.363398961838
CR0 2,CR7 7,3887.0894164815963
CR0 2,SE25 5,2150.173766777528
CR0 2,SE25 6,194.76344724053018
CR0 3,CR0 4,6310.442441500394
CR0 3,CR4 1,664.3651506513638
CR0 3,CR4 4,537.3632957398896
CR0 3,CR7 6,1947.6844208628816
CR0 3,CR7 7,168.98060298044066
CR0 4,CR2 6,4399.244044097756
CR0 4,CR4 4,1214.6177924423491
CR0 4,SM6 7,3252.8649588782005
CR0 4,SM6 8,2749.4792447107934
CR0 4,SM6 9,1319.605627530339
CR0 5,CR0 6,1271.6518976448965
CR0 5,CR0 7,807.2981050877703
CR0 5,CR0 8,5104.557469895808
CR0 5,CR0 9,1338.5143569109607
CR0 5,CR2 7,2542.417010193395
CR0 5,CR2 8,1933.7937986598333
CR0 5,CR9 5,1179.1539519884727
CR0 6,CR0 7,2790.906156503327
CR0 6,SE25 5,2772.7877636870057
CR0 6,SE25 6,514.718038347725
CR0 7,CR0 8,3447.0061045797747
CR0 7,SE25 4,1133.213965332189
CR0 9,CR2 8,3646.4260879288454
CR0 9,CR6 9,2830.6288734370764
CR2 0,CR2 6,2617.900945359509
CR2 0,CR2 7,3550.4717378460973
CR2 0,CR2 8,2158.4141769407465
CR2 0,CR2 9,2214.3065295218084
CR2 0,CR8 1,1777.7355516997263
CR2 6,CR2 7,1339.4753238433514
CR2 6,CR8 1,572.3194128459322
CR2 6,CR8 2,2189.790467938252
CR2 6,SM6 9,149.0257057065691
CR2 7,CR2 8,2037.845187975706
CR2 7,CR9 5,2230.377577189256
CR2 8,CR2 9,2764.3735186281224
CR2 8,CR6 9,3237.8334384735267
CR2 9,CR3 0,108.93495398416464
CR2 9,CR6 9,3712.2748934062306
CR2 9,CR8 1,2012.2343724982711
CR2 9,CR8 5,1220.40731903418
CR3 0,CR3 5,1498.2323257976273
CR3 0,CR3 6,990.7099971229263
CR3 0,CR3 7,825.5529222639237
CR3 0,CR6 9,3953.5283060250476
CR3 0,CR8 5,3369.86869631947
CR3 5,CR3 6,5480.930935923864
CR3 5,CR5 1,4025.08558660364
CR3 5,CR8 5,1599.7771910127717
CR3 5,RH1 3,800.2914716940269
CR3 5,RH1 4,2229.101231178671
CR3 6,CR3 7,4143.991120354516
CR3 6,RH1 4,2458.5572650050353
CR3 6,RH9 8,1217.365444144248
CR3 7,CR6 9,5247.80273642142
CR3 7,RH8 0,3412.034162747125
CR3 7,RH8 9,378.7145125269971
CR3 7,RH9 8,1710.2285502528875
CR4 1,CR4 2,1977.5106336741787
CR4 1,CR4 4,2476.1340171969036
CR4 1,CR7 6,1191.0105169208985
CR4 1,SW16 4,1527.405203043972
CR4 1,SW16 5,3007.729592657931
CR4 2,CR4 3,2251.855548251425
CR4 2,CR4 4,726.7454802266647
CR4 2,SW16 5,297.1145713320518
CR4 2,SW16 6,949.9078341103693
CR4 2,SW17 9,1731.1515172366499
CR4 3,CR4 4,1974.4546505935182
CR4 3,SW17 9,361.4194423609173
CR4 3,SW19 2,2860.1338156476527
CR4 3,SW19 3,217.48349028786615
CR4 4,SM4 5,1152.9807083405146
CR4 4,SM4 6,2302.6510426265554
CR4 4,SM5 1,1755.9220592075485
CR4 4,SM5 2,527.4349432227432
CR4 4,SM6 7,1042.3933271060969
CR4 4,SW19 2,114.46423216377151
CR5 1,CR5 2,3369.379492113413
CR5 1,CR5 3,5331.0766481698665
CR5 1,CR8 4,483.69953169134385
CR5 1,CR8 5,2558.276629142716
CR5 1,RH1 3,1186.4890719702423
CR5 2,CR5 3,2708.306019846552
CR5 2,CR8 3,897.7207500625007
CR5 2,CR8 4,3757.5369720364806
CR5 2,SM5 4,2469.4480079209056
CR5 2,SM7 3,1399.6878991188755
CR5 3,KT20 6,4715.936770618288
CR5 3,KT20 7,2055.006250623091
CR5 3,RH1 3,4672.031872602239
CR5 3,SM7 3,1992.5365005169372
CR6 9,RH8 0,660.9488465030869
CR6 9,TN16 2,2460.3551217891827
CR6 9,TN16 3,3682.3394561933114
CR7 6,CR7 7,1666.5568820554172
CR7 6,SW16 4,597.0234300685191
CR7 7,CR7 8,1650.980416343221
CR7 7,SE25 6,1.4135618689436495
CR7 7,SW16 4,732.2222747548592
CR7 8,SE19 3,1749.1060547839284
CR7 8,SE25 6,1821.902112800414
CR7 8,SW16 3,1090.5223728530402
CR7 8,SW16 4,546.6517548353709
CR8 1,CR8 2,3913.2941299570743
CR8 1,CR8 5,984.1676468172639
CR8 2,CR8 3,2470.0868189356233
CR8 2,CR8 4,2639.7416301393146
CR8 2,CR8 5,2546.5874733619726
CR8 2,SM6 9,213.80662382310376
CR8 3,CR8 4,2015.441067428291
CR8 3,SM5 4,2209.47602863005
CR8 3,SM6 9,3150.8437004307043
CR8 4,CR8 5,2058.782594173542
CT1 1,CT1 2,1427.9593645564605
CT1 1,CT1 3,5115.280690264068
CT1 1,CT2 0,2220.483006253087
CT1 1,CT2 7,3126.678188704702
CT1 1,CT2 8,354.88533077029945
CT1 1,CT3 1,855.0051237586949
CT1 1,CT3 4,2184.2666815795865
CT1 1,CT4 5,3176.4748794748607
CT1 2,CT1 3,1987.0283784862806
CT1 2,CT2 8,1749.2302335227153
CT1 3,CT2 8,572.3170941313246
CT1 3,CT2 9,2002.2918648199102
CT1 3,CT4 5,592.8737143852424
CT1 3,CT4 7,8086.46174092472
CT10 1,CT10 2,2632.7266633605745
CT10 1,CT10 3,2176.908991924267
CT10 1,CT11 8,768.6079025619122
CT10 2,CT10 3,1841.9678113495675
CT10 2,CT11 7,1171.4230726654448
CT10 2,CT12 6,2272.8310365174398
CT10 2,CT9 4,1858.337523105662
CT10 3,CT9 3,2928.465177775945
CT11 0,CT11 7,498.6455494818571
CT11 0,CT11 9,1321.8593540796428
CT11 0,CT12 5,1419.8370119642098
CT11 0,CT12 6,2758.7318411404285
CT11 7,CT11 8,2482.2323153023285
CT11 7,CT11 9,1809.0184329058075
CT11 7,CT12 6,1662.9167007880235
CT11 8,CT11 9,1123.0743142369313
CT11 9,CT12 6,144.7289499965062
CT12 4,CT12 5,7879.171807087684
CT12 4,CT13 9,750.9765729969954
CT12 4,CT3 1,62.468672841057554
CT12 4,CT3 2,892.0151678256843
CT12 4,CT7 0,9227.561359577672
CT12 4,CT7 9,263.53337301086066
CT12 5,CT12 6,2855.923986127006
CT12 5,CT13 9,463.71724271118603
CT12 5,CT14 0,512.10907030866
CT12 5,CT7 0,1707.9237521963312
CT12 5,CT9 4,4093.504477134362
CT12 6,CT9 4,527.3770644746921
CT13 0,CT13 9,4701.353482983789
CT13 0,CT14 0,11265.864923794918
CT13 0,CT15 4,1022.4255555455809
CT13 0,CT3 1,10095.179085018057
CT13 0,CT3 2,6501.371961603167
CT13 9,CT14 0,4709.903835436017
CT13 9,CT3 2,961.0201757228207
CT14 0,CT14 6,1084.5506470478917
CT14 0,CT14 8,1578.7784967589025
CT14 0,CT14 9,7767.81481608932
CT14 0,CT15 4,5496.515670086871
CT14 0,CT15 5,11979.783804718812
CT14 0,CT16 3,1278.3676489369
CT14 6,CT14 7,913.0992128036603
CT14 6,CT14 9,1453.2997590977802
CT14 7,CT14 8,3018.982876703899
CT14 7,CT14 9,3052.7468379611173
CT14 8,CT14 9,1420.5584469818884
CT14 8,CT15 5,7226.344834224535
CT14 8,CT15 6,3823.2845047237893
CT15 4,CT15 5,1926.8670792504006
CT15 4,CT15 7,2643.695717877659
CT15 4,CT3 1,5811.482479401063
CT15 4,CT3 3,4553.230848699292
CT15 4,CT4 6,2704.079721980808
CT15 5,CT15 6,7096.427401894777
CT15 5,CT15 7,8357.053592319862
CT15 5,CT16 1,3519.075541561443
CT15 5,CT16 2,1356.5849071164769
CT15 5,CT16 3,6066.467067765228
CT15 5,CT4 6,3820.8376988322616
CT15 6,CT16 1,200.96006246929736
CT15 7,CT16 3,7301.0621094623475
CT15 7,CT17 0,3812.081134614474
CT15 7,CT17 9,3413.775620302577
CT15 7,CT18 7,13977.13552604385
CT15 7,CT18 8,3057.884116382495
CT15 7,CT4 6,8620.462186286442
CT16 1,CT16 2,2029.0123435930905
CT16 1,CT17 0,349.2163254870463
CT16 1,CT17 9,1499.3158706037648
CT16 2,CT16 3,3035.8830693159853
CT16 2,CT17 0,4184.602963600981
CT16 3,CT17 0,1343.7532910432349
CT17 0,CT17 9,3305.755201251632
CT18 7,CT18 8,7206.52008563129
CT18 7,CT19 4,1056.0893528406243
CT18 7,CT19 6,5572.167592869291
CT18 8,CT19 4,2679.0459413351373
CT18 8,CT21 4,7200.5410831332465
CT18 8,CT21 5,1773.055824232718
CT18 8,CT4 6,16462.359023253197
CT18 8,TN25 6,2162.95376332068
CT19 4,CT19 5,1033.0902632439013
CT19 4,CT19 6,1001.7261954594007
CT19 4,CT20 3,3706.0357500344944
CT19 4,CT21 5,453.5558384144399
CT19 5,CT19 6,3351.114913853422
CT19 5,CT20 1,1149.6854366543992
CT19 5,CT20 2,1171.5810271327275
CT19 5,CT20 3,142.73792095859818
CT19 6,CT20 1,1912.6677965353003
CT2 0,CT2 7,136.0297083906597
CT2 0,CT2 9,4418.218405128822
CT2 0,CT3 1,1389.746467486456
CT2 0,CT3 4,7148.625055370783
CT2 0,CT5 3,1010.4517874743244
CT2 0,CT6 7,3654.143601693467
CT2 7,CT2 8,3430.2572867584186
CT2 7,CT2 9,9384.250251259371
CT2 7,CT5 3,1727.2660940430646
CT2 8,CT2 9,3687.0912072512665
CT2 9,CT4 7,2971.009420446934
CT2 9,CT5 3,9915.449020631466
CT2 9,ME13 9,992.8816621141098
CT20 1,CT20 2,2039.0424968668158
CT20 2,CT20 3,1873.4934880996768
CT20 3,CT21 5,2592.838642094251
CT21 4,CT21 5,4304.214979685703
CT21 4,CT21 6,6369.516948496611
CT21 4,TN25 6,12900.868814352909
CT21 4,TN25 7,3168.519510985715
CT21 4,TN29 0,6370.339621893786
CT21 5,CT21 6,3158.5081015000183
CT3 1,CT3 2,9527.73759242751
CT3 1,CT3 3,5051.511632950267
CT3 1,CT3 4,18608.380538032463
CT3 1,CT4 5,6341.006035600355
CT3 3,CT4 5,2830.762675417314
CT3 3,CT4 6,6870.243016174182
CT3 4,CT6 6,2909.195331839651
CT3 4,CT6 7,6354.110477985007
CT3 4,CT7 0,5170.361533248099
CT4 5,CT4 6,14264.039682417686
CT4 5,CT4 7,17679.474007170098
CT4 5,CT4 8,525.8211954181972
CT4 5,TN25 5,6053.675855795074
CT4 6,TN25 5,4256.250803314553
CT4 6,TN25 6,2234.9050397049546
CT4 7,CT4 8,13071.568748969783
CT4 7,ME13 9,3409.8245915783436
CT4 7,TN25 4,4920.308136389311
CT4 7,TN25 5,5973.916966615786
CT4 8,ME13 0,4731.321847858473
CT4 8,ME13 9,5637.739239156816
CT4 8,TN25 4,3421.6907549442235
CT5 1,CT5 2,2120.2877492020384
CT5 1,CT5 3,2804.5863993533494
CT5 1,CT5 4,3877.2463333206515
CT5 2,CT5 3,2026.8199811633956
CT5 2,CT6 8,1480.9990775039932
CT5 3,CT5 4,13031.48913814096
CT5 3,CT6 7,5028.592505949329
CT5 3,CT6 8,270.90371869457186
CT5 3,ME13 9,6956.665523124439
CT5 4,ME13 9,2729.631538394276
CT6 5,CT6 6,2499.243488040275
CT6 5,CT6 7,7541.785518139677
CT6 5,CT6 8,3118.2377103317717
CT6 6,CT6 7,3426.4036523740288
CT6 6,CT7 0,3459.780647276341
CT6 7,CT6 8,1992.2634487498833
CT7 0,CT7 9,11788.345160683426
CT7 0,CT8 8,0.8369105391001385
CT7 0,CT9 4,1963.5388251104052
CT7 9,CT8 8,2953.2583321199595
CT8 8,CT9 4,554.1497348203985
CT8 8,CT9 5,2255.6903514462783
CT9 1,CT9 2,2680.3735336693157
CT9 1,CT9 5,1183.171263605969
CT9 2,CT9 3,3318.260854341196
CT9 2,CT9 4,532.5429202200634
CT9 2,CT9 5,240.79509379478884
CT9 3,CT9 4,950.5904179392236
CT9 4,CT9 5,5200.003373037716
CV1 1,CV1 2,777.8162088787046
CV1 1,CV1 3,428.50970207196224
CV1 1,CV1 4,943.1986554891189
CV1 1,CV1 5,665.507097447637
CV1 2,CV1 3,1169.7168285859548
CV1 2,CV1 5,2218.153202496583
CV1 2,CV2 4,282.2599122788111
CV1 2,CV3 1,1306.900787863292
CV1 2,CV3 4,536.435239863238
CV1 2,CV3 5,1350.1165124388726
CV1 2,CV3 6,674.0555691471209
CV1 3,CV1 4,1023.9179272556098
CV1 3,CV3 6,59.377319717778214
CV1 3,CV5 6,1942.4259038466546
CV1 3,CV5 8,697.5074066784773
CV1 3,CV6 1,182.73870074564866
CV1 4,CV1 5,1219.0732190404315
CV1 4,CV6 1,1270.0347383096841
CV1 4,CV6 3,1669.0654012458303
CV1 4,CV6 5,1533.8168453797055
CV1 5,CV2 4,1936.2214431095106
CV1 5,CV6 5,528.1263410863015
CV10 0,CV10 8,389.9686530805168
CV10 0,CV10 9,10726.637046823535
CV10 0,CV11 5,2054.2830112798924
CV10 0,CV11 6,4055.934505829583
CV10 0,CV13 6,4089.513569757117
CV10 0,CV9 1,6648.1881686034285
CV10 0,CV9 2,6798.932362915603
CV10 7,CV10 8,6227.523614043594
CV10 7,CV11 4,2272.0945264604593
CV10 7,CV11 5,1611.4345469349666
CV10 7,CV12 0,6882.576553107369
CV10 7,CV12 8,2113.1712819880395
CV10 7,CV12 9,2222.625288190189
CV10 8,CV10 9,5075.479835682235
CV10 8,CV11 5,556.9806663383888
CV10 9,CV12 0,413.38523443418467
CV10 9,CV7 8,3723.889935509736
CV11 4,CV11 5,2739.016324362959
CV11 4,CV11 6,6469.05228215308
CV11 4,CV12 9,2291.898558717775
CV11 5,CV11 6,281.46070995879677
CV11 6,CV12 9,2739.8202504073734
CV11 6,CV13 6,2412.3462918242785
CV11 6,LE10 0,2186.5103192495462
CV11 6,LE10 2,1318.4473855733368
CV11 6,LE10 3,8850.487824442918
CV12 0,CV12 8,2491.039266775328
CV12 0,CV7 8,8421.08588087092
CV12 0,CV7 9,3799.0343228645197
CV12 8,CV12 9,3712.7233428463405
CV12 8,CV7 9,870.9965523470038
CV12 9,CV2 1,124.63320922592584
CV12 9,CV6 6,2906.086795203492
CV12 9,CV7 9,5772.575593847002
CV12 9,LE10 3,3857.808593615774
CV13 0,CV13 6,20629.910530072637
CV13 0,LE67 1,5146.636926281015
CV13 0,LE67 2,2636.53913670452
CV13 0,LE67 6,3523.4661826714705
CV13 0,LE9 7,2582.4196879782075
CV13 0,LE9 8,1333.7323392630115
CV13 0,LE9 9,8836.302169898192
CV13 6,CV9 1,390.75626365849723
CV13 6,CV9 3,21078.76797747941
CV13 6,DE12 7,1524.7004646185185
CV13 6,LE10 0,5610.94247661003
CV13 6,LE67 2,4063.4828007974575
CV13 6,LE9 8,2890.8197444503144
CV2 1,CV2 2,5172.31587089711
CV2 1,CV2 3,1311.0286690597227
CV2 1,CV6 6,2426.1197206414477
CV2 1,CV6 7,3311.897458681958
CV2 1,CV7 9,932.0044955851317
CV2 2,CV2 3,1035.391188403756
CV2 2,CV2 5,2895.0842805750694
CV2 2,CV23 0,8346.493224396781
CV2 2,CV3 2,3941.357027413788
CV2 2,CV7 9,10940.932991036232
CV2 3,CV2 4,2370.2175544934944
CV2 3,CV2 5,2036.4658130128278
CV2 3,CV6 7,2092.19842486498
CV2 4,CV2 5,1405.1021219532633
CV2 4,CV3 1,1199.2049891776232
CV2 4,CV6 5,751.8727792527529
CV2 4,CV6 7,257.523138426007
CV2 5,CV3 1,1475.2957180572428
CV2 5,CV3 2,2314.559635683735
CV21 1,CV21 2,3018.0362077590844
CV21 1,CV21 3,1422.359994459602
CV21 1,CV22 7,1307.8546434249615
CV21 1,CV23 0,10886.458813438832
CV21 2,CV21 3,1720.267820312504
CV21 2,CV22 6,377.06296889588293
CV21 2,CV22 7,3938.9582689268645
CV21 3,CV21 4,2079.3748327647945
CV21 3,CV22 5,3389.8437213390603
CV21 3,CV22 6,227.22696054422315
CV21 3,CV23 0,1325.3251171588186
CV21 3,CV23 1,376.8358397963218
CV21 4,CV22 5,2672.2769358938363
CV21 4,CV23 1,3851.99802983053
CV21 4,CV23 8,3693.2675116481614
CV22 5,CV22 6,4164.052400408022
CV22 5,CV22 7,2329.8766020733474
CV22 5,CV23 8,2914.363304406338
CV22 6,CV22 7,16109.195566881943
CV22 7,CV23 0,56.00987421891996
CV22 7,CV23 8,4521.52624476344
CV22 7,CV23 9,14236.138776804923
CV23 0,CV23 1,8031.191584374359
CV23 0,CV23 9,7444.396938440879
CV23 0,CV3 2,715.2138140317666
CV23 0,CV7 9,4556.067982581539
CV23 0,CV8 3,2970.813479970102
CV23 0,LE10 3,2443.9315293057043
CV23 0,LE17 4,7451.8143017690045
CV23 0,LE17 5,2384.4776018244975
CV23 0,LE17 6,5306.703486485133
CV23 0,NN6 6,2959.4069645534796
CV23 1,CV23 8,1342.075451682967
CV23 1,NN6 6,2701.029727904805
CV23 1,NN6 7,386.6775900619646
CV23 8,CV23 9,12964.433679010252
CV23 8,CV47 8,13258.860346537156
CV23 8,CV47 9,2676.1523625121613
CV23 8,NN11 2,4058.6748717689757
CV23 8,NN11 6,2723.289476712945
CV23 8,NN11 7,11525.95419376896
CV23 8,NN6 7,9927.388649834202
CV23 9,CV33 9,7749.383431965397
CV23 9,CV47 9,2521.2824839159794
CV23 9,CV8 3,16545.461513993178
CV3 1,CV3 2,2661.8822604952934
CV3 1,CV3 3,51.38753499115253
CV3 1,CV3 4,1516.20090599487
CV3 2,CV3 3,1948.6917965282319
CV3 2,CV8 3,3808.2394735731077
CV3 3,CV3 4,2695.0677068133855
CV3 3,CV8 3,1717.5928838993668
CV3 4,CV3 5,3122.885886795202
CV3 4,CV8 3,3271.235134228021
CV3 5,CV3 6,5075.067202657378
CV3 5,CV8 3,746.7505903361366
CV3 6,CV4 7,6234.556052228743
CV3 6,CV5 6,1267.3678106234267
CV3 6,CV8 3,333.5595824586392
CV31 1,CV31 2,6556.775968547363
CV31 1,CV31 3,299.2754984258952
CV31 1,CV32 4,3658.2219476108403
CV31 1,CV33 9,6758.4974207370715
CV31 2,CV31 3,2774.908286076506
CV31 2,CV33 9,4619.549704855249
CV31 2,CV34 6,1789.7846527599147
CV31 3,CV32 4,1.302746713650729
CV31 3,CV32 5,1709.7923140088603
CV31 3,CV32 6,510.5889891066829
CV31 3,CV34 6,2621.047173849664
CV31 3,CV34 8,542.0343208181047
CV32 4,CV32 5,3456.3985918201533
CV32 4,CV32 7,2532.751535414901
CV32 4,CV33 9,1851.7265817437506
CV32 5,CV32 6,4717.361925319479
CV32 5,CV32 7,1162.7831211447028
CV32 6,CV32 7,2620.2370410303643
CV32 6,CV34 5,1655.5225639305957
CV32 6,CV34 6,436.6719734757136
CV32 6,CV35 7,5695.475844047213
CV32 6,CV8 2,2099.403372572521
CV32 7,CV33 9,7860.167039858119
CV32 7,CV8 2,928.5873803029626
CV32 7,CV8 3,2860.443179067645
CV33 9,CV34 6,3449.842987520337
CV33 9,CV34 7,1401.6603743287699
CV33 9,CV35 0,7676.8468990676965
CV33 9,CV35 8,5842.438201266199
CV33 9,CV35 9,3738.727149113228
CV33 9,CV47 0,537.6064706129348
CV33 9,CV47 1,651.3238491297377
CV33 9,CV47 2,12776.911433868481
CV33 9,CV47 9,8740.735016446168
CV33 9,CV8 3,4305.596518751338
CV34 4,CV34 5,4548.676675512428
CV34 4,CV34 6,9377.382464369955
CV34 5,CV34 6,1317.8584288525444
CV34 5,CV35 7,5647.729881355154
CV34 5,CV35 8,286.2731503766386
CV34 6,CV34 7,2469.387388168721
CV34 6,CV34 8,2522.5109936421704
CV34 6,CV35 8,9521.530865766894
CV35 0,CV35 9,17033.45905052173
CV35 0,CV36 5,4916.245474706676
CV35 0,CV37 7,6758.900033569162
CV35 0,CV47 2,12043.137773645605
CV35 0,OX15 5,4171.980068945948
CV35 0,OX15 6,10569.18492405937
CV35 0,OX17 1,1242.6167165657857
CV35 7,CV35 8,12069.476884609923
CV35 7,CV8 1,12455.51038066514
CV35 7,CV8 2,1337.085738868385
CV35 8,CV35 9,10220.184777474959
CV35 8,CV37 0,21341.124840320168
CV35 8,CV37 7,3070.018258870307
CV35 8,CV37 9,147.90381004903568
CV35 9,CV37 7,9992.791954317523
CV35 9,CV37 8,2943.1414447608977
CV36 4,CV36 5,9029.992389331774
CV36 4,CV37 8,15504.946130041832
CV36 4,GL55 6,6814.945314889592
CV36 4,GL56 9,5049.197253083652
CV36 5,CV37 7,5266.877946399163
CV36 5,CV37 8,4143.8034340458335
CV36 5,GL56 0,8348.47181125143
CV36 5,GL56 9,11931.037458639634
CV36 5,OX15 5,16807.69770087646
CV36 5,OX7 5,8176.193392816807
CV37 0,CV37 6,5881.204018001031
CV37 0,CV37 7,3233.229866800727
CV37 0,CV37 9,10023.319322383448
CV37 6,CV37 7,2343.22274850121
CV37 6,CV37 8,957.0414056611354
CV37 6,CV37 9,3651.598746109129
CV37 7,CV37 8,15499.471330025286
CV37 8,CV37 9,6182.284086094636
CV37 8,GL55 6,9882.903831790618
CV37 8,WR11 7,3388.9838455419354
CV37 8,WR11 8,4652.664191670987
CV4 7,CV4 8,2331.959078078762
CV4 7,CV5 6,1772.0502143675953
CV4 7,CV8 1,2904.9073358220794
CV4 7,CV8 2,5010.955835378637
CV4 7,CV8 3,11392.472154990603
CV4 8,CV4 9,4220.9133197533765
CV4 8,CV5 6,1073.0214609049685
CV4 8,CV8 1,2375.169509026658
CV4 9,CV5 6,0.4106818720888216
CV4 9,CV5 7,7384.4448104861085
CV4 9,CV5 8,922.2052027127833
CV4 9,CV7 7,6499.550654431294
CV4 9,CV8 1,60.14801105639281
CV47 0,CV47 1,6463.0647539974
CV47 0,CV47 8,1461.9389526879122
CV47 0,CV47 9,2913.9058341017844
CV47 1,CV47 2,5936.014745505664
CV47 1,CV47 8,5715.839645259033
CV47 2,CV47 7,6423.868796177103
CV47 2,CV47 8,3175.711740524963
CV47 2,NN11 6,3176.7621332212107
CV47 2,OX17 1,14271.229188428217
CV47 7,CV47 8,3142.937074232881
CV47 7,NN11 3,1288.611767095028
CV47 7,NN11 6,8970.649290419688
CV47 8,CV47 9,2753.543076495629
CV47 8,NN11 6,5244.335591542293
CV5 6,CV5 7,704.5021692245872
CV5 6,CV5 8,2555.8051329369873
CV5 7,CV5 8,1518.264970602382
CV5 7,CV5 9,5904.511204355292
CV5 7,CV7 7,149.95752436968417
CV5 8,CV5 9,2278.655657280434
CV5 8,CV6 1,2524.7172084855824
CV5 9,CV6 1,1260.5821470482051
CV5 9,CV6 2,2146.8245879683786
CV5 9,CV7 7,7932.080287998207
CV5 9,CV7 8,8641.435738576427
CV6 1,CV6 2,3746.755497971386
CV6 1,CV6 3,1396.1148002305322
CV6 2,CV6 3,1225.9831274616793
CV6 2,CV6 4,3349.4606522485005
CV6 2,CV7 8,3405.68080227828
CV6 3,CV6 4,1767.988872732984
CV6 3,CV6 5,886.8533712576238
CV6 4,CV6 5,731.691671680062
CV6 4,CV6 6,4715.132609886021
CV6 4,CV7 8,15.782799909925021
CV6 4,CV7 9,861.602839904102
CV6 5,CV6 6,705.4748717372336
CV6 5,CV6 7,2106.7933937549847
CV6 6,CV6 7,3625.4524570300127
CV6 6,CV7 9,4828.2166812468095
CV7 7,CV7 8,4115.031458923142
CV7 7,CV8 1,13996.293740535499
CV7 8,CV7 9,3260.517428081411
CV7 9,LE10 3,6638.337780755536
CV8 1,CV8 2,5765.994670687722
CV8 2,CV8 3,5507.01301548596
CV9 1,CV9 2,2420.4771001803515
CV9 1,CV9 3,7426.260969910915
CV9 2,CV9 3,5688.9356285305
CV9 3,DE12 7,6425.1303502415185
CW1 2,CW1 3,1619.499844721254
CW1 2,CW1 4,1959.192409727296
CW1 2,CW1 6,735.2675745755365
CW1 2,CW2 7,1147.290084132912
CW1 3,CW1 4,6715.534191063723
CW1 3,CW2 7,1512.469394681829
CW1 3,CW2 8,1529.5111653491788
CW1 4,CW1 5,2906.3796346248846
CW1 4,CW10 0,2599.146651100018
CW1 4,CW11 3,6715.307008075758
CW1 4,CW2 8,1425.6653590907501
CW1 4,CW5 6,7091.906652930159
CW1 5,CW1 6,4533.584829027833
CW1 5,CW11 3,3386.9327240178195
CW1 5,CW11 4,5882.8231195081225
CW1 5,CW2 5,7468.711569659184
CW1 5,ST7 2,2743.018043814207
CW1 6,CW2 5,913.1613789484104
CW1 6,CW2 6,1209.5366312629196
CW1 6,CW2 7,211.22153472873202
CW10 0,CW10 9,8236.238499287425
CW10 0,CW11 1,380.4974900370713
CW10 0,CW11 3,5760.84883824237
CW10 0,CW4 7,3732.9038236135775
CW10 0,CW5 6,1205.5400088070298
CW10 0,CW7 3,1017.1597915679993
CW10 0,CW7 4,1759.978557207308
CW10 9,CW4 7,5424.439955470435
CW10 9,CW4 8,4255.808238967933
CW10 9,CW7 3,6182.662998575358
CW10 9,CW9 7,4915.275560393488
CW10 9,CW9 8,8547.632386614907
CW10 9,WA16 9,1527.0741887991032
CW11 1,CW11 2,5140.184343960139
CW11 1,CW11 3,9032.30445385275
CW11 1,CW11 4,5774.733988687473
CW11 1,CW12 2,4654.3389932014625
CW11 1,CW12 4,7149.7430195815
CW11 1,CW4 7,8732.835149514945
CW11 1,CW4 8,3653.0158230410852
CW11 2,CW11 4,7723.098018913373
CW11 2,CW12 3,781.1647353437363
CW11 2,CW12 4,2933.82993688709
CW11 2,ST7 3,2479.704371082473
CW11 3,CW11 4,5575.948365400346
CW11 4,ST7 2,4623.374994725196
CW11 4,ST7 3,2954.2790121937605
CW12 1,CW12 2,5692.880860283167
CW12 1,CW12 3,1704.0264585220248
CW12 1,CW12 4,1623.9822933359194
CW12 2,CW12 3,6824.158662494661
CW12 2,CW12 4,9813.601766331672
CW12 2,CW4 8,3125.0260666615304
CW12 2,SK11 0,1792.6961184285778
CW12 2,SK11 9,14266.01889290519
CW12 3,CW12 4,11618.256241687794
CW12 3,SK11 0,3694.5543012416865
CW12 3,ST7 3,5579.412600317359
CW12 3,ST7 4,10.016143818604597
CW12 3,ST8 6,2325.3979489923104
CW12 3,ST8 7,3189.0695267749047
CW12 4,ST8 6,2011.2115585128845
CW2 5,CW2 6,5241.348244747307
CW2 5,CW3 9,3368.132766794573
CW2 5,CW5 7,10290.084607563695
CW2 5,ST7 2,1896.4568276454431
CW2 5,ST7 8,6054.643382644099
CW2 6,CW2 7,1474.7386524724475
CW2 6,CW2 8,2426.3231997372127
CW2 6,CW5 6,1784.0254587611007
CW2 6,CW5 7,771.2907686544547
CW2 7,CW2 8,5633.058332878463
CW2 8,CW5 6,7174.563698677728
CW3 0,CW5 7,7256.736583700721
CW3 0,CW5 8,10075.597507192415
CW3 0,SY13 4,796.0876798653633
CW3 0,TF9 3,4264.151652915873
CW3 0,TF9 4,6052.308646490198
CW3 9,CW5 7,6707.050098268777
CW3 9,ST5 4,2440.466685831164
CW3 9,ST5 5,7249.097665512056
CW3 9,ST7 8,7114.584804121639
CW3 9,TF9 4,12672.2270816411
CW4 7,CW4 8,8583.701954838134
CW4 8,SK11 9,2570.028802022528
CW4 8,WA16 9,10663.678951087893
CW5 5,CW5 6,6981.009093187863
CW5 5,CW5 7,1391.6990868376254
CW5 5,CW5 8,2479.989526425983
CW5 6,CW5 7,6734.558398918013
CW5 6,CW5 8,13930.202901031804
CW5 6,CW6 9,18039.973582540417
CW5 6,CW7 4,14912.141112847541
CW5 7,CW5 8,6443.6330609668385
CW5 7,TF9 4,4057.7942815640363
CW5 8,CW6 9,6591.607642593759
CW5 8,SY13 4,17212.610822778825
CW5 8,SY14 8,4127.042630040408
CW6 0,CW6 9,13753.453901952596
CW6 0,CW8 2,16426.86546926796
CW6 9,CW7 2,4223.4925262839215
CW6 9,CW7 4,12929.51197905725
CW6 9,CW8 2,4796.937173142384
CW6 9,SY14 8,7668.808213779947
CW7 1,CW7 2,3253.605859191464
CW7 1,CW7 4,8700.867931277338
CW7 2,CW7 3,2093.8288050760852
CW7 2,CW7 4,1952.3845634230222
CW7 2,CW8 2,10249.917105907392
CW7 2,CW9 8,968.0617255144838
CW7 3,CW7 4,3430.968176508599
CW7 3,CW9 8,589.284104263424
CW8 1,CW8 2,4005.101256706214
CW8 1,CW8 3,2873.5368625194137
CW8 1,CW8 4,4487.507800701738
CW8 1,CW9 5,1923.839384700459
CW8 1,CW9 6,575.8793373817317
CW8 1,CW9 8,3079.1584990634997
CW8 2,CW8 3,10037.94220829695
CW8 2,CW8 4,875.6135238003021
CW8 2,CW9 8,2227.5271258043754
CW8 2,WA4 4,486.2102665923221
CW8 2,WA6 6,2730.9308189807525
CW8 2,WA6 8,9565.717086551205
CW8 2,WA6 9,865.7620718725741
CW8 2,WA7 3,323.73171661860636
CW8 3,CW8 4,5815.595122913457
CW8 3,WA4 4,3201.6528762672174
CW8 4,CW9 6,5077.4544096482205
CW8 4,WA4 4,4986.469546453549
CW9 5,CW9 6,1336.520181740174
CW9 5,CW9 7,3152.105671217432
CW9 5,CW9 8,2605.974724745116
CW9 6,CW9 7,5217.262388195781
CW9 6,WA16 0,16313.441876642806
CW9 6,WA4 3,1601.71654210393
CW9 6,WA4 4,7185.19086691823
CW9 7,CW9 8,5347.093868151821
CW9 7,WA16 0,3202.443443531785
CW9 7,WA16 9,3343.69860140548
DA1 1,DA1 2,2228.2434487558485
DA1 1,DA1 5,2728.0987907827425
DA1 1,DA2 6,4352.258255479245
DA1 1,DA2 7,2562.27958712239
DA1 2,DA1 3,4172.18047820245
DA1 2,DA1 5,2437.2589233475237
DA1 2,DA2 7,1935.2549426939904
DA1 3,DA1 4,3460.7844076153674
DA1 3,DA1 5,418.5286492767274
DA1 3,DA2 7,210.99691145588378
DA1 3,DA5 1,1172.0445713598237
DA1 3,DA5 2,2200.124390907482
DA1 4,DA1 5,329.8711198700097
DA1 4,DA5 1,279.30633495871785
DA1 4,DA6 7,290.601864512664
DA1 4,DA7 6,2859.5217890245303
DA1 4,DA8 2,1853.170204364786
DA1 5,DA2 6,165.7853025143162
DA1 5,DA8 2,200.2129689695915
DA1 5,DA9 9,1392.3746035602612
DA10 0,DA10 1,2850.2601181252476
DA10 0,DA11 8,445.11803628076615
DA10 0,DA11 9,3916.286670917162
DA10 0,DA13 9,444.81952045911015
DA10 0,DA9 9,2093.4961355451087
DA10 1,DA13 9,1235.9257173507235
DA10 1,DA2 8,1592.0815278800555
DA10 1,DA9 9,2009.6578529345018
DA11 0,DA11 7,958.9630341719239
DA11 0,DA11 8,746.4874218298478
DA11 0,DA11 9,2088.2811342048367
DA11 0,DA12 1,1359.1671309112935
DA11 0,DA12 2,304.9416567609796
DA11 7,DA11 8,2920.5194835209095
DA11 7,DA12 1,80.10210473646421
DA11 7,DA12 5,3432.4639780833995
DA11 7,DA13 9,1424.4085950914366
DA11 8,DA11 9,3858.5084981707964
DA11 8,DA13 9,2991.3339007561353
DA12 1,DA12 2,2585.174060856067
DA12 1,DA12 4,371.3922038109404
DA12 1,DA12 5,1307.9587738992564
DA12 2,DA12 4,3808.4632403204705
DA12 2,DA12 5,283.57654949879054
DA12 3,DA12 4,6830.908335428497
DA12 3,DA12 5,1712.222801490047
DA12 3,DA13 0,4386.379789008648
DA12 3,DA13 9,9186.679692876858
DA12 3,ME2 1,3285.583129759513
DA12 3,ME2 2,567.4218906907686
DA12 3,ME2 3,829.8953625249417
DA12 3,ME3 7,7266.717721261108
DA12 4,DA12 5,2986.025049782426
DA12 5,DA13 9,212.30090261143252
DA13 0,DA13 9,3446.0810930508364
DA13 0,DA3 7,1378.0456357492271
DA13 0,DA3 8,1521.619680766163
DA13 0,ME19 5,5872.561610004328
DA13 0,ME2 1,3512.1053002680374
DA13 0,ME6 5,1992.2190870814038
DA13 0,TN15 7,6349.623474943239
DA13 9,DA2 7,1696.5627893003543
DA13 9,DA2 8,1749.548628782818
DA13 9,DA3 7,4967.210121318518
DA14 4,DA14 5,3622.1302694669985
DA14 4,DA14 6,2556.423517996882
DA14 4,DA15 7,1182.0169646704003
DA14 4,DA15 9,1789.5590584711238
DA14 4,DA5 3,2050.2691102332747
DA14 5,DA14 6,2333.064263472583
DA14 5,DA2 7,1388.041706057271
DA14 5,DA5 1,1031.703759928032
DA14 5,DA5 2,2271.3984879099085
DA14 5,DA5 3,456.5981174972834
DA14 6,DA15 7,2231.385742213279
DA15 7,DA15 8,2534.3017350524365
DA15 7,DA15 9,1778.2929973108933
DA15 7,SE9 2,78.1222129356822
DA15 7,SE9 3,1074.6306881303633
DA15 8,DA15 9,4581.13135933651
DA15 8,DA16 2,1586.0031820794984
DA15 8,SE9 2,3307.145140773153
DA15 9,DA16 2,1033.4447685899272
DA15 9,DA5 3,3526.425502753956
DA16 1,DA16 2,1069.246828667891
DA16 1,DA16 3,1499.97660281163
DA16 1,DA6 8,999.9226280843687
DA16 1,DA7 4,2057.3811762727646
DA16 1,DA7 5,1048.0023908011713
DA16 1,SE2 0,1101.127865056744
DA16 2,DA16 3,2849.9566874321713
DA16 2,DA5 1,437.7187148630903
DA16 2,DA6 8,1605.1930717455707
DA16 2,SE18 2,633.320352494548
DA16 2,SE9 1,201.65529872245932
DA16 2,SE9 2,539.5555410834435
DA16 3,SE18 2,2179.9463996233785
DA16 3,SE2 0,655.9506784909685
DA17 5,DA17 6,3238.1469190354487
DA17 5,DA18 4,1673.8666599515286
DA17 5,DA7 5,768.9666497086412
DA17 5,SE2 0,3529.6314433015405
DA17 5,SE2 9,273.9958800394211
DA17 6,DA18 4,2127.887843538276
DA17 6,DA7 5,528.6790867538678
DA17 6,DA8 1,4701.597195839281
DA18 4,SE2 9,2193.249320784808
DA18 4,SE28 8,1664.996524607735
DA2 6,DA2 7,3671.0335579037687
DA2 6,DA2 8,473.7651385405243
DA2 6,DA9 9,4046.8316281331086
DA2 7,DA2 8,3963.8865696396006
DA2 7,DA3 7,1069.1066234559662
DA2 7,DA4 9,6653.693433469023
DA2 7,DA5 2,5988.000047584263
DA2 8,DA9 9,301.06120750668674
DA3 7,DA3 8,6611.905053210336
DA3 7,DA4 9,2197.435938394099
DA3 8,DA4 0,149.92457874351592
DA3 8,DA4 9,4102.285978076518
DA3 8,TN15 6,3132.9793146509282
DA3 8,TN15 7,8125.429121815615
DA4 0,DA4 9,6331.008114510265
DA4 0,TN14 7,841.1356956164075
DA4 0,TN15 6,10710.377658830965
DA5 1,DA5 2,1076.8240399574636
DA5 1,DA5 3,5855.1859740970385
DA5 1,DA6 7,3333.908673721662
DA5 1,DA6 8,3050.3241874651444
DA5 2,DA5 3,870.310555285711
DA6 7,DA6 8,1880.5263797979862
DA6 7,DA7 4,1392.5616626971837
DA6 7,DA7 6,1247.7215399542883
DA6 8,DA7 4,1912.9823536310048
DA7 4,DA7 5,4376.603485258434
DA7 4,DA7 6,981.2728424086133
DA7 5,DA7 6,823.9827290849867
DA7 5,DA8 1,1850.5500891253905
DA7 5,DA8 3,213.91493444127312
DA7 5,SE2 0,2030.1014270032067
DA7 6,DA8 2,8.825476723170093
DA7 6,DA8 3,3616.172720945909
DA8 1,DA8 2,846.5067560484042
DA8 1,DA8 3,4990.429931616473
DA8 2,DA8 3,1514.033690082805
DE1 1,DE1 2,1598.4400586371191
DE1 1,DE1 3,3333.07740070949
DE1 1,DE22 1,467.45256810154035
DE1 1,DE22 3,5074.243894208157
DE1 1,DE23 6,775.0240186293095
DE1 1,DE23 8,121.32732956415268
DE1 2,DE1 3,2536.5869732178035
DE1 2,DE21 6,1125.5731770704506
DE1 2,DE23 8,2552.225448438167
DE1 2,DE24 8,847.6046151044864
DE1 3,DE21 4,3025.2219608869304
DE1 3,DE21 6,297.4089053688589
DE1 3,DE22 1,3774.243201565566
DE1 3,DE22 2,305.43954952322923
DE1 3,DE22 3,619.6517596113531
DE11 0,DE11 7,2734.138412021626
DE11 0,DE11 8,881.4977792728359
DE11 0,DE11 9,2571.987479644095
DE11 0,DE15 0,4237.551673511497
DE11 0,DE15 9,2815.968525228275
DE11 7,DE11 8,8719.000239573543
DE11 7,DE15 0,4131.671452060096
DE11 7,DE65 6,845.0569969156662
DE11 7,DE73 7,2102.385223877502
DE11 7,LE65 2,5940.173108022543
DE11 8,DE11 9,4789.699741825153
DE11 8,DE12 6,8591.110288470129
DE11 8,LE65 2,1606.4665398636587
DE11 9,DE12 6,5254.844005610232
DE11 9,DE15 9,3036.878794910404
DE12 6,DE12 7,3374.5176551444756
DE12 6,DE12 8,7870.386409575816
DE12 6,DE15 9,4124.638200359615
DE12 6,LE65 2,3436.9566859491347
DE12 7,DE12 8,12189.953118620879
DE12 7,LE65 1,2466.4238767552597
DE12 7,LE65 2,2572.9531162216304
DE12 7,LE67 2,5478.777316373637
DE12 8,DE13 8,6591.792741460928
DE12 8,DE15 9,6667.7780826842345
DE13 0,DE13 9,10757.94935289763
DE13 0,DE14 1,2356.5714385108686
DE13 0,DE14 2,4542.943005477773
DE13 0,DE65 6,1923.1419926872177
DE13 7,DE13 8,7152.296157004416
DE13 7,WS13 8,13628.999499990146
DE13 7,WS15 3,1903.200777792744
DE13 8,DE13 9,22807.903361593155
DE13 8,DE14 3,1742.4163262468007
DE13 8,DE6 5,6569.348367379911
DE13 8,DE65 5,4713.003136200862
DE13 8,ST14 8,4488.714336126799
DE13 8,WS13 8,5003.912945003445
DE13 8,WS15 3,15651.924666932093
DE13 9,DE14 2,2940.4673540381064
DE13 9,DE14 3,2715.913408690322
DE13 9,DE65 5,6951.131957541348
DE13 9,DE65 6,2006.8533781901338
DE14 1,DE14 2,2557.0771231849967
DE14 1,DE14 3,2273.4115289765095
DE14 1,DE15 0,4613.212528506437
DE14 1,DE15 9,279.70809863357084
DE14 1,DE65 6,1407.9322432212937
DE14 2,DE14 3,2127.0589449230547
DE14 3,DE15 9,6118.46491692029
DE15 0,DE15 9,7413.177209851154
DE15 0,DE65 6,9183.71023411132
DE21 2,DE21 4,5981.2784631448685
DE21 2,DE21 5,2613.546979276321
DE21 2,DE7 6,2462.0510057991523
DE21 4,DE21 5,891.8116411951968
DE21 4,DE21 6,5878.190909534323
DE21 4,DE22 1,1834.7493626664207
DE21 4,DE7 6,527.5444928424946
DE21 5,DE22 1,1055.4517668573546
DE21 5,DE22 2,1607.0596864058034
DE21 5,DE56 0,4590.738354595844
DE21 5,DE56 4,3357.0278877105948
DE21 5,DE7 6,8488.355869152447
DE21 6,DE21 7,3229.2631944379104
DE21 6,DE24 1,766.327937700442
DE21 6,DE24 8,1440.6665382120414
DE21 6,DE7 6,279.7852411775003
DE21 7,DE24 0,2204.171881253711
DE21 7,DE24 1,387.66101817024105
DE21 7,DE24 8,682.4977446186938
DE21 7,DE7 4,2282.008108600588
DE21 7,DE7 6,112.4549842863144
DE21 7,DE72 3,4481.132786862663
DE22 1,DE22 2,3215.3707023863426
DE22 2,DE22 3,475.7464723703675
DE22 2,DE22 4,3615.554605749355
DE22 2,DE22 5,4106.820522008828
DE22 2,DE56 4,1071.09877811263
DE22 3,DE22 4,2611.1555697765707
DE22 3,DE23 6,3947.2704175313047
DE22 3,DE3 9,1329.6306971219424
DE22 4,DE22 5,3295.8702393127373
DE22 4,DE3 0,161.29481360557986
DE22 4,DE3 9,1996.9334602246727
DE22 4,DE6 4,9678.100597330744
DE22 4,DE65 6,1509.6072252801991
DE22 5,DE56 2,515.8614513866102
DE22 5,DE56 4,3102.361449758843
DE22 5,DE6 4,1286.9446517011672
DE23 1,DE23 2,2225.0376499938916
DE23 1,DE23 3,1591.6324354825629
DE23 1,DE23 6,2745.6719798661297
DE23 1,DE23 8,2645.7599422562816
DE23 1,DE24 3,417.8294519698905
DE23 1,DE24 9,1408.504763985497
DE23 2,DE23 3,997.6171676428615
DE23 2,DE24 3,805.5185592642534
DE23 2,DE65 6,609.5824355324729
DE23 3,DE23 4,4577.2994772461625
DE23 3,DE23 6,941.2588789201811
DE23 3,DE65 6,2242.686384653807
DE23 4,DE23 6,752.6961639402664
DE23 4,DE3 0,446.6869976751208
DE23 4,DE3 9,2591.3201694654194
DE23 4,DE65 6,2059.6493868531793
DE23 6,DE23 8,3742.1003592421503
DE23 6,DE3 9,962.4368274110236
DE23 8,DE24 8,2042.5168953482284
DE23 8,DE24 9,987.0279984559583
DE24 0,DE24 5,646.3222365204978
DE24 0,DE24 8,3118.853370338932
DE24 0,DE24 9,2193.211908010132
DE24 0,DE72 3,2374.2096528214634
DE24 0,DE73 6,1697.592482046729
DE24 1,DE24 8,4015.6588451341677
DE24 3,DE24 9,6348.542759401778
DE24 3,DE65 6,2161.0424880021324
DE24 3,DE73 5,944.6116884662247
DE24 3,DE73 7,4715.176713223949
DE24 5,DE72 2,2364.52592067152
DE24 5,DE72 3,2685.520352196461
DE24 5,DE73 6,1026.5052170018382
DE24 8,DE24 9,4062.6260799731417
DE24 9,DE73 5,2111.2198049287194
DE24 9,DE73 6,895.8280117930076
DE3 0,DE3 9,4019.382566088117
DE3 0,DE65 6,11300.869975712607
DE4 2,DE4 3,11203.971586499301
DE4 2,DE4 4,11705.999065990378
DE4 2,DE4 5,1847.6575437662038
DE4 2,DE45 1,26147.87485981927
DE4 2,S42 7,4888.713918301012
DE4 2,S45 0,5506.0030488088405
DE4 2,SK17 0,609.1481529843202
DE4 3,DE4 4,7469.279517313948
DE4 3,DE4 5,16237.679281218116
DE4 4,DE4 5,967.9680170069264
DE4 4,DE56 2,13531.087041298142
DE4 4,DE6 1,15333.786624351105
DE4 4,DE6 3,6925.484811693614
DE4 4,SK17 0,1128.1372747675314
DE4 5,DE55 6,1331.5387184718609
DE4 5,DE55 7,3548.1621836477766
DE4 5,DE56 2,8352.00313130874
DE4 5,S45 0,7954.6226510285705
DE45 1,S18 7,8192.602835088843
DE45 1,S32 2,1496.132867812406
DE45 1,S32 3,15710.475979896157
DE45 1,S32 4,2986.7356599148457
DE45 1,S42 7,3808.5651373685714
DE45 1,SK17 0,10270.338859160129
DE45 1,SK17 8,13246.51429727069
DE45 1,SK17 9,7521.073379669151
DE5 3,DE5 8,3991.457799049601
DE5 3,DE5 9,2820.9900522694666
DE5 3,DE55 1,2834.7651402569486
DE5 3,DE55 4,2475.307094410526
DE5 3,DE55 7,5066.415473699412
DE5 3,DE56 2,4441.5701910576745
DE5 8,DE5 9,1989.4465306217478
DE5 8,DE56 0,6447.874629280326
DE5 8,DE56 2,3294.0464594706755
DE5 8,DE7 6,5301.483325258514
DE5 8,DE75 7,1780.3278557652839
DE5 9,DE55 4,1441.5959377540019
DE5 9,DE75 7,2089.9315918359102
DE5 9,NG16 4,1800.6658967028154
DE5 9,NG16 5,490.7874773840768
DE55 1,DE55 4,7184.5109075044975
DE55 1,DE55 7,2786.559547715523
DE55 2,DE55 3,3711.3869023024563
DE55 2,DE55 5,4801.887178133801
DE55 2,DE55 6,448.95413588894064
DE55 2,DE55 7,2093.6982920358387
DE55 2,NG16 6,1546.2225540102006
DE55 2,NG17 2,712.2839361997599
DE55 2,NG17 8,188.94875898487336
DE55 3,DE55 4,963.3273690772904
DE55 3,DE55 7,7.942490099488592
DE55 3,NG16 6,2803.830741410379
DE55 4,DE55 7,1823.0583081291463
DE55 4,NG16 5,3030.624660934884
DE55 4,NG16 6,3516.7251087371646
DE55 5,DE55 6,4226.32472406229
DE55 5,NG17 2,2731.395357237021
DE55 5,NG17 3,3113.820808460929
DE55 5,S45 8,4496.3428110955365
DE55 6,DE55 7,8346.66458631152
DE55 6,S42 6,172.20407522820244
DE55 6,S45 0,5815.272349975318
DE55 6,S45 8,3800.064719822083
DE55 6,S45 9,5408.668854624446
DE55 7,DE56 2,3696.725000470185
DE56 0,DE56 1,14033.706994712988
DE56 0,DE56 2,1416.3433421732893
DE56 0,DE56 4,6849.544356402953
DE56 0,DE7 6,1330.2583396246328
DE56 1,DE56 2,6191.35202458932
DE56 2,DE56 4,13522.230744472272
DE56 2,DE6 3,17068.42585160632
DE56 2,DE6 4,9636.111021698642
DE6 1,DE6 2,26685.56934253741
DE6 1,DE6 3,16733.67287979542
DE6 1,SK17 0,6439.875972682361
DE6 2,DE6 3,8227.932693073128
DE6 2,DE6 5,23377.926421076612
DE6 2,SK17 0,8585.22512139441
DE6 2,ST10 3,19351.760476402473
DE6 2,ST13 7,5975.62818236467
DE6 2,ST14 5,9693.498378592525
DE6 3,DE6 4,8737.898798184118
DE6 3,DE6 5,12567.997647509988
DE6 3,DE65 5,4580.635503402416
DE6 4,DE6 5,2153.130637807337
DE6 4,DE65 6,3022.4747624421516
DE6 5,DE65 5,15553.714174645553
DE6 5,DE65 6,8800.90389426059
DE6 5,ST14 5,6502.434942554708
DE6 5,ST14 7,1968.2685221290567
DE6 5,ST14 8,16938.731600507737
DE65 5,DE65 6,8651.440121778804
DE65 6,DE73 7,18294.306853382408
DE7 4,DE7 5,3628.7234935099063
DE7 4,DE7 6,12655.998295537183
DE7 4,DE72 3,6921.96365503356
DE7 4,NG10 5,3531.1075916389054
DE7 4,NG9 3,2930.001035534681
DE7 4,NG9 8,523.8066657948611
DE7 5,DE7 6,684.57118436277
DE7 5,DE7 8,3386.1953252193493
DE7 5,DE7 9,947.4144329962315
DE7 5,NG16 2,1800.493047479336
DE7 5,NG9 3,1055.1483326422838
DE7 6,DE7 9,1185.4732688476079
DE7 6,DE75 7,9010.958410891002
DE7 8,DE7 9,2231.544468907232
DE7 8,DE75 7,3288.7537727619883
DE7 8,NG16 2,3987.8258538132413
DE7 9,DE75 7,716.2906172715836
DE72 2,DE72 3,6968.153138272017
DE72 2,DE73 6,2531.0615657841045
DE72 2,DE73 7,2300.521967241562
DE72 2,DE73 8,2751.3571638882186
DE72 2,DE74 2,8246.863415751965
DE72 3,DE74 2,685.0610830656824
DE72 3,NG10 3,3035.487894815994
DE72 3,NG10 4,739.2008871077368
DE72 3,NG10 5,3666.1881599331523
DE73 5,DE73 6,2375.480213309892
DE73 5,DE73 7,2659.3971564782937
DE73 6,DE73 7,1270.0658213184383
DE73 7,DE73 8,7922.150693637492
DE73 7,LE65 1,2374.1035060267905
DE73 7,LE65 2,3550.770065683651
DE73 8,DE74 2,10704.58854162892
DE73 8,LE12 9,2186.267832623967
DE73 8,LE65 1,2780.321833468265
DE73 8,LE67 8,3867.02545197806
DE74 2,LE12 5,11664.854039350103
DE74 2,LE12 9,1630.0693027360362
DE74 2,NG10 3,4915.389321690442
DE74 2,NG11 0,3032.4742893620223
DE75 7,NG16 2,43.76856880730997
DE75 7,NG16 3,531.9886221171341
DE75 7,NG16 4,5816.450282573074
DH1 1,DH1 2,6976.236469598862
DH1 1,DH1 3,1478.9862257865798
DH1 1,DH1 4,2308.5757322322
DH1 1,DH1 5,4115.714298920229
DH1 1,DH4 6,916.4394770547372
DH1 1,DH6 1,1583.2525115598266
DH1 2,DH1 3,4003.465654603181
DH1 2,DH6 1,8019.005143103372
DH1 2,DH6 4,3520.9034173875866
DH1 2,DH6 5,6232.588170695616
DH1 3,DH1 4,2531.217498217471
DH1 3,DH6 5,3609.9545838485883
DH1 3,DH7 8,6987.134015213228
DH1 4,DH1 5,6510.054746610723
DH1 4,DH7 7,2797.5282078672662
DH1 4,DH7 8,953.2477535174311
DH1 5,DH2 3,3279.1587484607585
DH1 5,DH3 4,1688.3885161316373
DH1 5,DH4 6,3691.1116740141033
DH1 5,DH7 7,4314.6834987424945
DH2 1,DH2 2,4999.610034749191
DH2 1,DH2 3,690.6356573025923
DH2 1,DH3 1,966.0407174254165
DH2 1,DH3 2,1624.3494588996393
DH2 1,DH3 4,1741.4371923481451
DH2 1,DH9 0,1516.6018006150075
DH2 1,DH9 6,1248.9474471491776
DH2 1,NE11 0,4188.140189691959
DH2 2,DH2 3,3460.8377576825155
DH2 2,DH3 3,3600.954022817232
DH2 2,DH3 4,1398.586595599562
DH2 2,DH7 6,2224.387035668073
DH2 3,DH3 3,3099.634950629113
DH2 3,DH3 4,1474.8038301308823
DH2 3,DH7 6,5305.010093163267
DH2 3,DH7 7,1116.3808270525647
DH2 3,DH9 6,1257.4805923378592
DH3 1,DH3 2,3753.100720273039
DH3 1,NE11 0,972.808549409837
DH3 1,NE37 1,276.7406193559654
DH3 1,NE38 0,485.9399627187145
DH3 1,NE9 7,4359.723145271886
DH3 2,DH3 4,2410.4724939126045
DH3 2,NE38 0,1553.8196731141604
DH3 2,NE38 9,367.7548773647796
DH3 3,DH3 4,4348.825895071787
DH3 3,DH4 6,2090.010995797579
DH3 4,DH4 6,6255.438458085014
DH3 4,NE38 9,3913.6649161992927
DH4 4,DH4 5,1761.4742094997928
DH4 4,DH4 6,2298.7330476079387
DH4 4,DH4 7,5597.184615073231
DH4 4,DH5 8,3555.2657051060023
DH4 4,SR3 3,2103.8977702639772
DH4 4,SR4 9,1719.4643117330106
DH4 5,DH4 6,4084.952786137859
DH4 5,DH5 8,1312.8726929975337
DH4 5,DH5 9,1466.1860628513946
DH4 6,DH4 7,2556.351486804788
DH4 6,DH5 0,3062.633185036799
DH4 6,DH5 9,3209.9445992256324
DH4 6,DH6 1,1881.0285350277604
DH4 6,NE38 9,2130.7361697492506
DH4 7,NE38 8,6.479317956847957
DH4 7,SR4 9,5197.715649308448
DH5 0,DH5 9,8127.811159081681
DH5 0,DH6 1,4180.045851529439
DH5 0,DH6 2,1660.9266119393974
DH5 0,SR7 9,1946.10214303683
DH5 8,DH5 9,5221.190550243322
DH5 8,SR3 2,1826.1428593641235
DH5 8,SR3 3,1386.3497782358095
DH5 9,SR3 2,1733.2173750768616
DH5 9,SR7 0,2945.456970784924
DH5 9,SR7 9,139.5597323424048
DH6 1,DH6 2,11924.974119516042
DH6 1,DH6 3,3579.8924691631037
DH6 1,DH6 4,2927.180059515666
DH6 2,DH6 3,2514.387763703033
DH6 2,SR7 8,914.8280463631625
DH6 2,SR7 9,3028.5565273341817
DH6 2,SR8 1,810.7947775512964
DH6 2,SR8 2,2532.028917728333
DH6 2,SR8 3,7141.487383297839
DH6 2,TS27 4,597.5834934821958
DH6 2,TS28 5,719.0093546492672
DH6 3,DH6 4,3976.522834458014
DH6 3,TS28 5,3445.510845439469
DH6 3,TS29 6,3648.5943997925783
DH6 4,DH6 5,8567.143095644567
DH6 4,DL17 9,4164.470663468976
DH6 4,TS21 4,3324.1485510546427
DH6 4,TS29 6,5393.764276500405
DH6 5,DH7 8,1623.39975818532
DH6 5,DL16 6,4246.631996562052
DH6 5,DL16 7,75.10233590023024
DH6 5,DL17 8,2000.7026556805843
DH6 5,DL17 9,285.04824839499025
DH7 0,DH7 6,9501.265629149279
DH7 0,DH7 9,10630.96404762918
DH7 0,DH8 7,6060.364467903893
DH7 0,DH8 9,11408.871872102382
DH7 0,DH9 7,886.2535070338423
DH7 0,DH9 8,3952.227461039264
DH7 0,DL13 3,3073.7133777472663
DH7 0,DL13 4,11778.182752810477
DH7 6,DH7 7,5835.73952190449
DH7 6,DH7 9,5730.65612555979
DH7 6,DH9 6,4831.703599462603
DH7 6,DH9 7,3173.3242645154137
DH7 7,DH7 8,5597.074132321795
DH7 7,DH7 9,7405.5560163369355
DH7 8,DH7 9,6607.595213950051
DH7 8,DL15 0,8842.896032074661
DH7 8,DL15 9,3072.1784649214837
DH7 8,DL16 6,2650.4375917392326
DH7 8,DL16 7,508.8561366454961
DH7 9,DL13 4,16629.44121443156
DH7 9,DL15 9,2177.560131202364
DH8 0,DH8 5,529.0388005323733
DH8 0,DH8 6,5783.915048306057
DH8 0,DH8 8,1621.0439604482547
DH8 0,DH8 9,4516.165687263401
DH8 0,NE17 7,584.1966593856598
DH8 0,NE43 7,1263.3419622770612
DH8 5,DH8 6,5407.473185204963
DH8 5,DH8 7,2201.926905708421
DH8 5,DH8 8,6082.210786469061
DH8 6,DH8 7,5134.714983246833
DH8 6,DH9 9,3377.4502202946856
DH8 6,NE17 7,2295.984646967003
DH8 6,NE39 1,8663.37667513307
DH8 7,DH8 8,860.9490124499755
DH8 7,DH8 9,1659.0122692900054
DH8 7,DH9 8,758.3740783739626
DH8 7,DH9 9,1159.295208675309
DH8 8,DH8 9,8506.562026177551
DH8 9,DL13 2,15292.926404314609
DH8 9,DL13 3,5521.23627346559
DH8 9,NE43 7,12854.819153309183
DH8 9,NE44 6,2449.319846549643
DH8 9,NE47 0,24101.928302075747
DH8 9,NE47 9,2069.0435125828826
DH9 0,DH9 6,5123.743976769235
DH9 0,DH9 7,1315.5011252385925
DH9 0,DH9 8,3460.560846793849
DH9 0,DH9 9,2631.697081621672
DH9 0,NE11 0,6434.9316025800235
DH9 6,DH9 7,3388.381312322455
DH9 7,DH9 8,6956.3231842666355
DH9 7,DH9 9,1073.2808376125474
DH9 8,DH9 9,6433.050713798573
DH9 9,NE11 0,450.44822357572633
DH9 9,NE16 5,2247.302590496402
DH9 9,NE16 6,8849.681994488432
DH9 9,NE39 1,1436.57052162567
DL1 1,DL1 2,3508.279598459992
DL1 1,DL1 4,5472.563203135123
DL1 1,DL1 5,978.4759320286793
DL1 1,DL3 6,843.2312120845286
DL1 2,DL1 3,4860.822019302931
DL1 2,DL1 4,178.34611040627146
DL1 2,DL3 0,1583.0651667359468
DL1 2,DL3 6,399.88067734361334
DL1 3,DL1 4,2693.9163610520545
DL1 3,DL2 1,10889.202747323765
DL1 3,DL2 2,3176.7407678212103
DL1 3,DL3 0,7212.807538424865
DL1 3,DL5 6,8492.807191263653
DL1 3,TS21 1,5598.101144091498
DL1 3,TS21 2,3069.0253059367883
DL1 4,DL1 5,1428.291961005444
DL1 4,DL2 1,2641.247107504089
DL1 4,DL2 2,938.0527192555639
DL1 5,DL2 1,125.5328311013696
DL1 5,DL2 2,842.9323375994187
DL1 5,DL3 6,390.0119282744626
DL1 5,DL3 7,1248.55765537682
DL1 5,DL3 8,1598.204608131594
DL10 4,DL10 5,628.0398872635894
DL10 4,DL10 7,4470.3894119356855
DL10 4,DL11 6,5413.36397503423
DL10 4,DL11 7,8431.320142882512
DL10 4,DL9 3,2656.3847393034885
DL10 4,DL9 4,165.13020434689957
DL10 5,DL10 6,8618.492927004445
DL10 5,DL10 7,7895.619220549165
DL10 5,DL11 7,20890.19370834055
DL10 6,DL10 7,10025.94334886028
DL10 6,DL11 7,1427.3312882646592
DL10 6,DL2 2,13916.392342235069
DL10 6,DL7 0,14765.271908175784
DL10 7,DL11 7,205.84543098669312
DL10 7,DL7 0,1207.3290877876796
DL10 7,DL8 1,6154.451454957889
DL10 7,DL9 3,1449.272336838252
DL10 7,DL9 4,13680.936450706951
DL11 6,DL11 7,28893.738578667006
DL11 6,DL12 9,9453.098376644073
DL11 6,DL8 3,20550.30326069785
DL11 6,DL8 4,13470.246354959518
DL11 6,DL8 5,7927.929809449855
DL11 6,DL9 3,9816.011434297585
DL11 7,DL12 8,3352.205405660491
DL11 7,DL12 9,17514.902852844934
DL11 7,DL2 2,7519.3975316923825
DL11 7,DL2 3,10005.56308376255
DL12 0,DL12 8,5737.928741544154
DL12 0,DL12 9,17556.540402917748
DL12 0,DL13 1,15532.349909027444
DL12 0,DL13 2,13020.287533589644
DL12 0,DL13 3,5421.1878114641895
DL12 0,DL13 5,2941.4922892376244
DL12 8,DL12 9,13441.541132867622
DL12 8,DL13 5,709.2112065016366
DL12 8,DL2 3,20915.903995420646
DL13 1,DL13 2,18121.041990229245
DL13 1,NE47 8,2409.9918249423404
DL13 1,NE47 9,5203.498885916454
DL13 2,DL13 3,15212.181721772386
DL13 2,NE47 9,4918.752690129938
DL13 3,DL13 4,11184.483374526353
DL13 3,DL13 5,16840.162989514272
DL13 3,DL14 0,6507.253031441899
DL13 3,DL15 8,1951.0075289231427
DL13 4,DL15 8,888.7932443619188
DL13 4,DL15 9,13203.47042645455
DL13 5,DL14 0,2781.394032498702
DL13 5,DL14 9,13983.371896000685
DL13 5,DL2 3,15525.61326031398
DL14 0,DL14 6,3405.5654900307904
DL14 0,DL14 7,6995.112395174871
DL14 0,DL14 9,3626.2150290595096
DL14 0,DL15 8,6580.372793628526
DL14 6,DL14 7,2819.492729389182
DL14 6,DL14 8,3298.1026670828796
DL14 6,DL14 9,1995.2977872008655
DL14 6,DL4 1,3002.979911238808
DL14 7,DL14 8,4564.287578563027
DL14 7,DL14 9,2587.2947224839436
DL14 7,DL15 8,3632.699827067102
DL14 8,DL15 0,1341.0083546794524
DL14 8,DL15 8,4408.93699969968
DL14 8,DL16 7,9716.687809668065
DL14 8,DL17 0,2208.7158253693397
DL14 8,DL4 1,1505.3546479123843
DL14 8,DL4 2,2287.6519895762
DL14 8,DL5 7,1864.7941760659792
DL14 9,DL2 2,598.3818255277768
DL14 9,DL2 3,5945.267134953124
DL14 9,DL4 1,2139.004205811552
DL14 9,DL5 6,1676.4390787159086
DL15 0,DL15 8,10102.987050365753
DL15 0,DL15 9,4654.6499147769255
DL15 0,DL16 7,3681.102645773053
DL15 8,DL15 9,6107.171675203607
DL16 6,DL16 7,7853.482415300936
DL16 7,DL17 0,5117.049366067685
DL16 7,DL17 8,5781.155815568928
DL17 0,DL17 8,3037.259373846775
DL17 0,DL17 9,4235.889461423604
DL17 0,DL5 4,4754.725963102411
DL17 0,DL5 7,1506.6587646911871
DL17 0,TS21 2,4958.559691597661
DL17 8,DL17 9,2848.764741231697
DL17 9,TS21 2,1818.9429176332806
DL17 9,TS21 3,4916.3858299187095
DL17 9,TS21 4,4076.64329388889
DL2 1,DL2 2,21698.949393668863
DL2 1,DL3 8,1940.920148154641
DL2 1,DL6 2,7691.242111897659
DL2 1,TS15 9,4317.859178363113
DL2 1,TS16 0,8594.265412149525
DL2 1,TS21 1,9784.378063218279
DL2 2,DL2 3,8875.706586028215
DL2 2,DL3 0,5077.903120880742
DL2 2,DL3 8,5126.207674088747
DL2 2,DL3 9,2348.863421838829
DL2 2,DL5 6,6538.142081079189
DL2 2,DL6 2,3316.2897150005642
DL2 2,DL7 0,5372.748845072599
DL3 0,DL3 6,1083.4654721804066
DL3 0,DL3 9,2031.3593624579958
DL3 6,DL3 7,1224.2422521242795
DL3 6,DL3 9,994.0600841651847
DL3 7,DL3 8,1840.9893617316984
DL3 7,DL3 9,514.4351961445993
DL3 8,DL3 9,2258.054565364162
DL4 1,DL4 2,5142.322819807452
DL4 1,DL5 6,1876.7703062096043
DL4 2,DL5 6,2940.6025140452966
DL4 2,DL5 7,1247.629172761502
DL5 4,DL5 5,3912.889872419745
DL5 4,DL5 6,933.0578543496064
DL5 4,DL5 7,3737.9225458711144
DL5 4,TS21 2,5635.805435544756
DL5 5,DL5 6,3618.40732483194
DL5 5,DL5 7,884.0606042538161
DL5 6,DL5 7,2378.7691805016043
DL5 6,TS21 2,2349.7249202354005
DL6 1,DL6 2,5836.876123302291
DL6 1,DL6 3,13537.074027762697
DL6 1,DL7 8,8447.015106699
DL6 1,DL7 9,2548.268894440883
DL6 1,YO7 2,895.5939685880232
DL6 2,DL6 3,22338.76430249695
DL6 2,DL7 0,12925.703681516174
DL6 2,DL7 8,4969.164296104888
DL6 2,TS15 0,7468.413504213435
DL6 2,TS15 9,591.5043154824245
DL6 3,DL7 9,3897.505333815778
DL6 3,TS15 0,9946.627401091162
DL6 3,TS9 7,15452.527139375314
DL6 3,YO62 5,8002.765052594534
DL6 3,YO7 2,8528.472017849217
DL6 3,YO7 4,5769.186420634532
DL7 0,DL7 8,7127.948784437694
DL7 0,DL7 9,13044.468041319038
DL7 0,DL8 1,4430.925316345823
DL7 0,DL8 2,1606.4434053677921
DL7 8,DL7 9,4803.124268322365
DL7 9,DL8 1,3791.057390227256
DL7 9,DL8 2,10848.329024182705
DL7 9,YO7 1,3243.1767725726477
DL7 9,YO7 2,3651.062114454699
DL7 9,YO7 4,16424.087540377168
DL8 1,DL8 2,21912.366729980695
DL8 1,DL8 5,11772.858895787089
DL8 1,DL9 3,4501.970471661224
DL8 1,HG4 4,9694.616070818422
DL8 2,HG4 3,9883.554306318994
DL8 2,HG4 4,10582.120189577014
DL8 2,HG4 5,10057.045533760447
DL8 2,YO7 4,10817.751522469345
DL8 3,DL8 4,23557.847859923626
DL8 3,LA10 5,14770.845920595788
DL8 3,LA6 3,3754.896062236977
DL8 4,DL8 5,14753.087914953934
DL8 4,HG3 5,9079.391042056424
DL8 4,HG4 4,29174.53145932808
DL8 5,DL9 3,5912.841374058229
DL8 5,HG4 4,7598.5800717648835
DL9 3,DL9 4,9487.034502289163
DN1 1,DN1 2,2438.065126885448
DN1 1,DN1 3,625.7910011515088
DN1 1,DN5 0,261.78843403809674
DN1 1,DN5 8,665.0145050199113
DN1 1,DN5 9,360.8375582365306
DN1 2,DN1 3,2015.1381055022416
DN1 2,DN2 4,1475.3142070807357
DN1 2,DN2 5,1177.5011435684687
DN1 2,DN2 6,1574.242854208335
DN1 2,DN4 5,762.6618015255922
DN1 2,DN5 0,551.6270654437548
DN1 3,DN4 0,1158.057421304685
DN1 3,DN4 5,249.77101681013542
DN1 3,DN4 8,1022.9154390974003
DN1 3,DN5 8,1158.129840823132
DN10 4,DN10 5,3759.383205209929
DN10 4,DN10 6,3313.0345773458953
DN10 4,DN22 9,17350.028327267308
DN10 4,DN9 1,2651.63956041811
DN10 4,DN9 2,5881.935145653486
DN10 5,DN10 6,11145.309699573148
DN10 5,DN22 8,5761.611884244225
DN10 5,DN22 9,5380.0730791683845
DN10 6,DN11 0,4249.053331543402
DN10 6,DN11 8,6528.197715076023
DN10 6,DN11 9,4883.272829350103
DN10 6,DN22 8,3538.4543879670246
DN10 6,DN9 2,6198.397227359703
DN10 6,DN9 3,9630.400355832626
DN10 6,S81 8,1856.9307254077864
DN11 0,DN11 9,6286.516300866216
DN11 0,DN4 6,602.3475265965835
DN11 0,DN4 7,2437.401123015629
DN11 0,DN9 3,2395.0940042374114
DN11 8,DN11 9,6047.638290129033
DN11 8,S66 8,1147.1133982731499
DN11 8,S81 8,8465.301805136016
DN11 9,DN12 1,4517.401806381117
DN11 9,DN4 7,2105.9413934903264
DN11 9,DN4 8,3423.5122961527304
DN11 9,DN4 9,506.3660356739436
DN11 9,S66 7,8154.157807774492
DN11 9,S66 8,4678.712414221863
DN12 1,DN4 9,2140.0176975867007
DN12 1,S66 7,6234.87327316545
DN12 2,DN12 3,4906.959004436546
DN12 2,S65 4,599.653731755352
DN12 2,S66 7,4146.082387275166
DN12 3,DN12 4,2662.9603630845954
DN12 3,DN5 7,2090.220690860467
DN12 3,S65 4,726.5765291545782
DN12 3,S66 7,1498.4077542657208
DN12 4,DN5 7,250.93748393616235
DN12 4,S64 0,5073.961420711511
DN12 4,S64 5,1301.3564794191268
DN12 4,S64 8,1577.0696900328198
DN12 4,S65 4,3863.355535109173
DN14 0,DN14 9,8408.755237674593
DN14 0,DN6 0,4401.032344167616
DN14 0,DN6 9,7080.422386503494
DN14 0,WF11 0,4813.705976928941
DN14 0,WF11 9,5609.63246060036
DN14 0,YO8 8,6977.878587827425
DN14 5,DN14 6,5772.942513359612
DN14 5,DN14 7,502.67866717684933
DN14 5,DN14 8,2420.4527734490366
DN14 6,DN14 8,6898.751148220045
DN14 7,DN14 8,803.0744349280476
DN14 7,HU15 1,3124.2405334563496
DN14 7,HU15 2,15642.998579489122
DN14 7,YO43 4,5003.137005008257
DN14 7,YO8 6,19604.236122013568
DN14 8,DN14 9,9048.011293818598
DN14 8,DN17 4,16906.996013515654
DN14 8,DN8 4,3347.4668174212766
DN14 9,DN6 0,3640.8135121553837
DN14 9,DN7 5,6433.8674226672065
DN14 9,DN8 4,5433.564288616071
DN14 9,YO8 8,12467.979254759788
DN15 0,DN15 6,2268.012773187472
DN15 0,DN15 8,3986.562406579439
DN15 0,DN15 9,8752.396740860024
DN15 0,DN16 1,2530.195528149116
DN15 0,DN20 0,13485.067237361573
DN15 6,DN15 7,1788.3630459588464
DN15 6,DN15 8,2930.2527976945858
DN15 6,DN16 1,2974.054431041645
DN15 7,DN15 8,4881.358622055371
DN15 7,DN16 1,381.7605793140199
DN15 7,DN17 1,2995.9016084754453
DN15 8,DN15 9,5561.100681759799
DN15 8,DN17 1,1558.2684804336357
DN15 8,DN17 3,567.2141237384438
DN15 9,DN18 6,1750.110131248137
DN15 9,DN20 0,2144.3614013326064
DN16 1,DN16 2,2643.4386151208464
DN16 1,DN16 3,2477.196984896277
DN16 1,DN17 1,711.9163541109021
DN16 1,DN20 0,2963.5935226837373
DN16 2,DN16 3,6086.323014358137
DN16 2,DN17 1,1767.9441285207124
DN16 2,DN17 2,537.2829891118904
DN16 3,DN17 2,3633.4106919260885
DN16 3,DN17 3,5263.968615914543
DN16 3,DN20 0,3652.850118193551
DN16 3,DN20 9,1685.7726248253734
DN16 3,DN21 4,3893.4245733267476
DN17 1,DN17 2,6956.441434941238
DN17 1,DN17 3,3476.6188211107246
DN17 2,DN17 3,6040.802781903434
DN17 3,DN17 4,5715.208667118452
DN17 3,DN21 3,8194.653770323828
DN17 3,DN21 4,2969.0152588764886
DN17 3,DN9 1,14623.888293743226
DN17 4,DN7 6,118.77785790744771
DN17 4,DN8 4,6500.325022667619
DN17 4,DN9 1,8920.951917570454
DN18 5,DN18 6,9091.749007082803
DN18 5,DN19 7,6811.845815352532
DN18 5,DN20 0,3682.981281164584
DN18 5,DN39 6,989.3678026120847
DN18 6,DN20 0,3653.7988424338664
DN19 7,DN39 6,10308.221201594084
DN19 7,DN40 3,4244.026779811735
DN2 4,DN2 5,4725.481449661805
DN2 4,DN3 1,1142.5541707772802
DN2 4,DN3 2,1497.045178799523
DN2 4,DN5 0,3676.4480206135286
DN2 5,DN2 6,4083.9832915127427
DN2 5,DN3 2,312.60151375008024
DN2 6,DN3 2,707.2883488614353
DN2 6,DN3 3,333.01095207939994
DN2 6,DN4 5,2977.6978095646336
DN2 6,DN4 6,807.5201767917088
DN20 0,DN20 8,7652.611355266504
DN20 0,DN20 9,4641.971695005936
DN20 0,DN38 6,3374.0449185088582
DN20 0,DN39 6,5397.72574435007
DN20 8,DN20 9,11862.688128368833
DN20 8,DN38 6,1686.4430340494505
DN20 9,DN21 4,12321.875202283418
DN20 9,DN38 6,10960.906122446735
DN20 9,LN7 6,11668.114006944763
DN21 1,DN21 2,3680.1831183618697
DN21 1,DN21 3,1279.8952734794643
DN21 1,DN21 5,6271.257017381493
DN21 2,DN21 3,1418.8768815832973
DN21 3,DN21 4,12122.294438890807
DN21 3,DN21 5,11025.469138537732
DN21 4,DN21 5,10892.293672751806
DN21 4,LN7 6,5856.62722491997
DN21 4,LN8 2,8536.703273513676
DN21 4,LN8 3,2264.3335382661603
DN21 5,LN1 2,17600.70195179484
DN21 5,LN8 2,8258.324534908787
DN22 0,DN22 6,7955.708411482471
DN22 0,DN22 7,6763.7848421241215
DN22 0,DN22 8,9890.66404310553
DN22 0,DN22 9,12749.45523496962
DN22 0,NG22 0,18412.85277553586
DN22 6,DN22 7,8412.594597843763
DN22 6,DN22 9,3391.2897692159963
DN22 7,DN22 8,6051.42701307535
DN22 7,DN22 9,1265.3385819748669
DN22 8,DN22 9,8284.25593538954
DN22 8,NG22 0,5508.950600211402
DN22 8,NG22 9,7618.833099138284
DN22 8,S80 2,2218.9639446190754
DN22 8,S80 3,4236.4695701806595
DN22 8,S81 0,4143.173030008502
DN22 8,S81 8,4417.918554824409
DN22 8,S81 9,4642.660766506242
DN3 1,DN3 2,3164.9745845000566
DN3 1,DN5 0,478.8092300493426
DN3 1,DN6 0,7576.1877987038815
DN3 1,DN7 4,2860.166310358457
DN3 1,DN7 5,4604.570094551224
DN3 2,DN3 3,5628.8221677775455
DN3 2,DN7 4,1176.7804490465444
DN3 2,DN7 6,846.4038896020757
DN3 3,DN4 6,5345.904619777938
DN3 3,DN7 6,8698.62113170935
DN3 3,DN9 3,7139.832286036505
DN31 1,DN31 2,4378.342026968257
DN31 1,DN31 3,151.71903211886163
DN31 1,DN32 0,150.66364077705964
DN31 1,DN32 7,1804.4430567923837
DN31 1,DN32 9,456.86530775579547
DN31 1,DN37 9,264.0586265087147
DN31 2,DN32 0,464.0916275587478
DN31 2,DN34 4,2435.3709428180327
DN31 2,DN37 9,1771.3175813283237
DN31 3,DN32 7,2232.8268402377144
DN32 0,DN32 9,2447.4851190709182
DN32 0,DN33 1,333.3846553501771
DN32 0,DN33 2,2108.4628580102144
DN32 0,DN34 4,1752.506097383802
DN32 0,DN34 5,2540.9918539657724
DN32 0,DN36 4,459.3589885794821
DN32 7,DN32 8,1133.2601682475079
DN32 7,DN32 9,931.2374613715923
DN32 7,DN35 7,1457.220197425934
DN32 8,DN32 9,3688.504236465308
DN32 8,DN35 7,1575.7154622106648
DN32 8,DN35 8,461.29714133859
DN32 8,DN35 9,1352.5220005469687
DN32 8,DN36 4,2351.1133093529647
DN32 9,DN36 4,535.9310451805153
DN33 1,DN33 2,1495.4740951618753
DN33 1,DN33 3,974.8729859134446
DN33 1,DN34 5,4727.090695253866
DN33 1,DN37 0,966.8136737995836
DN33 2,DN33 3,3234.674274007108
DN33 2,DN36 4,2861.816771117186
DN33 2,DN37 0,324.4713944321878
DN33 3,DN37 0,3549.332430596373
DN34 4,DN34 5,4846.248550408103
DN34 4,DN37 9,1280.835358140589
DN34 5,DN37 0,413.74385798276546
DN34 5,DN37 7,1954.4638036696474
DN34 5,DN37 9,1205.4207100856333
DN35 0,DN35 8,809.2844913082828
DN35 0,DN35 9,1770.2637704699166
DN35 0,DN36 4,4124.663067702754
DN35 7,DN35 8,1262.939746015897
DN35 8,DN35 9,1845.7787997283995
DN35 9,DN36 4,1132.820546185769
DN36 4,DN36 5,7213.353073043419
DN36 4,DN37 0,2165.4502095016246
DN36 5,DN37 0,10173.368468368995
DN36 5,LN11 0,16400.686557101762
DN36 5,LN11 7,8218.17538035518
DN37 0,DN37 7,8604.12401745632
DN37 0,LN11 0,3281.6012495548016
DN37 0,LN7 6,2317.1457213803997
DN37 0,LN8 6,11903.122801510117
DN37 7,DN37 8,4276.219062078102
DN37 7,DN37 9,1524.0723421116866
DN37 7,DN41 7,3008.650484814236
DN37 7,LN7 6,3803.239592674986
DN37 8,DN38 6,4701.294965919147
DN37 8,DN39 6,855.0379902977553
DN37 8,DN41 7,1031.5251244244557
DN37 8,DN41 8,13859.623617594783
DN37 8,LN7 6,6910.801005446544
DN37 9,DN41 7,4727.19845218496
DN38 6,DN39 6,6135.233452102753
DN38 6,LN7 6,15276.134652595803
DN39 6,DN40 3,6297.802204622172
DN39 6,DN41 8,8522.14655072807
DN4 0,DN4 8,2504.512662915453
DN4 0,DN4 9,3114.716896932802
DN4 0,DN5 7,11.019526759515502
DN4 0,DN5 8,3841.016076841048
DN4 5,DN4 6,3001.6206894362385
DN4 5,DN4 7,2250.3520296487645
DN4 5,DN4 8,3861.602827360425
DN4 6,DN4 7,6112.798049937124
DN4 6,DN9 3,789.1684242422042
DN4 7,DN4 8,603.4083928746604
DN4 8,DN4 9,3190.2387600712977
DN4 9,DN5 7,2419.426031904706
DN4 9,S66 7,1145.832030330303
DN40 1,DN40 2,6195.931065219563
DN40 1,DN40 3,4368.231146290311
DN40 1,DN41 8,9423.158546157789
DN40 2,DN40 3,2757.8156006296736
DN40 3,DN41 8,5586.189362045843
DN41 7,DN41 8,6533.564364803317
DN5 0,DN5 9,2447.2211202315257
DN5 0,DN6 0,4543.369021037444
DN5 0,DN6 7,3342.0801573263657
DN5 0,DN6 8,1220.0036209528744
DN5 0,DN6 9,706.2694619365159
DN5 7,DN5 8,9852.754886042847
DN5 7,DN5 9,1962.9071697444242
DN5 7,DN6 7,7377.764392103456
DN5 7,DN6 8,6072.973401388561
DN5 7,S63 0,3809.9436757388435
DN5 7,S63 9,6050.050285512228
DN5 7,S64 0,5881.504976745504
DN5 7,S66 7,1914.2967288519596
DN5 7,S72 0,2782.9527973483246
DN5 7,WF9 2,4702.484679777776
DN5 7,WF9 3,2930.6001744663295
DN5 8,DN5 9,2557.02495045223
DN5 9,DN6 7,1481.9918698630406
DN6 0,DN6 9,16667.503155176597
DN6 0,DN7 5,9732.581399172519
DN6 7,DN6 8,4558.260336298381
DN6 8,DN6 9,8886.407475613723
DN6 8,WF9 1,1138.2593735231192
DN6 8,WF9 2,4899.424170826156
DN6 9,WF11 0,6856.906820627826
DN6 9,WF8 3,18726.318126114467
DN6 9,WF9 1,952.9525137562802
DN7 4,DN7 5,3116.6784042953927
DN7 4,DN7 6,11940.66054186958
DN7 5,DN7 6,1176.4364715471252
DN7 5,DN8 4,2997.4860377908226
DN7 6,DN8 4,6683.44504300826
DN7 6,DN8 5,698.149998135246
DN7 6,DN9 1,6697.231125824649
DN7 6,DN9 2,4337.191937183707
DN7 6,DN9 3,733.7179532714614
DN8 4,DN8 5,16823.58078484889
DN9 1,DN9 2,19208.787109456825
DN9 2,DN9 3,2968.29484937284
DT1 1,DT1 2,5385.882800192801
DT1 1,DT1 3,614.0664232062016
DT1 1,DT2 8,2047.5180015475614
DT1 1,DT2 9,2016.6059827069644
DT1 2,DT1 3,2696.403699608698
DT1 2,DT2 8,2398.6276874320097
DT1 2,DT2 9,3404.7672532797365
DT1 3,DT2 9,2871.7791921191833
DT10 1,DT10 2,14676.194509704656
DT10 1,DT11 0,3277.594271663057
DT10 1,DT11 8,2885.4459156795147
DT10 1,SP7 0,6199.51024944581
DT10 1,SP8 5,9844.97798967122
DT10 2,DT11 0,16586.304467669932
DT10 2,DT2 7,13452.57395523356
DT10 2,DT9 5,12208.077450920173
DT10 2,SP8 5,750.8482925842745
DT11 0,DT11 7,2009.6108836929493
DT11 0,DT11 8,12790.642974708302
DT11 0,DT11 9,13656.499293431183
DT11 0,DT2 7,22521.51865296069
DT11 7,DT11 8,7984.98310186523
DT11 7,DT11 9,5510.742340683703
DT11 8,DT11 9,12449.538007873407
DT11 8,SP5 5,12075.727833620029
DT11 8,SP7 0,8625.538210936798
DT2 0,DT2 7,5545.111910980488
DT2 0,DT2 9,19772.841153506783
DT2 0,DT6 3,6004.979971150707
DT2 0,DT8 3,16423.026960799285
DT2 0,DT9 6,5855.263827509389
DT2 7,DT2 8,33256.24393712109
DT2 7,DT2 9,21540.906766434553
DT2 7,DT9 5,9403.699470282909
DT2 7,DT9 6,14791.97306676688
DT2 8,DT2 9,12333.944215451622
DT2 8,DT3 5,745.1592354922051
DT2 8,DT3 6,5603.859668658058
DT2 9,DT3 4,13336.676911643222
DT2 9,DT3 5,6155.011083856879
DT2 9,DT6 3,3454.8530447252438
DT2 9,DT6 4,11235.238068706643
DT3 4,DT3 5,8584.03219311385
DT3 4,DT4 0,1248.9994316701816
DT3 4,DT4 9,9909.317622912347
DT3 5,DT3 6,9018.70850414384
DT3 5,DT4 0,456.21344766544985
DT3 5,DT4 7,2090.9511487001805
DT3 5,DT4 9,1247.678846546468
DT3 6,DT4 7,1074.8269900900555
DT4 0,DT4 7,1879.6642405532289
DT4 0,DT4 8,1179.0913958502708
DT4 0,DT4 9,7579.8858460833935
DT4 7,DT4 8,604.248914443304
DT4 8,DT4 9,1774.1708805199785
DT4 9,DT5 1,232.8304787053605
DT5 1,DT5 2,4639.775138921126
DT6 3,DT6 4,18922.246792713417
DT6 3,DT6 5,19514.531779844016
DT6 3,DT6 6,61.632366928102115
DT6 3,DT8 3,5487.421006985729
DT6 4,DT6 6,4400.37172228401
DT6 5,DT6 6,23139.35376635304
DT6 5,DT8 3,15666.110104120831
DT6 5,EX13 5,3266.3231930438064
DT6 5,TA18 8,1885.6234469714361
DT6 5,TA20 4,2169.0600334063843
DT6 6,DT7 3,3573.1773401377486
DT6 6,EX13 5,6341.34108884269
DT7 3,EX12 4,5296.959589672595
DT7 3,EX13 5,10176.504462536257
DT7 3,EX13 8,5323.662710723011
DT8 3,TA18 7,2536.5379156367203
DT8 3,TA18 8,24487.40522730967
DT9 3,DT9 4,4602.277806933827
DT9 3,DT9 5,3146.551883109571
DT9 3,DT9 6,2561.4952605352005
DT9 4,DT9 5,28111.28548631901
DT9 4,DT9 6,3817.2200205636022
DT9 5,DT9 6,28201.426649167843
DY1 1,DY1 2,1827.7237578355935
DY1 1,DY1 3,471.70818912038686
DY1 1,DY1 4,574.9737613229315
DY1 1,DY2 7,193.7398010756592
DY1 1,DY2 8,739.3984107740007
DY1 2,DY1 3,3242.4538803206265
DY1 2,DY2 0,2221.4340870507463
DY1 2,DY2 8,551.2289949635468
DY1 2,DY3 2,2419.268095187265
DY1 2,DY5 1,590.6169476856925
DY1 2,DY5 4,2870.6076527663186
DY1 3,DY1 4,2734.4725648870754
DY1 3,DY3 1,2187.4813187289296
DY1 3,DY3 2,994.9945062711909
DY1 4,DY2 7,1374.516333613863
DY1 4,DY3 1,161.1522149247732
DY1 4,DY4 7,429.4208265819888
DY1 4,DY4 8,2322.040659280395
DY1 4,WV14 9,1879.9332714909733
DY10 1,DY10 2,2823.966418411511
DY10 1,DY10 3,2897.1964139779816
DY10 1,DY10 4,1857.4295058966013
DY10 1,DY11 6,483.60613257826566
DY10 1,DY11 7,2929.3489013192893
DY10 1,DY13 9,951.4050515319772
DY10 2,DY10 3,5074.759951982012
DY10 2,DY11 5,1189.9198708724416
DY10 2,DY11 6,1148.6257617467013
DY10 3,DY10 4,5871.927131319665
DY10 3,DY11 5,10002.096846897415
DY10 3,DY7 5,2406.810313408812
DY10 3,DY7 6,3910.322221622401
DY10 3,DY8 2,1202.8128579482445
DY10 3,DY9 0,4183.83122156214
DY10 4,DY11 7,7514.641520704379
DY10 4,DY13 9,2680.422335353706
DY10 4,DY9 0,10783.703433207262
DY10 4,WR9 0,6190.073833181974
DY11 5,DY11 6,3689.727987130991
DY11 5,DY12 1,11085.081929805869
DY11 5,DY7 5,3833.677605663785
DY11 6,DY11 7,3693.990083786731
DY11 6,DY12 1,2058.545345195616
DY11 7,DY12 1,1904.4023628506907
DY11 7,DY13 8,1244.3205876097863
DY11 7,DY13 9,7165.00782723165
DY11 7,WR9 0,1720.3781590135181
DY12 1,DY12 2,5312.072288219292
DY12 1,DY12 3,7396.726692291935
DY12 1,DY13 8,3226.137731018504
DY12 1,DY7 5,1726.0311903571217
DY12 1,WV15 6,6854.285636552132
DY12 1,WV16 6,836.2441433999929
DY12 2,DY12 3,2217.8221268896827
DY12 2,DY13 0,4805.945816941635
DY12 2,DY13 8,1706.9409525496583
DY12 2,DY14 9,16598.955557312318
DY12 2,WR6 6,6434.347337169679
DY12 3,DY14 8,10683.788773735749
DY12 3,DY14 9,4545.460374649264
DY12 3,WV16 6,5528.648595314844
DY13 0,DY13 8,896.5054181532414
DY13 0,DY13 9,4699.930046190191
DY13 0,WR6 6,9574.170370788897
DY13 0,WR9 0,514.7507697213608
DY13 8,DY13 9,5612.046275500131
DY13 9,WR9 0,20152.488525806562
DY14 0,DY14 8,15511.832230644346
DY14 0,DY14 9,3302.4589249370747
DY14 0,SY8 3,9647.169823080725
DY14 0,WR15 8,6235.759491556615
DY14 0,WV16 6,11777.67857247032
DY14 8,DY14 9,9926.205220496413
DY14 8,WV16 6,49564.60006729121
DY14 9,WR15 8,4247.881115495668
DY14 9,WR6 6,3191.2481790390784
DY2 0,DY2 8,1120.1008450870866
DY2 0,DY2 9,6053.984046821416
DY2 0,DY5 1,3025.465421739194
DY2 7,DY2 8,3437.46625211806
DY2 7,DY4 7,50.09291930005531
DY2 8,DY2 9,1960.5124754561627
DY3 1,DY3 2,1726.7979155922312
DY3 1,DY3 3,4386.571215119938
DY3 1,WV14 9,2706.4019485993017
DY3 1,WV4 5,821.266494939526
DY3 1,WV4 6,1310.8000324993627
DY3 2,DY3 3,2770.2676264968663
DY3 2,DY3 4,516.3810759004675
DY3 2,DY5 4,3022.453820454957
DY3 2,DY6 7,524.869727023041
DY3 3,DY3 4,4901.875798736122
DY3 3,WV4 5,1343.756913415417
DY3 4,DY6 0,4868.800910656285
DY3 4,DY6 7,1191.3844758219338
DY3 4,DY7 5,6809.739954534761
DY3 4,WV4 5,2108.4905590319686
DY3 4,WV5 0,5844.381209136107
DY3 4,WV5 7,1792.7533351848301
DY3 4,WV5 8,283.9368218036368
DY3 4,WV5 9,28.464721171416713
DY4 0,DY4 7,3366.649658063807
DY4 0,DY4 9,2810.9977806510424
DY4 0,WS10 7,2598.1713457809124
DY4 0,WS10 8,701.6074061895133
DY4 0,WV14 8,1095.3924794343366
DY4 7,DY4 8,3047.793070873462
DY4 8,DY4 9,2471.3744536062345
DY4 8,WV14 9,539.6681771617325
DY4 9,WV14 8,3008.645253025632
DY4 9,WV14 9,694.209870024289
DY5 1,DY5 2,3341.85806444573
DY5 1,DY5 3,3118.009303894966
DY5 1,DY5 4,2010.8176754605304
DY5 2,DY5 3,6056.133003956851
DY5 2,DY8 4,1412.3327542889642
DY5 2,DY9 7,1298.236385918368
DY5 2,DY9 8,1138.6556163279477
DY5 3,DY5 4,546.5126124201779
DY5 3,DY6 8,1016.3356334350144
DY5 3,DY8 4,1614.7488107056247
DY5 3,DY8 5,1531.5422607319965
DY5 4,DY6 7,1910.019280865504
DY5 4,DY6 8,1895.7286191501041
DY6 0,DY6 7,1481.8428008148935
DY6 0,DY6 9,2133.649753991765
DY6 0,DY7 5,485.8681654777543
DY6 7,DY6 8,1737.754750225991
DY6 7,DY6 9,1878.2525519231424
DY6 8,DY6 9,1532.6062460088597
DY6 8,DY8 5,2043.3126531669195
DY6 9,DY7 5,2103.1080623218713
DY6 9,DY8 5,2831.1534238644776
DY7 5,DY7 6,19560.0755784716
DY7 5,DY8 4,758.4946130622124
DY7 5,DY8 5,2145.908498600863
DY7 5,WV15 6,5289.521531586731
DY7 5,WV5 7,9373.152602821734
DY7 6,DY8 2,1051.8798404236472
DY7 6,DY8 3,3738.0810875272173
DY7 6,DY8 4,331.3855993781277
DY8 1,DY8 2,1209.3508514144307
DY8 1,DY8 3,1873.3617961829577
DY8 1,DY8 4,1769.7978296511099
DY8 1,DY9 7,956.117840220309
DY8 2,DY8 3,5352.686526334631
DY8 2,DY9 0,6994.8279211249965
DY8 2,DY9 7,27.037075618291293
DY8 3,DY8 4,2399.051596637356
DY8 4,DY8 5,3173.19677578874
DY8 4,DY9 7,458.30526015980627
DY9 0,DY9 7,1047.0216079759032
DY9 0,DY9 9,19638.30209324902
DY9 7,DY9 8,1886.9112723584656
DY9 7,DY9 9,1704.0521002461546
DY9 8,DY9 9,1646.7922559745552
E1 0,E1 1,96.76451720816868
E1 0,E1 2,1437.4828031000636
E1 0,E1 3,1436.5919599528604
E1 0,E1 4,26.752676099724173
E1 0,E1 8,380.4720941654704
E1 0,E14 7,1688.9462850943955
E1 0,E14 8,102.02542602748453
E1 0,E1W 2,276.10759327554473
E1 0,E1W 3,1717.4131850436063
E1 1,E1 2,1505.0258382332458
E1 1,E1 3,449.3282652622511
E1 1,E1 5,925.1719709409812
E1 1,E1 6,81.33259821338521
E1 1,E1 7,145.8912257847291
E1 1,E1 8,1085.122569916138
E1 2,E1 3,1102.0695019752745
E1 2,E1W 3,228.74925337832724
E1 3,E1 4,1763.3766863321835
E1 3,E1 5,339.41942048587623
E1 3,E14 7,14.168360597081149
E1 4,E1 5,778.9377987658369
E1 4,E14 7,303.03880751494773
E1 4,E2 0,1417.413667203114
E1 4,E2 6,46.09772228646444
E1 4,E3 4,1052.1431154434447
E1 5,E1 6,1150.8466359944937
E1 5,E2 0,1151.8507903515783
E1 5,E2 6,1181.1445019178202
E1 6,E1 7,963.164401631878
E1 6,E1 8,71.20442586354494
E1 6,E2 6,611.9636933570529
E1 6,E2 7,584.4434297235263
E1 6,EC1V 9,201.9433798768993
E1 6,EC2A 2,54.83816570001102
E1 6,EC2A 3,843.8929351757308
E1 6,EC2M 4,549.1934749318035
E1 7,E1 8,698.6250878084861
E1 7,EC2M 4,235.0080921151091
E1 8,E1W 1,828.6592216125825
E1 8,E1W 2,1237.6780683932832
E1 8,EC2M 4,94.82135886973009
E1 8,EC3R 8,681.9753741676188
E10 5,E10 6,3162.029538883136
E10 5,E10 7,2405.4334860941003
E10 5,E11 4,917.8559293226241
E10 5,E15 2,573.2908720113584
E10 5,E20 1,480.26143730449303
E10 5,E9 5,1159.7870294791173
E10 6,E10 7,265.6731899686624
E10 6,E11 1,2962.888156573504
E10 6,E11 4,1088.31796364145
E10 6,E17 3,74.6051128005657
E10 6,E17 9,1217.1859743136174
E10 7,E17 8,3400.67139355507
E10 7,E17 9,332.4694282751857
E10 7,E5 9,1809.9451876175965
E10 7,E9 5,690.0894054591065
E11 1,E11 2,2755.911696416384
E11 1,E11 3,1025.8794468403662
E11 1,E11 4,1587.5854287752118
E11 1,E17 3,1125.8838437687207
E11 1,E18 1,139.31928975297825
E11 1,E18 2,1676.227916067408
E11 2,E11 3,1905.6414368522096
E11 2,E12 5,1009.1392157471482
E11 2,E18 1,1322.5786360023164
E11 2,IG1 3,599.6526613280505
E11 2,IG4 5,1151.7295582896338
E11 3,E11 4,2119.9242684057463
E11 3,E12 5,2073.3779290908706
E11 3,E15 1,558.2199914548922
E11 3,E15 2,294.8709137572461
E11 3,E7 0,902.8007869099036
E11 3,E7 9,911.785406274575
E11 4,E15 2,1591.4306044341577
E12 5,E12 6,3404.173729025448
E12 5,E7 0,2906.476379044184
E12 5,E7 8,83.49658531927965
E12 5,IG1 2,1033.8191761349094
E12 5,IG1 3,2568.0927879444907
E12 6,E6 1,353.71471083710753
E12 6,E6 2,1476.3250132653104
E12 6,E7 0,41.16647665249009
E12 6,E7 8,2464.920475546379
E12 6,IG1 2,578.9269211937622
E12 6,IG11 8,14.503873922041741
E13 0,E13 8,2762.966922714214
E13 0,E13 9,3610.288147946398
E13 0,E15 3,3013.2135662545797
E13 0,E16 4,760.8765454928872
E13 0,E6 1,166.53137474900404
E13 0,E7 8,45.54642995565726
E13 0,E7 9,940.3264435616272
E13 8,E13 9,1480.686946709301
E13 8,E16 3,1212.0542737345438
E13 8,E16 4,2814.921478136491
E13 8,E6 3,74.10810098838296
E13 9,E6 1,1457.6387903037164
E13 9,E6 3,1279.5932857939126
E14 0,E14 2,1085.3889535630938
E14 0,E14 4,849.7516274710844
E14 0,E14 5,451.8106907937729
E14 0,E14 6,3137.381214627151
E14 0,E14 8,498.16658052758476
E14 0,E14 9,1562.4223236603634
E14 0,E16 1,397.529913288015
E14 2,E14 9,1523.855249367046
E14 3,E14 8,486.9992206172026
E14 3,E14 9,3408.1721301598823
E14 4,E14 5,597.502565665735
E14 4,E14 8,1186.190282521423
E14 4,E14 9,706.8746127847937
E14 5,E14 9,2491.151100861049
E14 6,E14 7,1486.003516185815
E14 6,E14 8,893.7331135942954
E14 6,E14 9,132.12530309377394
E14 6,E3 3,975.8655606166117
E14 6,E3 4,58.2131279396945
E14 7,E14 8,1548.4540996027686
E14 7,E3 3,136.3912314636307
E14 7,E3 4,2271.3010486131684
E14 8,E14 9,3312.8922518680365
E14 8,E1W 3,113.6318967646494
E15 1,E15 2,1893.451048896329
E15 1,E15 4,1685.4733036347886
E15 1,E20 1,2584.4356958250005
E15 1,E7 9,1675.6526011659982
E15 2,E15 3,994.3840861687299
E15 2,E15 4,320.32995043032696
E15 2,E16 4,868.0337576665567
E15 2,E20 1,1364.628733336449
E15 2,E3 2,1672.2519009043554
E15 2,E3 3,2191.28150662663
E15 3,E15 4,2474.806158193505
E15 3,E16 4,1473.6712529050874
E15 3,E7 9,202.7987218044899
E15 4,E7 9,1638.1719758949407
E16 1,E16 2,1499.1167189460657
E16 1,E16 3,3222.070622045475
E16 1,E16 4,1847.908487657635
E16 2,E16 3,1375.4600504935017
E16 2,E6 5,1456.727041777025
E16 2,E6 6,3120.76294128696
E16 2,E6 7,706.6335888171136
E16 3,E16 4,127.48992507073629
E16 3,E6 5,1804.2928518283668
E16 4,E3 3,291.63590797283643
E17 3,E17 4,3774.539139816597
E17 3,E17 7,295.03009921902003
E17 3,E17 9,2628.952932909724
E17 3,E18 2,999.1445124468385
E17 4,E17 5,2167.511328425925
E17 4,E17 6,454.8432598082893
E17 4,E17 7,299.40197981676454
E17 4,E18 2,418.8808254982129
E17 4,E4 8,917.5374462997847
E17 4,E4 9,1806.323829082533
E17 4,IG8 9,1242.8982284891802
E17 5,E17 6,4507.715365928253
E17 5,E4 8,1897.666120838993
E17 5,N17 0,692.3737025376373
E17 5,N18 2,683.0495795664948
E17 6,E17 7,4851.5915941011235
E17 6,N15 6,116.73882736272357
E17 6,N17 0,465.35139325068576
E17 6,N17 9,1951.6772810168447
E17 7,E17 8,3418.633546911476
E17 7,E17 9,248.22515440740474
E17 7,E5 9,1488.9508168681455
E17 7,N15 6,376.11183336933755
E17 7,N16 6,404.13172839321965
E17 8,E17 9,944.8137056139507
E17 8,E5 9,382.60650189116325
E18 1,E18 2,2711.848751900733
E18 1,IG4 5,1024.6453624057547
E18 1,IG8 7,1498.6077254780557
E18 1,IG8 8,695.3201636999703
E18 1,IG8 9,258.19590187978935
E18 2,IG8 9,1793.6503945632717
E1W 1,E1W 2,1115.3542876809072
E1W 1,EC3N 4,409.9133819214908
E1W 1,EC3R 8,49.89153111495513
E1W 2,E1W 3,721.5907947308033
E2 0,E2 6,1169.6230909785888
E2 0,E2 9,3135.2549156536807
E2 0,E3 4,10.875901427453728
E2 0,E3 5,749.9363609374584
E2 6,E2 7,1990.2435571871574
E2 6,E2 8,24.53878941600789
E2 6,E2 9,454.2563844109832
E2 7,E2 8,1152.6038232782246
E2 7,E2 9,172.12204972053988
E2 7,EC1V 9,145.98280020062444
E2 7,EC2A 3,201.0220236020889
E2 8,E2 9,728.990354391729
E2 8,E8 4,1287.0195719097426
E2 8,EC1V 9,196.7452861843529
E2 8,N1 5,354.1243692108645
E2 8,N1 6,1006.2587041750957
E2 9,E3 5,713.8094661291697
E2 9,E8 4,421.70223280664834
E2 9,E9 7,328.05369172657436
E20 1,E3 2,167.1888318863409
E20 1,E9 5,1083.3612597237573
E3 2,E3 3,1099.8854279188442
E3 2,E3 4,641.3105635915019
E3 2,E3 5,4260.694549820179
E3 2,E9 5,2664.5896705254254
E3 2,E9 7,419.5815292450554
E3 3,E3 4,3525.0276785907195
E3 4,E3 5,1105.0757150413394
E3 5,E9 7,1072.380282001841
E4 6,E4 7,8081.003105696993
E4 6,E4 8,1042.2105913449716
E4 6,E4 9,4411.9506024794455
E4 6,IG8 0,1783.8002386240325
E4 6,IG8 9,821.3532757066534
E4 6,IG9 5,402.97060557245754
E4 7,E4 8,1800.6339132007513
E4 7,EN3 4,1349.6098605510624
E4 7,EN3 6,559.5918415586275
E4 7,EN3 7,1494.1901383492545
E4 7,IG10 4,8549.331770297222
E4 7,IG9 5,382.2468278286798
E4 7,N9 8,1152.7345188131255
E4 8,E4 9,2676.3742772805626
E4 8,N18 2,1604.3255296998157
E4 8,N9 8,674.0660817030825
E4 9,IG8 9,3761.436111075611
E5 0,E5 8,1126.2049788537408
E5 0,E5 9,2786.2920343241162
E5 0,E8 1,14.375143993195904
E5 0,E9 5,2206.9849549018536
E5 0,E9 6,2056.234424820864
E5 8,E5 9,1151.1137573363071
E5 8,E8 1,1722.0010922582087
E5 8,E8 2,852.1195561879333
E5 8,N16 6,597.7154577282085
E5 8,N16 7,1714.3591009268966
E5 9,E9 5,316.00663614323
E5 9,N16 6,1840.1030817345834
E6 1,E6 2,1844.966604907845
E6 1,E6 3,1455.0889088056738
E6 1,E6 6,145.4893318456105
E6 1,E7 8,1350.1879082137496
E6 2,E6 6,2095.374155224563
E6 2,IG11 7,709.4252675286438
E6 2,IG11 8,1018.0044227159583
E6 3,E6 5,1241.50836853205
E6 3,E6 6,2583.6110068101825
E6 5,E6 6,6503.717508388567
E6 6,E6 7,323.59343823059226
E6 6,IG11 7,362.80029248325945
E7 0,E7 8,1431.0722132709639
E7 0,E7 9,2338.2620971097776
E7 8,E7 9,3218.5814006074584
E8 1,E8 2,1412.492404923329
E8 1,E8 3,1209.8919567223443
E8 1,E9 6,1044.818164905969
E8 2,E8 3,561.8356966382677
E8 2,N1 4,97.11715386026799
E8 2,N16 7,1122.413355129029
E8 2,N16 8,1040.0980804652756
E8 3,E8 4,3068.590143040685
E8 3,E9 6,429.2509548733734
E8 3,E9 7,426.90449433922913
E8 3,N1 4,230.6431690454379
E8 3,N16 8,12.650222210588689
E8 4,E9 7,324.48834455793235
E8 4,N1 4,452.09046601023107
E8 4,N1 5,833.0931744315565
E9 5,E9 6,1325.647828219916
E9 5,E9 7,1428.2186873726032
E9 6,E9 7,1330.6503715867104
EC1A 2,EC1A 7,872.5925320719721
EC1A 2,EC1M 4,15.06900101496692
EC1A 2,EC1M 5,272.010491396876
EC1A 2,EC1N 7,135.7780643292122
EC1A 2,EC1N 8,166.50194357733403
EC1A 2,EC4A 1,484.48251704832734
EC1A 2,EC4M 7,566.1202198832261
EC1A 2,EC4Y 8,766.5094515246761
EC1A 4,EC1A 7,515.0046270640981
EC1A 4,EC1M 4,227.5740985417553
EC1A 4,EC1M 5,136.27372582488428
EC1A 4,EC1M 7,84.53140626403878
EC1A 4,EC1V 3,216.94298597367813
EC1A 4,EC1Y 0,182.55508453310563
EC1A 4,EC2Y 8,348.3375260108287
EC1A 7,EC1M 4,235.85696206948737
EC1A 7,EC2Y 8,528.477659701557
EC1A 7,EC4M 7,489.0177039499622
EC1M 4,EC1M 5,912.5284151751824
EC1M 4,EC1R 0,422.0128646360751
EC1M 4,EC1R 3,182.20054882358534
EC1M 4,EC1V 4,251.37878890306516
EC1M 5,EC1N 8,560.3797649221964
EC1M 5,EC1R 3,322.0550402459846
EC1M 5,EC1V 0,15.09706239613639
EC1M 5,EC1V 3,240.50667882375487
EC1M 5,EC1V 4,157.78490815313722
EC1M 7,EC1Y 0,130.74056852936707
EC1N 7,EC1N 8,766.5173194123063
EC1N 7,EC1R 4,57.91381842653978
EC1N 7,EC1R 5,365.3537140978555
EC1N 7,EC4A 1,129.18647577825053
EC1N 7,WC1N 2,55.415944501013556
EC1N 7,WC1X 8,62.20946085035693
EC1N 7,WC2A 1,610.8215538956915
EC1N 8,EC1R 3,127.15398699887922
EC1N 8,EC1R 4,159.79946805196144
EC1N 8,EC1R 5,8.642319711588394
EC1R 0,EC1R 1,115.87752070116834
EC1R 0,EC1R 3,370.2255723829527
EC1R 0,EC1R 4,15.251710526993975
EC1R 0,EC1V 0,84.7664592690632
EC1R 0,EC1V 4,439.6596350058677
EC1R 0,EC1V 7,58.52176706222532
EC1R 1,EC1R 4,1132.731022866169
EC1R 1,EC1V 4,245.04742925319619
EC1R 1,EC1V 7,70.45043580544632
EC1R 1,N1 9,362.44885899881206
EC1R 1,WC1X 9,214.01203776984062
EC1R 3,EC1R 4,855.1804491120328
EC1R 4,EC1R 5,200.05827386313825
EC1R 4,EC1V 4,282.4949832533231
EC1R 4,EC1V 7,392.98284344832837
EC1R 4,WC1X 0,1533.2072936566901
EC1R 4,WC1X 8,75.06129444866109
EC1R 4,WC1X 9,87.42271246262061
EC1V 0,EC1V 3,364.7553494539611
EC1V 0,EC1V 4,385.2137790570665
EC1V 0,EC1V 7,579.6498776481739
EC1V 1,EC1V 2,23.770014664763153
EC1V 1,EC1V 3,188.31381721118663
EC1V 1,EC1V 9,339.06449175703835
EC1V 1,N1 6,224.53372115721365
EC1V 1,N1 7,614.9095536490269
EC1V 1,N1 8,90.9971434607596
EC1V 2,EC1V 3,760.8577007662172
EC1V 2,N1 7,260.39972846351185
EC1V 3,EC1V 7,384.6722366810573
EC1V 3,EC1V 8,316.9159054702194
EC1V 3,EC1V 9,599.9427693971284
EC1V 3,EC1Y 0,415.35656950192293
EC1V 3,N1 7,94.97079990205377
EC1V 3,N1 8,10.439522594444828
EC1V 4,EC1V 7,654.6592095249637
EC1V 7,EC1V 8,247.54330622091416
EC1V 7,N1 8,592.1639926902141
EC1V 7,N1 9,8.982064273028147
EC1V 8,N1 8,64.25729530566937
EC1V 9,EC1Y 0,230.88181639345504
EC1V 9,EC1Y 2,98.77832107362033
EC1V 9,EC1Y 8,319.49990340019775
EC1V 9,EC2A 3,44.99491176218607
EC1V 9,EC2A 4,367.5699885634725
EC1V 9,N1 6,462.52209617802623
EC1Y 0,EC1Y 8,592.0826034335876
EC1Y 0,EC2Y 8,522.2056958737788
EC1Y 2,EC1Y 8,894.8105237153515
EC1Y 2,EC2A 4,336.68558023647535
EC1Y 8,EC2A 4,407.2609670412563
EC1Y 8,EC2M 4,344.2818155599397
EC1Y 8,EC2Y 8,477.6761354081514
EC2A 2,EC2A 3,200.1587392421564
EC2A 2,EC2M 4,125.46178985509063
EC2A 3,EC2A 4,1365.2366625638042
EC2A 3,EC2M 4,146.20936646550447
EC2A 3,N1 6,225.72272922485226
EC2A 4,EC2M 4,347.8815795279521
EC2A 4,N1 6,218.690169610386
EC2M 4,EC2Y 8,667.3885452788145
EC2M 4,EC3R 8,1696.7286064372238
EC2M 4,EC4V 3,1202.1593547378577
EC2Y 8,EC4M 7,184.0925446639547
EC2Y 8,EC4V 3,277.74929386967074
EC3N 4,EC3R 8,922.4803971223763
EC4A 1,EC4Y 8,255.69715089499016
EC4A 1,WC2A 1,540.588617602182
EC4A 1,WC2A 2,159.07211477104897
EC4M 7,EC4V 3,602.5989448811022
EC4M 7,EC4Y 8,304.6122298091277
EC4Y 8,WC2A 2,198.55160500198372
EC4Y 8,WC2R 1,221.89707172654107
EN1 1,EN1 2,1874.6017090725009
EN1 1,EN1 3,3642.5133073052752
EN1 1,EN2 6,226.99148522256127
EN1 1,EN3 4,512.0044925585369
EN1 1,N9 7,2250.7961708362354
EN1 1,N9 9,260.8992529499114
EN1 2,EN2 6,1194.2531428077334
EN1 2,N21 2,2009.8703184342723
EN1 2,N9 9,1609.9810895970363
EN1 3,EN1 4,3900.892225532507
EN1 3,EN2 0,1361.4302412555933
EN1 3,EN2 6,1223.2327034013208
EN1 3,EN2 8,346.5816275446328
EN1 3,EN2 9,784.9774365394853
EN1 3,EN3 4,255.51159021141336
EN1 3,EN3 5,845.132368677939
EN1 4,EN2 8,4262.652534519367
EN1 4,EN3 5,1946.5027966299886
EN1 4,EN3 6,1106.2573313822616
EN1 4,EN7 5,485.98223041956754
EN1 4,EN8 8,1018.4647513882505
EN10 6,EN10 7,5198.5985862363095
EN10 6,EN7 6,1967.4476886706957
EN10 6,EN8 0,3145.340954400942
EN10 6,EN9 2,5084.951398493219
EN10 7,EN11 8,7338.54995943117
EN10 7,EN7 6,4067.628277278537
EN10 7,EN9 2,703.5094613006332
EN10 7,SG13 7,2492.54987550685
EN10 7,SG13 8,10539.762150365033
EN11 0,EN11 8,2708.2993590852884
EN11 0,EN11 9,2999.513033368149
EN11 0,EN9 2,395.09761887735897
EN11 0,SG12 8,2701.677472717572
EN11 8,EN11 9,1995.4415040810072
EN11 8,EN9 2,946.6644928680496
EN11 8,SG13 7,1204.074641137763
EN11 9,SG12 8,2084.32744248015
EN11 9,SG13 7,2708.2573224756266
EN2 0,EN2 6,1370.3633809543562
EN2 0,EN2 8,1550.560205891482
EN2 0,EN2 9,2636.1430523997233
EN2 6,EN2 7,788.3316431431858
EN2 6,EN2 8,768.013894243964
EN2 6,N21 1,232.44010618341738
EN2 6,N21 2,1371.2515438597932
EN2 7,EN2 8,4810.988364522878
EN2 7,EN4 0,1977.9445582257397
EN2 7,N14 4,1515.5810495984874
EN2 7,N21 1,2718.374094293431
EN2 8,EN2 9,9422.657141246504
EN2 8,EN4 0,4778.207813226881
EN2 8,EN6 4,4212.274089545628
EN2 8,EN6 5,243.87759139556647
EN2 8,EN7 5,3708.195104885606
EN3 4,EN3 5,454.92760241194344
EN3 4,EN3 7,3813.7215720811027
EN3 4,N9 7,1045.0952534319665
EN3 4,N9 8,2686.2997175271425
EN3 5,EN3 6,2073.109812194646
EN3 5,EN3 7,6080.190906617004
EN3 6,EN3 7,3081.7495206093527
EN3 6,EN8 7,1500.6284471682789
EN3 6,EN8 8,1476.8453011184574
EN3 6,EN9 3,550.2575888058074
EN3 6,IG10 4,1124.333208014942
EN4 0,EN4 8,466.24780145560595
EN4 0,EN4 9,6575.493492170135
EN4 0,EN5 4,648.5850413374803
EN4 0,EN5 5,1451.2007539023175
EN4 0,EN6 2,1353.4618848646426
EN4 0,EN6 5,620.814235687684
EN4 0,N14 4,2224.6730230683906
EN4 8,EN4 9,3364.814538281858
EN4 8,EN5 1,1382.9552950118486
EN4 8,EN5 5,0.7442517042559236
EN4 8,N11 1,783.046390189051
EN4 8,N14 4,2370.483474892699
EN4 8,N14 5,2165.298519190682
EN4 8,N20 0,1118.5977630944371
EN4 8,N20 9,889.6811388957651
EN4 9,EN5 5,1171.8884981553674
EN5 1,EN5 2,953.2763034855291
EN5 1,EN5 5,1445.375120716826
EN5 1,N20 8,110.01606345128425
EN5 1,N20 9,2235.3933924696294
EN5 2,EN5 3,4657.702241769693
EN5 2,EN5 4,1179.3815919517278
EN5 2,EN5 5,930.0235659067745
EN5 2,N20 8,4301.382536926519
EN5 2,NW7 4,715.4489965023331
EN5 3,EN5 4,3995.214389028273
EN5 3,NW7 3,1099.2263936490945
EN5 3,NW7 4,935.7453189014043
EN5 3,WD6 2,3069.6917772384977
EN5 4,EN5 5,4214.795573025799
EN5 4,EN6 2,4298.9619961971985
EN5 4,EN6 3,13076.53814949934
EN5 4,WD6 2,535.47672779176
EN5 4,WD6 5,751.8981119638589
EN6 1,EN6 2,4035.160345953539
EN6 1,EN6 3,433.8592336813249
EN6 1,EN6 4,661.1847667685563
EN6 1,EN6 5,1371.38708951744
EN6 2,EN6 3,2599.644448354737
EN6 2,EN6 5,2178.733519322759
EN6 3,WD6 5,518.7080582233773
EN6 3,WD7 9,6658.800043700181
EN6 4,EN6 5,3066.331923813225
EN6 4,EN7 5,3560.0083155062803
EN6 4,SG13 8,2095.4972483128277
EN7 5,EN7 6,8987.185462868956
EN7 5,EN8 8,1569.738496719421
EN7 5,EN8 9,1358.809678141832
EN7 5,SG13 8,671.8511128877393
EN7 6,EN8 0,1483.1815612427586
EN7 6,EN8 9,610.4514096323713
EN7 6,SG13 8,1453.9269392206263
EN8 0,EN8 9,3602.0074763937123
EN8 0,EN9 2,1014.145534994794
EN8 7,EN8 8,4669.533312796796
EN8 7,EN8 9,184.90826003479373
EN8 7,EN9 1,2497.694430359847
EN8 7,EN9 3,80.31142972986912
EN8 8,EN8 9,3336.1518440492086
EN8 9,EN9 1,891.492386653365
EN8 9,EN9 2,478.3405322745923
EN9 1,EN9 2,5200.40832862362
EN9 1,EN9 3,5887.247663580345
EN9 2,EN9 3,5439.339405694939
EN9 3,IG10 1,2836.212848872816
EN9 3,IG10 2,444.6766214098889
EN9 3,IG10 4,8338.763537282279
EX1 1,EX1 2,1324.5071771023165
EX1 1,EX2 4,1796.4496298709057
EX1 1,EX4 3,1453.0448929223433
EX1 2,EX1 3,1557.7467076799903
EX1 2,EX2 4,480.0366476621572
EX1 2,EX2 5,985.278956887716
EX1 2,EX4 3,396.4152795371758
EX1 2,EX4 4,186.1875520523939
EX1 2,EX4 6,1661.376942943515
EX1 2,EX4 7,1542.2673482764808
EX1 2,EX4 8,3.147717298955657
EX1 3,EX2 5,2023.9079648345455
EX1 3,EX2 7,1309.1314671506361
EX1 3,EX4 0,2424.6300398791686
EX1 3,EX4 8,4387.739226120849
EX1 3,EX4 9,2908.427746653878
EX1 3,EX5 2,4518.6090781285075
EX1 3,EX5 3,2315.535938928313
EX10 0,EX10 8,845.9741641534997
EX10 0,EX10 9,12467.558003946442
EX10 0,EX11 1,14088.873514682293
EX10 0,EX12 3,3178.5510703277773
EX10 0,EX14 2,211.08899115422693
EX10 0,EX14 3,2533.1218409294534
EX10 0,EX24 6,5879.814400990574
EX10 0,EX5 1,4950.053374884451
EX10 0,EX5 2,6857.0135032781745
EX10 0,EX9 7,9741.318220827136
EX10 8,EX10 9,7033.139655471237
EX10 8,EX9 7,1794.7874533164202
EX11 1,EX14 3,6007.058564918011
EX11 1,EX5 2,9289.74800561929
EX12 2,EX12 3,2125.4180303859303
EX12 2,EX12 4,275.829768014649
EX12 2,EX24 6,3558.05734193693
EX12 3,EX24 6,7626.532258447096
EX12 4,EX13 8,2871.3014201986352
EX12 4,EX24 6,2340.4455431815377
EX13 5,EX13 7,10387.708578838217
EX13 5,EX13 8,3892.018645843947
EX13 5,TA20 4,6236.951952874332
EX13 7,EX13 8,2424.804010356768
EX13 7,EX14 9,17321.512760968977
EX13 7,EX24 6,6684.8237735832545
EX13 7,TA20 2,5008.196269725292
EX13 7,TA20 3,9088.072118927623
EX13 7,TA20 4,1184.7498524255218
EX13 8,EX24 6,2194.701531670269
EX14 1,EX14 2,7534.290319276603
EX14 1,EX14 3,2631.2163379293306
EX14 1,EX14 4,2841.518665906298
EX14 1,EX14 9,5282.788978219538
EX14 1,EX24 6,930.9971979897665
EX14 2,EX14 3,4819.770733507916
EX14 2,EX24 6,2427.2042352154353
EX14 3,EX14 4,10733.799275634128
EX14 3,EX15 2,18567.004249228372
EX14 3,EX5 2,4067.015806621033
EX14 4,EX14 9,11437.233803342173
EX14 4,EX15 2,2538.3496164351013
EX14 4,EX15 3,10968.252769317363
EX14 9,EX15 3,3273.49379749694
EX14 9,EX24 6,9423.045358510435
EX14 9,TA20 3,8680.52409570149
EX14 9,TA3 7,3451.2742981086894
EX15 1,EX15 2,19102.672588388716
EX15 1,EX15 3,1685.1503497934189
EX15 1,EX16 4,6078.521605914012
EX15 1,EX16 8,2199.6760160227254
EX15 1,EX5 3,2243.1946045631908
EX15 1,EX5 4,16910.2826965308
EX15 2,EX15 3,17477.248701286935
EX15 2,EX5 2,4113.471837366893
EX15 2,EX5 3,7007.113316503636
EX15 3,EX16 4,3900.4824317240436
EX15 3,EX16 7,22546.304473924843
EX15 3,TA21 9,6616.072617567837
EX15 3,TA3 7,9273.940403672626
EX16 4,EX16 5,3735.988669885844
EX16 4,EX16 6,5269.7925270520245
EX16 4,EX16 7,23092.007982572133
EX16 4,EX16 8,1577.5222143160483
EX16 4,EX16 9,812.0667961233559
EX16 5,EX16 6,2445.4250578947904
EX16 5,EX16 7,309.22798505270276
EX16 5,EX16 8,17065.77433512172
EX16 5,EX16 9,3886.144818266951
EX16 6,EX16 7,1486.82338169513
EX16 7,EX16 9,17739.842661457886
EX16 7,TA21 0,21456.618079548956
EX16 7,TA21 9,3241.5920026121826
EX16 7,TA4 2,3453.6463963851525
EX16 8,EX16 9,12518.589180084891
EX16 8,EX17 4,31096.594709380017
EX16 8,EX17 6,1982.1400912246836
EX16 8,EX36 4,12863.076262704328
EX16 8,EX5 4,9597.474549565128
EX16 8,EX5 5,6748.372763368385
EX16 9,EX36 3,7993.793445841549
EX16 9,EX36 4,4971.389429465643
EX16 9,TA21 0,409.24198105866606
EX16 9,TA22 9,17864.201362595166
EX16 9,TA24 7,1958.0600785633583
EX16 9,TA4 2,6648.842316595314
EX17 1,EX17 2,676.0545273611265
EX17 1,EX17 3,5791.368258752078
EX17 1,EX17 4,12662.210363657256
EX17 1,EX5 5,9169.448552886755
EX17 2,EX17 3,2425.8260186425923
EX17 2,EX17 4,886.5435875409917
EX17 2,EX17 5,694.9352002054541
EX17 3,EX17 4,256.78520745452033
EX17 3,EX17 5,7087.43454425213
EX17 3,EX4 2,4609.654599280808
EX17 3,EX5 5,5342.6768333235905
EX17 3,EX6 6,2254.9638263078623
EX17 4,EX17 5,8663.611576747688
EX17 4,EX17 6,17157.394582428584
EX17 4,EX18 7,6655.79957822468
EX17 4,EX36 4,4448.041124432945
EX17 4,EX5 5,4711.974873827266
EX17 5,EX17 6,16236.8438925758
EX17 5,EX20 2,11758.398550037613
EX17 5,EX6 6,15104.530034815049
EX17 6,EX18 7,11584.98421361365
EX17 6,EX19 8,2251.4918985877716
EX17 6,EX20 2,10887.705647877709
EX17 6,EX6 6,1904.238134322517
EX18 7,EX19 8,23763.632072350803
EX18 7,EX36 4,5271.970641721164
EX18 7,EX37 9,17789.968636056987
EX19 8,EX20 2,6025.106529008342
EX19 8,EX20 3,29422.17394548241
EX19 8,EX37 9,5388.554934164495
EX19 8,EX38 7,8457.201139027167
EX19 8,EX38 8,1297.9463152027874
EX2 4,EX2 5,1132.295796738275
EX2 4,EX2 6,525.3982183924727
EX2 4,EX2 8,1824.7614668325548
EX2 4,EX4 3,335.19346368382844
EX2 5,EX2 6,2822.619338203877
EX2 5,EX2 7,4161.518625046411
EX2 6,EX2 7,3032.5398887615065
EX2 6,EX2 8,1099.8908625757547
EX2 7,EX2 8,254.80766869404252
EX2 7,EX3 0,5384.094671637918
EX2 7,EX5 1,559.4205144524664
EX2 7,EX5 2,1177.197249192038
EX2 7,EX6 8,1701.1237703665458
EX2 8,EX2 9,6879.75846110526
EX2 8,EX4 3,33.24749164931554
EX2 8,EX6 7,3034.2565409529307
EX2 8,EX6 8,7185.202370171599
EX2 9,EX4 1,4301.949302931492
EX2 9,EX4 3,150.35346115133623
EX2 9,EX6 7,21524.056470754174
EX20 1,EX20 2,13078.73781562845
EX20 1,EX20 3,9883.029902023296
EX20 1,EX20 4,12705.000636453415
EX20 1,EX21 5,354.70779705645464
EX20 1,PL20 6,1245.5619900021445
EX20 2,EX20 3,10762.45384041839
EX20 2,EX6 6,9027.862036314578
EX20 2,PL20 6,8821.123146655886
EX20 2,TQ13 8,8831.543404758942
EX20 3,EX21 5,40056.24295289636
EX20 3,EX38 8,10987.354391420073
EX20 4,EX21 5,17878.31883167793
EX20 4,PL16 0,20636.05771002902
EX20 4,PL19 0,6994.258487416177
EX20 4,PL19 9,7846.484985080695
EX20 4,PL20 6,10823.000673977656
EX21 5,EX22 6,13600.928191475929
EX21 5,EX22 7,22613.86464705384
EX21 5,EX38 8,10496.476644784576
EX21 5,EX39 5,1093.1035873218261
EX21 5,PL15 9,5184.547902461685
EX21 5,PL16 0,18416.4641459466
EX22 6,EX22 7,26120.837654119656
EX22 6,EX23 0,14515.509793345345
EX22 6,PL15 8,6381.133243721858
EX22 6,PL15 9,15161.961591756137
EX22 7,EX23 0,4451.028807030076
EX22 7,EX23 9,20950.51151710179
EX22 7,EX39 5,23135.08869476884
EX22 7,EX39 6,4150.148431510765
EX23 0,EX23 8,3256.4227499815006
EX23 0,EX23 9,9431.495776179552
EX23 0,PL15 8,9285.448258790253
EX23 0,PL32 9,8639.139757068455
EX23 8,EX23 9,7078.912568149489
EX23 9,EX39 6,6832.2683643995
EX3 0,EX5 1,9000.005510821184
EX3 0,EX6 8,1450.4029100536798
EX3 0,EX8 5,1370.396936564334
EX31 1,EX31 4,15864.70206049657
EX31 1,EX32 7,2450.4093765680045
EX31 1,EX32 8,533.5996256883448
EX31 2,EX31 3,10828.664365044055
EX31 2,EX32 9,374.73056864568736
EX31 3,EX32 0,7002.573939491919
EX31 3,EX32 9,788.460833527167
EX31 3,EX37 9,9316.986524700478
EX31 3,EX38 7,4941.369837392457
EX31 3,EX39 4,19093.436893250862
EX31 4,EX32 7,21971.07168851328
EX31 4,EX33 1,3188.827970141043
EX31 4,EX33 2,13319.652642120254
EX31 4,EX34 0,6505.864719310274
EX31 4,EX34 8,3303.5009542014245
EX31 4,EX34 9,12378.455440621785
EX31 4,EX35 6,8774.966872851035
EX31 4,TA24 7,4046.850311282416
EX32 0,EX32 7,16354.110477900109
EX32 0,EX32 8,2798.297516051909
EX32 0,EX32 9,2588.89556901237
EX32 0,EX36 3,3108.436044534613
EX32 0,EX36 4,5521.600434417467
EX32 0,EX37 9,13568.76687917567
EX32 7,EX32 8,4690.031900341211
EX32 7,EX32 9,80.84256600878238
EX32 7,EX36 3,9913.984984334384
EX32 7,TA24 7,2516.9795854057757
EX32 8,EX32 9,2159.6117013439098
EX33 1,EX33 2,8479.443380374356
EX33 1,EX34 7,5495.123845300222
EX33 1,EX34 8,2205.6436570752567
EX33 2,EX34 8,5308.157720335056
EX34 0,EX34 9,6889.529177796579
EX34 7,EX34 8,12035.554677234695
EX34 8,EX34 9,5182.2534468381355
EX35 6,TA24 7,8609.617674868137
EX35 6,TA24 8,7169.292262121987
EX36 3,EX36 4,35296.911052121235
EX36 3,TA24 7,17699.384803944085
EX36 4,EX37 9,15741.83019197323
EX37 9,EX38 7,856.7399443317042
EX38 7,EX38 8,11448.383089814
EX38 7,EX39 4,11644.468690724103
EX38 7,EX39 5,1518.7682355043037
EX38 8,EX39 5,10707.734136451854
EX39 1,EX39 2,119.47985027029031
EX39 1,EX39 3,4238.064954692253
EX39 1,EX39 5,1750.9193409918719
EX39 2,EX39 3,8471.58410819493
EX39 2,EX39 5,229.7478255571946
EX39 3,EX39 5,9867.348861199156
EX39 4,EX39 5,1950.429324185609
EX39 5,EX39 6,11604.050677886862
EX4 0,EX4 9,679.1022195433725
EX4 0,EX5 3,6546.946159971573
EX4 0,EX5 4,6050.765708903332
EX4 1,EX4 2,3528.759430193173
EX4 1,EX4 3,526.3915216123364
EX4 1,EX4 4,535.5194341431456
EX4 1,EX6 7,295.5638467736401
EX4 2,EX4 4,2232.931671247101
EX4 2,EX4 5,154.72709371561103
EX4 2,EX5 5,8048.880006211155
EX4 2,EX6 6,11307.287668233845
EX4 2,EX6 7,7692.292542946138
EX4 3,EX4 4,2347.61558605393
EX4 4,EX4 5,3656.3289011771467
EX4 4,EX4 6,3345.4145344988365
EX4 5,EX4 6,1234.276459801091
EX4 5,EX4 7,389.585195076197
EX4 5,EX4 9,2071.8897482052316
EX4 5,EX5 4,1322.187473815548
EX4 5,EX5 5,4098.569595652109
EX4 6,EX4 7,1056.307575850827
EX4 7,EX4 8,1170.3173347589254
EX4 7,EX4 9,1089.4689779835214
EX4 8,EX4 9,4487.779042931405
EX4 9,EX5 4,434.97964453993313
EX5 1,EX5 2,9051.071229780318
EX5 1,EX8 5,9944.98652560506
EX5 1,EX9 7,2177.764502579687
EX5 2,EX5 3,4458.256480765409
EX5 2,EX5 7,5022.220483647433
EX5 3,EX5 4,9651.9373297532
EX5 3,EX5 7,4320.120855416205
EX5 4,EX5 5,12870.354798893097
EX6 6,EX6 7,9970.969273054347
EX6 6,TQ13 8,8650.999317265167
EX6 7,EX6 8,5812.64291674843
EX6 7,TQ13 0,10925.303961560776
EX6 7,TQ13 8,8865.080263055395
EX6 7,TQ13 9,7376.514778971054
EX6 8,EX7 0,10204.100822442371
EX6 8,TQ13 0,3291.6413214900213
EX6 8,TQ14 9,2722.1013174241607
EX7 0,EX7 9,7123.100473391976
EX7 0,TQ14 8,4053.0993529810466
EX7 0,TQ14 9,2925.5724559102327
EX7 9,TQ14 8,230.7791358965283
EX8 1,EX8 2,3451.7225743118133
EX8 1,EX8 3,1193.18120319272
EX8 2,EX8 3,1020.755199868567
EX8 2,EX8 4,2932.5631756758557
EX8 2,EX9 6,974.4238479317189
EX8 2,EX9 7,765.0600709324696
EX8 3,EX8 4,3369.9625119691195
EX8 3,EX8 5,1818.4753817917046
EX8 4,EX8 5,5635.848077778339
EX8 4,EX9 7,2325.64680423974
EX8 5,EX9 7,1348.761470496462
EX9 6,EX9 7,5007.127678057548
FY1 1,FY1 2,1002.0088201367832
FY1 1,FY1 3,608.9486865671757
FY1 1,FY1 4,71.99720750424939
FY1 2,FY1 3,1222.6646533897501
FY1 2,FY2 0,1043.3890203150008
FY1 2,FY2 9,2150.0435396226103
FY1 3,FY1 4,1871.945658215393
FY1 3,FY2 0,37.72891827290155
FY1 3,FY3 7,722.5347268178648
FY1 3,FY3 8,1269.5744362754683
FY1 4,FY1 5,2817.9710749149044
FY1 4,FY1 6,89.41962449783071
FY1 4,FY3 8,99.40081996644744
FY1 4,FY3 9,1525.9510088638442
FY1 5,FY1 6,3886.4434615077175
FY1 5,FY3 9,822.3928246218404
FY1 6,FY3 9,475.0638375839538
FY1 6,FY4 1,586.660808586473
FY1 6,FY4 2,402.3419190344455
FY1 6,FY4 3,897.0152247382613
FY1 6,FY4 4,652.3836722359513
FY2 0,FY2 9,2685.6023439855007
FY2 0,FY3 7,1800.2799782351144
FY2 0,FY5 1,232.00785459110222
FY2 0,FY5 3,1604.8503794289131
FY2 0,FY6 7,2628.223886644874
FY2 9,FY5 1,819.5255131896454
FY3 0,FY3 7,866.6565717916928
FY3 0,FY3 8,1718.5493326725502
FY3 0,FY3 9,806.1979001409959
FY3 0,FY4 4,363.5790208203006
FY3 0,FY6 7,593.6754425580385
FY3 0,FY6 8,5029.64741293719
FY3 0,PR4 3,4543.017752985254
FY3 7,FY3 8,4329.500605697051
FY3 7,FY6 7,2126.1159438735986
FY3 8,FY3 9,4252.171473745302
FY3 9,FY4 4,3438.5872286497834
FY4 1,FY4 2,3991.1559469962667
FY4 1,FY8 2,1181.4661312322778
FY4 2,FY4 3,3415.1862590472656
FY4 2,FY8 2,394.04447092812575
FY4 3,FY4 4,1640.2151464036717
FY4 3,FY4 5,3835.5575024696686
FY4 3,FY8 2,97.24766305676356
FY4 4,FY4 5,4316.287242327747
FY4 4,PR4 3,747.185869984136
FY4 5,FY8 2,878.1021879625135
FY4 5,FY8 3,2726.476000177842
FY4 5,FY8 4,3695.9200006225265
FY4 5,PR4 3,4389.54360387028
FY5 1,FY5 2,1650.3408124594941
FY5 1,FY5 3,3921.2750875659804
FY5 1,FY7 8,553.4230085065074
FY5 2,FY5 3,1807.3782973384798
FY5 2,FY5 4,3374.979680359287
FY5 2,FY5 5,517.3215623755792
FY5 2,FY7 6,528.7875320200213
FY5 2,FY7 8,1712.9846372024651
FY5 3,FY5 5,1315.4439145208562
FY5 3,FY6 7,1245.2941534653257
FY5 4,FY5 5,5461.8982423576845
FY5 4,FY7 6,1180.8783032355125
FY5 5,FY6 7,2270.12153354427
FY6 0,FY6 9,12789.21865973501
FY6 0,PR3 6,7188.356054834309
FY6 7,FY6 8,8811.583777955251
FY6 7,PR3 0,1401.0045008260374
FY6 8,PR3 0,332.7137977375145
FY6 8,PR4 3,4788.837334858612
FY6 9,PR3 6,8927.168272113982
FY7 6,FY7 7,3076.2928807157114
FY7 6,FY7 8,546.0174310540948
FY7 7,FY7 8,5875.167824472087
FY8 1,FY8 2,1981.2106441071942
FY8 1,FY8 3,4762.658552287709
FY8 1,FY8 4,1641.1432106911273
FY8 1,FY8 5,1290.5642971652226
FY8 2,FY8 3,1624.4362100164035
FY8 3,FY8 4,3921.8199129468026
FY8 4,FY8 5,8841.829439625199
FY8 4,PR4 2,1172.6311643447152
FY8 4,PR4 3,5073.984611085312
FY8 5,PR4 1,11458.461708053555
FY8 5,PR4 2,3741.4277072411023
GL1 1,GL1 2,1713.4511666279657
GL1 1,GL1 3,713.2338982223646
GL1 1,GL1 4,567.6872684057619
GL1 1,GL1 5,633.528363220703
GL1 2,GL1 3,2042.9591059091772
GL1 2,GL1 5,445.42850854254334
GL1 2,GL2 5,2119.913003070308
GL1 2,GL2 8,503.63201335986287
GL1 2,GL2 9,1942.9661743609001
GL1 3,GL1 4,1312.8849308931228
GL1 3,GL2 0,1194.4238903595
GL1 3,GL2 9,4909.851323326649
GL1 3,GL4 3,554.7664495920736
GL1 3,GL4 6,0.8045551576859428
GL1 4,GL1 5,2293.6176515217076
GL1 4,GL4 6,1866.0030925263725
GL1 5,GL2 5,2980.287309282205
GL1 5,GL4 0,999.4649831784363
GL1 5,GL4 6,519.7748061100466
GL10 2,GL10 3,9601.771551027925
GL10 2,GL5 4,1141.490248416498
GL10 2,GL5 5,333.32763742031125
GL10 2,GL6 6,1537.1972640299846
GL10 3,GL11 5,13411.168816527157
GL10 3,GL12 7,1474.486232670663
GL10 3,GL2 4,4947.932043113019
GL10 3,GL2 7,7620.6202384381695
GL10 3,GL4 0,4402.421901517777
GL10 3,GL5 5,8014.340972680644
GL10 3,GL6 0,4034.0978795773253
GL10 3,GL6 6,3202.418027976712
GL10 3,GL8 8,4389.587167443724
GL11 4,GL11 5,8431.652316763217
GL11 4,GL11 6,5506.536612831485
GL11 5,GL11 6,4195.688472546428
GL11 5,GL12 7,1720.9191516552326
GL11 5,GL2 7,5344.891223725233
GL11 6,GL12 7,8900.611718487029
GL11 6,GL12 8,2595.7162383519703
GL11 6,GL13 9,14716.56379235881
GL11 6,GL2 7,2050.8693087463525
GL12 7,GL12 8,6832.179715128275
GL12 7,GL8 8,12172.440847739099
GL12 7,GL9 1,11295.114173772388
GL12 8,GL13 9,9450.773630537607
GL12 8,GL9 1,3447.4528910451845
GL13 9,GL2 7,4883.79716750781
GL14 1,GL14 2,4850.822231986486
GL14 1,GL14 3,3915.3918936875293
GL14 1,GL15 4,3512.0990653369386
GL14 1,GL17 0,6454.4127102130815
GL14 1,GL19 3,1225.16245730254
GL14 1,GL2 8,4002.3329324707133
GL14 2,GL14 3,19638.097761847395
GL14 2,GL15 4,10650.864699480395
GL14 2,GL16 7,3709.8923582463917
GL14 2,GL17 9,3043.335939876094
GL14 3,GL17 0,8153.828588051865
GL14 3,GL17 9,1063.552273762781
GL15 4,GL15 5,10996.76651107962
GL15 4,GL15 6,6161.030857343874
GL15 4,GL16 7,5221.539510797969
GL15 5,GL15 6,8453.18466489392
GL15 6,GL16 7,2544.6061816736706
GL15 6,GL16 8,9987.502763916704
GL15 6,NP16 7,10157.430311127186
GL15 6,NP25 4,1679.1276231285844
GL16 7,GL16 8,14231.98370998848
GL16 7,GL17 9,6329.1306108440685
GL16 7,HR9 6,5412.197946421868
GL16 7,NP25 3,230.234074520003
GL16 8,NP25 3,5187.138743137274
GL16 8,NP25 4,6447.550089725906
GL17 0,GL17 9,4505.65589101168
GL17 0,GL18 1,1665.9758184516597
GL17 0,GL19 3,3870.1246299978916
GL17 0,HR9 5,2079.0801608178217
GL17 0,HR9 7,6331.763759629587
GL17 9,HR9 5,5463.967937720478
GL17 9,HR9 6,3610.726262917822
GL18 1,GL18 2,7524.2847678137805
GL18 1,GL19 3,23155.651612744285
GL18 1,GL2 8,2744.995952679611
GL18 1,HR9 7,9127.605495915326
GL18 2,GL19 3,3451.5392703655866
GL18 2,HR8 1,7927.149426473459
GL18 2,HR8 2,14353.724847932119
GL18 2,HR9 7,3450.252838485652
GL19 3,GL19 4,18549.361309382897
GL19 3,GL2 8,23716.00643169076
GL19 3,GL20 6,2505.0965453689128
GL19 3,HR8 1,3620.2131044711136
GL19 3,WR13 6,7654.014022916372
GL19 4,GL2 8,1882.2694159357254
GL19 4,GL2 9,7795.347887593712
GL19 4,GL20 5,6270.862172802113
GL19 4,GL20 6,8307.866395660092
GL19 4,GL51 0,3287.291780874032
GL19 4,GL51 9,3568.036780720642
GL19 4,WR13 6,734.9611780189357
GL2 0,GL2 9,2892.921829928245
GL2 0,GL3 1,2697.8598523170913
GL2 0,GL3 3,23.455691821789916
GL2 0,GL4 3,1695.6064077799265
GL2 2,GL2 4,5124.702165107965
GL2 2,GL4 0,3454.127728827814
GL2 3,GL2 4,12832.859838471071
GL2 3,GL2 5,544.3746162407788
GL2 3,GL2 7,5571.019796542416
GL2 3,GL4 0,411.07435775403115
GL2 4,GL2 5,701.6263260797868
GL2 4,GL2 7,4239.517423719311
GL2 4,GL4 0,1896.7825588696248
GL2 5,GL4 0,1202.6114408055003
GL2 8,GL2 9,5174.918897573555
GL2 9,GL3 1,5680.635162341262
GL2 9,GL51 0,2203.6290340444
GL2 9,GL51 6,525.8015703986501
GL20 5,GL20 6,2615.889327877908
GL20 5,GL20 7,3460.4471020714814
GL20 5,GL20 8,3611.5225210864146
GL20 5,GL51 9,452.2708967993715
GL20 6,GL20 7,1671.8022052136407
GL20 6,GL20 8,3574.5580894686404
GL20 6,WR13 6,5832.894522721076
GL20 6,WR8 0,12487.452754141043
GL20 6,WR8 9,4104.1361056419455
GL20 7,GL20 8,19236.413067328354
GL20 7,GL51 9,2935.5459274213376
GL20 7,GL52 7,4937.940014283517
GL20 7,GL52 9,3367.150092647416
GL20 7,WR10 3,7167.207921679555
GL20 7,WR11 7,7549.655458981457
GL20 7,WR8 9,1742.0526007881765
GL20 8,GL52 3,3849.678851182275
GL20 8,GL52 9,6295.463079536939
GL20 8,GL54 5,5707.320944796329
GL20 8,WR11 7,5432.180622182921
GL3 1,GL3 2,5661.089553729408
GL3 1,GL3 3,270.09475760667914
GL3 1,GL51 6,624.9158918033895
GL3 2,GL3 3,4359.760827770887
GL3 2,GL3 4,1111.3549060815867
GL3 2,GL51 4,3729.99828541613
GL3 2,GL51 6,933.203717318352
GL3 3,GL3 4,5203.076741014627
GL3 3,GL4 3,2865.9684712828057
GL3 3,GL4 5,1474.87683080435
GL3 4,GL4 5,1351.0439426839937
GL3 4,GL4 8,11287.375110912611
GL3 4,GL51 4,5495.325076275809
GL3 4,GL53 9,2510.893450158878
GL4 0,GL4 6,4811.386298710724
GL4 0,GL4 8,2510.9288549260855
GL4 0,GL6 6,5107.24562664196
GL4 3,GL4 4,2278.6423038583243
GL4 3,GL4 5,420.23414536351584
GL4 3,GL4 6,223.6309394460625
GL4 4,GL4 5,5313.762197817372
GL4 4,GL4 6,3740.2780120235616
GL4 5,GL4 6,1196.4217615633686
GL4 5,GL4 8,850.6681302778785
GL4 6,GL4 8,1602.6205121028775
GL4 8,GL53 9,9368.513547158189
GL4 8,GL6 6,1951.597207898092
GL4 8,GL6 7,11235.10233563812
GL4 8,GL7 7,2985.139383955182
GL5 1,GL5 2,3421.685769199723
GL5 1,GL5 3,928.7613863199863
GL5 1,GL5 4,3185.967536195501
GL5 1,GL6 6,952.4348866155624
GL5 1,GL6 7,5312.342916371325
GL5 2,GL5 3,2436.3589844045914
GL5 2,GL5 4,170.61077295044385
GL5 2,GL5 5,6255.8647899359285
GL5 2,GL6 7,1191.973803183792
GL5 2,GL6 8,2617.0910158006614
GL5 2,GL6 9,4600.059558289899
GL5 3,GL5 4,2318.532240673305
GL5 3,GL5 5,4327.346230736641
GL5 4,GL5 5,1402.9256704679904
GL5 4,GL6 6,3589.1166549979057
GL5 5,GL6 0,5178.063061009706
GL5 5,GL6 9,1200.1987265496514
GL50 1,GL50 2,912.8085059816439
GL50 1,GL50 3,964.2063305116972
GL50 1,GL52 2,394.5919734188943
GL50 1,GL53 7,1065.6689505035808
GL50 2,GL50 3,1156.401506701016
GL50 2,GL51 3,2561.782948396795
GL50 2,GL51 6,1265.5529298004158
GL50 2,GL51 8,884.6712127549016
GL50 2,GL53 0,856.5492147530472
GL50 2,GL53 7,1049.290694247061
GL50 3,GL50 4,803.1514178334927
GL50 3,GL51 8,1421.9053035788781
GL50 3,GL51 9,15.6487118956189
GL50 3,GL52 2,18.17304575422899
GL50 4,GL51 0,595.5943335505073
GL50 4,GL51 9,6640.1424250113605
GL50 4,GL52 2,2036.6035317920218
GL50 4,GL52 3,3950.992697424076
GL50 4,GL52 8,536.2970954689126
GL51 0,GL51 4,1307.710348880296
GL51 0,GL51 6,8401.006368419934
GL51 0,GL51 7,2670.3616943743978
GL51 0,GL51 8,214.0777174242326
GL51 0,GL51 9,7802.289439120003
GL51 3,GL51 4,2128.1996722521903
GL51 3,GL51 6,6305.188047122075
GL51 3,GL53 0,667.608759039575
GL51 4,GL51 6,3098.60400188176
GL51 4,GL53 0,4424.260935423785
GL51 4,GL53 9,3242.298460198239
GL51 6,GL51 7,1064.0547717021846
GL51 6,GL51 8,210.03315836264855
GL51 7,GL51 8,4308.253376450548
GL51 8,GL51 9,1596.0713065277366
GL51 9,GL52 7,1930.9766346749668
GL51 9,GL52 8,2179.7815296890885
GL52 2,GL52 3,1017.1232613535158
GL52 2,GL52 5,1879.7002497062101
GL52 2,GL52 6,2411.6193331914324
GL52 2,GL53 7,201.5175862499172
GL52 3,GL52 5,10826.52233793161
GL52 3,GL52 8,2608.1741510407405
GL52 3,GL52 9,8246.63398190555
GL52 3,GL54 5,7479.632352964811
GL52 5,GL52 6,3596.3340917171386
GL52 5,GL52 9,622.0849605272024
GL52 5,GL54 5,8355.434247716435
GL52 6,GL53 7,1732.9544202452025
GL52 6,GL53 8,3573.075677954852
GL52 6,GL54 4,1032.5359247611927
GL52 6,GL54 5,2238.908533494436
GL52 7,GL52 8,6254.1344749416885
GL52 7,GL52 9,1497.4736014965836
GL52 8,GL52 9,4992.237090204921
GL53 0,GL53 7,1701.3522721670818
GL53 0,GL53 8,277.7286466503448
GL53 0,GL53 9,4859.4436545792805
GL53 7,GL53 8,452.1163148907038
GL53 7,GL53 9,1176.5724514061112
GL53 8,GL53 9,5443.147202784847
GL53 8,GL54 4,1432.1863316190218
GL53 9,GL54 4,9530.72356136109
GL53 9,GL7 7,8732.575528377478
GL54 1,GL54 2,13676.362026067247
GL54 1,GL54 5,7214.974245421701
GL54 1,GL56 0,22677.69453999133
GL54 1,GL56 9,1239.4307109876806
GL54 1,OX7 6,5593.976133538312
GL54 2,GL54 3,21802.417056138067
GL54 2,GL54 5,585.256229567097
GL54 2,OX18 4,4382.088682489679
GL54 2,OX7 6,5310.097577480268
GL54 3,GL54 4,21191.904694443598
GL54 3,GL54 5,11743.30529567969
GL54 3,GL7 3,1833.0132600873649
GL54 3,GL7 5,21639.859593748926
GL54 3,GL7 7,2697.1707899244593
GL54 3,OX18 4,10795.52977547079
GL54 4,GL54 5,16523.426402283018
GL54 4,GL7 7,8976.122110088088
GL54 5,GL56 9,3017.6850895328666
GL54 5,WR11 7,5747.0778299612375
GL54 5,WR12 7,10800.718453748159
GL55 6,GL56 9,25160.320516011936
GL55 6,WR11 7,7749.405997298189
GL55 6,WR12 7,11714.593182842353
GL56 0,GL56 9,15029.020672746374
GL56 0,OX7 5,8367.084109997277
GL56 0,OX7 6,8384.102913092871
GL56 9,WR12 7,2053.691877772934
GL6 0,GL6 9,2020.6543062394187
GL6 0,GL8 8,12837.580855535038
GL6 6,GL6 7,11939.04578247614
GL6 7,GL6 8,11868.683829177919
GL6 7,GL7 6,2535.9081127426953
GL6 7,GL7 7,22818.16959187372
GL6 8,GL6 9,5261.569511491092
GL6 8,GL7 6,6458.283177602732
GL6 8,GL8 8,3455.4389742995336
GL6 9,GL8 8,8002.474352788632
GL7 1,GL7 2,2513.449617527599
GL7 1,GL7 5,4552.261608481951
GL7 1,GL7 6,11348.062462869417
GL7 2,GL7 5,63.11930862502774
GL7 2,GL7 6,3104.76602794346
GL7 2,GL7 7,7890.966983849505
GL7 3,GL7 4,10178.09378302923
GL7 3,GL7 5,6849.058368527039
GL7 3,OX18 2,8055.254661917888
GL7 3,OX18 4,25099.237174168207
GL7 3,SN6 7,2698.843032740304
GL7 3,SN7 7,7164.6719910957945
GL7 3,SN7 8,3559.706894905843
GL7 4,GL7 5,7618.367289608068
GL7 4,SN6 6,7840.329364879604
GL7 4,SN6 7,5449.019611868982
GL7 5,GL7 6,9361.981871840393
GL7 5,GL7 7,4473.42779563101
GL7 5,SN6 6,23829.394168810817
GL7 6,GL7 7,3089.30089382352
GL7 6,GL8 8,9549.063721873288
GL7 6,SN16 9,12129.913470924492
GL7 6,SN6 6,5131.195129051138
GL8 8,GL9 1,5660.114444542607
GL8 8,SN16 0,13169.670108983551
GL8 8,SN16 9,3998.1123322607104
GL9 1,SN14 6,12522.955685774852
GL9 1,SN14 7,7231.4884526353935
GL9 1,SN14 8,8909.756436318426
GL9 1,SN16 0,847.5534529385523
GU1 1,GU1 2,3060.77259919562
GU1 1,GU1 3,133.30845280436353
GU1 1,GU1 4,1940.5647137378098
GU1 1,GU2 7,46.41949013581795
GU1 1,GU2 8,5.732376629603773
GU1 1,GU2 9,1887.8243357235763
GU1 1,GU4 7,9086.588109297289
GU1 2,GU1 3,2124.490512674319
GU1 2,GU4 7,4591.582202389833
GU1 2,GU4 8,3024.3842260825
GU1 2,GU5 9,979.9773122317326
GU1 3,GU1 4,1685.3731761778765
GU1 3,GU2 4,1535.0738222125212
GU1 3,GU3 1,697.4689204535417
GU1 3,GU4 8,3090.959983688625
GU1 4,GU2 4,356.2765308527694
GU1 4,GU2 7,1213.474407537884
GU10 1,GU10 2,2230.4268566110677
GU10 1,GU11 3,260.2239627006042
GU10 1,GU12 4,1565.5247113308951
GU10 1,GU12 6,3622.0164262987064
GU10 1,GU3 1,3118.751484279866
GU10 1,GU3 2,1726.0945823719762
GU10 1,GU8 6,2045.2988717456037
GU10 1,GU9 8,3963.875733559223
GU10 1,GU9 9,3312.8053291083215
GU10 2,GU10 3,12103.986577768415
GU10 2,GU26 6,3700.8328675641874
GU10 2,GU35 8,3530.1411840791166
GU10 2,GU8 6,8383.582620563371
GU10 2,GU9 8,476.3168305041049
GU10 3,GU10 4,9638.228408057907
GU10 3,GU35 8,605.5875120187377
GU10 3,GU9 8,7429.695571868216
GU10 4,GU10 5,3704.2581089664172
GU10 4,GU34 4,3935.4541817940994
GU10 4,GU35 0,8844.057086637999
GU10 4,GU35 8,3210.470091764693
GU10 4,GU35 9,186.8057347781358
GU10 4,GU9 8,3572.616711392449
GU10 5,GU34 4,8746.01718212304
GU10 5,GU51 5,2796.212906155897
GU10 5,GU52 0,373.0296081473373
GU10 5,GU52 8,4279.450348442503
GU10 5,GU9 0,2698.671928859486
GU10 5,GU9 7,3263.8064775941057
GU10 5,GU9 8,819.1741284088945
GU10 5,RG27 8,1530.1626665756141
GU10 5,RG29 1,5112.303354134974
GU11 1,GU11 2,4342.422942167999
GU11 1,GU11 3,3483.71662530953
GU11 1,GU11 4,2298.597571109741
GU11 1,GU12 4,498.7286477731582
GU11 1,GU52 6,333.59088767440835
GU11 1,GU52 8,2729.6855097524026
GU11 1,GU9 0,1852.6333698742742
GU11 2,GU11 4,2592.3058149773015
GU11 2,GU12 4,2408.228020811651
GU11 2,GU12 5,2740.8877586696603
GU11 2,GU14 0,1414.586680113393
GU11 2,GU14 6,7829.991766622379
GU11 2,GU51 2,1433.616092826562
GU11 2,GU52 6,467.4523377614378
GU11 3,GU12 4,3338.1225290339635
GU11 3,GU9 0,23.043193920866216
GU11 3,GU9 9,3371.3192199765576
GU12 4,GU12 5,238.03486385122352
GU12 4,GU12 6,1346.4833102828206
GU12 5,GU12 6,3856.4993915044015
GU12 5,GU14 6,611.2589000577477
GU12 5,GU16 6,7109.499920548174
GU12 5,GU24 0,381.9664303130035
GU12 5,GU3 2,4005.7766452225924
GU12 6,GU3 2,6792.540275607156
GU14 0,GU14 6,854.4418012064943
GU14 0,GU14 7,1447.4810021981195
GU14 0,GU14 8,846.5849448763236
GU14 0,GU14 9,1844.2792302125608
GU14 0,GU51 2,1795.9743964372265
GU14 6,GU14 7,4028.5379230824897
GU14 6,GU16 6,875.0637390660409
GU14 7,GU14 8,1984.4099289036956
GU14 7,GU16 6,1704.21806425046
GU14 8,GU14 9,4366.808435462411
GU14 8,GU15 2,557.7851700579947
GU14 8,GU16 6,1579.218617237756
GU14 8,GU16 7,1285.417735512679
GU14 8,GU17 9,402.2260469755039
GU14 9,GU17 9,4172.488964006734
GU14 9,GU51 2,1477.9659891784238
GU15 1,GU15 2,3660.2263586962868
GU15 1,GU15 3,1972.8245423561339
GU15 1,GU16 8,1733.8648306809798
GU15 1,GU16 9,2967.799791010721
GU15 1,GU18 5,689.3504583560776
GU15 1,GU19 5,790.1292966456232
GU15 1,GU24 9,1628.8681531887717
GU15 2,GU15 3,5053.258359199597
GU15 2,GU16 7,1307.529535414246
GU15 2,GU16 8,700.7416325679186
GU15 2,GU17 9,1064.006228843509
GU15 3,GU15 4,8468.88616082253
GU15 3,GU17 0,799.164104193255
GU15 3,GU17 9,1275.4527879922512
GU15 3,GU19 5,266.56458728113296
GU15 3,GU47 0,4522.17786309725
GU15 3,GU47 9,176.3233543377404
GU15 4,GU19 5,2225.2038945063855
GU15 4,GU47 0,2927.3654104420775
GU15 4,SL5 8,6.299533490715362
GU16 6,GU16 7,986.2959212534001
GU16 6,GU16 8,1700.027842937029
GU16 6,GU16 9,4558.8292221286365
GU16 6,GU24 0,2653.0494262756715
GU16 6,GU24 9,908.1653201040391
GU16 7,GU16 8,2444.6750171414374
GU16 8,GU16 9,2310.6786982304006
GU16 9,GU24 9,505.79808349691547
GU17 0,GU17 9,3187.329046265767
GU17 0,GU46 6,1710.2413046888828
GU17 0,GU46 7,685.2275261239758
GU17 0,GU47 8,234.4014476732424
GU17 0,GU47 9,1341.4161818333298
GU17 9,GU46 6,2013.948441210715
GU17 9,GU51 2,2573.4885034442777
GU17 9,RG27 8,2759.909132210184
GU18 5,GU19 5,2913.7461776476052
GU18 5,GU20 6,2281.775344485101
GU18 5,GU24 9,3800.761028381954
GU19 5,GU20 6,4589.634430628579
GU19 5,SL5 8,4101.978850819495
GU2 4,GU2 7,3301.643045758631
GU2 4,GU3 1,3439.358844705652
GU2 7,GU2 8,2172.8221790607295
GU2 7,GU3 1,510.626040035723
GU2 7,GU3 3,836.4071099034263
GU2 7,GU7 2,1697.0819932644754
GU2 8,GU2 9,1786.0276628377696
GU2 8,GU3 3,5662.882886927545
GU2 9,GU3 3,3251.328119444927
GU2 9,GU4 7,426.2891264482667
GU20 6,GU24 8,3116.990648349502
GU20 6,GU24 9,2031.8822730267539
GU20 6,SL5 8,1108.7853324284472
GU20 6,SL5 9,2500.9607901301024
GU21 2,GU21 3,1893.5915079621977
GU21 2,GU21 4,300.387668221442
GU21 2,GU21 8,2556.4789958572205
GU21 2,GU24 0,2719.818222318497
GU21 2,GU24 8,2454.942394015001
GU21 2,GU24 9,4156.04283646992
GU21 3,GU21 4,2082.9760346894923
GU21 3,GU21 6,466.50447196209416
GU21 3,GU21 7,2199.2303591082814
GU21 3,GU21 8,677.5203328260413
GU21 4,GU21 5,5296.562569634479
GU21 4,GU21 6,1871.101130473913
GU21 4,GU24 8,4766.057584382003
GU21 4,KT15 3,569.4478698155117
GU21 4,KT16 0,1185.8981368441398
GU21 5,GU21 6,1874.500541767453
GU21 5,GU22 7,913.621204932738
GU21 5,GU22 8,1731.2462424143137
GU21 5,KT14 6,1050.494871644851
GU21 5,KT15 3,1531.2575934364138
GU21 6,GU21 7,307.3393644786574
GU21 6,GU22 0,511.1779637258234
GU21 6,GU22 7,1008.8569771226623
GU21 7,GU21 8,718.9251032742656
GU21 7,GU22 0,3607.3599120453364
GU21 8,GU22 0,1157.952289922988
GU21 8,GU24 0,5.644596088457091
GU22 0,GU22 7,2797.197234670421
GU22 0,GU22 9,3071.6195502899
GU22 0,GU24 0,3110.30507042651
GU22 0,GU3 3,3927.603973560899
GU22 0,GU4 7,4179.573718930998
GU22 7,GU22 8,5129.814583132355
GU22 7,GU22 9,3524.1861489994526
GU22 8,GU22 9,1253.8576000260864
GU22 8,GU23 6,6870.81693278106
GU22 8,KT14 6,3507.71848079436
GU22 8,KT14 7,186.1607221658143
GU22 9,GU23 6,1862.8294525843885
GU22 9,GU23 7,4163.813563435036
GU22 9,GU4 7,1827.9637831232167
GU23 6,GU23 7,9907.030471641347
GU23 6,GU4 7,969.8584957369957
GU23 6,KT11 1,8488.345856113325
GU23 6,KT11 3,240.15046040711098
GU23 6,KT14 7,2864.2616899047007
GU23 6,KT24 5,1266.8377022563252
GU23 6,KT24 6,2924.106497186312
GU23 7,GU4 7,10930.542260161094
GU23 7,KT24 6,1147.0247632244782
GU24 0,GU24 9,3661.84234257523
GU24 0,GU3 2,6379.914616155794
GU24 0,GU3 3,1965.0778993723195
GU24 8,GU24 9,5602.098781474599
GU24 8,KT16 0,7285.525079962738
GU24 8,SL5 0,3637.7380726560086
GU24 8,SL5 9,459.7837459077615
GU25 4,KT16 0,7789.376735345818
GU25 4,SL5 0,4430.958324850571
GU25 4,TW20 0,824.5710737024143
GU25 4,TW20 8,3169.5033657979616
GU25 4,TW20 9,2811.1158437743875
GU26 6,GU27 1,10591.215661363358
GU26 6,GU30 7,1314.201690587586
GU26 6,GU35 8,1939.2670206718933
GU26 6,GU8 6,4586.659914981762
GU27 1,GU27 2,6678.619782057975
GU27 1,GU27 3,3831.4595603769953
GU27 1,GU30 7,5429.366047093085
GU27 1,GU8 5,115.8871962989952
GU27 1,GU8 6,1129.322139310323
GU27 2,GU27 3,10426.057924046376
GU27 2,GU28 9,1504.0611609118982
GU27 2,GU8 4,7482.264246322762
GU27 2,GU8 5,5422.621830002002
GU27 2,RH14 0,350.32834349398877
GU27 3,GU28 9,13951.537961210921
GU27 3,GU29 0,5617.385054847095
GU27 3,GU30 7,7206.4047144052965
GU28 0,GU28 9,27377.830780203964
GU28 0,GU29 0,5402.013018752466
GU28 0,PO18 0,6112.126702551463
GU28 0,RH14 0,5172.900795981607
GU28 0,RH20 1,19344.395149374202
GU28 9,GU29 0,4866.139009068347
GU28 9,RH14 0,11834.910865387477
GU29 0,GU29 9,12843.579767485598
GU29 0,GU30 7,6685.636314386532
GU29 0,GU31 5,11605.608084715737
GU29 0,PO18 0,13862.516621039893
GU29 0,PO18 9,4080.3064044868306
GU3 1,GU3 2,4837.91031676667
GU3 1,GU4 8,4936.176703535655
GU3 1,GU5 0,2728.8706896506883
GU3 1,GU7 1,509.73038751363214
GU3 1,GU7 2,5960.251399362237
GU3 1,GU7 3,4239.450312668534
GU3 1,GU8 4,313.11873321948497
GU3 1,GU8 6,7104.048348205899
GU3 2,GU3 3,7047.320242716039
GU3 2,GU7 2,3073.2613242855864
GU3 2,GU8 6,284.20383876703124
GU3 3,GU4 7,2745.196985936307
GU3 3,GU7 2,1593.5887756769603
GU30 7,GU31 5,5844.011268750258
GU30 7,GU33 7,2725.114058646875
GU30 7,GU35 8,5198.567862128042
GU30 7,GU35 9,4409.558111289664
GU31 4,GU31 5,13545.3955438127
GU31 4,GU32 1,5553.011572022437
GU31 4,GU32 2,5102.526570373044
GU31 4,GU32 3,6248.478463944773
GU31 4,PO8 0,4060.1805128134697
GU31 5,GU32 2,3178.1479432230126
GU31 5,GU33 7,6674.739270548351
GU31 5,PO18 9,6818.768702841141
GU31 5,PO8 0,1248.1164359165718
GU32 1,GU32 2,6378.474099495482
GU32 1,GU32 3,4725.143242234166
GU32 1,GU33 6,2309.5023801374737
GU32 1,GU34 3,20227.33356048705
GU32 1,PO7 4,5848.527874020796
GU32 1,PO8 0,4549.078200363816
GU32 1,SO24 0,5502.584911322026
GU32 1,SO32 3,6565.595633690049
GU32 2,GU32 3,2642.492244530616
GU32 2,GU33 6,3504.5087912904232
GU32 2,GU33 7,4139.741584495335
GU33 6,GU33 7,6245.268946392199
GU33 6,GU34 3,13774.924666579469
GU33 6,GU35 9,2917.0346268620247
GU33 7,GU35 9,3612.5242798330314
GU34 1,GU34 2,10212.444403892972
GU34 1,GU34 3,7440.999347458858
GU34 1,GU34 4,8876.569503398425
GU34 1,GU34 5,3000.003521528358
GU34 2,GU34 3,382.5196571779871
GU34 2,GU34 4,5986.991084436084
GU34 3,GU34 4,6402.72719054707
GU34 3,GU34 5,5037.990799300361
GU34 3,GU35 9,11695.753687690463
GU34 3,SO24 0,7887.554677884727
GU34 4,GU34 5,9107.325096802386
GU34 4,GU35 0,4779.548234701586
GU34 4,GU35 9,963.8649959025356
GU34 4,RG25 2,1265.5977361428515
GU34 4,RG29 1,8724.219177647565
GU34 5,RG25 2,7324.725887066101
GU34 5,SO24 0,4029.7505450830236
GU34 5,SO24 9,9425.798057235177
GU35 0,GU35 8,4494.474580749016
GU35 0,GU35 9,11633.491983827103
GU35 8,GU35 9,4771.029774558155
GU4 7,GU5 9,3059.8172967680257
GU4 7,KT24 6,4026.5487958037024
GU4 8,GU5 0,10898.370475112526
GU4 8,GU5 9,5833.0323022436
GU46 6,GU46 7,6437.787709030073
GU46 6,RG27 0,2681.197900587698
GU46 6,RG27 8,1496.7335260208777
GU46 7,GU47 8,1605.952801778312
GU46 7,RG27 0,974.0934016570425
GU46 7,RG40 3,770.684406968456
GU46 7,RG45 7,1708.0553601895695
GU47 0,GU47 9,2813.3386430162163
GU47 0,RG45 7,4078.309484738066
GU47 8,GU47 9,3185.4748216310304
GU47 8,RG45 7,3640.64778262326
GU47 9,RG45 7,827.7098093050392
GU5 0,GU5 9,3984.468514851874
GU5 0,GU6 8,10883.990299710893
GU5 0,GU8 4,10360.031189492995
GU5 9,KT24 6,3349.397548697749
GU5 9,RH5 6,17613.454311912046
GU51 1,GU51 2,1165.8497012810972
GU51 1,GU51 4,1257.1426113154705
GU51 1,GU51 5,875.6467514234268
GU51 1,RG27 8,3258.3270221034136
GU51 2,GU51 3,3211.001800181821
GU51 2,GU51 4,947.5606720342465
GU51 2,GU52 6,255.3400032214844
GU51 2,RG27 8,259.9585985896175
GU51 3,GU51 4,2372.601229309589
GU51 3,GU51 5,1006.9011952498299
GU51 3,GU52 6,747.3598638202865
GU51 3,GU52 7,1995.8473213536158
GU51 4,GU51 5,3384.3982348956
GU51 5,GU52 0,1025.662425203995
GU51 5,GU52 6,1445.9785047435232
GU51 5,GU52 7,718.4671649674858
GU51 5,RG27 8,4794.474170192151
GU52 0,GU52 6,3365.9087449053545
GU52 0,GU52 8,196.29083774898973
GU52 6,GU52 7,4863.3779905226
GU52 6,GU52 8,4197.074845876499
GU52 8,GU9 0,1853.5915581271088
GU6 7,GU6 8,6599.094042798702
GU6 7,RH12 3,4362.814929253921
GU6 7,RH5 5,4156.553790888963
GU6 7,RH5 6,6833.052405100254
GU6 8,GU8 4,6099.816653387624
GU6 8,RH12 3,6376.145746595048
GU6 8,RH14 0,7392.72801528186
GU6 8,RH5 6,5212.965351291989
GU7 1,GU7 2,5239.321519975407
GU7 1,GU7 3,2151.867112062867
GU7 1,GU8 4,10884.420399567458
GU7 1,GU8 5,2233.370196602538
GU7 2,GU7 3,2773.197907839734
GU7 2,GU8 5,2548.8216156418794
GU7 2,GU8 6,4342.327303879044
GU8 4,GU8 5,7281.426171412363
GU8 4,RH14 0,5690.597883837312
GU8 5,GU8 6,15592.840751337802
GU9 0,GU9 7,2141.662364390967
GU9 0,GU9 9,2959.985012852953
GU9 7,GU9 8,2167.8969242110265
GU9 7,GU9 9,2383.1565934852274
GU9 8,GU9 9,1136.6447256479373
HA0 1,HA0 2,56.056038327800294
HA0 1,HA0 4,4928.877988918605
HA0 1,HA9 6,536.3012318963438
HA0 1,NW10 7,354.2967346420922
HA0 1,NW10 8,566.8732353429572
HA0 1,UB6 0,944.8233490193521
HA0 1,UB6 7,1592.687844917434
HA0 1,UB6 8,670.545303844769
HA0 1,W5 1,1310.4963501634268
HA0 2,HA0 3,3529.1992928462855
HA0 2,HA0 4,1446.8646474112243
HA0 2,HA1 3,1879.0682918287534
HA0 2,HA9 7,1344.4207669623252
HA0 2,HA9 8,0.3137551910371929
HA0 2,UB6 0,1825.8472826560878
HA0 3,HA0 4,395.91739850708854
HA0 3,HA1 3,2433.398074602194
HA0 3,HA9 7,798.4766395525822
HA0 3,HA9 8,857.236180146674
HA0 4,HA9 6,412.81387380258957
HA0 4,HA9 7,1409.481651912959
HA1 1,HA1 2,2120.1967567773836
HA1 1,HA1 3,1082.1837947830063
HA1 1,HA1 4,2295.8695433341745
HA1 1,HA3 5,741.7712844461116
HA1 2,HA1 3,659.1520718513307
HA1 2,HA3 5,208.6273634282291
HA1 2,HA3 8,2126.90623227528
HA1 3,HA1 4,637.1247917648986
HA1 3,HA2 0,4717.663677357861
HA1 3,HA2 8,15.909657762229825
HA1 3,HA3 0,867.4491543502919
HA1 3,HA3 8,174.05777823448443
HA1 3,HA9 8,432.1333826379589
HA1 3,UB5 4,622.2593625571969
HA1 3,UB6 0,305.75111488631273
HA1 4,HA2 0,2468.4936712511453
HA1 4,HA2 6,3394.336552885433
HA1 4,HA2 7,1439.2399817474452
HA1 4,HA3 5,717.9713146487421
HA2 0,HA2 7,1136.761013601391
HA2 0,HA2 8,2765.7020080513444
HA2 0,HA2 9,1775.0114935907197
HA2 6,HA2 7,1058.9704856029105
HA2 6,HA3 5,1045.2604736662033
HA2 6,HA3 6,475.931096787174
HA2 6,HA5 4,1141.9622120121676
HA2 6,HA5 5,3961.6745444170474
HA2 7,HA2 9,127.40769660491141
HA2 7,HA5 5,2317.4455739032505
HA2 8,HA2 9,1660.1884195093028
HA2 8,HA4 0,479.8605422501984
HA2 8,UB5 4,2529.0851560481897
HA2 8,UB5 6,72.36730381027094
HA2 9,HA4 0,1448.364986831781
HA2 9,HA5 1,714.31098169067
HA2 9,HA5 5,819.675698976612
HA3 0,HA3 8,1773.7895144134184
HA3 0,HA3 9,3660.311715295234
HA3 0,HA9 8,1747.2745408654534
HA3 0,HA9 9,1274.2998815889932
HA3 5,HA3 6,3114.2871788841408
HA3 5,HA3 7,2807.873997407685
HA3 5,HA3 8,1134.2986389686828
HA3 6,HA3 7,3067.4247090704425
HA3 6,HA5 4,2252.4519918760707
HA3 6,HA7 2,170.76904862635638
HA3 6,HA7 3,3636.1591352724927
HA3 6,WD19 5,520.8166429978608
HA3 6,WD23 1,1807.1506753409467
HA3 7,HA3 8,651.0192507179613
HA3 7,HA7 2,834.9929318597797
HA3 8,HA3 9,1797.08104711807
HA3 8,HA7 2,1671.3943807630283
HA3 9,HA7 1,1939.686477656384
HA3 9,HA7 2,226.1101022800995
HA3 9,HA9 9,1785.476305319441
HA3 9,NW9 9,1626.7273364633659
HA4 0,HA4 6,5093.360852085726
HA4 0,HA4 8,901.7463795924418
HA4 0,HA4 9,4264.007981644195
HA4 0,HA5 1,6.9637123004095525
HA4 0,UB5 6,695.1229546823063
HA4 6,HA4 7,521.2000018064216
HA4 6,HA4 8,715.4325543467198
HA4 6,HA4 9,82.43836592811108
HA4 6,UB10 8,2728.3744000959323
HA4 6,UB10 9,1890.8637971517803
HA4 6,UB5 5,532.2637271977302
HA4 6,UB5 6,2737.6351410434
HA4 7,HA4 8,3331.4027734994534
HA4 7,HA5 2,2765.7206956405994
HA4 7,HA6 1,126.01761096218627
HA4 7,HA6 2,2559.6799110839443
HA4 7,UB10 8,1649.043990520675
HA4 7,UB9 6,2842.890497710418
HA4 8,HA4 9,2172.289561628391
HA4 8,HA5 1,292.9924372643853
HA4 8,HA5 2,2912.5673606098744
HA4 9,HA5 1,1744.708330387086
HA5 1,HA5 2,2003.2165554831956
HA5 1,HA5 3,1082.3860664526078
HA5 1,HA5 5,3442.726906782655
HA5 2,HA5 3,2804.188229448043
HA5 2,HA6 1,3077.386635671285
HA5 3,HA5 4,3057.5420987579982
HA5 3,HA5 5,3819.458956122556
HA5 3,HA6 1,2476.6184120530456
HA5 3,HA6 3,375.6654845257184
HA5 3,WD19 6,712.534546325377
HA5 4,HA5 5,189.88295614051293
HA5 4,WD19 5,786.4687860790707
HA5 4,WD19 6,1164.530922482877
HA6 1,HA6 2,3092.8550970025726
HA6 1,HA6 3,2583.9259681722056
HA6 2,HA6 3,5733.051655687058
HA6 2,UB9 6,3480.836477548977
HA6 2,WD18 6,299.52080960556475
HA6 2,WD18 8,243.2947355559577
HA6 2,WD19 4,1528.638601537192
HA6 2,WD19 7,466.02354166917985
HA6 2,WD3 1,6206.116521213682
HA6 3,WD19 6,1174.5235112184123
HA6 3,WD19 7,1252.901441118727
HA6 3,WD3 1,80.2807573457052
HA7 1,HA7 2,4043.3265183799012
HA7 1,HA8 5,868.665623921631
HA7 1,HA8 6,2342.2022531032167
HA7 1,NW9 9,135.22833568390968
HA7 2,HA7 3,2410.3466209608723
HA7 2,HA7 4,2303.109013828012
HA7 2,HA8 6,381.53950579281343
HA7 3,HA7 4,6026.005134222651
HA7 3,WD23 1,828.9189322190124
HA7 4,HA8 6,1116.1960515906371
HA7 4,HA8 7,1121.911603767799
HA7 4,HA8 8,3092.3988172198874
HA7 4,WD23 1,1362.4114717683776
HA7 4,WD6 3,976.9068723102853
HA8 0,HA8 5,1328.99498966769
HA8 0,HA8 6,136.10364186598554
HA8 0,HA8 9,4087.4656830742906
HA8 0,NW7 2,694.96296436328
HA8 0,NW9 0,9.667774979133627
HA8 0,NW9 5,1842.996684106583
HA8 5,HA8 6,2792.2816540178846
HA8 5,HA8 7,256.39276760052167
HA8 5,HA8 9,72.61303981749839
HA8 5,NW9 0,1163.3502324429685
HA8 5,NW9 9,1048.2486856121986
HA8 6,HA8 7,2946.59686012112
HA8 6,HA8 9,36.49702855989746
HA8 7,HA8 8,2089.797191755596
HA8 7,HA8 9,1397.1008088171936
HA8 8,HA8 9,2485.530386272126
HA8 8,NW7 3,2022.8372258635268
HA8 8,WD6 3,2546.9136162960267
HA8 9,NW7 2,395.22438320582216
HA8 9,NW7 3,3248.9054411519546
HA9 0,HA9 6,1942.9545756213827
HA9 0,HA9 8,2323.346821012878
HA9 0,HA9 9,960.5437616499235
HA9 6,HA9 7,1387.5957951412372
HA9 6,HA9 8,343.3844287593911
HA9 6,HA9 9,119.39610121865763
HA9 6,NW10 0,2210.020287886098
HA9 6,NW10 8,254.33742228697457
HA9 7,HA9 8,3174.551427081131
HA9 8,HA9 9,1114.4565590377617
HA9 9,NW10 0,763.4664865819626
HA9 9,NW9 8,2309.1476002369077
HA9 9,NW9 9,282.4746565080363
HD1 1,HD1 2,478.77628756293007
HD1 1,HD1 3,505.14915630544385
HD1 1,HD1 4,473.40773526548594
HD1 1,HD1 5,813.3091498212117
HD1 1,HD1 6,1032.8620019639404
HD1 2,HD1 3,148.95051612207115
HD1 2,HD1 4,208.6248652713521
HD1 3,HD1 4,1780.558659557909
HD1 3,HD1 6,381.27430182613085
HD1 3,HD4 5,1478.6922941978128
HD1 3,HD4 6,3112.182937798538
HD1 3,HD4 7,330.3635795701413
HD1 3,HD5 8,457.7098715936322
HD1 3,HD5 9,141.56863392136836
HD1 4,HD1 5,1466.5089574215442
HD1 4,HD2 2,171.1732534622246
HD1 4,HD3 3,1119.904942002626
HD1 4,HD3 4,2533.613896022475
HD1 4,HD4 5,989.2539727005567
HD1 5,HD1 6,1037.2457174004464
HD1 5,HD2 2,1669.747066478994
HD1 6,HD2 1,3229.0222627003777
HD1 6,HD2 2,913.6275042075782
HD1 6,HD5 9,1661.0325689270942
HD2 1,HD2 2,7142.382131999324
HD2 1,HD5 0,1559.1167589949252
HD2 1,HD5 9,3226.4328840921803
HD2 1,HD6 4,930.7341406975743
HD2 2,HD6 3,3606.2954889281364
HD2 2,HD6 4,1998.1820853793947
HD2 2,HX5 0,900.1327639826897
HD2 2,HX5 9,1610.9954702030368
HD3 3,HD3 4,4234.927084698038
HD3 3,HD7 4,3884.5573502084007
HD3 3,HD7 5,287.1888803597345
HD3 3,HX4 9,6612.900175925124
HD3 3,HX5 0,1380.6511834326072
HD3 3,HX5 9,155.9509431019486
HD3 4,HD4 5,2339.324716447318
HD3 4,HD7 4,2743.559195735313
HD3 4,HD7 5,672.533355760916
HD4 5,HD4 7,4384.149467164995
HD4 5,HD7 5,1170.0243705687878
HD4 6,HD4 7,7341.493647408012
HD4 6,HD5 8,6586.814430675251
HD4 6,HD8 0,7733.146995686591
HD4 6,HD8 8,7000.841767098773
HD4 6,HD9 6,3141.329096710302
HD4 6,HD9 7,5836.018103215866
HD4 7,HD7 5,714.6535529050725
HD4 7,HD9 5,3406.4440821052494
HD4 7,HD9 6,2593.447747986151
HD5 0,HD5 9,3819.4446089884073
HD5 0,HD6 4,404.8374085717662
HD5 0,HD8 0,7313.543557697676
HD5 0,WF14 0,162.66951623123273
HD5 0,WF14 8,3733.375420795258
HD5 0,WF14 9,1327.7290326321306
HD5 0,WF15 8,267.1700701743582
HD5 8,HD5 9,2993.0368342597994
HD5 8,HD8 0,2749.555687250775
HD5 9,HD8 0,125.09878616348072
HD6 1,HD6 2,2490.3858142174918
HD6 1,HD6 3,4753.493917645696
HD6 1,HD6 4,4204.870534038894
HD6 2,HD6 3,519.419604964981
HD6 2,HD6 4,2383.4368899283572
HD6 2,HX3 8,2547.0091408105654
HD6 2,HX3 9,2891.7297890036143
HD6 3,HD6 4,888.5324605895879
HD6 3,HX3 9,1863.352334180368
HD6 3,HX5 9,3401.722634638439
HD6 4,HX3 8,2641.8917679971873
HD6 4,WF15 8,4706.499034372623
HD7 4,HD7 5,6671.054332104573
HD7 5,HD7 6,10235.68211671704
HD7 5,HD9 5,4885.418065570185
HD7 5,HX4 0,1050.7485885380065
HD7 5,HX4 9,76.36932869233797
HD7 5,HX6 4,2248.8007634121063
HD7 6,HD9 2,3213.9933055292768
HD7 6,HD9 4,144.34293970220105
HD7 6,HD9 5,5299.031742592076
HD7 6,HX6 4,5887.921933433307
HD7 6,OL3 5,9288.728133109018
HD8 0,HD8 8,3312.770797951588
HD8 0,HD8 9,3626.638920757595
HD8 0,WF12 0,1083.5696952135725
HD8 0,WF14 8,2059.454096962804
HD8 0,WF4 4,4086.946030305268
HD8 8,HD8 9,11433.156945889008
HD8 8,HD9 7,3640.104820828852
HD8 8,S36 4,791.8152027903417
HD8 8,S36 7,5389.6268612712465
HD8 9,S36 7,1163.5950423332629
HD8 9,S75 4,7590.707401030888
HD8 9,WF4 4,6307.7727290284865
HD9 1,HD9 2,10167.076038165213
HD9 1,HD9 3,1991.5428145379042
HD9 1,HD9 7,14544.5326626944
HD9 1,S36 4,4594.975053016318
HD9 2,HD9 3,8372.305819034944
HD9 2,HD9 4,1557.398390408443
HD9 2,OL3 5,207.7055644962808
HD9 2,OL3 7,2504.730863308507
HD9 2,S36 4,4333.674581211433
HD9 2,SK13 1,7692.883710553799
HD9 3,HD9 4,4070.714674684681
HD9 3,HD9 6,3609.8280440579797
HD9 3,HD9 7,2821.1632051496854
HD9 4,HD9 5,8576.712786399712
HD9 4,HD9 6,1877.102758559062
HD9 5,HD9 6,1979.6830357125064
HD9 6,HD9 7,4591.191182763069
HD9 7,S36 4,1719.8102548051952
HG1 1,HG1 2,623.6046261504536
HG1 1,HG1 5,1188.9328130669287
HG1 1,HG2 0,1571.607650283715
HG1 1,HG2 8,467.9654103249746
HG1 2,HG1 3,1884.4015774119468
HG1 2,HG1 4,239.0958122425037
HG1 2,HG1 5,1146.6917822126218
HG1 2,HG2 0,2217.3049443762275
HG1 2,HG3 1,4069.6218182120906
HG1 2,HG3 2,4033.545160835518
HG1 3,HG1 4,3214.9021656286614
HG1 3,HG3 2,2646.4003567622094
HG1 3,HG3 3,728.6028644126712
HG1 4,HG1 5,1448.6640105538636
HG1 4,HG2 7,4671.041667869935
HG1 4,HG2 8,0.8400857092599526
HG1 4,HG3 3,808.6199210354864
HG1 4,HG5 9,3587.870243206907
HG1 5,HG2 8,1090.1488798052867
HG2 0,HG2 8,8.802109419580669
HG2 0,HG2 9,4268.081738726648
HG2 0,HG3 1,2855.197075332212
HG2 7,HG2 8,4594.867433658393
HG2 7,HG5 0,1149.2192051119791
HG2 7,HG5 8,1815.6487884861824
HG2 7,HG5 9,735.565236570867
HG2 8,HG2 9,3889.8804180447555
HG2 8,HG3 1,4700.308341137379
HG2 8,HG5 8,1039.7065569392157
HG2 9,HG3 1,4677.520810281709
HG3 1,HG3 2,9314.779853906763
HG3 1,HG5 8,5443.388575944547
HG3 1,LS17 0,14014.945610945219
HG3 1,LS17 9,3203.393907296255
HG3 1,LS21 2,18650.358894817164
HG3 1,LS22 4,19227.110281835132
HG3 1,LS22 6,1002.5710060041239
HG3 2,HG3 3,15752.652481822557
HG3 2,HG3 4,9228.759555824992
HG3 2,HG3 5,4208.582106628558
HG3 2,LS21 2,9417.790787737162
HG3 3,HG3 4,6190.975601518519
HG3 3,HG3 5,4562.037825017936
HG3 3,HG4 3,20073.714093845665
HG3 3,HG4 5,3565.6683321024843
HG3 3,HG5 9,10145.595020836947
HG3 3,YO51 9,3261.232222131841
HG3 4,HG3 5,7230.82414165399
HG3 5,HG4 3,13267.856891841604
HG3 5,HG4 4,9168.120568176058
HG4 1,HG4 2,7130.177852877823
HG4 1,HG4 3,5006.149610937149
HG4 1,HG4 5,5027.057088069253
HG4 2,HG4 3,12400.077129524649
HG4 3,HG4 4,10693.322314944524
HG4 3,HG4 5,13536.513447672873
HG4 5,YO51 9,8687.982867198749
HG4 5,YO7 3,6456.694730682715
HG4 5,YO7 4,5172.9195688637565
HG5 0,HG5 8,16315.042976653402
HG5 0,HG5 9,12964.844925972902
HG5 0,LS22 4,6623.264459299007
HG5 0,LS22 5,5989.958560312397
HG5 0,YO26 8,4641.1009531144855
HG5 0,YO26 9,2854.152256287528
HG5 0,YO51 9,5188.497477615259
HG5 8,LS22 4,1899.3750726233673
HG5 9,YO51 9,3138.8920857000126
HP1 1,HP1 2,1775.273678194269
HP1 1,HP1 3,1388.6207584344104
HP1 1,HP2 4,2111.299649663611
HP1 1,HP2 5,231.28476158350986
HP1 1,HP3 0,257.08723780300016
HP1 1,HP3 9,1247.8384272940239
HP1 2,HP1 3,3745.311758842221
HP1 2,HP2 6,161.25030592692826
HP1 2,HP3 0,2294.1400458377557
HP1 2,HP4 2,3923.4782809371177
HP1 3,HP2 5,1838.639739957459
HP1 3,HP2 6,12587.188927560954
HP1 3,HP4 1,4747.834987560894
HP1 3,HP4 2,3186.9509761408294
HP1 3,HP4 3,366.3225737338299
HP1 3,LU6 2,900.8880783093787
HP10 0,HP10 9,5176.947787078313
HP10 0,HP9 1,3887.279461192252
HP10 0,SL6 0,547.3620472280529
HP10 0,SL8 5,3361.7676242158313
HP10 8,HP10 9,1692.921472719748
HP10 8,HP13 7,6261.397355582645
HP10 8,HP15 7,5127.339051401224
HP10 8,HP7 0,5599.889061376739
HP10 8,HP9 1,1784.1108454568043
HP10 8,HP9 2,810.1108909774582
HP10 9,HP11 1,4833.502471579113
HP10 9,HP13 7,1077.6009589101216
HP10 9,HP9 1,661.4166518041637
HP10 9,SL7 3,3062.6735325188356
HP10 9,SL8 5,1863.5665719649764
HP11 1,HP11 2,3077.7365588843777
HP11 1,HP12 3,559.7331351039331
HP11 1,HP12 4,2899.61946922807
HP11 1,HP13 6,2082.96241262764
HP11 1,HP13 7,4912.685749048735
HP11 1,SL7 3,2890.552304539012
HP11 2,HP12 3,3593.7221450191246
HP11 2,HP13 5,642.436776879513
HP11 2,HP13 6,335.98605748831756
HP12 3,HP12 4,5114.121135459467
HP12 3,HP13 5,1322.30084433181
HP12 4,HP13 5,4117.684245369404
HP12 4,HP14 3,8095.060352668122
HP12 4,HP14 4,366.95550810643203
HP12 4,SL7 3,2866.875012334903
HP13 5,HP13 6,3132.8906013776796
HP13 5,HP13 7,1409.1003975635836
HP13 5,HP14 4,7838.331158726389
HP13 6,HP13 7,4016.8955478664093
HP13 7,HP14 4,174.3788199638502
HP13 7,HP15 7,847.80962590981
HP14 3,HP14 4,8003.071844335162
HP14 3,OX39 4,4639.081508683859
HP14 3,OX49 5,2128.018088725512
HP14 3,OX9 7,5125.6038541216085
HP14 3,RG9 6,9995.145872658157
HP14 3,SL7 2,2240.6826864560885
HP14 3,SL7 3,2040.8542527681504
HP14 4,HP15 6,4305.739496534796
HP14 4,HP15 7,291.7410535486123
HP14 4,HP16 0,5232.460730133092
HP14 4,HP16 9,855.3434745499153
HP14 4,HP27 0,3611.577356567361
HP14 4,HP27 9,13060.811650571948
HP14 4,OX39 4,3392.14531479655
HP15 6,HP15 7,3618.735885415118
HP15 6,HP16 0,7820.03557067048
HP15 6,HP7 0,7454.357360050474
HP15 7,HP7 0,862.5549919865388
HP16 0,HP16 9,22402.206351901754
HP16 0,HP22 6,1896.3453322804498
HP16 0,HP7 0,2852.118726174063
HP16 9,HP17 0,3422.5478894085513
HP16 9,HP22 6,8324.406110738071
HP16 9,HP23 6,2141.087881655511
HP16 9,HP27 0,9222.922344327133
HP16 9,HP5 2,4813.988467566258
HP16 9,HP6 5,660.5759611258677
HP16 9,HP7 0,485.76926392590315
HP17 0,HP17 9,3299.936975217835
HP17 0,HP22 5,7636.704453770684
HP17 0,HP22 6,5727.198284572917
HP17 0,HP27 0,618.0805805482075
HP17 8,HP17 9,2987.0122640966324
HP17 8,HP18 0,7276.96945330876
HP17 8,HP19 7,3093.3576612599604
HP17 8,HP19 8,1077.7238286308948
HP17 8,HP21 8,808.6102497550389
HP17 8,HP21 9,1876.222163544146
HP17 8,HP22 5,8770.292790579231
HP17 8,HP27 9,8984.73390126768
HP17 8,OX9 3,17910.92220132171
HP17 9,HP22 5,799.4406508937817
HP17 9,HP27 0,2503.123899870754
HP17 9,HP27 9,1420.048754109942
HP18 0,HP18 1,7296.963449154058
HP18 0,HP18 9,21973.630677935613
HP18 0,HP19 8,1376.7300772050876
HP18 0,HP19 9,1379.7511659017855
HP18 0,HP22 4,21585.446307687198
HP18 0,MK18 2,6381.413098632179
HP18 0,OX27 0,3263.506119419257
HP18 0,OX9 3,5085.986113968021
HP18 1,HP19 9,2420.591555507485
HP18 9,OX25 1,12275.70859831568
HP18 9,OX27 0,2163.9292876633144
HP18 9,OX33 1,15483.845454698712
HP18 9,OX44 7,4144.589148501832
HP18 9,OX5 2,1399.0268338372555
HP18 9,OX9 2,4600.074359466298
HP18 9,OX9 3,4203.572372776823
HP19 0,HP19 9,2350.4216234189475
HP19 0,HP20 2,1526.0696077565317
HP19 0,HP22 5,2744.1262273841
HP19 7,HP19 8,3233.919930094467
HP19 7,HP19 9,610.3703916763368
HP19 7,HP21 8,1790.4069019416181
HP19 8,HP19 9,4614.929525710655
HP19 8,HP20 2,931.5205869822715
HP19 9,HP20 2,905.6844867530604
HP19 9,HP22 4,4145.7204240179635
HP19 9,HP22 5,2087.1547722607643
HP2 4,HP2 5,3266.815340403539
HP2 4,HP2 7,3833.1097934052564
HP2 4,HP3 8,3562.705073367848
HP2 4,HP3 9,2482.8328640507234
HP2 5,HP2 6,1200.2266392378096
HP2 5,HP2 7,2237.573502819206
HP2 6,HP2 7,2894.125720030466
HP2 6,HP4 2,283.2208400545858
HP2 6,LU6 2,1164.023882911907
HP20 1,HP20 2,2906.5990056203414
HP20 1,HP21 7,3837.639866116803
HP20 1,HP22 0,1076.9137578816628
HP20 1,HP22 5,3727.7549423414985
HP20 1,HP22 7,2829.025810913412
HP20 2,HP21 7,252.3522733819671
HP20 2,HP21 8,500.4331606056743
HP20 2,HP22 5,555.1728452359096
HP21 7,HP21 8,2036.1345214406742
HP21 7,HP21 9,3962.7025475114897
HP21 7,HP22 5,298.81671478298585
HP21 8,HP21 9,3561.4031200053555
HP21 9,HP22 5,5427.735488675287
HP22 0,HP22 5,10929.538449875461
HP22 0,HP23 4,499.5700648889007
HP22 4,HP22 5,4356.63243832021
HP22 4,HP23 4,3589.4223937856113
HP22 4,LU7 0,11716.852393114
HP22 4,MK18 2,1594.094337453722
HP22 4,MK18 3,18887.372112418212
HP22 5,HP22 6,11599.959093691104
HP22 5,HP22 7,2860.306837051626
HP22 5,HP23 4,10177.991480509832
HP22 5,HP23 6,2920.0387092506717
HP22 6,HP23 6,1083.1503418657783
HP23 4,HP23 5,9133.21697953444
HP23 4,HP23 6,2278.5194947055456
HP23 4,LU7 0,7302.216018457958
HP23 4,LU7 9,2354.2040044785026
HP23 5,HP23 6,7697.252423463495
HP23 5,HP4 1,954.1935630621936
HP23 5,HP4 3,3137.1724103474603
HP23 5,LU7 9,4956.223477435049
HP23 6,HP4 3,4567.66532245709
HP23 6,HP5 2,6967.776280243321
HP27 0,HP27 9,10246.865498738487
HP27 9,OX39 4,7817.028516270607
HP27 9,OX9 3,255.75530320539585
HP3 0,HP3 9,4461.12955538182
HP3 0,HP4 2,2824.524878395517
HP3 0,HP5 1,3911.171727972404
HP3 0,HP5 3,5497.918336650992
HP3 0,WD3 6,2186.5155583496185
HP3 0,WD4 8,5535.667100450977
HP3 0,WD4 9,7832.059724823655
HP3 8,HP3 9,4707.134630736833
HP3 8,WD4 8,3794.400721104131
HP3 8,WD5 0,1121.0186743554273
HP4 1,HP4 2,2490.7501649742258
HP4 1,HP4 3,11528.372590539642
HP4 1,LU6 2,13038.202878385448
HP4 1,LU7 9,7664.920392278401
HP4 2,HP4 3,4358.2219264995765
HP4 2,HP5 3,2274.8391806631084
HP4 3,HP5 2,396.78611195305996
HP4 3,HP5 3,2785.7395837385047
HP5 1,HP5 2,6160.487562446788
HP5 1,HP5 3,10823.517933482884
HP5 1,HP6 5,3448.4861230138076
HP5 1,HP6 6,1958.5470045208492
HP5 1,HP7 9,1769.7528122882445
HP5 1,WD3 6,1887.8190031383238
HP5 2,HP5 3,6304.076231526069
HP5 2,HP6 5,5664.5092682771065
HP6 5,HP6 6,5752.4187849337495
HP6 5,HP7 0,8823.88410397794
HP6 5,HP7 9,550.0780419080261
HP6 6,HP7 9,6750.44019374953
HP6 6,HP8 4,545.4000946190274
HP6 6,WD3 6,2518.276754770333
HP7 0,HP7 9,6399.598719342972
HP7 0,HP8 4,924.5870062577835
HP7 0,HP9 2,9808.898813190068
HP7 9,HP8 4,7733.063343563075
HP7 9,WD3 6,432.82434755922066
HP8 4,HP9 2,4125.99796715181
HP8 4,SL9 0,3879.501522766374
HP8 4,SL9 9,1566.5411933281084
HP8 4,WD3 6,3496.3914273350615
HP9 1,HP9 2,15687.616258056229
HP9 1,SL6 0,956.3218932309844
HP9 2,SL1 8,2039.6366466768845
HP9 2,SL2 3,3217.380175643741
HP9 2,SL6 0,727.265865353323
HP9 2,SL9 7,1157.5039855934428
HP9 2,SL9 9,5488.042064978205
HR1 1,HR1 2,3920.2824241519093
HR1 1,HR1 3,3322.0119806926637
HR1 1,HR1 4,7440.061091061065
HR1 1,HR2 6,2211.793516060299
HR1 1,HR4 8,1061.514187903562
HR1 1,HR4 9,3992.8940115454334
HR1 2,HR2 6,2420.541548355954
HR1 2,HR2 7,939.6672033497922
HR1 2,HR4 0,1285.5181319819656
HR1 2,HR4 9,1263.4661507565775
HR1 3,HR1 4,9100.479745387518
HR1 3,HR4 8,15702.332822829707
HR1 3,HR6 0,8092.822673524301
HR1 3,HR7 4,15854.380786546357
HR1 3,HR8 2,6936.16976566134
HR1 4,HR2 6,18680.082840544594
HR1 4,HR8 2,25337.82745819963
HR1 4,HR9 6,8648.507467468766
HR1 4,HR9 7,8245.389534190572
HR2 0,HR2 8,5508.621011391292
HR2 0,HR2 9,32316.074849792763
HR2 0,HR3 5,9421.245343654735
HR2 0,HR3 6,9664.148851173199
HR2 0,NP7 7,16369.42342192948
HR2 0,NP7 8,16039.830740800782
HR2 6,HR2 7,3513.5315409421178
HR2 6,HR2 8,12067.607452332048
HR2 6,HR9 6,4502.24438078609
HR2 7,HR2 8,3744.480962370373
HR2 7,HR2 9,2163.8229340281177
HR2 7,HR4 0,1663.3446179335785
HR2 7,HR4 7,1928.9771449325917
HR2 8,HR2 9,17001.723867160894
HR2 8,HR9 6,17493.894615813046
HR2 8,NP25 5,5109.983386685848
HR2 8,NP7 8,4006.3342286234065
HR2 9,HR3 6,2686.8995887628294
HR2 9,HR4 7,20298.055178308106
HR3 5,HR3 6,23483.894502779578
HR3 5,HR5 3,2040.194762039559
HR3 5,LD2 3,18904.48590730345
HR3 5,LD3 0,26538.259905474693
HR3 5,NP7 7,2912.855412929777
HR3 5,NP8 1,5037.891423282726
HR3 6,HR4 7,12728.658054203435
HR3 6,HR4 8,2906.2260310464562
HR3 6,HR5 3,30177.940019093916
HR3 6,HR6 9,2622.5861855816424
HR4 0,HR4 7,11003.17160114151
HR4 0,HR4 9,5015.018490631891
HR4 7,HR4 8,33531.73864559863
HR4 7,HR4 9,2244.220448535693
HR4 8,HR4 9,2310.425080488771
HR4 8,HR6 0,14666.396748510242
HR4 8,HR6 9,12018.440561931731
HR5 3,HR6 9,14755.907841867409
HR5 3,LD1 5,7625.403960967068
HR5 3,LD2 3,7060.437998030404
HR5 3,LD8 2,29710.93679606524
HR6 0,HR6 8,12983.67864062486
HR6 0,HR6 9,18313.25989345903
HR6 0,HR7 4,19735.201469700703
HR6 0,SY8 4,16766.07458844123
HR6 0,WR15 8,17021.001709090913
HR6 8,HR6 9,11412.029656951998
HR6 9,LD8 2,10313.933266236556
HR6 9,SY7 0,9050.735936953064
HR6 9,SY8 2,8471.449098221403
HR6 9,SY8 4,3884.209680608939
HR7 4,HR8 2,10457.412498745225
HR7 4,WR15 8,4256.091773801207
HR7 4,WR6 5,33620.64085100077
HR7 4,WR6 6,11219.616553935492
HR8 1,HR8 2,31520.12312695176
HR8 1,WR13 5,9622.604448464848
HR8 1,WR13 6,13936.588488792679
HR8 1,WR14 4,1040.2843564892112
HR8 1,WR6 5,6761.232172182545
HR8 2,HR9 7,1200.3220993972448
HR8 2,WR6 5,1163.764846173743
HR9 5,HR9 6,11659.275736578029
HR9 5,HR9 7,23262.14581641776
HR9 6,HR9 7,7758.136419496646
HR9 6,NP25 3,10830.483239347675
HR9 6,NP25 5,7861.422093104869
HU1 1,HU1 2,1543.7852400061852
HU1 1,HU1 3,785.644068622815
HU1 1,HU2 8,228.13223394730113
HU1 2,HU1 3,1027.1429242457186
HU1 2,HU2 8,53.96393190175201
HU1 2,HU3 2,1650.7345694792436
HU1 2,HU3 3,211.7711955348344
HU1 3,HU2 8,2028.2246547055495
HU10 6,HU10 7,4987.043843427996
HU10 6,HU16 4,1329.4063148177386
HU10 6,HU16 5,3655.49665156622
HU10 6,HU4 7,1886.7143909478168
HU10 6,HU5 5,2984.0199713130346
HU10 7,HU13 0,3161.4146662059916
HU10 7,HU14 3,3277.441464378481
HU10 7,HU16 5,1859.4908791563264
HU10 7,HU4 7,345.1666229896083
HU11 4,HU11 5,26875.27537186294
HU11 4,HU12 8,5060.265419518759
HU11 4,HU12 9,13458.720415845102
HU11 4,HU18 1,10263.399015040664
HU11 4,HU7 5,8148.369737490326
HU11 4,HU8 9,2149.485586518442
HU11 4,HU9 4,1680.8967282734354
HU11 5,HU17 5,7791.558309637185
HU11 5,HU17 9,2174.1257857281853
HU11 5,HU18 1,4140.801237262922
HU11 5,HU7 5,2312.762143550679
HU11 5,YO25 8,7051.795052971589
HU12 0,HU12 8,4510.850309278372
HU12 0,HU12 9,22150.335042373412
HU12 0,HU19 2,20930.99212198492
HU12 8,HU12 9,18252.736860398152
HU12 8,HU9 4,1198.4016528195368
HU12 8,HU9 5,3435.253299513206
HU13 0,HU13 9,3211.7858576196436
HU13 0,HU14 3,1845.63578432659
HU13 0,HU4 7,29.49420000567452
HU13 9,HU4 6,258.7007725034977
HU13 9,HU4 7,2289.381722380996
HU14 3,HU15 1,8751.912577293862
HU14 3,HU16 5,4011.9091463839463
HU14 3,HU20 3,1324.8113112236208
HU15 1,HU15 2,28923.32323577134
HU15 1,HU20 3,1432.1574309969728
HU15 1,YO43 4,2157.3733927652693
HU15 2,HU20 3,5752.266125956225
HU15 2,YO43 4,12653.952980128048
HU16 4,HU16 5,8163.350176859901
HU16 4,HU17 0,1272.6319230132704
HU16 4,HU5 4,1411.4853063702342
HU16 4,HU5 5,416.79941036807685
HU16 4,HU6 0,1462.267783953696
HU16 4,HU6 8,1779.072085855022
HU16 4,HU6 9,612.1288967934948
HU16 5,HU17 0,1145.98116832487
HU16 5,HU20 3,11396.223488655723
HU17 0,HU17 8,3327.056177252613
HU17 0,HU17 9,4473.814400790783
HU17 0,HU20 3,2503.3601404918777
HU17 0,HU6 0,2960.201646222811
HU17 0,HU7 5,215.7946010704729
HU17 5,HU17 9,5814.81699489174
HU17 5,YO25 8,9027.168897232616
HU17 5,YO25 9,424.3725005645755
HU17 7,HU17 8,11645.220330175278
HU17 7,HU17 9,8345.902173342085
HU17 7,YO25 9,23078.989108444865
HU17 7,YO43 3,5222.67029916645
HU17 7,YO43 4,2086.9018629370257
HU17 8,HU17 9,1275.5041160224514
HU17 8,HU20 3,10362.894963667262
HU17 8,YO43 4,3912.123589136561
HU17 9,HU7 5,7075.117312892941
HU18 1,YO25 8,3555.8599104427162
HU2 0,HU2 8,2351.754575721979
HU2 0,HU2 9,1811.2075467912334
HU2 0,HU3 1,225.16713579969985
HU2 0,HU5 1,668.3806533628281
HU2 0,HU8 7,5.331750738670452
HU2 8,HU2 9,230.87978850313374
HU2 8,HU3 1,1706.5095656518529
HU2 8,HU3 2,705.6356752021456
HU2 8,HU8 7,66.97741932158928
HU2 9,HU3 1,1368.0841307909493
HU20 3,YO43 4,1485.411318229795
HU3 1,HU3 2,663.2037223135097
HU3 1,HU3 6,884.2877554100044
HU3 1,HU5 1,204.9460359435914
HU3 1,HU5 2,1017.8344557254524
HU3 1,HU5 3,2982.142464575034
HU3 2,HU3 3,2290.302067381176
HU3 2,HU3 6,634.0578230488363
HU3 3,HU3 5,2090.5348180155934
HU3 3,HU3 6,666.864070373548
HU3 3,HU4 6,1812.5890151659069
HU3 5,HU3 6,1797.4101375166745
HU3 5,HU4 6,1907.7302584685187
HU3 6,HU4 6,1049.322550743744
HU3 6,HU5 3,734.4184760624862
HU3 6,HU5 5,884.642435406446
HU4 6,HU4 7,6263.747468501933
HU4 6,HU5 5,916.8563173066976
HU4 7,HU5 5,1396.9834245685975
HU5 1,HU5 2,2418.8822368680285
HU5 1,HU6 7,1807.9519957001862
HU5 1,HU8 7,115.15018725257742
HU5 1,HU8 8,63.38271595029659
HU5 2,HU5 3,3215.6188064390863
HU5 2,HU5 4,2633.7134045532994
HU5 2,HU6 7,299.7897942459764
HU5 2,HU6 8,712.2390214852405
HU5 3,HU5 4,2457.6531054048696
HU5 4,HU5 5,2138.413217130099
HU5 4,HU6 8,1417.9710346912898
HU6 0,HU6 7,735.4889382679329
HU6 0,HU6 9,1435.7858952948159
HU6 7,HU6 8,2166.081150432228
HU6 7,HU6 9,4160.213306285215
HU6 7,HU7 0,312.5328286894444
HU6 7,HU7 6,109.34186564838303
HU6 7,HU8 8,10.479904360248879
HU6 8,HU6 9,2903.7183977541513
HU7 0,HU7 4,648.1686458703117
HU7 0,HU7 6,1396.4680063417018
HU7 0,HU8 0,1184.7119794852672
HU7 0,HU8 8,1068.9619800500852
HU7 3,HU7 4,2481.658339670132
HU7 3,HU7 5,2701.8953990002533
HU7 3,HU7 6,107.4593065546561
HU7 4,HU7 5,5110.489288607033
HU7 4,HU7 6,6371.766109823294
HU7 4,HU8 0,2049.5007179830923
HU7 4,HU8 9,2653.0348667170374
HU7 5,HU8 9,1770.6214183460838
HU7 6,HU8 0,45.243893786839216
HU8 0,HU8 8,717.4254748260639
HU8 0,HU8 9,6689.047033871828
HU8 7,HU8 8,3563.2072358604187
HU8 7,HU9 1,1943.7876715791285
HU8 7,HU9 2,72.58789709968114
HU8 8,HU8 9,705.8515911826144
HU8 8,HU9 2,510.52783394954037
HU8 8,HU9 3,936.2632310114521
HU8 9,HU9 3,1738.5620759340281
HU8 9,HU9 4,2576.0154570405857
HU9 1,HU9 2,1957.4590875031297
HU9 1,HU9 3,15.848777193201856
HU9 1,HU9 5,2212.880413496828
HU9 2,HU9 3,2597.207748285907
HU9 2,HU9 5,540.580990993591
HU9 3,HU9 4,1643.9776855585474
HU9 3,HU9 5,2978.5459164149943
HU9 4,HU9 5,4304.651433568453
HX1 1,HX1 2,801.1677316303061
HX1 1,HX1 5,1544.0662014374827
HX1 2,HX1 3,1735.6877716926847
HX1 2,HX1 4,256.72476783948343
HX1 2,HX1 5,1799.8712531413223
HX1 2,HX3 0,2354.540775154818
HX1 2,HX3 6,341.79721622710167
HX1 2,HX3 7,123.31807913678897
HX1 2,HX3 9,3126.923581187286
HX1 3,HX1 4,2030.6646226932899
HX1 3,HX2 7,1005.4014163867305
HX1 3,HX3 0,1733.128516444821
HX1 4,HX1 5,1534.304429280388
HX1 4,HX2 0,2252.314169622328
HX1 4,HX2 7,380.40321716963933
HX1 5,HX2 0,195.8914804326911
HX1 5,HX3 5,934.3812040210887
HX1 5,HX3 6,1882.162403251792
HX2 0,HX2 6,2062.167923838603
HX2 0,HX2 7,4758.773065834105
HX2 0,HX2 8,2451.7204532806313
HX2 0,HX3 5,2140.8665279680354
HX2 0,HX6 2,302.61254918860453
HX2 6,HX2 7,9034.196830945826
HX2 6,HX6 1,4604.722645984647
HX2 6,HX6 2,1664.2877783474364
HX2 6,HX7 5,5223.921566367254
HX2 6,HX7 8,4991.103405887405
HX2 7,HX2 8,2506.7591796797856
HX2 7,HX2 9,2126.082332691222
HX2 7,HX3 0,2145.1896382898153
HX2 7,HX6 2,4763.109072357828
HX2 7,HX7 8,1024.2789315304324
HX2 8,HX2 9,7699.769058602625
HX2 8,HX3 5,2102.750452076745
HX2 8,HX3 6,273.8512729900301
HX2 9,HX3 6,1255.8954016250452
HX2 9,HX3 7,459.9649924717241
HX3 0,HX3 9,2883.2466896327783
HX3 0,HX4 8,1332.653722770953
HX3 0,HX6 2,884.0783201601606
HX3 0,HX6 3,303.1005034593521
HX3 5,HX3 6,3240.593299294277
HX3 6,HX3 7,5290.390449635652
HX3 7,HX3 8,5241.235852742821
HX3 7,HX3 9,1593.487536911991
HX3 8,HX3 9,2053.789961202339
HX3 9,HX4 8,806.9277866891424
HX3 9,HX5 9,4782.421869768691
HX4 0,HX4 8,4350.57024775919
HX4 0,HX4 9,3808.5116094604623
HX4 0,HX6 3,722.7639462800064
HX4 0,HX6 4,6874.346102615456
HX4 8,HX4 9,5543.493595373583
HX4 8,HX5 0,1356.9263536153342
HX4 8,HX5 9,699.2262252023236
HX4 8,HX6 3,3453.2683786015755
HX4 9,HX5 0,1370.5265587634199
HX5 0,HX5 9,5013.01253847934
HX6 1,HX6 2,1136.2034297266468
HX6 1,HX6 3,5986.877627478738
HX6 1,HX6 4,2925.1723938326672
HX6 1,HX7 5,3968.590293961981
HX6 2,HX6 3,2879.9147597766982
HX6 3,HX6 4,5871.258294268387
HX6 4,HX7 5,4806.29845352364
HX6 4,OL14 6,2216.1878228991245
HX6 4,OL15 0,6066.443829367641
HX6 4,OL15 9,758.3768300027778
HX6 4,OL16 3,617.8339164016527
HX6 4,OL3 5,1929.8861569319931
HX7 5,HX7 6,3813.567911517269
HX7 5,HX7 8,3909.8266477735165
HX7 5,OL14 6,5322.867499808995
HX7 6,HX7 7,6532.95044075262
HX7 6,HX7 8,1267.6242209504348
HX7 6,OL14 6,1713.1796693154374
HX7 6,OL14 8,1762.1770617269706
HX7 7,HX7 8,13123.761632815727
HX7 7,OL14 8,7230.081117459798
IG1 1,IG1 2,3125.698640344775
IG1 1,IG1 3,17.356406322083075
IG1 1,IG1 4,1329.1978061947455
IG1 1,IG3 8,667.0566999284845
IG1 1,IG3 9,925.9807082555476
IG1 2,IG1 3,640.2889501346233
IG1 2,IG11 8,873.6086467864765
IG1 2,IG11 9,696.2521095360061
IG1 2,IG3 9,1820.206851293664
IG1 3,IG1 4,2308.888492113225
IG1 3,IG2 6,999.845080304428
IG1 3,IG4 5,1503.9705237003811
IG1 4,IG2 6,1358.1156506753343
IG1 4,IG2 7,890.9258771105373
IG1 4,IG3 8,869.467273821329
IG10 1,IG10 2,4090.4485367274447
IG10 1,IG10 3,3122.421299421993
IG10 1,IG10 4,2089.9852511783592
IG10 2,IG10 3,2516.6160224115924
IG10 3,IG10 4,922.1476370953246
IG10 3,IG7 6,4723.439599686409
IG10 3,IG9 6,747.5792671852314
IG10 4,IG9 5,2191.693521940203
IG11 0,IG11 7,1425.3391651904308
IG11 0,IG11 9,219.54552307477184
IG11 0,RM10 9,1865.4250413468526
IG11 0,RM9 4,1890.9297908597107
IG11 0,RM9 6,1884.1791956244947
IG11 7,IG11 8,1412.5788887847436
IG11 7,IG11 9,2013.969161340006
IG11 8,IG11 9,1179.9328018060935
IG11 9,IG3 9,2055.9575380185006
IG11 9,RM8 2,1069.2289184807028
IG11 9,RM9 4,2653.1528626959926
IG2 6,IG2 7,1871.1300140314563
IG2 6,IG4 5,714.5253208030621
IG2 6,IG5 0,2098.8573322343173
IG2 6,IG6 1,2277.0668305232766
IG2 7,IG3 8,3825.947915590528
IG2 7,IG6 1,3339.9702557974374
IG2 7,RM6 5,812.127351251876
IG3 8,IG3 9,2268.0169490134367
IG3 8,RM6 4,2132.2646767216334
IG3 8,RM6 5,1106.3741816367894
IG3 9,RM6 4,190.45038498744873
IG3 9,RM8 1,853.6552417117479
IG3 9,RM8 2,2379.9561297634536
IG4 5,IG5 0,2158.756077725042
IG4 5,IG8 8,627.7750387778455
IG5 0,IG6 1,548.9915347739011
IG5 0,IG6 2,2495.7486423380283
IG5 0,IG8 8,2715.6139162808627
IG6 1,IG6 2,2492.91404398968
IG6 1,IG6 3,334.9187926038471
IG6 1,RM6 5,1598.0157939397748
IG6 2,IG6 3,1616.6545290500374
IG6 2,IG7 4,184.21575956300475
IG6 2,IG7 5,2542.643968093066
IG6 2,IG8 8,1185.6032200993968
IG6 3,IG7 4,4317.764588518945
IG6 3,RM6 5,2681.18127334254
IG7 4,IG7 5,1185.855392146635
IG7 4,IG7 6,6367.42255873557
IG7 4,RM4 1,679.2027660222736
IG7 4,RM5 2,2920.5537481704423
IG7 4,RM6 5,2198.224623442699
IG7 5,IG7 6,5868.96803846889
IG7 5,IG8 8,4238.050524417412
IG7 6,IG8 8,861.2152154843329
IG7 6,IG9 6,3349.046744654537
IG7 6,RM4 1,4261.6350484410195
IG8 0,IG8 7,1565.6342874275526
IG8 0,IG8 9,4893.878046068579
IG8 0,IG9 5,3309.026267584602
IG8 7,IG8 8,2342.6833300395933
IG8 7,IG8 9,208.55976302883224
IG8 7,IG9 6,1370.76889936037
IG8 8,IG9 6,359.52380395575943
IG9 5,IG9 6,2137.096842552672
IP1 1,IP1 2,882.7642101780929
IP1 1,IP1 3,437.7313249000285
IP1 1,IP2 0,201.37874112886436
IP1 1,IP4 1,764.3071153713508
IP1 1,IP4 2,934.3704004737201
IP1 2,IP1 3,1205.1521646468195
IP1 2,IP1 4,1459.664767723641
IP1 2,IP2 0,1523.6613857138377
IP1 3,IP1 4,2876.3279133414
IP1 3,IP1 6,802.4327666931138
IP1 3,IP4 2,2278.694162011133
IP1 3,IP4 3,1429.4827908805153
IP1 4,IP1 5,969.5119184010812
IP1 4,IP1 6,2342.0287366309412
IP1 4,IP2 0,606.5888128586948
IP1 5,IP1 6,3198.0478506695877
IP1 5,IP2 0,837.6756682891285
IP1 5,IP8 3,977.3921492564248
IP1 5,IP8 4,3156.640467613259
IP1 6,IP4 3,179.2740807050545
IP1 6,IP6 0,6829.201556455087
IP1 6,IP6 9,4679.047702143335
IP1 6,IP8 4,1060.925173619879
IP10 0,IP11 0,7319.51967032061
IP10 0,IP11 9,2466.571144463377
IP10 0,IP12 4,6993.318711359917
IP10 0,IP3 0,633.48853443775
IP10 0,IP3 8,4650.286096999273
IP10 0,IP3 9,3594.9832524128838
IP10 0,IP4 5,623.3649259262678
IP10 0,IP5 1,742.3704567026648
IP10 0,IP5 2,1861.5979790487688
IP10 0,IP5 3,2975.996574251615
IP11 0,IP11 2,3042.1095740756696
IP11 0,IP11 9,4251.9182929100125
IP11 2,IP11 7,1938.8820716385267
IP11 2,IP11 9,774.9463067276437
IP11 7,IP11 9,3517.0805797831817
IP12 1,IP12 2,826.3230438865539
IP12 1,IP12 4,3053.3226670320523
IP12 1,IP13 6,5823.427562516496
IP12 2,IP12 3,23643.95328518961
IP12 2,IP13 0,14010.159952628383
IP12 2,IP13 6,2845.172193519107
IP12 2,IP15 5,127.91578524679794
IP12 2,IP17 1,4505.057793743288
IP12 4,IP13 6,7065.185164803152
IP12 4,IP5 2,326.39463831551893
IP12 4,IP5 3,7561.410877213129
IP13 0,IP13 6,9672.20449435765
IP13 0,IP13 7,12659.802703089426
IP13 0,IP13 9,8059.112523170688
IP13 0,IP17 1,4670.43721893335
IP13 0,IP17 2,1341.0064412207587
IP13 6,IP13 7,4596.7168877351605
IP13 6,IP5 2,1332.8224199071158
IP13 6,IP6 9,16668.770100139656
IP13 7,IP13 8,7729.8835701341595
IP13 7,IP13 9,7383.858187941113
IP13 7,IP14 6,14933.611655135517
IP13 7,IP21 5,2767.641558650493
IP13 7,IP23 7,7162.474145296794
IP13 7,IP6 9,1697.5333694052142
IP13 8,IP13 9,13768.5830472162
IP13 8,IP17 2,6583.4292441895495
IP13 8,IP19 0,6935.808852757615
IP13 8,IP21 5,7883.073048057012
IP13 9,IP17 2,9580.422913767376
IP14 1,IP14 2,3867.8772415641406
IP14 1,IP14 3,5814.299500313792
IP14 1,IP14 4,1270.2568704817575
IP14 1,IP14 5,3246.9336165391696
IP14 2,IP14 3,9698.157299152814
IP14 2,IP14 5,24.364189564321244
IP14 2,IP6 8,12322.472449535218
IP14 2,IP7 7,10324.987502803664
IP14 2,IP8 4,1533.8751865499407
IP14 3,IP14 4,9616.620003155327
IP14 3,IP30 0,7295.964121445644
IP14 3,IP30 9,7431.426012256194
IP14 3,IP31 3,692.1870518811573
IP14 3,IP7 7,4886.914781338688
IP14 4,IP14 5,10657.090705799868
IP14 4,IP23 8,8917.572137439374
IP14 4,IP31 3,6919.03994701548
IP14 4,IP6 8,2810.1308689558123
IP14 5,IP14 6,12536.910535316478
IP14 5,IP23 7,11786.85147312751
IP14 5,IP23 8,3082.212111396795
IP14 5,IP6 8,9223.382409785469
IP14 6,IP23 7,6821.452313252538
IP14 6,IP6 8,1467.139609061795
IP14 6,IP6 9,12202.499971561057
IP15 5,IP16 4,4554.099603598253
IP15 5,IP17 1,2567.6419565832525
IP16 4,IP17 1,7798.604396737067
IP16 4,IP17 2,2552.6427164818892
IP16 4,IP17 3,8558.206412875437
IP17 1,IP17 2,12797.968981759195
IP17 2,IP17 3,11632.740548975233
IP17 2,IP19 0,4181.722093674652
IP17 2,IP19 9,2743.777746907816
IP17 3,IP18 6,3245.914900395412
IP17 3,IP19 9,11807.332002588686
IP18 6,IP19 9,3451.0220332328163
IP18 6,NR34 7,5161.103664656437
IP18 6,NR34 8,4073.349131091147
IP19 0,IP19 8,10110.258545445009
IP19 0,IP19 9,6273.012677406837
IP19 0,IP20 0,12052.708815943886
IP19 0,IP21 5,3996.372099565859
IP19 0,NR34 8,2274.7169408482696
IP19 0,NR35 1,10040.638994066574
IP19 8,IP19 9,12725.243933279226
IP19 8,NR34 8,7868.2869048133725
IP19 9,NR34 8,10419.28069713815
IP2 0,IP2 8,1775.2732768112685
IP2 0,IP2 9,4400.090622061903
IP2 0,IP8 3,4757.499315585352
IP2 8,IP2 9,4363.731041288628
IP2 8,IP3 0,456.78320137635984
IP2 8,IP8 3,5692.289572445853
IP2 8,IP9 1,3638.632999598353
IP2 8,IP9 2,4191.986282749938
IP2 9,IP8 3,4971.927230762975
IP20 0,IP20 9,9435.258078841496
IP20 0,IP21 5,7247.2497830544025
IP20 0,NR15 2,1691.0735685592415
IP20 0,NR35 1,4022.5882121222444
IP20 0,NR35 2,7040.118718764318
IP20 9,IP21 4,9585.04695200523
IP20 9,IP21 5,5129.819625130185
IP20 9,NR15 2,1787.0377547061166
IP21 4,IP21 5,12428.415600549171
IP21 4,IP22 1,5077.5173388600515
IP21 4,IP22 4,3742.952626595628
IP21 4,IP22 5,4615.512500433353
IP21 4,IP23 7,722.9645556192776
IP21 4,IP23 8,11586.69058132805
IP21 4,NR15 2,11687.489551693918
IP21 5,IP23 7,15844.723707039939
IP21 5,IP23 8,4274.02284060975
IP22 1,IP22 2,17071.545492370966
IP22 1,IP22 4,2448.364667501953
IP22 1,IP22 5,3039.8490811882953
IP22 1,IP23 8,8504.143435935444
IP22 1,IP31 2,804.1967565830627
IP22 1,IP31 3,6895.95592458973
IP22 2,IP22 5,11935.797578868707
IP22 2,IP24 2,4434.802073313011
IP22 2,IP31 1,9487.702089551882
IP22 2,IP31 2,3833.318957132232
IP22 2,NR16 1,2571.148281410222
IP22 2,NR16 2,28889.14693727524
IP22 4,IP22 5,6509.332195854176
IP22 5,NR15 2,6342.272451711206
IP22 5,NR16 1,3710.3599381403264
IP23 7,IP23 8,14371.686702342642
IP23 8,IP31 3,305.9599835945739
IP24 1,IP24 2,7896.967735935757
IP24 1,IP24 3,5529.057078446355
IP24 1,IP25 6,6998.690953732094
IP24 1,IP26 5,15070.540212042371
IP24 1,IP27 0,1035.6729663157682
IP24 1,NR16 2,8282.749622661962
IP24 1,NR17 1,14725.703111527337
IP24 2,IP24 3,10197.036448600198
IP24 2,IP28 6,5029.713852873701
IP24 2,IP31 1,12369.934571975815
IP24 2,NR16 2,5524.437243992263
IP24 3,IP27 0,10277.72825407916
IP24 3,IP27 9,3332.2160398278947
IP24 3,IP28 6,3754.3016940507578
IP25 6,IP25 7,18471.55664665028
IP25 6,IP26 5,15262.843306675784
IP25 6,NR17 1,4370.911341872906
IP25 6,NR9 4,5198.346530132341
IP25 6,PE37 8,6353.198703985436
IP25 7,NR19 1,6448.553500862049
IP25 7,NR19 2,10214.302817987535
IP25 7,NR9 4,14129.902468687162
IP25 7,PE32 2,791.9596743732427
IP25 7,PE37 8,14782.812700361854
IP26 4,IP26 5,2627.405349122291
IP26 4,IP27 0,7955.29823066036
IP26 4,IP27 9,10184.127338225522
IP26 4,PE33 9,16061.510511947303
IP26 4,PE38 0,15144.84614826493
IP26 5,IP27 0,12124.168165953375
IP26 5,NR17 1,516.4286366047496
IP26 5,PE33 9,18275.48959890258
IP26 5,PE37 8,2574.0401874756126
IP27 0,IP27 9,11160.601720905768
IP27 9,IP28 6,4198.586884399191
IP27 9,IP28 7,4953.905382617948
IP27 9,IP28 8,13806.718566092632
IP28 6,IP28 7,7631.738302478304
IP28 6,IP28 8,5105.727044535686
IP28 6,IP29 5,8783.254141602367
IP28 6,IP31 1,12545.046853560418
IP28 6,IP32 6,3842.9539872007017
IP28 6,IP33 3,2723.225017015141
IP28 7,IP28 8,10332.528430268245
IP29 4,IP29 5,20022.87598491964
IP29 4,IP30 0,12876.212158183976
IP29 5,IP30 0,5401.929090266051
IP29 5,IP30 9,1101.3411330014594
IP29 5,IP33 2,6669.626330304711
IP29 5,IP33 3,4371.23339361742
IP3 0,IP3 8,1864.3601600696645
IP3 0,IP3 9,3639.9659957232648
IP3 0,IP4 1,881.7260821761365
IP3 8,IP3 9,4519.97326642186
IP3 8,IP4 1,1028.1354468134455
IP3 8,IP4 5,6035.669648232264
IP30 0,IP30 9,17997.27582064992
IP30 0,IP7 7,9485.86155618124
IP30 9,IP31 2,2681.503086275713
IP30 9,IP31 3,14908.931230895501
IP30 9,IP32 7,3073.8398405655053
IP30 9,IP33 2,1684.5387986861015
IP31 1,IP31 2,26743.919933929963
IP31 1,IP32 6,1513.6269160759741
IP31 1,IP32 7,2931.162155354396
IP31 2,IP31 3,21887.57658850337
IP31 2,IP32 7,5322.671756978767
IP32 6,IP32 7,347.5396101908506
IP32 6,IP33 1,1403.2498338683104
IP32 6,IP33 3,2751.738416803235
IP32 7,IP33 1,3080.2149056473218
IP32 7,IP33 2,849.6558370070683
IP33 1,IP33 2,2997.354176727114
IP33 1,IP33 3,1720.189692791928
IP33 2,IP33 3,3108.7210049711116
IP4 1,IP4 2,1761.3443875533567
IP4 1,IP4 4,11.837822869795396
IP4 1,IP4 5,873.8627019250191
IP4 2,IP4 3,1622.5150233585045
IP4 2,IP4 4,1618.1326138576324
IP4 3,IP4 4,2985.9183715203612
IP4 3,IP4 5,914.5920660849562
IP4 3,IP5 1,2454.3344097970717
IP4 3,IP6 9,2314.2145102974464
IP4 4,IP4 5,2928.078968741611
IP4 5,IP5 1,6589.278341661332
IP4 5,IP6 9,880.0296771401577
IP5 1,IP5 2,2675.2809683136593
IP5 1,IP6 9,4161.240547627587
IP5 2,IP5 3,1724.1551429664821
IP5 2,IP6 9,1217.9393475959869
IP6 0,IP6 8,3420.669144817005
IP6 0,IP6 9,11797.644874922335
IP6 0,IP8 4,3805.213814365401
IP6 8,IP6 9,9166.018817765567
IP6 8,IP8 4,6474.528544512653
IP7 5,IP7 6,10692.770216962233
IP7 5,IP8 3,2811.541611739274
IP7 6,IP7 7,15303.807779413368
IP7 6,IP8 3,3859.6968927824487
IP7 6,IP8 4,6606.442218502112
IP7 7,IP8 4,10117.907501215208
IP8 3,IP8 4,8022.758220989658
IP8 3,IP9 2,5618.967086242087
IP9 1,IP9 2,7196.999397034401
KT1 1,KT1 2,1961.8301372370531
KT1 1,KT1 4,465.92343765415455
KT1 1,KT2 5,755.6843871142744
KT1 1,KT2 6,130.6117100650798
KT1 2,KT1 3,1452.2694360834107
KT1 2,KT1 4,1314.4875282251214
KT1 2,KT2 6,297.5860195510597
KT1 2,KT5 8,935.7529875266328
KT1 2,KT6 4,1297.0197983062906
KT1 2,KT8 9,13.84209161172253
KT1 3,KT2 6,1459.0128233646597
KT1 3,KT2 7,1152.833319236936
KT1 3,KT3 3,2871.3157289744854
KT1 3,KT5 8,1314.4302150294238
KT1 4,KT2 5,562.6540707812308
KT1 4,KT8 9,2457.8332710885816
KT1 4,TW11 0,1052.0025050397298
KT1 4,TW11 9,927.9763729475382
KT10 0,KT10 9,5968.283023070343
KT10 0,KT22 0,1833.3505789625294
KT10 0,KT6 5,1156.8255963609643
KT10 0,KT7 0,1782.5105887970265
KT10 0,KT9 1,735.6334988638013
KT10 0,KT9 2,2168.4508413998556
KT10 8,KT10 9,5267.874291490929
KT10 8,KT11 1,652.9490894951593
KT10 8,KT12 3,997.7149329075298
KT10 8,KT12 4,3249.642715371943
KT10 8,KT7 0,3177.506876934537
KT10 8,KT8 0,1499.6380231152466
KT10 9,KT11 1,867.5440307240366
KT10 9,KT11 2,2578.215716728383
KT10 9,KT22 0,969.4034466829977
KT10 9,KT7 0,1248.8042828722582
KT11 1,KT11 2,8589.209901762357
KT11 1,KT11 3,6540.945184423562
KT11 1,KT12 4,3971.2728407270533
KT11 1,KT12 5,2282.6559004799724
KT11 1,KT13 0,6366.572320137516
KT11 1,KT14 7,1479.9268561308268
KT11 1,KT24 5,2118.2699286859665
KT11 2,KT11 3,8285.627808106525
KT11 2,KT22 0,7224.65132363113
KT11 3,KT22 0,1319.4913453505544
KT11 3,KT22 9,5740.0149190751135
KT11 3,KT23 3,92.1631610154803
KT11 3,KT24 5,884.6269731976196
KT12 1,KT12 2,2221.437059762045
KT12 1,KT12 3,1566.3311843505512
KT12 1,KT12 5,912.3684775250026
KT12 1,KT13 8,86.26928223895679
KT12 1,KT13 9,2173.4277886719606
KT12 1,TW17 8,1001.9065619403369
KT12 2,KT12 3,4450.403785193493
KT12 2,KT8 1,1086.999407986136
KT12 2,KT8 2,238.1655109384276
KT12 2,TW16 5,1968.1250122093452
KT12 2,TW16 6,2289.101830786442
KT12 2,TW17 8,170.5474705110759
KT12 3,KT12 4,1227.4342214790092
KT12 3,KT12 5,1201.2140899902633
KT12 3,KT8 0,1117.6648631910687
KT12 3,KT8 2,1647.7129593000295
KT12 4,KT12 5,3706.612892249043
KT12 4,KT13 0,395.01483364802874
KT12 5,KT13 0,2144.1337523506
KT12 5,KT13 9,974.4887624846931
KT13 0,KT13 8,1909.8766846433891
KT13 0,KT13 9,1621.6187275594993
KT13 0,KT14 7,1845.1804139304104
KT13 0,KT15 3,3017.2991261253082
KT13 8,KT13 9,5663.369602792045
KT13 8,KT15 2,3209.321993828085
KT13 8,KT16 8,938.0880746450937
KT13 8,TW17 8,1082.5694480078898
KT13 8,TW17 9,3912.1715330908983
KT14 6,KT14 7,2118.8456666639154
KT14 6,KT15 3,2439.3950242270475
KT14 7,KT15 3,454.4410199533597
KT15 1,KT15 2,4343.857263241305
KT15 1,KT15 3,2337.8276476327787
KT15 1,KT16 0,2450.4577435068177
KT15 1,KT16 9,1453.0623515981606
KT15 2,KT15 3,3057.3873041390025
KT15 2,KT16 8,2458.8266217729542
KT15 2,KT16 9,1012.0355722551496
KT15 3,KT16 0,1668.1039969311162
KT16 0,KT16 9,4310.742275940028
KT16 0,SL5 0,1714.7915623200838
KT16 0,TW20 8,795.8045612197877
KT16 8,KT16 9,3445.6384181015437
KT16 8,TW17 9,2681.563008054142
KT16 8,TW18 1,1790.3037167556433
KT16 8,TW18 2,1523.3203562636595
KT16 8,TW20 8,1820.3802468639783
KT16 9,TW20 8,2022.905401926831
KT17 1,KT17 2,2204.5201402756124
KT17 1,KT17 3,2311.125435027525
KT17 1,KT17 4,1540.9991151731322
KT17 1,KT18 7,69.63587736366479
KT17 1,KT19 8,1259.4156007722952
KT17 1,KT19 9,2001.1078352745772
KT17 2,KT17 3,209.5831125266518
KT17 2,KT19 0,1467.7213128574042
KT17 2,KT19 9,130.34658247261865
KT17 2,KT4 8,1008.4415270083834
KT17 2,SM2 7,1529.2651366776881
KT17 2,SM3 8,1616.9358159766032
KT17 3,KT17 4,5030.39756044542
KT17 3,KT18 5,1942.9630966941982
KT17 3,SM2 7,2322.062519285118
KT17 3,SM7 1,3562.4540989350326
KT17 4,KT18 5,3599.988040281538
KT17 4,KT19 8,725.1557742771589
KT18 5,KT18 7,4877.044511363433
KT18 5,KT19 8,624.3934159735962
KT18 5,KT20 5,3215.623136068158
KT18 5,KT20 6,5.083937156189359
KT18 5,SM7 1,1314.2980799800182
KT18 6,KT18 7,3486.349820178294
KT18 6,KT20 5,1024.485421681033
KT18 6,KT20 7,8279.677368677914
KT18 6,KT21 1,2801.793798097813
KT18 6,KT22 8,1969.5271436938524
KT18 6,RH5 6,1986.0512149229621
KT18 7,KT19 8,4456.804704397842
KT18 7,KT20 5,495.1253111171847
KT18 7,KT21 1,3356.722740080442
KT18 7,KT9 2,914.3750387184234
KT19 0,KT19 9,2406.99090809547
KT19 0,KT4 7,2955.5280485093026
KT19 0,KT4 8,239.52664548081128
KT19 0,KT6 7,211.0959321801935
KT19 7,KT19 8,3278.351374742626
KT19 7,KT19 9,1366.2407158613075
KT19 7,KT9 2,1960.571845491887
KT19 8,KT19 9,4476.328108049035
KT19 8,KT9 2,284.2488096234956
KT19 9,KT6 7,966.3580913574806
KT19 9,KT9 1,165.98679183195046
KT19 9,KT9 2,779.1612807285491
KT2 5,KT2 6,1873.8621481750968
KT2 5,TW10 5,4905.207484517698
KT2 5,TW10 7,630.5667026797166
KT2 5,TW11 9,1331.6321463419388
KT2 6,KT2 7,1474.7486853273779
KT2 7,KT3 3,696.192807241812
KT2 7,KT3 4,1373.0626262031478
KT2 7,SW15 3,1548.4209126834305
KT2 7,SW19 4,1050.5846812647933
KT2 7,SW20 0,1572.052152313498
KT2 7,TW10 5,1923.771554385024
KT20 5,KT20 6,2824.213883175519
KT20 5,KT20 7,4304.612353243849
KT20 5,SM7 1,1058.1141556428656
KT20 5,SM7 2,43.96899246087573
KT20 6,KT20 7,9939.382886831669
KT20 6,SM7 2,1530.389496026954
KT20 6,SM7 3,1725.0057194204012
KT20 7,RH1 3,1703.4706735321463
KT20 7,RH2 9,2748.2597881076376
KT20 7,RH3 7,6504.504845948404
KT20 7,RH4 1,2389.5165718317453
KT20 7,RH5 6,2671.34192152506
KT21 1,KT21 2,8133.116698869876
KT21 1,KT22 8,766.69586233405
KT21 1,KT9 2,620.5018254262732
KT21 2,KT22 0,1445.1746696519933
KT21 2,KT22 7,1847.526666932128
KT21 2,KT22 8,4005.7352219425843
KT21 2,KT9 2,961.90264507808
KT22 0,KT22 7,3703.3589063160157
KT22 0,KT22 9,3616.655476393289
KT22 0,KT9 2,3392.7181846117587
KT22 7,KT22 8,2202.781265200375
KT22 7,KT22 9,498.6073334239132
KT22 8,KT22 9,1504.9497763203624
KT22 8,RH5 6,3091.5174757409472
KT22 9,KT23 3,6131.988492097884
KT22 9,KT23 4,4857.70465937221
KT22 9,RH5 6,2802.8258242204374
KT23 3,KT23 4,1840.3291502329398
KT23 3,KT24 5,2974.954067243391
KT23 4,KT24 5,3388.9124063773374
KT23 4,RH5 6,4522.670850439594
KT24 5,KT24 6,7690.106380768589
KT24 5,RH5 6,5386.244505915517
KT24 6,RH5 6,107.22164047040982
KT3 3,KT3 4,2538.417772028188
KT3 3,KT3 5,2953.0024103419323
KT3 4,KT3 5,197.50645827678667
KT3 4,KT3 6,1548.2115205532455
KT3 4,SW20 0,2035.1716973663167
KT3 4,SW20 9,348.2721694171993
KT3 5,KT3 6,1946.5476783724512
KT3 5,KT4 7,1595.1397261328416
KT3 5,KT5 8,304.736973994677
KT3 5,KT5 9,1720.8439203284443
KT3 6,KT4 7,630.9201901377165
KT3 6,KT4 8,1465.1794420435792
KT3 6,SM4 4,344.6053568549619
KT3 6,SW20 0,200.6382978177697
KT3 6,SW20 9,1640.4701727481552
KT4 7,KT4 8,2663.56579455976
KT4 7,KT5 9,1749.688454075336
KT4 8,SM3 8,1408.8181939018752
KT4 8,SM3 9,1495.3317659536624
KT4 8,SM4 4,1562.822588072737
KT5 8,KT5 9,1796.9294995790701
KT5 8,KT6 4,789.6238701678882
KT5 8,KT6 6,1870.9556594453045
KT5 9,KT6 6,287.4583446313357
KT5 9,KT6 7,3177.1267343343893
KT6 4,KT6 5,1115.998862392834
KT6 4,KT6 6,932.6039604383603
KT6 4,KT8 9,115.08756192022837
KT6 5,KT6 6,2162.0977527208065
KT6 5,KT6 7,1684.2424439027257
KT6 5,KT7 0,2406.712208874455
KT6 5,KT8 9,784.3493271651258
KT6 5,KT9 1,905.9187539515494
KT6 6,KT6 7,935.7538486570004
KT6 7,KT9 1,2277.87645111711
KT7 0,KT8 0,1204.6194364799085
KT7 0,KT8 9,2683.7116396310525
KT8 0,KT8 1,89.8320337211083
KT8 0,KT8 2,1237.1432901951566
KT8 0,KT8 9,2590.035431822655
KT8 1,KT8 2,2542.107712701077
KT8 1,KT8 9,1688.0104821934547
KT8 1,TW12 2,2216.6972344931332
KT8 1,TW16 5,174.71967336281713
KT8 9,TW11 0,2877.3406058001738
KT8 9,TW12 2,324.50995186593445
KT9 1,KT9 2,4148.455352600364
L1 0,L1 5,523.0516077230172
L1 0,L1 7,107.88112807743977
L1 0,L3 4,591.9187391719252
L1 0,L8 1,58.28901175849169
L1 0,L8 5,344.61094420885297
L1 2,L1 4,133.76281915055114
L1 2,L1 9,518.3718685931757
L1 2,L3 5,486.4297538953176
L1 3,L1 8,330.86719420167327
L1 3,L3 1,66.38534173359567
L1 3,L3 4,213.9569323999194
L1 4,L1 5,725.9185004636716
L1 4,L1 7,788.3692562732264
L1 4,L1 9,386.1124744593073
L1 4,L3 5,480.97809123805945
L1 5,L1 7,1033.5938174860366
L1 5,L1 8,1113.6486398310549
L1 5,L3 4,174.58754408969634
L1 5,L3 5,136.9274156536876
L1 6,L1 8,316.10261113626416
L1 6,L2 2,427.3404755954065
L1 6,L2 5,546.6165050675457
L1 6,L2 7,201.21136573649716
L1 6,L3 2,377.8021751108741
L1 6,L3 3,285.542464928822
L1 6,L3 5,936.8243470599999
L1 6,L3 6,22.67156809750927
L1 7,L1 9,80.17474180740258
L1 7,L7 7,172.48756223178333
L1 7,L8 1,382.7783073372841
L1 7,L8 7,529.323907483169
L1 8,L2 7,228.24062910664344
L1 8,L3 1,28.994808933592893
L1 8,L3 4,951.4928549274323
L1 8,L3 5,75.77465176341109
L1 9,L3 5,69.55809000430294
L1 9,L69 7,314.1035011242876
L1 9,L7 7,458.1865095784193
L10 0,L10 1,692.123346793543
L10 0,L10 4,959.2830426364369
L10 1,L10 4,1115.6833699947992
L10 1,L10 7,1994.3886571177566
L10 1,L10 8,1185.8606150704393
L10 1,L10 9,477.09193487897755
L10 1,L31 1,249.40381009737297
L10 1,L9 7,40.7765212004181
L10 1,L9 9,1116.284997103714
L10 2,L10 3,2255.313905243997
L10 2,L10 8,1164.7260716542837
L10 2,L30 1,1372.6919491915028
L10 2,L30 8,717.7464125905676
L10 2,L9 0,877.645389793719
L10 2,L9 9,269.3719849533098
L10 3,L10 6,867.11949842617
L10 3,L10 8,309.9044051300005
L10 3,L29 6,773.9779742258563
L10 3,L30 8,413.6243528256769
L10 3,L31 1,1032.5918486889632
L10 4,L10 7,10.077794847857984
L10 4,L10 9,334.86590038484223
L10 4,L11 0,541.3810038932144
L10 4,L11 6,404.6753713420295
L10 4,L11 9,384.59233636049794
L10 4,L31 1,262.11548330312235
L10 4,L32 0,299.6827857661143
L10 4,L32 2,367.9968313021214
L10 4,L32 4,1102.453980432407
L10 4,L32 9,1614.5560337199975
L10 4,L9 6,411.67816841440845
L10 6,L10 8,1216.3422551092146
L10 6,L31 1,861.6521472986819
L10 7,L10 9,1599.7010435547581
L10 8,L31 1,864.4634109972003
L10 8,L9 9,67.26517120403037
L10 9,L9 6,1279.392676317268
L10 9,L9 7,1022.1297678956489
L11 0,L11 4,852.7703957764963
L11 0,L11 6,1585.5605947291097
L11 0,L11 9,271.7917580934285
L11 0,L12 0,523.5723463624222
L11 1,L11 2,2799.5914697124535
L11 1,L11 3,959.172345493192
L11 1,L11 5,366.7937257108822
L11 1,L11 7,262.59488884612466
L11 1,L11 8,1633.0211374561632
L11 1,L12 5,377.4822957217976
L11 1,L13 0,283.695238822427
L11 2,L11 3,249.15320038762584
L11 2,L11 4,671.0123203263436
L11 2,L11 9,11.4294473264316
L11 2,L12 0,597.497108854626
L11 2,L12 5,700.1052769528517
L11 3,L11 5,1095.3406514014493
L11 3,L11 7,412.3171460274767
L11 3,L11 9,752.8846562555448
L11 3,L9 6,862.919874720208
L11 4,L11 9,2935.961064636869
L11 4,L12 0,1701.9136628452113
L11 4,L12 5,276.48731730505415
L11 5,L11 7,907.8524534893882
L11 6,L12 0,658.2797974783059
L11 6,L32 9,47.501912518693004
L11 6,L34 7,397.7014231973888
L11 7,L11 8,11.785621748417512
L11 7,L4 9,1193.8674447992407
L11 7,L9 6,937.0419192321226
L11 8,L13 0,362.66137284717627
L11 8,L13 9,846.5374656825729
L11 8,L4 8,701.6995310673627
L11 8,L4 9,247.481416000886
L11 9,L9 6,786.8964824266925
L12 0,L12 4,772.5785105731607
L12 0,L12 5,2643.7087152505565
L12 0,L12 6,349.39937391792836
L12 0,L28 0,187.04537292057415
L12 0,L28 8,805.1719720552132
L12 0,L34 7,2696.9865552972915
L12 1,L12 2,1487.5152453251528
L12 1,L12 7,1213.4429391387976
L12 1,L12 8,688.4293020272725
L12 1,L13 0,504.3730392423022
L12 1,L13 3,116.0934220529296
L12 1,L13 6,223.6347730659127
L12 1,L13 7,372.57804579946657
L12 1,L14 1,228.9444620204401
L12 2,L12 3,972.4939273548845
L12 2,L12 8,763.0777754946685
L12 2,L12 9,378.4809447482605
L12 2,L14 1,399.7570696477208
L12 3,L12 9,1350.7263835718572
L12 3,L14 1,1024.2784049213408
L12 3,L14 5,582.9168871957817
L12 3,L14 7,960.1093831390244
L12 4,L12 5,1594.3813631457106
L12 4,L12 6,1421.0932272253765
L12 4,L12 8,1210.2992378487952
L12 4,L12 9,1031.6776214680915
L12 5,L12 8,531.9468869110366
L12 5,L13 0,955.0570260750387
L12 6,L12 9,414.96237165033983
L12 6,L14 4,79.93846575988961
L12 6,L14 8,834.5294827206444
L12 6,L28 0,1616.2070161272766
L12 6,L28 7,186.78537345437988
L12 7,L12 8,134.67812059004135
L12 7,L13 0,1420.2143195535607
L12 7,L13 7,63.429076770794644
L12 7,L13 9,136.44451424931788
L12 8,L12 9,1735.8381227568927
L12 9,L14 2,623.2228970967715
L12 9,L14 4,1162.8482975308777
L12 9,L14 7,43.143614244184285
L13 0,L13 6,405.1742833491916
L13 0,L13 7,741.6439856580024
L13 0,L13 9,642.2007161471223
L13 1,L13 2,1071.8570536566099
L13 1,L13 4,497.0210669615079
L13 1,L15 4,234.7304562638997
L13 1,L15 7,14.738065679802578
L13 1,L15 8,315.2269716205362
L13 1,L7 9,260.6674006883731
L13 2,L13 3,1969.8082674816164
L13 2,L13 4,235.08585588070338
L13 2,L13 5,67.96955269153449
L13 2,L7 9,664.9768878058786
L13 3,L13 5,1462.749368758707
L13 3,L13 6,2041.2755000424986
L13 3,L13 7,652.6012713139817
L13 3,L13 8,79.06596610440995
L13 3,L14 1,88.9289453554811
L13 3,L6 8,594.6561582303639
L13 3,L7 0,316.4458194501357
L13 3,L7 9,67.18889089581805
L13 4,L13 5,3154.616605756389
L13 4,L14 1,36.0681982504699
L13 4,L14 3,921.964600036967
L13 4,L15 7,906.4025897641651
L13 4,L16 6,115.65934181050969
L13 5,L14 1,961.2184876821433
L13 6,L13 7,755.2553631566757
L13 7,L13 8,1215.1239116872562
L13 7,L13 9,19.97335152890675
L13 8,L13 9,1805.9900788051973
L13 8,L6 0,57.15536500626164
L13 8,L6 4,926.5452816557815
L13 8,L6 8,408.9088323335746
L13 9,L4 7,458.3927201553182
L13 9,L4 8,1056.7740034663711
L13 9,L6 0,490.43850854558355
L14 0,L14 2,784.3794461443714
L14 0,L14 6,932.0080493264898
L14 0,L14 7,821.3015364275683
L14 0,L14 9,181.21968770042855
L14 0,L36 4,939.966453888534
L14 1,L14 3,223.76025729564284
L14 1,L14 5,687.2456774830428
L14 2,L14 4,576.8698063673135
L14 2,L14 7,505.63220979934795
L14 2,L14 9,1587.4646771675734
L14 2,L36 2,216.21946529440675
L14 2,L36 4,83.6441254896469
L14 3,L14 5,971.1509947578083
L14 3,L14 7,1143.589823646446
L14 3,L16 1,93.91558203880152
L14 3,L16 2,118.38677659669872
L14 3,L16 3,662.3260045313127
L14 3,L16 6,939.9554116300217
L14 4,L14 8,837.050279947925
L14 4,L14 9,806.0913980984895
L14 5,L14 6,53.529038297375
L14 5,L14 7,1616.0539052967881
L14 6,L14 7,1503.0120533153158
L14 6,L16 2,566.2254462989533
L14 6,L36 4,321.91362301995713
L14 7,L16 2,5.345594915522335
L14 8,L14 9,1196.1731477990695
L14 8,L28 3,955.5466043685758
L14 8,L28 6,135.18625057840921
L14 8,L28 7,344.1180468025841
L14 8,L36 3,1588.8095809637537
L14 8,L36 8,1.5922116694930744
L14 9,L36 2,495.2355288501088
L14 9,L36 3,17.51983164832405
L15 0,L15 1,1260.2366773435012
L15 0,L15 2,732.7805332629639
L15 0,L15 3,1085.4022535024446
L15 0,L15 4,212.3835974553504
L15 0,L15 5,293.4414213591404
L15 1,L15 2,55.63372545138681
L15 1,L15 4,834.385366876854
L15 1,L7 6,552.6205285939474
L15 2,L15 3,99.16981527393335
L15 2,L7 4,28.775939814979107
L15 2,L7 6,359.1942601760256
L15 2,L8 0,304.444803263641
L15 3,L15 5,655.8049719467954
L15 3,L17 1,153.63005276841022
L15 3,L17 2,849.6662496119899
L15 3,L17 3,100.90281287042042
L15 3,L8 0,241.03453639449782
L15 4,L15 5,765.3943336615157
L15 4,L15 8,1460.355823268418
L15 4,L7 0,456.8389175933723
L15 4,L7 6,433.1374136645724
L15 4,L7 9,760.1632023051103
L15 5,L15 8,482.24362045982036
L15 5,L15 9,755.8701814679603
L15 5,L18 1,571.8630025207415
L15 6,L15 7,1113.4831459951831
L15 6,L15 8,883.0571845167932
L15 6,L15 9,1493.9040498861996
L15 6,L16 4,336.75590132174005
L15 6,L16 7,982.1222656712372
L15 6,L16 8,43.46343236576094
L15 6,L18 2,356.12216337302056
L15 7,L15 8,1541.761679111289
L15 7,L16 4,47.60327325951301
L15 7,L16 6,690.4611878108877
L15 8,L15 9,252.9933811090346
L15 9,L18 0,1112.0651167184942
L15 9,L18 1,692.2795618562218
L15 9,L18 2,131.61981820813165
L16 0,L16 5,642.5012868138773
L16 0,L16 7,6.108412641854399
L16 0,L16 8,1062.3535372718761
L16 0,L16 9,1554.4489302400789
L16 0,L18 2,82.23205945451585
L16 0,L18 3,425.94105541982435
L16 0,L25 1,292.61007297054306
L16 0,L25 4,1204.9071637761238
L16 0,L25 6,197.3041945248947
L16 1,L16 3,729.583280617074
L16 1,L16 5,1234.0557916754217
L16 1,L16 6,469.61063080088945
L16 2,L16 3,1885.024829805725
L16 2,L25 2,1026.1118316927918
L16 2,L36 4,2746.1821093261638
L16 2,L36 5,986.0624095814417
L16 3,L16 5,108.10057261624067
L16 3,L25 1,593.6020999762143
L16 3,L25 2,215.83065877679704
L16 4,L16 5,932.2735415026154
L16 4,L16 6,240.1020949714872
L16 4,L16 7,643.7665261169833
L16 5,L16 6,206.9490956276798
L16 5,L16 7,1471.5486398915627
L16 5,L25 1,925.639961745447
L16 7,L16 8,873.9431261373297
L16 7,L16 9,437.85434450189337
L16 8,L16 9,561.7554725927454
L16 8,L18 2,446.22069494537686
L17 0,L17 1,1002.6419817391617
L17 0,L17 3,359.74386045176175
L17 0,L17 4,717.2435485765957
L17 0,L17 5,1621.4243972312981
L17 0,L17 6,2347.564280609055
L17 0,L18 8,1252.0219115331215
L17 1,L17 2,264.16529087526123
L17 1,L17 3,638.2210035755928
L17 1,L18 1,1461.0670508775445
L17 1,L18 8,326.88088780481337
L17 2,L17 3,981.0568120540108
L17 3,L17 4,941.8745409912351
L17 3,L17 8,697.4667774532418
L17 3,L8 0,603.6814130889901
L17 3,L8 3,745.1842766069786
L17 4,L17 5,1044.5719174393364
L17 4,L17 7,313.54412542513955
L17 4,L17 8,2533.4821629124735
L17 4,L17 9,338.61686534711066
L17 4,L8 9,58.357718701776925
L17 5,L17 6,1317.8212160847274
L17 5,L17 7,920.2732175580479
L17 5,L17 9,1273.8208441819509
L17 5,L8 9,346.92318009569397
L17 6,L18 4,691.8219314997773
L17 6,L18 8,541.3366481705241
L17 6,L19 0,666.1474427730966
L17 6,L19 3,2307.2819949857776
L17 6,L19 9,37.585084396325804
L17 7,L17 8,420.0195869219121
L17 7,L17 9,669.4082066788666
L17 7,L8 9,1557.1816494142581
L17 8,L8 0,374.3625603853485
L17 8,L8 3,391.1970013372284
L17 8,L8 9,80.61778665702757
L18 0,L18 2,866.6860214868301
L18 1,L18 2,385.59877993044967
L18 1,L18 5,646.301191338176
L18 1,L18 8,324.02887572127247
L18 2,L18 3,1438.8036218182024
L18 2,L18 5,512.2872453364864
L18 2,L18 6,652.9692269284116
L18 3,L18 6,2124.725099673902
L18 3,L18 9,490.75280949645014
L18 3,L25 6,2121.445218609083
L18 3,L25 7,2542.9211534093115
L18 4,L18 7,1330.4979927032825
L18 4,L18 8,784.7539431371259
L18 4,L19 3,1229.2480942844527
L18 4,L19 7,301.4724906430069
L18 5,L18 6,414.9615798681211
L18 5,L18 7,644.0053179071057
L18 5,L18 8,490.06097653175186
L18 6,L18 7,934.1010609621092
L18 6,L18 9,378.34604083163
L18 7,L18 8,278.2703803296225
L18 7,L18 9,2880.0622056617135
L18 7,L19 7,55.8875238398187
L18 9,L19 4,1409.4895778390012
L18 9,L19 7,958.874471156274
L18 9,L25 7,607.681342880441
L19 0,L19 1,634.3011586930043
L19 0,L19 2,1204.8408960694687
L19 0,L19 3,1221.591701391393
L19 0,L19 9,369.7926860128882
L19 1,L19 2,1860.229434160624
L19 1,L19 5,400.22799971626773
L19 1,L19 6,1632.35197481823
L19 1,L19 7,233.09487783890918
L19 1,L19 9,617.3655943214418
L19 2,L19 5,1376.3689368397745
L19 2,L19 6,90.60746150217334
L19 2,L19 8,2578.4857750081937
L19 2,L24 1,3250.32237917492
L19 2,L24 9,117.32453626181591
L19 2,L25 0,744.08954814279
L19 3,L19 7,175.32889035638976
L19 3,L19 9,2205.2614116729037
L19 4,L19 5,1169.163932021142
L19 4,L19 6,287.0403175504449
L19 4,L19 7,478.61450117636986
L19 4,L25 7,1842.1927932624658
L19 5,L19 6,475.3859124318447
L19 5,L19 8,487.6825455661714
L19 5,L25 0,1431.889943841239
L19 5,L25 7,1331.0559093083843
L19 6,L19 7,339.94566786675955
L19 7,L19 9,1420.3284373392787
L19 8,L24 1,984.738143550139
L2 0,L2 7,353.2135925801134
L2 0,L2 8,209.96411636607954
L2 2,L2 5,58.013522111989246
L2 2,L2 7,287.84222433594556
L2 2,L3 2,131.29361839663784
L2 2,L3 6,218.44061949768798
L2 2,L3 9,359.28227053058947
L2 5,L2 7,99.32598136624327
L2 7,L2 8,128.75242856206577
L2 7,L3 1,402.7291349179716
L2 7,L3 9,348.0524718872104
L2 8,L3 1,413.4669474186866
L20 0,L20 3,81.68926886147342
L20 0,L20 5,708.0159988849514
L20 0,L20 6,2927.891698120277
L20 0,L20 9,841.5476354343695
L20 0,L9 3,322.37499341103273
L20 0,L9 8,596.3324406847989
L20 2,L20 3,230.63682956802376
L20 2,L20 7,574.7546306750811
L20 2,L20 9,874.3893250667584
L20 2,L4 1,751.1581585527754
L20 2,L4 3,346.3884820893419
L20 2,L5 9,308.9009140437364
L20 3,L20 4,874.4626751583604
L20 3,L20 5,449.9017682632524
L20 3,L20 7,1751.2041149780694
L20 3,L20 9,2324.4317973243765
L20 4,L20 5,2015.4965715896367
L20 4,L20 7,511.9809676205935
L20 4,L20 8,2116.88911964306
L20 4,L21 3,371.97051016124954
L20 4,L21 4,1299.366601467054
L20 4,L21 6,1.0246656616293737
L20 4,L21 8,507.57952211513
L20 5,L20 6,838.6037559091845
L20 5,L21 8,664.015835967137
L20 6,L21 5,506.21803502086243
L20 6,L21 7,52.84030515119392
L20 6,L21 8,2143.9510078752
L20 6,L30 1,945.9780962100174
L20 6,L30 3,126.06535929116944
L20 6,L30 9,984.4844334227729
L20 6,L9 8,1021.9834384575785
L20 7,L20 8,1683.1412193045364
L20 7,L5 9,1189.036719673907
L20 8,L21 4,1006.5203061814261
L20 8,L3 6,715.0272229355586
L20 9,L4 3,469.5470052075534
L20 9,L4 5,452.20666317734714
L20 9,L9 1,595.7068275565287
L20 9,L9 3,697.2241008919391
L21 0,L21 2,617.2876132018689
L21 0,L21 7,1098.7977056001396
L21 0,L21 9,1375.069109024837
L21 0,L23 0,230.73012195197407
L21 0,L23 1,785.2204860980193
L21 0,L23 9,1121.7534684611846
L21 0,L30 2,1806.0644347354316
L21 0,L30 3,347.1629189482884
L21 1,L21 2,688.1444731856237
L21 1,L21 3,479.6901214674077
L21 1,L21 4,1768.8642189148131
L21 1,L22 1,675.0180873447316
L21 1,L22 3,181.44378881059612
L21 1,L22 5,906.493334594438
L21 2,L21 6,349.7136818889985
L21 2,L21 7,301.71671594415375
L21 2,L21 8,69.67341444178038
L21 2,L21 9,2117.3474511338018
L21 2,L22 3,877.4109283172916
L21 2,L22 4,139.738423527137
L21 2,L23 0,957.5505949096694
L21 3,L21 4,444.7084760674326
L21 3,L21 6,500.76239824982554
L21 4,L22 5,737.1003091337051
L21 5,L21 7,743.8995766899702
L21 5,L21 8,767.1361653660434
L21 5,L30 9,677.2939191864341
L21 6,L21 8,1235.958087478063
L21 7,L21 8,844.7232940667885
L21 7,L21 9,1740.9093649498716
L21 7,L30 3,190.26359184411427
L21 8,L30 9,117.19003424677167
L22 0,L22 1,15.502235323138526
L22 0,L22 3,590.6130912773449
L22 0,L22 4,377.68849803183014
L22 0,L22 5,398.44824246768434
L22 0,L22 8,44.204072210600685
L22 0,L22 9,698.7889630157213
L22 1,L22 3,634.7578740880207
L22 1,L22 5,1111.8502462790825
L22 2,L22 6,521.1098181604561
L22 2,L22 7,399.8416032583577
L22 2,L22 9,593.5615110747073
L22 2,L23 0,374.4923853329587
L22 2,L23 3,1136.2958159601574
L22 2,L23 6,187.34790102794287
L22 3,L22 4,732.4776373855636
L22 4,L22 9,681.5224584383345
L22 4,L23 0,849.6484727968887
L22 5,L22 8,1680.8056586409673
L22 5,L22 9,173.9427485998294
L22 6,L22 7,640.2870129226258
L22 6,L23 6,1326.0047584969043
L22 7,L22 8,1102.4111971874884
L22 7,L22 9,199.69535967390814
L22 8,L22 9,564.341635982798
L22 9,L23 0,101.29267677391672
L23 0,L23 2,254.58700894375585
L23 0,L23 3,616.4549587671721
L23 0,L23 5,1498.1456296013275
L23 0,L23 9,1718.6491145883024
L23 1,L23 4,3027.1903093777614
L23 1,L23 9,1439.3539849598442
L23 1,L29 6,2225.08114390312
L23 1,L30 0,892.7717653961397
L23 1,L30 2,49.112120799651414
L23 2,L23 4,2797.8722481138443
L23 2,L23 5,719.1940335546329
L23 2,L23 7,578.1952165588506
L23 2,L23 9,2654.647360401781
L23 3,L23 5,1127.6210437586167
L23 3,L23 6,526.3429129471623
L23 3,L23 8,646.360634475908
L23 4,L23 7,1305.8770640089276
L23 4,L23 8,1337.0462683758024
L23 4,L23 9,395.69424038235246
L23 4,L29 6,1460.9108526654652
L23 4,L37 5,807.0134329888306
L23 4,L38 1,4989.741976375397
L23 4,L38 3,2522.8963620609234
L23 4,L38 9,8.107624787556384
L23 5,L23 7,854.6627410459281
L23 5,L23 8,329.3013805879947
L23 6,L23 8,5732.890721072978
L23 6,L38 9,34.364861268325555
L23 7,L23 8,2292.1250693572033
L23 8,L38 9,621.6603079169103
L24 0,L24 1,959.0153302305761
L24 0,L24 2,1784.1176492989878
L24 0,L24 3,1906.5245858602698
L24 0,L26 9,49.62420870922364
L24 1,L24 2,641.3606484132434
L24 1,L24 3,3490.5907411783583
L24 1,L24 5,748.783188463952
L24 1,L24 9,695.8024372935646
L24 2,L24 5,221.5279213712106
L24 2,L24 6,563.4630759861102
L24 2,L24 7,1142.1831763211137
L24 2,L26 9,701.8371398740966
L24 3,L25 0,404.850237679698
L24 3,L26 9,830.8351251143405
L24 4,L24 5,2449.6054396592685
L24 4,WA8 8,1642.2220039955223
L24 5,L24 6,450.1674899390794
L24 5,L24 7,1741.059529700757
L24 5,L26 9,2.6033944610845965
L24 5,WA8 8,1768.8573436772836
L24 6,L24 7,1776.940215816171
L24 6,L26 9,748.8673624562102
L24 9,L25 0,1464.097250569782
L25 0,L25 7,1964.8608738167554
L25 0,L25 8,441.49772521860905
L25 0,L25 9,895.7280678882041
L25 0,L26 1,1184.3907783321274
L25 1,L25 2,2486.086416593698
L25 1,L25 4,799.7624911119119
L25 2,L25 3,2300.5934340150325
L25 2,L25 4,342.7225034440059
L25 2,L25 5,134.97873288153738
L25 2,L27 0,205.70099481559936
L25 2,L27 1,891.0902510819399
L25 2,L27 7,42.45997841902116
L25 2,L36 5,133.89619282509074
L25 3,L25 4,1001.2454945119815
L25 3,L25 5,3716.6089836804676
L25 3,L26 7,221.7751762433872
L25 3,L27 6,505.54029253114686
L25 3,L27 7,600.198551876448
L25 4,L25 5,977.1443756313939
L25 4,L25 6,2017.4986540049983
L25 5,L25 6,905.2666746977849
L25 5,L25 7,522.8423562524492
L25 5,L25 8,1975.6499425338882
L25 5,L25 9,929.1446037965967
L25 5,L26 7,844.4431712137344
L25 6,L25 7,2603.310044559776
L25 7,L25 8,1693.5430336610173
L25 8,L25 9,2173.133066707972
L25 9,L26 7,1651.9115572164858
L26 0,L26 1,948.8827577183571
L26 0,L26 6,891.3166514071371
L26 0,L26 7,1319.494869843999
L26 0,L26 9,2642.4966719766157
L26 0,L35 1,2798.1546145129364
L26 0,WA8 8,2228.143056092689
L26 1,L26 7,959.7428062493834
L26 1,L26 9,1594.7200215028802
L26 6,L26 7,2181.517373742058
L26 6,L35 1,388.0170558569913
L26 7,L27 4,247.39823332539586
L26 7,L27 5,422.93702626275444
L26 7,L27 6,739.6562198408069
L26 7,L35 1,842.1104022147571
L26 9,WA8 8,767.2162371988026
L27 0,L27 1,590.9277719849485
L27 0,L27 7,409.8265558667356
L27 0,L27 8,1097.6621596868515
L27 0,L35 1,540.0405413735696
L27 0,L36 5,779.825334175237
L27 1,L36 5,642.8916147823354
L27 4,L27 5,729.5718637135351
L27 4,L27 6,824.2136871113555
L27 4,L27 7,234.57978905135548
L27 4,L35 1,618.8946053685908
L27 5,L35 1,534.0761145658888
L27 6,L27 7,832.997286458847
L27 7,L27 8,1322.5318148501442
L27 7,L35 1,121.11687374724237
L27 8,L35 1,985.2583494425122
L28 0,L28 1,555.407115322778
L28 0,L28 7,649.8677384789082
L28 0,L28 8,630.4203821020228
L28 1,L28 4,924.620083184453
L28 1,L28 5,250.55645169839477
L28 1,L28 6,126.86414011849355
L28 1,L28 7,1060.8202056523714
L28 1,L28 8,562.5340152815124
L28 1,L34 7,221.73653367118942
L28 3,L28 6,380.11438969290435
L28 3,L28 7,545.0074547835513
L28 4,L28 5,651.1948881612528
L28 4,L28 6,170.34414357158445
L28 4,L28 7,231.15219314754782
L28 4,L34 7,1339.530810085596
L28 4,L36 8,391.78921575774996
L28 5,L28 6,460.7514599984678
L28 5,L28 7,178.17198656580555
L28 6,L28 7,59.52637807089915
L28 6,L36 8,364.76850839189194
L28 8,L34 7,94.7807273826247
L29 6,L30 0,898.6435352806919
L29 6,L30 7,1225.4549613506636
L29 6,L30 8,187.85325511449344
L29 6,L31 1,524.4134026885017
L29 6,L31 5,8.713633743247005
L29 6,L31 7,1214.9001290791798
L29 6,L31 8,1431.7836517343144
L29 6,L37 5,855.6260400319994
L3 0,L3 1,1230.7584314919814
L3 0,L3 6,693.808119118191
L3 0,L3 9,72.19993900943089
L3 1,L3 4,316.9957383246613
L3 1,L3 6,528.4619840323718
L3 1,L3 9,634.9661667942089
L3 2,L3 3,1463.8499452721549
L3 2,L3 6,666.7143326845393
L3 3,L3 5,402.34595099340663
L3 3,L3 6,598.8126611805849
L3 3,L3 8,1197.9742486522377
L3 3,L5 5,157.52551452221147
L3 4,L8 5,1418.941085740724
L3 4,L8 6,1849.8594178718479
L3 4,L8 9,606.3720916689408
L3 5,L3 8,982.0304789103283
L3 5,L69 7,851.1689297602628
L3 5,L7 8,490.1513875258167
L3 6,L3 9,485.12342506376626
L3 6,L5 5,699.2852793582679
L3 6,L5 8,1873.3656253446711
L3 6,L5 9,4500.628615185185
L3 8,L5 3,1646.8277637479528
L3 8,L5 5,312.0739451336176
L3 8,L6 1,795.957749784801
L3 8,L6 2,431.32894624094246
L3 8,L7 8,182.69955378130052
L30 0,L30 2,753.4135387174338
L30 0,L30 5,492.9910222781048
L30 0,L30 7,603.4618669737055
L30 1,L30 3,850.0075900068524
L30 1,L30 6,451.0815017687434
L30 1,L30 8,796.532226245887
L30 1,L9 0,851.6669847355527
L30 1,L9 4,197.8151202303095
L30 1,L9 8,1424.4022567081172
L30 2,L30 3,1295.8883048949833
L30 2,L30 5,49.79166742447964
L30 3,L30 5,1072.9540467700008
L30 3,L30 6,378.1386369321649
L30 5,L30 6,792.3334193925579
L30 5,L30 7,1708.8059061899978
L30 6,L30 7,128.22814138167678
L30 6,L30 8,147.877758439875
L30 7,L30 8,915.096797626038
L31 0,L31 2,2690.066448816278
L31 0,L31 4,897.3899000162826
L31 0,L31 6,315.1702461605278
L31 0,L31 7,513.2145452789615
L31 0,L31 8,162.00022120766593
L31 0,L31 9,2223.493260975969
L31 0,L39 6,835.4090623149747
L31 1,L31 3,4252.642486625449
L31 1,L31 5,1048.5718295873974
L31 1,L31 9,2387.72442491534
L31 1,L32 2,1787.3796216712885
L31 1,L33 1,524.4406067768264
L31 1,L33 2,1546.9041263737429
L31 1,L33 4,2551.4044199418986
L31 1,L39 0,792.0761594528421
L31 1,L39 6,2120.0674710051635
L31 2,L31 4,6821.31840054952
L31 2,L31 8,1893.1866334485715
L31 2,L37 5,1831.5632091699013
L31 3,L31 5,1367.7933372840419
L31 3,L31 6,2402.2500395098714
L31 3,L31 7,811.1668467622912
L31 3,L31 9,659.2749923052477
L31 4,L31 8,58.5319710237041
L31 4,L37 5,1481.049388700833
L31 4,L39 6,1800.5348619728845
L31 4,L39 7,2477.09140112927
L31 5,L31 7,1080.4862271515572
L31 6,L31 7,244.2534063077508
L31 6,L31 9,2033.6811880202838
L31 7,L31 8,3749.1312108379816
L31 8,L37 5,1216.8797724195185
L31 9,L39 6,548.5883407717401
L32 0,L32 1,744.1807715413264
L32 0,L32 2,1781.3131232386847
L32 0,L32 4,944.7783043772686
L32 0,L32 5,1233.8190116896906
L32 0,L32 8,496.1234878682735
L32 0,L32 9,103.9507318789049
L32 0,L33 2,201.7830732258837
L32 1,L32 8,315.9438762900906
L32 1,L33 1,1212.7083326454913
L32 1,L33 2,388.1182450567397
L32 1,L33 6,44.66876941496455
L32 1,L33 8,1102.4652135949123
L32 1,L33 9,258.7401991229485
L32 2,L33 2,1155.3846220014916
L32 3,L32 6,741.8845844895895
L32 3,L32 7,3104.0512541848084
L32 3,L32 9,1166.933909327317
L32 3,L34 7,438.65818233560884
L32 4,L32 5,610.2771527484787
L32 4,L32 9,891.4683600582521
L32 5,L32 9,410.6339666592885
L32 6,L32 7,1278.60513278669
L32 6,L32 8,698.2995401775279
L32 6,L32 9,991.1134247909215
L32 6,L33 5,763.0097909493792
L32 6,L33 7,1365.2527330777234
L32 6,L34 0,1160.1051793525294
L32 7,L32 9,1397.762866475087
L32 7,L34 0,18.865589839749575
L32 7,L34 7,416.6721323342922
L32 8,L32 9,1872.7403531218163
L32 8,L33 0,1162.5956583455527
L32 8,L33 5,350.34487560119607
L32 8,L33 8,109.87394774338871
L32 9,L34 7,643.6242280999193
L33 0,L33 5,739.1556193656103
L33 0,L33 6,1.2232887841919238
L33 0,L33 8,558.3687268560602
L33 1,L33 2,1081.7606501828782
L33 1,L33 4,3078.435041450991
L33 1,L33 9,893.6350955765085
L33 4,L33 7,1998.6408959154664
L33 4,L33 9,2510.7957220991884
L33 4,L39 0,5602.275437704345
L33 4,WA11 7,1076.7723815917966
L33 5,L33 6,980.3995552624283
L33 5,L33 7,2992.192250737393
L33 5,L33 9,2941.0606148674665
L33 6,L33 8,1197.1627002133234
L33 6,L33 9,1054.5348111662229
L33 7,L33 9,949.4102267272473
L33 7,L34 0,992.6076836556672
L33 7,L34 7,1180.2041366870064
L33 7,WA10 6,1231.2554010358153
L33 7,WA11 7,983.5288542819299
L34 0,L34 7,8667.9326518086
L34 1,L34 3,1919.5450757208077
L34 1,L34 5,1019.9239045108328
L34 1,L35 5,1043.8066807951186
L34 1,L36 1,2451.747411344219
L34 1,L36 7,305.9570199791232
L34 1,L36 8,2034.5784554453685
L34 2,L34 5,598.6295366580409
L34 2,L34 6,2348.3989307851134
L34 2,L35 5,290.7796343097456
L34 2,L35 7,1852.433674056026
L34 2,WA10 3,345.1143215154768
L34 2,WA9 5,673.6248182685368
L34 3,L34 5,125.59444980142796
L34 3,L34 6,329.0542106774894
L34 3,L36 8,558.8937383930004
L34 5,L34 6,736.4988679577203
L34 5,L35 5,614.3675725418882
L34 6,L36 8,872.2981204644788
L34 6,WA10 3,1203.542024887252
L34 6,WA10 5,4089.639637609345
L34 7,L36 8,6956.618442951931
L34 7,WA10 5,3976.560631815285
L34 7,WA10 6,940.9210051039624
L35 0,L35 4,2383.773936958705
L35 0,L35 6,3423.3304527230043
L35 0,L35 9,2317.054978987494
L35 1,L35 3,2975.8926767601424
L35 1,L36 0,2234.167475341762
L35 1,L36 5,75.77847419039793
L35 1,WA8 4,1130.0439901626676
L35 1,WA8 5,3892.3820118629887
L35 1,WA8 8,1476.8425184315897
L35 2,L35 3,2495.177069375337
L35 2,L35 5,1556.8572054579686
L35 2,L35 8,823.4004205255285
L35 2,L35 9,929.9066386669981
L35 3,L35 5,1106.0471174200757
L35 3,L35 9,1605.5878973592921
L35 3,L36 0,424.1666864437408
L35 3,L36 6,1232.8294172378965
L35 3,WA8 5,711.4933798151733
L35 4,L35 6,444.63681482588294
L35 4,L35 8,1566.1581778428422
L35 4,L35 9,250.32783841653583
L35 4,WA9 4,1215.2514846715624
L35 4,WA9 5,2081.392033050203
L35 5,L35 7,1164.2452759353828
L35 5,L35 8,227.22864540493407
L35 5,L36 1,355.71445081227535
L35 5,L36 6,39.19194001232491
L35 6,L35 9,767.1398937174797
L35 6,WA8 3,1040.0075506096612
L35 6,WA8 5,2054.4239776200525
L35 6,WA9 4,1996.237127983734
L35 7,L35 8,1068.1638163976254
L35 7,WA9 5,982.4089419449325
L35 8,L35 9,2071.6082089498404
L35 8,WA9 5,416.88607358855063
L35 9,WA8 5,1203.0925519622363
L36 0,L36 5,1332.6189381771396
L36 0,L36 6,1575.591061570077
L36 1,L36 6,1741.8197310230998
L36 1,L36 7,343.8733756670314
L36 2,L36 3,1050.8988529152005
L36 2,L36 4,1862.8881811411168
L36 2,L36 7,762.2054408930221
L36 2,L36 9,1574.3198799586282
L36 3,L36 7,695.8973322169309
L36 3,L36 8,2520.1677254386796
L36 4,L36 5,1912.9267663411192
L36 4,L36 9,1804.0266242779753
L36 5,L36 6,2008.9709622310602
L36 5,L36 7,645.1394918181729
L36 5,L36 9,1041.1673518859077
L36 6,L36 7,201.52424982570338
L36 7,L36 8,494.96154990439163
L36 7,L36 9,494.34294045117144
L36 8,WA10 5,823.8256969523451
L37 1,L37 2,3240.6359333437763
L37 1,L37 3,958.7307657973702
L37 1,L37 7,2717.819305498132
L37 2,L37 3,911.8147679883471
L37 2,L37 4,395.94291454124345
L37 2,L37 6,2857.6675023879543
L37 3,L37 4,1720.3409535532871
L37 3,L37 7,4009.0112281025513
L37 3,L37 8,1624.2873190264993
L37 3,L39 7,925.0289980150087
L37 4,L37 5,643.9318332451223
L37 4,L37 6,3470.7098297150997
L37 4,L37 8,2618.818157556679
L37 4,L39 7,548.0073059456298
L37 5,L37 6,772.1564458990243
L37 5,L38 1,5740.21428552896
L37 5,L39 7,5328.01589540103
L37 6,L38 0,1634.2629785226363
L37 6,L38 1,3809.2916958825645
L37 7,L39 7,2718.7053443027617
L37 7,L39 8,974.3734033302937
L37 7,PR8 2,1836.9882810641825
L37 7,PR8 3,2297.041876608014
L38 0,L38 1,379.9062411162116
L38 0,L38 3,700.7075943874145
L38 0,L38 9,1108.3696105753404
L38 1,L38 3,1592.2830490784545
L38 1,L38 6,5006.3018626006715
L38 3,L38 9,2167.11740031192
L39 0,L39 6,926.6620271703655
L39 0,L39 9,10077.978372635058
L39 0,WA11 7,5482.940256140741
L39 0,WN8 8,3850.215355308321
L39 1,L39 2,3053.721427528121
L39 1,L39 3,1723.5634986963398
L39 1,L40 7,642.6325068940716
L39 1,L40 8,1873.3082929943266
L39 2,L39 3,76.88671970255992
L39 2,L39 4,3063.119268152713
L39 2,L40 6,3080.765042980353
L39 2,L40 7,2361.0465370848606
L39 3,L39 4,3796.8878491967826
L39 3,L39 7,1216.8151803358232
L39 3,L40 8,1318.7784540651553
L39 4,L39 5,3964.060282136698
L39 4,L39 7,253.1912102610786
L39 4,L39 9,1823.2438852536134
L39 4,L40 6,4350.283210742749
L39 4,WN8 8,651.3978389964965
L39 5,L39 6,6672.510317523562
L39 5,L39 7,2571.7569558563428
L39 5,L39 9,975.9204871524693
L39 6,L39 7,3390.31552326109
L39 6,L39 9,1651.8983118279257
L39 7,L39 8,10508.088877651531
L39 7,L40 8,1134.6339531731328
L39 8,L40 8,2670.6048469751195
L39 8,L40 9,3590.8280515774145
L39 8,PR8 3,9241.816961741191
L39 8,PR8 4,1433.6407704265357
L39 8,PR8 5,1071.339416991975
L39 9,WN8 8,2304.1748479960434
L4 0,L4 2,1787.1676782804202
L4 0,L4 4,981.5297936393843
L4 0,L4 5,268.8409186006295
L4 0,L4 7,955.2185184455117
L4 0,L5 1,513.7061659144699
L4 0,L5 6,600.563809206428
L4 1,L4 3,740.3987866353746
L4 1,L4 4,1408.060909142055
L4 1,L5 2,386.2862894525216
L4 1,L5 7,715.0384835567693
L4 1,L5 9,31.04759438354409
L4 2,L4 7,1829.769249850911
L4 2,L5 6,215.36127822885712
L4 2,L6 0,1458.940109336972
L4 2,L6 5,296.23382470659334
L4 3,L4 4,1487.5569108338939
L4 3,L4 5,578.8158490294204
L4 4,L4 5,1046.5353039313436
L4 4,L5 0,551.7968526514866
L4 4,L5 1,64.37984192913386
L4 4,L5 2,242.81937030303226
L4 4,L5 5,64.81278349939706
L4 5,L4 6,2029.192601092672
L4 5,L4 7,713.1945151419237
L4 5,L9 1,425.0686490676085
L4 6,L4 7,544.9271831175242
L4 6,L4 8,245.4130888505798
L4 6,L4 9,1935.4790057578882
L4 6,L9 1,1272.5098293392175
L4 7,L4 8,663.7614150828933
L4 7,L6 0,70.80211258120013
L4 8,L4 9,1163.209943860959
L4 9,L9 1,371.4390385627239
L4 9,L9 6,227.4240957042621
L40 0,L40 1,3731.3920524358878
L40 0,L40 4,2741.0317467216505
L40 0,L40 5,282.1460425813358
L40 0,L40 7,6639.943087025167
L40 0,L40 8,1072.6663109168023
L40 0,L40 9,3559.420150896899
L40 1,L40 2,285.28171542916976
L40 1,L40 4,1462.5815998394212
L40 1,L40 9,945.387325357047
L40 1,PR26 9,2113.9500587659772
L40 1,PR4 6,5492.255849711906
L40 2,L40 3,8270.485849443776
L40 2,L40 4,1284.650201293734
L40 2,PR26 9,4247.906314950898
L40 2,PR7 5,1716.5827276168222
L40 2,PR7 6,2427.8972213238926
L40 2,WN8 7,1818.5555655304029
L40 3,L40 4,2352.895925626661
L40 3,WN8 7,2523.2143619720564
L40 4,L40 5,4468.250099785024
L40 4,WN8 7,4329.202964105327
L40 5,L40 6,4625.689167893953
L40 5,L40 7,4643.759202003501
L40 5,WN8 6,76.43719463097837
L40 5,WN8 7,3188.216029022455
L40 5,WN8 8,2693.9687563037837
L40 6,L40 7,723.5703624595125
L40 6,WN8 8,3258.8368606491863
L40 7,L40 8,2207.332973390841
L40 8,L40 9,4794.446116894858
L40 9,PR4 6,1648.021480748875
L40 9,PR8 5,6885.186331276183
L40 9,PR9 8,2840.1898153095517
L5 0,L5 1,583.8318246480984
L5 0,L5 3,562.9723530564295
L5 0,L5 4,682.2444905074426
L5 0,L5 5,291.2180733230621
L5 0,L5 6,668.8097979040823
L5 1,L5 6,662.8167312415974
L5 2,L5 5,1150.0554265886794
L5 2,L5 7,818.2423555165647
L5 2,L5 8,846.7504696803718
L5 2,L5 9,173.56133920539335
L5 3,L5 4,686.6333473616869
L5 3,L5 5,1462.7796976445663
L5 3,L6 2,40.43906650820599
L5 4,L5 6,457.9241118125351
L5 4,L6 2,911.2690739257303
L5 5,L5 8,554.4095222743223
L5 6,L6 2,182.45866103090754
L5 6,L6 5,273.49307392744396
L5 7,L5 9,1525.4178139769292
L5 8,L5 9,881.9252162167894
L6 0,L6 4,1790.9486562255313
L6 0,L6 5,281.6888358652116
L6 1,L6 2,1409.0092132651362
L6 1,L6 9,345.46612444225235
L6 1,L7 8,1228.7079904123461
L6 2,L6 5,1794.4299542171389
L6 2,L6 6,24.49835549184176
L6 2,L6 9,109.4662359856626
L6 3,L6 5,299.5589702228785
L6 3,L6 6,698.3211474267391
L6 3,L6 7,400.4455763976349
L6 3,L6 8,786.2252668181156
L6 3,L6 9,400.2085513667066
L6 3,L7 0,882.7912019374975
L6 4,L6 5,561.5071944917815
L6 4,L6 7,601.3548159857811
L6 4,L6 8,293.92965448201016
L6 5,L6 6,88.16661155814855
L6 5,L6 7,15.609345213902401
L6 5,L6 9,398.9733283596104
L6 6,L6 8,122.78436382536663
L6 6,L6 9,1678.0114769181198
L6 6,L7 0,114.5843619346355
L6 6,L7 2,344.23583709601473
L6 7,L6 8,867.4409528024373
L6 7,L6 9,34.198438626168496
L6 8,L6 9,5.878777060077011
L6 8,L7 0,707.198305466657
L6 9,L7 2,311.8511613335693
L6 9,L7 8,348.8691971147657
L69 7,L7 3,405.29863355171733
L69 7,L7 7,1205.522045538385
L69 7,L7 8,38.88451218601318
L69 7,L8 7,11.918796095631803
L7 0,L7 2,585.9767327232838
L7 0,L7 5,507.47467443247956
L7 0,L7 6,267.9664732720346
L7 0,L7 9,2414.645502211419
L7 1,L7 3,455.85845575799436
L7 1,L7 5,444.94983038225644
L7 1,L7 6,872.1354261534814
L7 1,L7 8,610.9366917602001
L7 2,L7 5,418.36674192120796
L7 2,L7 8,708.5518723625592
L7 3,L7 6,1672.6231599430373
L7 3,L7 7,488.24236128970506
L7 3,L7 8,579.0949164575812
L7 3,L8 1,0.9385419545059983
L7 3,L8 7,720.7126926699634
L7 4,L7 6,1213.042254869812
L7 4,L8 0,439.350950519227
L7 5,L7 6,305.3220471951774
L7 5,L7 8,29.862257869247454
L7 6,L8 0,187.2738549526152
L7 6,L8 7,205.6806120790704
L7 7,L8 7,1586.2655796471217
L8 0,L8 1,77.2925282582482
L8 0,L8 2,711.7621656002192
L8 0,L8 3,2175.3365452218495
L8 0,L8 7,1144.9644289118846
L8 1,L8 2,510.93340673165335
L8 1,L8 5,755.477192392001
L8 1,L8 7,1137.3950022789684
L8 1,L8 8,886.2382375182326
L8 2,L8 3,325.2306288764509
L8 2,L8 7,369.8563087316953
L8 2,L8 8,794.7546190641447
L8 3,L8 4,860.1495700585348
L8 3,L8 8,1124.24854035644
L8 3,L8 9,314.44186847224745
L8 4,L8 6,1392.244733818521
L8 4,L8 8,621.2414301137896
L8 4,L8 9,1893.2388690448581
L8 5,L8 6,999.4020598519471
L8 5,L8 8,616.3548234173855
L8 6,L8 8,389.4505131903139
L8 6,L8 9,42.376700282509155
L8 7,L8 8,28.40072168961718
L9 0,L9 4,1143.0304865783503
L9 0,L9 8,21.689738817595327
L9 0,L9 9,2733.5139787117573
L9 1,L9 2,3545.0879085553966
L9 1,L9 3,1247.5458151352739
L9 1,L9 6,953.770609220489
L9 1,L9 7,1356.4676884210273
L9 1,L9 9,363.3860721893859
L9 2,L9 3,655.9623344900166
L9 2,L9 4,77.57989481414938
L9 2,L9 8,123.52186417722396
L9 2,L9 9,472.0695949872676
L9 3,L9 8,1290.9474886236417
L9 4,L9 8,910.5992531163065
L9 4,L9 9,182.40456813868906
L9 6,L9 7,1652.0363080351556
L9 7,L9 9,2236.7528440966526
LA1 1,LA1 3,2491.1088562244154
LA1 1,LA1 4,1113.6773733557634
LA1 1,LA1 5,4095.4993774708937
LA1 2,LA1 3,688.4035386039136
LA1 2,LA1 5,1890.5071247931717
LA1 2,LA2 6,2664.060521945768
LA1 2,LA3 3,408.3296645814826
LA1 2,LA4 6,36.42917754462747
LA1 3,LA1 4,3880.0975071805965
LA1 3,LA2 0,670.5293222985547
LA1 3,LA2 9,5137.225399521245
LA1 4,LA1 5,2938.158084968939
LA1 4,LA2 0,13871.183576497824
LA1 4,LA2 9,11392.537664954434
LA1 5,LA2 0,3182.3397458942327
LA1 5,LA3 3,2600.5718214336794
LA10 5,LA6 2,22695.934266817938
LA10 5,LA6 3,14049.920339942752
LA10 5,LA8 0,12913.4649378069
LA10 5,LA8 9,6845.327334984091
LA11 6,LA11 7,16358.39604356431
LA11 6,LA12 8,10082.64696411165
LA11 6,LA23 3,5724.707869582397
LA11 6,LA7 7,3516.6847134299387
LA11 6,LA8 8,8151.359210189772
LA11 7,LA12 8,5923.5557669290965
LA12 0,LA12 7,9539.899064671961
LA12 0,LA12 9,16556.132013367816
LA12 0,LA13 0,17794.42847420287
LA12 0,LA15 8,2914.157272918905
LA12 0,LA16 7,6023.779857537161
LA12 0,LA17 7,1288.9317313331837
LA12 7,LA12 8,9438.9338634028
LA12 7,LA12 9,6737.007745573913
LA12 7,LA17 7,1269.4726858876068
LA12 8,LA17 7,10378.70179929481
LA12 8,LA20 6,7171.249777802232
LA12 8,LA21 8,12033.144979985182
LA12 8,LA22 0,7397.035612308907
LA12 8,LA23 1,14352.185963280092
LA12 8,LA23 3,7151.404252568233
LA13 0,LA13 9,6077.954572332921
LA13 0,LA14 2,1192.4128624170437
LA13 0,LA14 4,401.16430734830953
LA13 0,LA15 8,4430.000411914221
LA13 9,LA14 1,280.7445447017834
LA13 9,LA14 2,1126.121156079649
LA13 9,LA14 4,1592.5265747430426
LA13 9,LA14 5,2696.719693355446
LA14 1,LA14 2,3754.430584733417
LA14 1,LA14 3,876.4004499149222
LA14 1,LA14 4,474.60539343481946
LA14 1,LA14 5,4756.788354591625
LA14 2,LA14 5,162.1251118618837
LA14 3,LA14 4,92.75221602220375
LA14 4,LA14 5,4358.2868463032555
LA14 4,LA15 8,1756.083867730415
LA14 4,LA16 7,4501.489756265633
LA15 8,LA16 7,2909.138817310594
LA16 7,LA17 7,5234.931276068271
LA17 7,LA20 6,11843.627921694582
LA18 4,LA18 5,7006.518728739807
LA18 5,LA19 5,16245.900591759917
LA18 5,LA20 6,7547.040781371928
LA19 5,LA20 6,3464.6100002634257
LA2 0,LA2 9,15553.473239368459
LA2 0,PR3 0,12394.440104710888
LA2 0,PR3 6,5307.737382902927
LA2 6,LA2 8,2773.971941450797
LA2 6,LA2 9,10552.231009210183
LA2 6,LA4 5,35.139995677372774
LA2 6,LA4 6,2756.4342773609264
LA2 6,LA5 8,3704.8422074875766
LA2 6,LA6 1,6887.581723554213
LA2 7,LA2 8,19598.838533039463
LA2 7,LA6 2,414.32814896871736
LA2 7,LA6 3,12370.835606811857
LA2 8,LA2 9,19132.751033905828
LA2 8,LA6 1,7885.8912675728425
LA2 8,LA6 2,6465.879274179457
LA2 8,LA6 3,8620.88694239865
LA2 9,PR3 0,2768.3050384590197
LA2 9,PR3 1,13629.38720324071
LA20 6,LA21 8,5287.680363922124
LA20 6,LA22 9,4776.081417493127
LA21 8,LA22 0,10553.931005442548
LA21 8,LA22 9,4453.7486205443365
LA22 0,LA22 9,11431.34020710884
LA22 0,LA23 1,19502.979646130934
LA22 9,LA23 1,8081.397440260124
LA23 1,LA23 2,4181.12040702436
LA23 1,LA23 3,11093.624626492026
LA23 1,LA8 9,12707.898283164905
LA23 2,LA23 3,2726.8672177896206
LA23 2,LA8 8,3801.6721540217713
LA23 2,LA8 9,443.12681106356223
LA23 3,LA8 8,13066.102895418731
LA3 1,LA3 2,1381.3799346190742
LA3 1,LA3 3,1109.278186228882
LA3 1,LA4 4,1717.5103996663318
LA3 2,LA3 3,5957.747596125918
LA3 3,LA4 4,4050.2215791006743
LA3 3,LA4 5,504.3985522863413
LA3 3,LA4 6,1771.402850194354
LA4 4,LA4 5,3774.8242309045004
LA4 5,LA4 6,3619.4751150039997
LA5 0,LA5 9,6230.524194937904
LA5 0,LA7 7,2775.806613871068
LA5 8,LA5 9,2615.2087671894387
LA5 8,LA6 1,2621.8985807811664
LA5 9,LA6 1,10915.662246664817
LA5 9,LA7 7,4659.940109461399
LA6 1,LA6 2,16873.599781469085
LA6 1,LA7 7,7918.517443876909
LA6 2,LA6 3,13096.709290661007
LA6 2,LA7 7,8094.053558133695
LA6 2,LA8 0,407.4245037127234
LA7 7,LA8 0,18887.816317252167
LA7 7,LA8 8,5748.549568424323
LA8 0,LA8 8,2711.5830339054673
LA8 0,LA8 9,8526.755368254302
LA8 0,LA9 6,7719.5958213074455
LA8 0,LA9 7,5941.10396253696
LA8 8,LA8 9,7854.650626379703
LA8 8,LA9 5,9497.49158387438
LA8 8,LA9 7,4987.11790846103
LA8 9,LA9 5,4605.291222576537
LA8 9,LA9 6,11716.729024711793
LA9 4,LA9 5,5509.408051625107
LA9 4,LA9 6,1663.2140509760002
LA9 4,LA9 7,1214.720496909876
LA9 5,LA9 6,4409.92038029036
LA9 5,LA9 7,2298.9931415956125
LA9 6,LA9 7,3444.573049953437
LD1 5,LD1 6,32135.03877488965
LD1 5,LD2 3,24544.302175253113
LD1 5,LD7 1,7534.048217372292
LD1 5,LD8 2,14350.24655475754
LD1 6,LD2 3,22337.291194950812
LD1 6,LD5 4,13931.364576910591
LD1 6,LD6 5,41306.9724320546
LD1 6,LD7 1,19379.66376179972
LD1 6,SY16 4,8209.166582974809
LD1 6,SY18 6,7986.974198318604
LD1 6,SY25 6,4471.334503179554
LD2 3,LD3 0,7569.520947917315
LD2 3,LD3 9,12808.6758125213
LD2 3,LD4 4,15565.43833470994
LD2 3,LD5 4,9198.640027427617
LD3 0,LD3 7,13575.451453750524
LD3 0,LD3 9,11422.047726868674
LD3 0,NP8 1,16133.213755674196
LD3 7,LD3 8,19467.46699934599
LD3 7,LD3 9,7887.854078798734
LD3 7,NP8 1,25883.12745926661
LD3 8,LD3 9,22349.553066050416
LD3 8,LD4 4,8920.828252500536
LD3 8,SA19 9,10950.11989772225
LD3 8,SA20 0,17296.38253514788
LD3 8,SA9 1,14103.090784179689
LD3 9,LD4 4,6596.088808324803
LD4 4,LD5 4,26329.622464672357
LD4 4,SA20 0,5984.5729682312
LD5 4,SA20 0,12122.036883571602
LD5 4,SY25 6,17062.047805965856
LD6 5,SY18 6,22368.07841442188
LD6 5,SY25 6,18920.195369420762
LD7 1,LD8 2,27983.012806609255
LD7 1,SY16 4,9201.804523531477
LD7 1,SY7 0,19750.509738053162
LD7 1,SY7 8,18801.700512803072
LD8 2,SY7 0,14629.110405199923
LE1 1,LE1 2,25.187557917145778
LE1 1,LE1 3,806.1095138177052
LE1 1,LE1 5,306.6624258045906
LE1 1,LE1 6,469.0626353531095
LE1 1,LE2 0,273.0639134646333
LE1 1,LE5 3,781.8454726942547
LE1 2,LE1 3,1294.3592045593489
LE1 2,LE2 0,792.2684935875061
LE1 2,LE4 6,783.1829684737226
LE1 2,LE5 3,239.79214582089566
LE1 3,LE1 4,655.3836423541866
LE1 3,LE1 5,195.33687760357034
LE1 3,LE4 5,1541.1527995849128
LE1 3,LE4 6,110.00410533129472
LE1 4,LE1 5,579.1475105571415
LE1 4,LE3 5,916.3301543942014
LE1 4,LE4 5,850.2542093135983
LE1 5,LE1 6,937.943752733529
LE1 5,LE2 7,1367.0376365907134
LE1 5,LE3 5,231.77390598816507
LE1 6,LE1 7,454.7220251588484
LE1 6,LE2 0,502.33869336834414
LE1 6,LE2 1,291.67882382001915
LE1 6,LE2 7,480.39404063661596
LE1 7,LE2 0,752.9589023614659
LE1 7,LE2 1,1149.0757391232253
LE10 0,LE10 1,7039.328254790645
LE10 0,LE10 2,2651.8289383808174
LE10 0,LE9 8,250.75866876714804
LE10 1,LE10 2,2501.5506004379617
LE10 1,LE9 7,823.8966209941295
LE10 1,LE9 8,4534.586866336699
LE10 2,LE10 3,12397.122823413049
LE10 2,LE9 4,958.7844202777139
LE10 2,LE9 7,555.2242324101993
LE10 3,LE17 5,3513.773127350383
LE10 3,LE9 4,5873.872848568093
LE11 1,LE11 2,2592.301403452722
LE11 1,LE11 5,5265.896159184005
LE11 1,LE12 5,3392.290402444276
LE11 1,LE12 8,1863.5038092626555
LE11 2,LE11 3,5838.432421035378
LE11 2,LE11 5,292.3919615176802
LE11 2,LE12 8,5409.57982877671
LE11 3,LE11 4,5124.866615773807
LE11 3,LE11 5,2073.5526929800058
LE11 3,LE12 8,1893.0177475806686
LE11 3,LE12 9,3833.756436458215
LE11 4,LE11 5,4531.375228099123
LE11 4,LE12 5,18.07570133848286
LE11 4,LE12 9,3347.545382544793
LE11 5,LE12 5,6609.019560775584
LE12 5,LE12 6,18498.875660148817
LE12 5,LE12 7,626.593603881902
LE12 5,LE12 8,8946.496540059969
LE12 5,LE12 9,6798.323797149015
LE12 5,LE14 3,1356.5321753753997
LE12 5,LE7 4,38.57631455971072
LE12 5,NG11 0,7937.078995822977
LE12 6,LE14 3,4490.215967077804
LE12 6,NG11 0,3054.1340800489324
LE12 6,NG11 6,4473.88199447114
LE12 6,NG12 5,13638.483487133279
LE12 7,LE12 8,16096.14662189821
LE12 7,LE7 4,9419.03130274235
LE12 7,LE7 7,5856.8576471696015
LE12 8,LE12 9,1179.1426193014572
LE12 8,LE6 0,1115.241736644212
LE12 8,LE67 9,6574.087967884524
LE12 8,LE7 7,5654.209657166157
LE12 9,LE67 4,3837.4468053701426
LE12 9,LE67 5,4088.9701164693925
LE12 9,LE67 8,7433.791384507326
LE12 9,LE67 9,3678.0305866796693
LE13 0,LE13 1,7489.802400804989
LE13 0,LE14 2,7531.4312634683165
LE13 0,LE14 3,3872.6510746385134
LE13 0,LE14 4,1971.244000615756
LE13 1,LE14 2,3507.091786234285
LE13 1,LE14 4,6670.667175745572
LE14 2,LE14 3,12932.998984823307
LE14 2,LE14 4,14557.392455295467
LE14 2,LE15 7,18869.946545467035
LE14 2,LE15 8,14048.236188716188
LE14 2,LE7 3,284.97377194440185
LE14 2,LE7 4,16545.679884352736
LE14 2,LE7 9,2591.063194596264
LE14 2,NG33 5,5468.837534840486
LE14 3,LE14 4,18763.392200107628
LE14 3,LE7 4,3642.586202636168
LE14 3,NG12 3,6990.630087938101
LE14 3,NG12 5,2395.8963878954505
LE14 4,NG12 3,2495.9758062527344
LE14 4,NG13 0,5312.789580340197
LE14 4,NG13 9,5261.238427869074
LE14 4,NG32 1,16989.821202037507
LE14 4,NG33 5,11070.437939825491
LE15 6,LE15 7,11432.480547789044
LE15 6,LE15 8,7385.158586637938
LE15 7,LE15 8,24449.48447882729
LE15 7,NG33 4,6476.348293124869
LE15 7,NG33 5,3932.042931043537
LE15 7,PE9 4,11073.252104008883
LE15 8,LE15 9,29712.433626933238
LE15 8,LE7 9,16845.366130491366
LE15 8,NN17 3,2143.03009681036
LE15 8,PE9 3,14871.874636103812
LE15 8,PE9 4,5815.4587082421085
LE15 9,LE16 8,39499.09662283812
LE15 9,LE7 9,3454.846868030918
LE15 9,NN17 3,8407.26127927411
LE16 7,LE16 8,24569.635204322858
LE16 7,LE16 9,10669.31901996633
LE16 7,LE17 6,7568.946677359005
LE16 7,LE7 9,4408.517434070552
LE16 7,LE8 0,17252.669040279507
LE16 8,LE16 9,10141.935104318163
LE16 8,LE7 9,5915.699851084107
LE16 8,NN14 1,5173.549839246615
LE16 8,NN14 2,7362.339385264824
LE16 8,NN17 2,3437.6328305417064
LE16 8,NN17 3,4963.825739527684
LE16 8,NN18 0,2056.1112500635
LE16 8,NN18 8,550.3574126602119
LE16 8,NN18 9,1435.1671789888683
LE16 8,NN6 9,10727.907252025128
LE16 9,LE17 6,8632.790607954707
LE16 9,NN6 6,10232.833254980596
LE16 9,NN6 9,3185.536164686359
LE17 4,LE17 5,16830.982128943568
LE17 4,LE17 6,9595.212685852326
LE17 5,LE17 6,9012.98955417217
LE17 5,LE8 5,3296.703321178332
LE17 5,LE8 6,4022.9057405788503
LE17 5,LE9 1,1980.0720959233263
LE17 5,LE9 4,1687.5228801163928
LE17 5,LE9 6,5861.070631496351
LE17 6,LE8 0,3513.9459041716154
LE17 6,LE8 5,3344.526003933949
LE17 6,LE8 8,794.4065754081817
LE17 6,NN6 6,15668.140469485177
LE18 1,LE18 2,1985.4456171898785
LE18 1,LE18 3,1241.3853115572472
LE18 1,LE18 4,299.11661624411886
LE18 1,LE2 3,778.9941369181666
LE18 1,LE2 5,426.61166456001894
LE18 1,LE2 6,1416.4808286074717
LE18 2,LE18 3,5009.222508835772
LE18 2,LE18 4,2817.698771412756
LE18 3,LE18 4,980.0429825133932
LE18 3,LE2 4,451.5810320199281
LE18 3,LE2 5,2784.8807709801363
LE18 3,LE8 5,6711.67949461092
LE18 3,LE8 8,197.49278651735517
LE18 3,LE8 9,8442.80321897731
LE18 4,LE2 6,1810.3537908086237
LE18 4,LE2 9,2008.139427572147
LE18 4,LE8 4,1211.2291459590617
LE18 4,LE8 5,971.4261577539206
LE19 2,LE19 3,2555.1739126220596
LE19 2,LE19 4,3494.062371725761
LE19 2,LE2 8,897.1913514014722
LE19 2,LE2 9,2857.239936321033
LE19 2,LE3 2,1514.7459169588567
LE19 2,LE8 6,2472.870853917233
LE19 2,LE9 1,3219.2005850625364
LE19 3,LE19 4,3650.5475426095995
LE19 3,LE9 1,838.9236623523987
LE19 3,LE9 3,4424.392815989031
LE19 4,LE3 2,13.005207918039877
LE19 4,LE3 3,6079.270260244557
LE19 4,LE9 3,514.6087926372757
LE19 4,LE9 7,1935.3937937758208
LE2 0,LE2 1,1095.6385958479407
LE2 0,LE4 6,378.3703325555633
LE2 0,LE5 3,2045.4698964514246
LE2 0,LE5 5,1255.8388090003098
LE2 1,LE2 2,528.6872388518045
LE2 1,LE2 3,1645.7682824153799
LE2 1,LE2 6,255.41929891983827
LE2 1,LE2 7,2321.00898518824
LE2 1,LE5 5,3155.172909167466
LE2 2,LE2 3,2897.718054050594
LE2 2,LE2 4,5475.183875450303
LE2 2,LE2 5,755.9046612360887
LE2 2,LE5 5,981.2158175189845
LE2 2,LE5 6,3313.1118217468256
LE2 2,LE7 9,3947.7153222890747
LE2 2,LE8 9,2313.5654673251897
LE2 3,LE2 5,1548.37638603558
LE2 3,LE2 6,3052.9076627546647
LE2 4,LE2 5,5814.744724408005
LE2 4,LE8 9,7362.1243372895
LE2 6,LE2 7,1501.1605288664912
LE2 6,LE2 8,1643.5854604453743
LE2 6,LE2 9,1593.5696873963318
LE2 7,LE2 8,1365.6804045067345
LE2 7,LE3 0,2815.1267391302904
LE2 7,LE3 2,485.68448496738756
LE2 7,LE3 5,543.7739716248647
LE2 8,LE2 9,2795.8174140798856
LE2 8,LE3 2,3143.2676858234663
LE2 9,LE8 4,2905.803073051293
LE2 9,LE8 6,1517.6755539945748
LE3 0,LE3 1,1524.8696029759205
LE3 0,LE3 2,543.7574635785382
LE3 0,LE3 5,815.8670270016154
LE3 0,LE3 6,2241.263900521211
LE3 1,LE3 2,2867.166039212807
LE3 1,LE3 3,2776.840330141408
LE3 1,LE3 6,2368.485851090208
LE3 1,LE9 2,7.837161347826657
LE3 2,LE3 3,2807.8006962854984
LE3 3,LE9 2,4019.577703995856
LE3 3,LE9 7,788.6088864992664
LE3 5,LE3 6,67.86311303456021
LE3 5,LE3 9,1731.8599284528696
LE3 5,LE4 0,942.0502238033316
LE3 5,LE4 5,884.4926511365867
LE3 6,LE3 8,4427.610400978543
LE3 6,LE3 9,4437.35796029978
LE3 6,LE9 2,996.4439705491055
LE3 8,LE3 9,1486.2137328748288
LE3 8,LE6 0,2713.1058132271737
LE3 8,LE7 7,3083.0194135306306
LE3 8,LE9 2,1839.7057240201482
LE3 9,LE4 0,3291.8068422240503
LE3 9,LE4 1,1628.5134037982164
LE3 9,LE7 7,879.2296368701991
LE4 0,LE4 1,2692.5981183018444
LE4 0,LE4 2,2266.369296564283
LE4 0,LE4 5,1260.921583255757
LE4 1,LE4 2,3373.820931141148
LE4 1,LE7 7,2746.692575485138
LE4 2,LE4 3,2264.6955864994306
LE4 2,LE4 4,418.9345807088166
LE4 2,LE4 5,1451.5133914203666
LE4 2,LE7 7,3331.3368223142907
LE4 3,LE4 4,4280.33261480902
LE4 3,LE7 1,2033.8147465195375
LE4 3,LE7 7,3390.2268690489072
LE4 4,LE4 5,7.4315704320563185
LE4 4,LE4 7,1524.5256603794523
LE4 4,LE4 8,3539.8182904290425
LE4 4,LE7 1,177.948893541268
LE4 5,LE4 6,1880.3605216361436
LE4 5,LE4 7,1716.9178550879196
LE4 6,LE4 7,2149.495116628389
LE4 6,LE4 9,817.4708408958817
LE4 6,LE5 0,634.1639671181841
LE4 6,LE5 3,289.69406733404134
LE4 7,LE4 8,1886.6943771555361
LE4 7,LE4 9,3281.209927569394
LE4 8,LE4 9,1226.7095634306634
LE4 8,LE5 1,1385.6028077799524
LE4 8,LE7 1,1377.0044052436888
LE4 8,LE7 2,801.6351245682388
LE4 8,LE7 3,1494.9545095098715
LE4 9,LE5 0,3365.822681558955
LE4 9,LE5 1,3033.7675048297306
LE5 0,LE5 1,4761.224550972355
LE5 0,LE5 3,1511.7693820447853
LE5 0,LE5 4,805.2088911465247
LE5 1,LE5 2,2305.7245967849635
LE5 1,LE5 4,104.24687365608496
LE5 1,LE7 3,6532.3092897660745
LE5 1,LE7 9,7767.765981522396
LE5 2,LE5 4,763.9563079775412
LE5 2,LE5 6,1513.9255272127607
LE5 2,LE7 9,2703.945794980018
LE5 3,LE5 4,1592.6919870313232
LE5 4,LE5 5,2248.5426331861695
LE5 4,LE5 6,3390.08480911781
LE5 5,LE5 6,651.2979312457861
LE5 6,LE7 9,1174.0900329505039
LE6 0,LE67 1,2791.493692012071
LE6 0,LE67 9,11859.111368747741
LE6 0,LE7 7,8980.961558094386
LE6 0,LE9 2,5254.342625846154
LE6 0,LE9 9,915.8595347778746
LE65 1,LE65 2,15684.174113654728
LE65 1,LE67 2,5270.803933994813
LE65 1,LE67 8,8680.573933748805
LE65 2,LE67 8,1645.8072529482893
LE67 1,LE67 2,3339.4330902955603
LE67 1,LE67 4,2145.335408764756
LE67 1,LE67 6,6889.131500746531
LE67 1,LE67 9,9411.334953771511
LE67 1,LE9 9,7509.392852906808
LE67 2,LE67 3,6892.530923257469
LE67 2,LE67 4,907.806493247761
LE67 2,LE67 6,3714.7864419535285
LE67 2,LE67 8,3471.676969593956
LE67 3,LE67 4,1681.660676348405
LE67 3,LE67 5,4041.021971918998
LE67 3,LE67 8,2385.447633559931
LE67 4,LE67 5,3037.916494786593
LE67 4,LE67 9,2440.245149895454
LE67 5,LE67 8,3101.5168589069426
LE67 6,LE67 9,1225.1498065350586
LE7 1,LE7 2,2467.252417648308
LE7 1,LE7 3,1138.860660622961
LE7 1,LE7 4,3944.9255515820546
LE7 1,LE7 7,365.18727338740734
LE7 2,LE7 3,4786.458241065991
LE7 3,LE7 4,14393.146398975225
LE7 3,LE7 9,4856.987434534945
LE7 4,LE7 7,1549.824472152693
LE7 9,LE8 0,3600.6657848111113
LE7 9,LE8 9,7985.71971148808
LE8 0,LE8 8,3815.0590549996855
LE8 0,LE8 9,11390.723633362137
LE8 4,LE8 5,3690.731656309126
LE8 4,LE8 6,3259.13224193215
LE8 5,LE8 6,6629.851167756418
LE8 5,LE8 8,1556.2847842406263
LE8 6,LE9 1,4120.094658948812
LE8 8,LE8 9,3036.2276092049337
LE9 1,LE9 3,1026.8760682526436
LE9 1,LE9 6,3758.8402862223493
LE9 2,LE9 7,1017.3391817685305
LE9 2,LE9 9,6973.520440281725
LE9 3,LE9 4,7221.675438580083
LE9 3,LE9 6,2078.7456115029395
LE9 3,LE9 7,7684.5265634073085
LE9 4,LE9 6,1595.2137237160405
LE9 4,LE9 7,4607.134636699197
LE9 7,LE9 8,13234.480281369202
LE9 7,LE9 9,10552.216572397114
LL11 1,LL11 2,1867.4235543269476
LL11 1,LL12 7,644.5869204917991
LL11 1,LL13 7,709.6361961168108
LL11 1,LL13 8,178.13551023835396
LL11 2,LL11 3,300.7305527694055
LL11 2,LL11 4,3393.13253680685
LL11 2,LL11 6,142.50636417378306
LL11 2,LL12 7,830.3035097485938
LL11 2,LL12 8,2291.7138567347897
LL11 2,LL13 7,1177.8065422705033
LL11 3,LL11 5,13391.123495461172
LL11 3,LL11 6,3507.080782939528
LL11 3,LL13 7,2091.5314980992475
LL11 3,LL14 2,4295.19828319609
LL11 3,LL14 4,11003.496706520787
LL11 3,LL15 2,2647.684183220683
LL11 3,LL20 8,6123.474402406156
LL11 3,LL21 9,7397.839478003734
LL11 4,LL11 5,1080.5798808642453
LL11 4,LL11 6,4596.134250759374
LL11 4,LL12 0,3841.828464355009
LL11 4,LL12 8,286.9441118554515
LL11 4,LL12 9,4207.091332329125
LL11 5,LL11 6,5215.0131375762485
LL11 5,LL12 9,8429.945511927745
LL12 0,LL12 8,8638.863416911332
LL12 0,LL12 9,5428.754300610298
LL12 0,LL13 9,3407.738253925742
LL12 7,LL12 8,1142.731009375685
LL12 7,LL13 8,788.4698369624382
LL12 7,LL13 9,4695.3642061932005
LL12 8,LL13 9,4087.7528540915146
LL13 0,LL13 7,3375.774278775619
LL13 0,LL13 8,4488.90446184932
LL13 0,LL13 9,23388.064387079117
LL13 0,LL14 4,5558.795391409142
LL13 0,LL14 6,7872.810521740703
LL13 0,SY12 0,681.7578261121191
LL13 0,SY12 9,11258.375292920135
LL13 0,SY13 2,1962.2226522666506
LL13 0,SY13 3,8490.652544656636
LL13 0,SY14 7,16220.63394918614
LL13 7,LL13 8,1880.7160490674316
LL13 7,LL14 4,703.9637607639027
LL13 8,LL13 9,3622.8008304789564
LL13 9,SY14 7,7760.464982273501
LL14 1,LL14 2,4285.366126932422
LL14 1,LL14 4,2509.7669300440066
LL14 1,LL14 6,261.6001922419245
LL14 2,LL14 3,6323.434090098034
LL14 2,LL14 4,6147.938467913984
LL14 2,LL14 6,5514.239419784505
LL14 2,LL20 8,4921.116647533313
LL14 3,LL14 5,2744.662491866634
LL14 3,LL14 6,3023.92563690146
LL14 3,LL20 7,5377.416864267396
LL14 3,LL20 8,290.97414721215705
LL14 4,LL14 6,1157.6264217042765
LL14 5,LL14 6,4984.143749663742
LL14 5,LL20 7,7532.17020436636
LL14 5,LL20 8,943.0918429134616
LL14 5,SY10 7,5152.13190581431
LL14 5,SY11 3,6396.247700127371
LL14 6,SY11 3,902.3671904544826
LL14 6,SY12 9,3234.5139389983497
LL15 1,LL15 2,35379.984470585165
LL15 1,LL16 4,13081.76258086944
LL15 2,LL16 4,15500.2701170494
LL15 2,LL21 0,2606.4015654630184
LL15 2,LL21 9,24446.99745477551
LL16 3,LL16 4,7025.311719214021
LL16 3,LL16 5,5758.259676750634
LL16 4,LL16 5,31447.792930660253
LL16 4,LL17 0,5408.1415180200975
LL16 4,LL21 0,4387.171711829974
LL16 5,LL17 0,14649.824806389033
LL16 5,LL21 0,5744.832767419508
LL16 5,LL22 8,20377.036271948124
LL16 5,LL22 9,5844.865869646313
LL16 5,LL24 0,7019.336904794546
LL17 0,LL18 2,1178.6339023528824
LL17 0,LL18 5,15837.542979918759
LL17 0,LL22 9,1369.7960447195778
LL18 1,LL18 2,1629.6221120478842
LL18 1,LL18 3,1345.0375967844607
LL18 2,LL18 3,296.22863979076396
LL18 2,LL18 4,5593.298868222456
LL18 2,LL18 5,12103.964213504982
LL18 2,LL19 8,3144.694585727937
LL18 3,LL18 4,2708.0127839223087
LL18 3,LL19 7,587.9865154192097
LL18 4,LL19 7,21.87577228283579
LL18 4,LL19 8,1890.3840084684825
LL18 5,LL18 6,7746.26674454627
LL18 5,LL19 8,903.6902977978389
LL18 5,LL22 9,10225.146635505915
LL18 6,LL19 8,6010.072708155113
LL18 6,LL19 9,2194.09605942099
LL19 7,LL19 8,2574.620667579642
LL19 7,LL19 9,4035.8252031825346
LL19 8,LL19 9,2613.787196566811
LL20 7,LL20 8,24345.050378890428
LL20 7,LL21 0,8449.081451920443
LL20 7,LL21 9,5568.0657856487305
LL20 7,SY10 0,10238.137496097237
LL20 7,SY10 7,18535.365955251287
LL20 8,LL21 9,12273.573650325108
LL21 0,LL21 9,45901.57024953046
LL21 0,LL23 7,44082.38901885302
LL21 0,LL24 0,14800.24838073166
LL21 0,SY10 0,8732.081128185211
LL22 7,LL22 8,6946.071873051599
LL22 7,LL22 9,6665.886491342669
LL22 8,LL22 9,15432.962475351376
LL22 8,LL24 0,3992.0005063120398
LL22 8,LL26 0,10926.137251319784
LL22 8,LL28 5,6470.995918418064
LL22 8,LL29 6,13818.08380925606
LL22 8,LL29 8,5728.066976272285
LL22 8,LL29 9,664.6976144120757
LL23 7,LL24 0,10210.20136339472
LL23 7,LL40 2,14242.133064513766
LL23 7,LL41 4,14872.091487557513
LL23 7,SY10 0,13643.120530691862
LL23 7,SY20 9,7852.235739773017
LL24 0,LL25 0,23557.93204265014
LL24 0,LL26 0,19924.723335554372
LL24 0,LL27 0,14437.039795824523
LL24 0,LL32 8,5242.196803364049
LL24 0,LL41 3,1899.1084654999106
LL24 0,LL41 4,8483.580920183851
LL24 0,LL55 4,7483.276601648181
LL24 0,LL57 3,9298.3681751634
LL24 0,LL57 4,3015.119555208606
LL25 0,LL41 3,8188.800226709106
LL25 0,LL48 6,371.91879406085707
LL25 0,LL55 4,6863.969598459553
LL26 0,LL27 0,4837.65990826124
LL26 0,LL28 5,8825.10106592735
LL27 0,LL32 8,8656.178314205814
LL28 4,LL28 5,1392.353949009137
LL28 4,LL29 7,894.2876458601388
LL28 4,LL29 8,1094.8965427918554
LL28 4,LL30 3,1457.5393459945228
LL28 4,LL31 9,2237.894582418073
LL28 5,LL29 6,11897.188857874948
LL28 5,LL29 7,2335.786225822957
LL28 5,LL29 8,2216.7093444047555
LL28 5,LL31 9,3701.3040253379495
LL29 6,LL29 7,1458.9154673954968
LL29 6,LL29 8,4779.29523751785
LL29 7,LL29 8,3357.28815393111
LL29 8,LL29 9,9527.411097036093
LL30 1,LL30 2,2491.394377701647
LL30 1,LL30 3,1820.2795381697529
LL30 1,LL31 9,5327.481249361737
LL30 2,LL31 9,135.0002002735858
LL30 3,LL31 9,5013.656218778858
LL32 8,LL33 0,7169.145891626915
LL32 8,LL34 6,10992.192991763595
LL32 8,LL57 3,2658.401686993312
LL33 0,LL34 6,5795.14671814952
LL33 0,LL57 3,9942.4303289396
LL35 0,LL36 9,9272.61197372777
LL35 0,SY20 9,1438.7048786358082
LL36 0,LL36 9,4912.297171790494
LL36 9,LL37 2,8291.196243306269
LL36 9,LL39 1,11096.619327994202
LL36 9,LL40 1,5207.224882537618
LL36 9,LL40 2,656.4249895198852
LL36 9,SY20 9,25721.048644574683
LL37 2,LL38 2,947.9307679739422
LL37 2,LL39 1,2218.9212190454136
LL38 2,LL39 1,5153.624091101116
LL39 1,LL40 1,8395.727302411042
LL40 1,LL40 2,19050.018514108266
LL40 2,LL41 4,16678.585945809737
LL40 2,LL42 1,7604.871216876268
LL40 2,LL44 2,9256.820903012329
LL40 2,LL45 2,3419.7457324736033
LL40 2,SY20 9,16885.060354352187
LL41 3,LL41 4,11644.005568037579
LL41 3,LL48 6,6932.509802112242
LL41 4,LL45 2,4670.34676503445
LL41 4,LL46 2,2239.904980438945
LL41 4,LL47 6,10327.358635044944
LL41 4,LL48 6,5613.671663403497
LL42 1,LL44 2,5122.935617043226
LL43 2,LL44 2,11086.172207513686
LL44 2,LL45 2,13779.890841840255
LL45 2,LL46 2,16146.173165002734
LL46 2,LL47 6,11893.844500259424
LL47 6,LL48 6,587.8431596895851
LL48 6,LL49 9,8053.885039124855
LL48 6,LL55 4,12032.423904111054
LL49 9,LL51 9,9128.256134476102
LL49 9,LL52 0,5954.9365848684365
LL49 9,LL55 4,7088.08681621573
LL51 9,LL52 0,6473.183199361999
LL51 9,LL53 6,5510.121490061039
LL51 9,LL54 5,11050.949509224754
LL51 9,LL54 6,5296.858515490255
LL51 9,LL54 7,1489.4062999765015
LL51 9,LL55 4,4403.928223419695
LL52 0,LL53 6,18779.344891677683
LL53 5,LL53 6,4174.075643145331
LL53 5,LL53 7,10814.947437101197
LL53 5,LL53 8,4184.28608971746
LL53 6,LL53 7,7040.857379326932
LL53 6,LL53 8,11767.55308108815
LL53 6,LL54 5,12796.20552323155
LL53 7,LL53 8,22040.488095081786
LL54 5,LL54 6,17820.728380529792
LL54 5,LL54 7,13280.821618688477
LL54 5,LL55 2,5963.577408453092
LL54 6,LL54 7,14790.438456724454
LL54 7,LL55 2,1533.0679924732024
LL54 7,LL55 4,25550.7443335284
LL55 1,LL55 2,5619.240554506678
LL55 1,LL55 3,4867.008490050288
LL55 1,LL56 4,5203.177616124483
LL55 2,LL55 3,1892.4292635276431
LL55 2,LL55 4,11935.112300367337
LL55 3,LL55 4,13553.760632529444
LL55 3,LL56 4,2557.621044973413
LL55 3,LL57 4,15381.68514797229
LL55 4,LL57 4,5191.7374894129425
LL56 4,LL57 4,2288.7521352306635
LL57 1,LL57 2,1812.3449721837633
LL57 1,LL57 4,3637.459707062531
LL57 2,LL57 4,15179.626231845325
LL57 3,LL57 4,15609.50143870336
LL58 8,LL59 5,7244.118287667539
LL58 8,LL75 8,2174.791111793876
LL59 5,LL60 6,2994.0017956461606
LL59 5,LL61 5,2473.2577423096964
LL59 5,LL75 8,5495.873623100997
LL60 6,LL61 5,4361.248405001619
LL60 6,LL61 6,21931.2623256789
LL60 6,LL62 5,3593.3388301601353
LL60 6,LL75 8,4598.336487502046
LL60 6,LL77 7,4826.553225329835
LL61 6,LL62 5,2530.646807547339
LL62 5,LL63 5,8452.087620841601
LL62 5,LL77 7,9889.396345444024
LL63 5,LL64 5,4345.659034341616
LL63 5,LL65 3,9857.552215102287
LL63 5,LL65 4,2244.1776357263784
LL63 5,LL77 7,2718.9357477878275
LL64 5,LL65 3,849.258900823216
LL65 1,LL65 2,6407.829852587014
LL65 2,LL65 3,40.200584543995106
LL65 3,LL65 4,22390.27477727144
LL65 3,LL71 7,386.0609111998102
LL65 3,LL71 8,1691.2233425256757
LL65 3,LL77 7,9291.380111350803
LL65 4,LL68 0,13245.478618348476
LL65 4,LL68 9,1100.2857660548427
LL65 4,LL71 7,9607.769708136946
LL65 4,LL77 7,4832.681947391085
LL67 0,LL68 0,7526.761789891185
LL67 0,LL68 9,2941.531291249752
LL68 0,LL68 9,5886.013258359838
LL68 9,LL69 9,6562.7824231432005
LL68 9,LL70 9,1614.6362623867883
LL68 9,LL71 7,6157.513742079028
LL68 9,LL71 8,18802.974285213157
LL69 9,LL71 8,127.77428969435397
LL70 9,LL71 8,2228.6689947467044
LL70 9,LL72 8,2618.611344240427
LL70 9,LL73 8,7285.114764118122
LL70 9,LL77 7,4028.6083553305275
LL71 7,LL71 8,10611.016334889851
LL71 8,LL77 7,11327.890220625519
LL73 8,LL74 8,663.2541721313801
LL73 8,LL77 7,7792.780071161479
LL73 8,LL78 8,4859.884059491575
LL74 8,LL75 8,1746.6992975802023
LL74 8,LL76 8,1598.219970488535
LL74 8,LL78 8,3839.2685311828013
LL75 8,LL76 8,5108.2853716424415
LL75 8,LL77 7,6303.871186332261
LL76 8,LL77 7,2427.662214071817
LL76 8,LL78 8,1977.8659345479095
LL77 7,LL78 8,364.241587313547
LN1 1,LN1 2,2811.229657077775
LN1 1,LN2 1,376.89078534487334
LN1 1,LN5 7,136.52145663625421
LN1 1,LN6 5,1811.5416623410072
LN1 1,LN6 7,2252.331416155208
LN1 2,LN1 3,1107.7933450422322
LN1 2,LN2 2,4048.3333737836438
LN1 2,LN2 3,4635.3908876824025
LN1 2,LN6 4,946.0433955318206
LN1 2,LN6 5,5900.130467979681
LN1 2,LN8 2,2318.677181323881
LN1 2,NG22 0,328.45256265181433
LN1 2,NG23 7,9880.300058522422
LN1 3,LN2 1,2172.516954073054
LN1 3,LN2 2,1075.5446211444287
LN10 5,LN10 6,15672.30996450769
LN10 5,LN3 5,6532.031445052913
LN10 5,LN4 3,1747.790275673351
LN10 5,LN9 5,16928.665429388348
LN10 6,LN4 3,23736.154213930156
LN10 6,LN4 4,8518.523532777745
LN10 6,LN9 5,1362.9375326657055
LN10 6,LN9 6,11494.456609055333
LN10 6,PE22 7,1968.8116118600958
LN11 0,LN11 7,19258.00595726928
LN11 0,LN11 8,169.9255878437649
LN11 0,LN11 9,16825.616097802995
LN11 0,LN8 6,12950.544948475826
LN11 7,LN11 8,25913.071510052338
LN11 7,LN12 1,4138.347572237417
LN11 8,LN11 9,17177.150801178763
LN11 8,LN12 1,1564.9781878631359
LN11 8,LN13 0,31601.41214357428
LN11 8,LN9 6,9580.929219742713
LN11 8,PE23 4,2943.2039517815674
LN11 9,LN8 5,7319.363026974013
LN11 9,LN8 6,6063.528177815114
LN11 9,LN9 5,2337.880767914635
LN11 9,LN9 6,4313.033541376395
LN12 1,LN12 2,6433.781600147509
LN12 1,LN13 0,8555.008602010426
LN12 2,LN13 0,5692.230225816944
LN12 2,LN13 9,3353.5552888228876
LN13 0,LN13 9,30622.845210576394
LN13 0,PE23 4,15839.917292574792
LN13 0,PE23 5,982.9321735965365
LN13 9,PE23 5,5601.699502222544
LN13 9,PE24 5,29035.669758138596
LN2 1,LN2 2,1053.4538013334814
LN2 1,LN2 4,2174.760177093495
LN2 1,LN2 5,708.2970973936847
LN2 1,LN5 8,270.2301305434281
LN2 2,LN2 3,9271.30395752049
LN2 2,LN2 4,10402.460752551313
LN2 2,LN3 4,3661.2656171244116
LN2 2,LN3 5,4785.826324491469
LN2 3,LN3 5,5480.907129653056
LN2 3,LN8 2,6355.224218962354
LN2 3,LN8 3,917.2685049765238
LN2 4,LN2 5,3972.1226321566096
LN2 4,LN3 4,5700.495440863349
LN2 4,LN4 1,1321.2264432879497
LN2 5,LN3 4,1101.852912685512
LN2 5,LN5 8,2056.828874624307
LN3 4,LN3 5,6479.3208513947875
LN3 4,LN4 1,8873.238996305781
LN3 4,LN5 8,292.9013092488672
LN3 4,LN8 5,1564.3144805943828
LN3 5,LN4 1,2323.2372605041737
LN3 5,LN4 2,4935.737106301483
LN3 5,LN4 3,349.13642353343704
LN3 5,LN8 3,12993.859548160877
LN3 5,LN8 5,24097.119383896064
LN3 5,LN9 5,2560.3931257369513
LN4 1,LN4 2,21106.791681138966
LN4 1,LN5 8,331.03172472295705
LN4 1,LN5 9,3832.7525088005723
LN4 1,LN8 5,726.951258009078
LN4 2,LN4 3,15250.040286530659
LN4 2,LN5 0,993.5260551490496
LN4 2,LN5 8,6320.467356770311
LN4 2,LN5 9,5991.6587589260735
LN4 3,LN4 4,13016.391940774907
LN4 3,LN5 0,2835.279842508226
LN4 3,NG34 8,13531.33638528456
LN4 3,NG34 9,9409.999640230359
LN4 4,NG34 9,12621.751563466074
LN4 4,PE20 3,26014.450136268017
LN4 4,PE22 7,23097.992926272662
LN5 0,LN5 9,20329.946039989118
LN5 0,LN6 9,3865.985816365294
LN5 0,NG23 5,5305.711791486558
LN5 0,NG23 7,3324.7030305819803
LN5 0,NG24 2,7263.549442946707
LN5 0,NG32 3,10874.637387737353
LN5 0,NG34 8,8896.580570374479
LN5 7,LN5 8,6290.819348750663
LN5 7,LN6 7,2208.508638755813
LN5 8,LN5 9,2819.1055663120324
LN5 8,LN6 7,2449.6770080424894
LN5 8,LN6 8,1524.6817558337411
LN5 9,LN6 8,1181.4890703505675
LN5 9,LN6 9,19290.542996991873
LN6 0,LN6 3,5444.662517684552
LN6 0,LN6 4,1146.9902683816701
LN6 0,LN6 5,4569.727552900523
LN6 0,LN6 7,3945.934417121964
LN6 0,LN6 8,381.16269458192966
LN6 3,LN6 4,83.34762255353455
LN6 3,LN6 8,537.6563518547106
LN6 3,LN6 9,1752.0055450955176
LN6 4,LN6 5,7066.685815494919
LN6 4,LN6 9,9445.611377838803
LN6 4,NG23 7,2662.6543878492566
LN6 5,LN6 7,770.0909697860084
LN6 7,LN6 8,3018.1919319207627
LN6 8,LN6 9,9304.213174187586
LN6 9,NG23 7,19948.414736102248
LN7 6,LN8 3,13396.044903900007
LN7 6,LN8 6,6895.3449847323
LN8 2,LN8 3,12995.51859812379
LN8 3,LN8 5,6380.649146375236
LN8 3,LN8 6,18374.614856184886
LN8 5,LN8 6,11029.568212505876
LN8 5,LN9 5,11694.238238997916
LN9 5,LN9 6,10977.836152429902
LN9 6,PE22 7,10735.5341488367
LN9 6,PE23 4,16956.87452210921
LS1 1,LS7 1,609.7013086191869
LS1 2,LS1 3,152.75465871617632
LS1 2,LS1 4,781.0583981579948
LS1 2,LS2 3,585.7378754779273
LS1 2,LS3 1,512.5984831241401
LS1 3,LS1 5,178.31796679590556
LS1 3,LS2 3,876.429326911209
LS1 3,LS2 8,555.0257643251775
LS1 3,LS3 1,331.31819488279484
LS1 4,LS1 6,919.991499676422
LS1 4,LS1 7,305.80526232092643
LS1 4,LS11 5,1302.0521331543155
LS1 4,LS12 1,569.1846329995846
LS1 4,LS2 3,136.4625857774283
LS1 4,LS3 1,724.8962655348313
LS1 5,LS1 6,665.4797238883157
LS1 5,LS2 3,171.38732103952896
LS1 5,LS2 8,122.51006979071704
LS1 6,LS1 7,75.90960682810105
LS1 6,LS2 3,127.23600119463045
LS1 6,LS2 7,349.7058306940389
LS1 6,LS2 8,131.700087020476
LS1 7,LS10 1,291.1279704075008
LS1 7,LS11 5,168.58228329488753
LS1 7,LS2 7,423.82617059877396
LS10 1,LS10 2,2892.602697201336
LS10 1,LS11 5,1484.7041848909153
LS10 1,LS11 6,1004.4935608068002
LS10 1,LS2 7,195.8736268626459
LS10 1,LS9 0,1134.220431061965
LS10 1,LS9 8,1030.7473880988584
LS10 2,LS10 3,1880.2872897929367
LS10 2,LS10 4,1753.8356544329617
LS10 2,LS11 5,877.8628900083286
LS10 2,LS15 0,1158.3048019581004
LS10 2,LS26 0,1993.4925996371874
LS10 2,LS9 0,1341.4949431994642
LS10 3,LS10 4,8921.393978386823
LS10 3,LS11 5,1614.7505151782514
LS10 4,LS11 5,1498.7232403501687
LS10 4,LS11 8,193.18656868369618
LS10 4,LS26 0,2617.7471005870802
LS10 4,LS27 8,1423.8625726781195
LS10 4,WF3 1,2025.4594583234443
LS10 4,WF3 2,579.0170741565449
LS10 4,WF3 3,4677.180626533153
LS11 0,LS11 8,3760.457274423772
LS11 0,LS11 9,1420.6450844160522
LS11 0,LS12 4,363.5352736408332
LS11 0,LS12 6,1624.3880169214035
LS11 0,LS27 7,810.2431417249995
LS11 5,LS11 6,3399.0363743850658
LS11 5,LS11 7,2165.388060125921
LS11 5,LS11 8,766.8957028255528
LS11 5,LS11 9,1292.291491391678
LS11 5,LS12 1,553.6580969710842
LS11 6,LS11 7,1048.7839014845263
LS11 6,LS11 8,1140.197611597307
LS11 6,LS11 9,914.0989478777889
LS11 7,LS11 8,1980.6523490841844
LS11 8,LS11 9,516.9197390662152
LS11 8,LS12 4,1168.7560644431403
LS11 8,LS12 6,4.748294686503597
LS11 8,LS27 7,469.5352709458115
LS11 8,LS27 8,411.2289111500265
LS11 9,LS12 1,1870.3538824727377
LS11 9,LS12 4,500.06647514842336
LS12 1,LS12 2,2943.07887611962
LS12 1,LS12 3,1233.2118220761067
LS12 1,LS12 4,2236.056936313829
LS12 1,LS3 1,1007.0609815910051
LS12 1,LS4 2,406.9939476112122
LS12 2,LS12 3,2669.7315198887054
LS12 2,LS13 2,598.8686802383271
LS12 2,LS13 4,416.90884856175984
LS12 2,LS4 2,2061.758261381453
LS12 2,LS5 3,1404.832629289061
LS12 3,LS12 4,1493.4635784883842
LS12 3,LS12 5,63.912202361907845
LS12 3,LS13 4,3446.1742024527207
LS12 4,LS12 5,2972.2891002407714
LS12 4,LS12 6,648.5788906083803
LS12 5,LS12 6,4064.4202033551182
LS12 5,LS13 4,2156.329132865574
LS12 5,LS27 7,2183.5330691789836
LS12 5,LS28 9,2735.8959199002543
LS12 6,LS27 7,2826.562268758839
LS13 1,LS13 2,5147.970839518576
LS13 1,LS13 3,536.3413161447137
LS13 1,LS18 4,2359.9112593508885
LS13 1,LS28 5,7392.05010673822
LS13 1,LS28 6,1899.2013456443442
LS13 1,LS5 3,1629.1787087639764
LS13 2,LS13 3,3295.6738162526076
LS13 2,LS13 4,717.9761426063719
LS13 2,LS5 3,2077.8680656526753
LS13 3,LS13 4,2342.6512902382697
LS13 3,LS28 6,1273.9634129045899
LS13 4,LS28 6,371.92308697313365
LS13 4,LS28 9,2737.3234580838307
LS14 1,LS14 2,2866.4901566514877
LS14 1,LS14 6,1928.8139180214803
LS14 1,LS17 8,554.8544491905732
LS14 1,LS8 2,1710.836751182065
LS14 1,LS8 3,544.2104301210868
LS14 2,LS14 3,1609.7336975282512
LS14 2,LS14 5,1414.5384110073012
LS14 2,LS14 6,7.77842066320623
LS14 2,LS15 4,1626.386758588041
LS14 2,LS17 8,1297.0895802342015
LS14 2,LS8 2,146.27902942567337
LS14 3,LS15 4,6178.973437794334
LS14 3,LS17 8,3068.6900644924044
LS14 3,LS17 9,7413.128916758563
LS14 3,LS22 5,1127.4021629656154
LS14 3,LS23 6,3677.339542812033
LS14 5,LS14 6,892.9897316479619
LS14 5,LS15 4,2205.3107786810942
LS14 5,LS15 8,1965.1798796969163
LS14 6,LS15 7,3404.4444075876027
LS14 6,LS15 8,334.0378882639537
LS14 6,LS8 3,530.9417617843897
LS14 6,LS9 0,895.1257688694141
LS14 6,LS9 6,1854.5657692660936
LS15 0,LS15 4,2901.967959491593
LS15 0,LS15 7,3448.501186739514
LS15 0,LS15 9,3400.2669752440756
LS15 0,LS26 0,3020.0705639970515
LS15 0,LS26 8,697.400066583747
LS15 0,LS9 0,4675.007417645449
LS15 4,LS15 8,8084.725144262425
LS15 4,LS15 9,1573.2317591548551
LS15 4,LS23 6,4219.847904329967
LS15 4,LS25 1,2390.3716830721546
LS15 4,LS25 3,7937.471635899752
LS15 4,LS25 7,834.6934697298536
LS15 4,LS26 8,11944.02340802388
LS15 4,LS26 9,2890.3932173202948
LS15 7,LS15 8,2982.4664301013613
LS15 7,LS15 9,1363.8553927074622
LS15 7,LS9 0,889.3292337049326
LS15 8,LS15 9,1416.1812956323743
LS15 8,LS25 1,1733.2168941856787
LS16 5,LS16 6,3722.7657764182995
LS16 5,LS16 8,3466.9603987123173
LS16 5,LS18 4,493.6931684617526
LS16 5,LS18 5,161.98291281313047
LS16 5,LS5 3,1203.6472080542658
LS16 5,LS6 3,4603.369006645776
LS16 5,LS6 4,2785.114994903233
LS16 6,LS16 7,4172.271780899904
LS16 6,LS16 8,2720.217858281169
LS16 6,LS18 5,1319.2036571352683
LS16 7,LS16 8,2104.7972326275767
LS16 7,LS16 9,3579.071541606938
LS16 7,LS17 7,1229.368331600867
LS16 7,LS18 5,1130.7808489162176
LS16 7,LS19 7,1890.145892457213
LS16 8,LS17 5,2266.9802995847776
LS16 8,LS17 7,286.89896696870665
LS16 8,LS6 4,970.3855578296411
LS16 9,LS17 7,2224.918352684875
LS16 9,LS19 7,2429.2177952870643
LS16 9,LS21 1,4774.430392707231
LS16 9,LS21 3,1916.2949187665358
LS17 0,LS17 9,977.9986511304664
LS17 0,LS21 1,2641.4106496509244
LS17 0,LS21 2,7535.159961712312
LS17 5,LS17 6,3039.0326479563637
LS17 5,LS17 7,3808.544028128308
LS17 5,LS6 4,2640.1351549280253
LS17 5,LS7 2,1220.3280752216633
LS17 5,LS7 3,474.67539702849695
LS17 6,LS17 7,1708.8418902133462
LS17 6,LS17 8,532.5647703893071
LS17 6,LS7 3,38.39901391373394
LS17 6,LS7 4,401.4972060493111
LS17 6,LS8 1,2482.507134215439
LS17 6,LS8 2,645.4564305479055
LS17 7,LS17 8,4182.147076370242
LS17 7,LS17 9,3651.6943419772106
LS17 7,LS21 1,3454.3024431711665
LS17 8,LS17 9,6545.676046845428
LS17 8,LS8 2,4782.914026746946
LS17 9,LS21 1,1959.0008194165869
LS17 9,LS22 4,5932.070309706143
LS17 9,LS22 5,2730.993237579585
LS18 4,LS18 5,5473.235603292607
LS18 4,LS19 6,327.65557710798987
LS18 4,LS28 5,1017.8819237317927
LS18 4,LS5 3,1156.2165370096554
LS18 5,LS19 6,2476.5474225662792
LS18 5,LS19 7,1920.8920946672285
LS19 6,LS19 7,4730.769924924138
LS19 6,LS28 5,1772.5888878210808
LS19 7,LS20 8,829.6409336398642
LS19 7,LS20 9,4329.680647003347
LS19 7,LS21 3,2064.105617976261
LS2 3,LS2 8,307.45912948115586
LS2 3,LS2 9,296.09369935428094
LS2 3,LS3 1,104.6498362825376
LS2 7,LS2 8,1323.9804860522333
LS2 7,LS7 1,1801.591943514175
LS2 7,LS7 4,181.8536944945456
LS2 7,LS8 5,817.0401082060324
LS2 7,LS9 7,2160.8464647713813
LS2 7,LS9 8,757.0192938547743
LS2 8,LS7 1,630.2135417352372
LS2 9,LS3 1,2538.9650820061725
LS2 9,LS6 1,316.75392640146634
LS2 9,LS6 2,1369.6074988440726
LS2 9,LS7 1,831.0212369151852
LS20 8,LS20 9,4104.0479966745625
LS20 8,LS29 6,3527.6138468153054
LS20 8,LS29 7,4917.0104883194945
LS20 9,LS21 3,2328.522947675051
LS20 9,LS29 6,1210.2855552386804
LS21 1,LS21 2,9438.96593779999
LS21 1,LS21 3,6868.699888718401
LS21 2,LS21 3,4091.6825518717947
LS21 2,LS29 0,9319.450336520218
LS21 2,LS29 7,3806.96600589362
LS21 3,LS29 6,1966.9077763679009
LS21 3,LS29 7,855.579704710615
LS22 4,LS22 5,7856.513516383078
LS22 4,LS22 6,4860.004962104794
LS22 4,LS22 7,2723.653274950082
LS22 5,LS22 6,5357.915466118198
LS22 5,LS23 6,5996.266024857585
LS22 5,LS23 7,5388.965094969893
LS22 5,LS24 8,3158.710877595637
LS22 5,YO26 7,9092.185542524612
LS22 5,YO26 8,5213.304782012441
LS22 6,LS22 7,4956.459592413624
LS22 6,LS23 6,3523.47729559219
LS22 6,LS23 7,2864.9503583791807
LS23 6,LS23 7,4307.01078663063
LS23 6,LS24 9,7769.476300432928
LS23 6,LS25 3,1413.6599193786747
LS23 7,LS24 8,5068.627025063689
LS23 7,LS24 9,862.4013592460269
LS24 8,LS24 9,10339.67439694583
LS24 8,YO23 3,9467.002020581473
LS24 8,YO23 7,8237.469602443238
LS24 8,YO26 7,3875.31518562427
LS24 9,LS25 3,7939.338885065641
LS24 9,LS25 6,18736.812208504572
LS24 9,YO23 7,3242.9689250324914
LS24 9,YO8 3,4742.787568419067
LS25 1,LS25 2,3976.7548161675786
LS25 1,LS25 3,635.5803426111897
LS25 1,LS25 7,180.15240306533164
LS25 2,LS25 3,2697.75197969966
LS25 2,LS25 4,2826.7196119853143
LS25 2,LS25 7,3118.231223694798
LS25 2,WF10 2,440.08513485572325
LS25 3,LS25 4,2424.040322446908
LS25 3,LS25 6,1399.0486408087565
LS25 4,LS25 5,4370.000728131687
LS25 4,LS25 6,313.0973578746858
LS25 4,WF10 2,1250.6752770041435
LS25 5,LS25 6,14545.151412767987
LS25 5,WF10 2,9032.88702474377
LS25 5,WF11 9,19968.91338350385
LS25 5,YO8 9,5644.630173885605
LS25 6,YO8 3,3797.8516972118837
LS25 6,YO8 9,472.00596346374607
LS25 7,LS26 8,1865.3882187576733
LS25 7,WF10 2,5826.351860489697
LS26 0,LS26 8,5210.578030473749
LS26 0,LS26 9,1436.9142801262415
LS26 0,WF3 3,5155.040853181357
LS26 8,LS26 9,8767.038824836829
LS26 8,WF10 2,1756.8205310255762
LS26 8,WF3 3,1403.5290538632064
LS26 8,WF3 4,4416.566502521744
LS26 9,WF10 1,2362.85081132303
LS26 9,WF10 2,2699.6264305007167
LS26 9,WF10 5,863.5950579970875
LS26 9,WF3 3,1252.5810441732956
LS26 9,WF3 4,273.3150803583105
LS26 9,WF6 2,2193.113391085827
LS27 0,LS27 7,508.74920129154367
LS27 0,LS27 9,3607.207652208507
LS27 0,WF17 0,4390.067193294175
LS27 0,WF17 6,395.72757256961904
LS27 0,WF3 1,3068.1208519216902
LS27 7,LS27 8,2223.7451867500417
LS27 7,LS27 9,3925.154410692184
LS27 8,LS27 9,6644.626880249516
LS27 8,WF3 1,2012.4303948753134
LS27 9,WF3 1,821.3175031260172
LS28 5,LS28 6,3045.8647268751033
LS28 5,LS28 7,4391.658390763171
LS28 6,LS28 7,2865.756016137066
LS28 6,LS28 9,215.09997790999762
LS28 7,LS28 8,6101.181279207365
LS28 7,LS28 9,2409.72391557618
LS28 8,LS28 9,2095.8884125107475
LS29 0,LS29 7,1074.5750913060149
LS29 0,LS29 8,8135.72463854456
LS29 0,LS29 9,2377.8182597394975
LS29 6,LS29 7,6530.006902650841
LS29 7,LS29 8,4072.0560320472196
LS29 8,LS29 9,8470.321399657814
LS3 1,LS4 2,375.06054176395514
LS3 1,LS6 1,925.2316163019132
LS4 2,LS5 3,2860.4364649965437
LS4 2,LS6 1,1926.8633108331728
LS4 2,LS6 3,938.5505754118878
LS5 3,LS6 3,3242.912579932217
LS6 1,LS6 2,2840.3526435410718
LS6 1,LS6 3,999.2595435263536
LS6 2,LS6 3,862.0716411505557
LS6 2,LS6 4,1112.4199509299103
LS6 2,LS7 1,1065.1763587525381
LS6 2,LS7 2,2325.6448016856443
LS6 2,LS7 3,433.57546507118695
LS6 3,LS6 4,502.3751124126073
LS6 4,LS7 2,1769.5843431444891
LS7 1,LS7 3,546.7237207181529
LS7 1,LS7 4,613.3397647682485
LS7 2,LS7 3,3354.787083429071
LS7 3,LS7 4,4659.678221447534
LS7 4,LS8 1,1240.2387008915557
LS7 4,LS8 4,2469.4161355630654
LS7 4,LS8 5,783.3463372840365
LS8 1,LS8 2,4819.704160532667
LS8 1,LS8 4,1991.9898523446936
LS8 2,LS8 3,2171.370467745384
LS8 2,LS8 4,1796.7863902837144
LS8 3,LS8 4,135.61414631812835
LS8 3,LS8 5,931.1304255069576
LS8 3,LS9 6,3094.8496997570683
LS8 3,LS9 7,265.4002786808408
LS8 4,LS8 5,1168.7456258525945
LS8 5,LS9 7,1600.5210661746512
LS9 0,LS9 6,982.8453803748291
LS9 0,LS9 8,2255.1565496653056
LS9 0,LS9 9,2939.1187432583247
LS9 6,LS9 7,2322.682217310913
LS9 6,LS9 9,627.9404904831675
LS9 7,LS9 8,394.0407579286925
LS9 7,LS9 9,886.1264636653434
LS9 8,LS9 9,2489.650944627367
LU1 1,LU1 2,978.2754292657962
LU1 1,LU1 4,1615.7125361032395
LU1 1,LU1 5,2763.1053742517724
LU1 1,LU3 1,1073.8168606849292
LU1 1,LU4 8,3699.0356467348015
LU1 2,LU1 3,1410.1611236992521
LU1 2,LU1 5,288.7684906205053
LU1 2,LU2 0,740.2608782915295
LU1 2,LU2 7,256.7224302560381
LU1 3,LU1 4,3149.544118317876
LU1 3,LU1 5,3079.246293293344
LU1 3,LU2 0,1579.6680689395346
LU1 4,LU1 5,3565.0527581688275
LU1 4,LU2 0,224.3574445946966
LU1 4,LU2 8,2579.404816922118
LU1 4,LU2 9,2636.981644178785
LU1 4,LU4 0,1168.4757037868853
LU1 4,LU4 8,23.354488366679668
LU1 4,LU5 4,3250.9353800508775
LU1 4,LU6 3,2970.0163439985577
LU1 4,SG4 8,1215.6981796495547
LU2 0,LU2 7,2809.360888244812
LU2 0,LU2 9,3203.215753901272
LU2 7,LU2 8,3893.895144085438
LU2 7,LU2 9,1918.8591418519577
LU2 7,LU3 1,2837.040767278593
LU2 7,LU3 2,2724.8047048620288
LU2 7,LU3 3,2704.571113881713
LU2 8,LU2 9,8087.36334800546
LU2 8,LU3 3,4619.000784329365
LU2 8,SG4 8,6441.046929714848
LU2 8,SG5 3,9834.840316306096
LU2 9,SG3 6,874.4111810804486
LU2 9,SG4 8,19171.081830300547
LU3 1,LU3 2,3014.350195925605
LU3 1,LU4 8,1799.062017357049
LU3 2,LU3 3,2358.1191109178408
LU3 2,LU3 4,479.88512846330667
LU3 2,LU4 8,301.35617522141484
LU3 2,LU4 9,1167.3506164066691
LU3 3,LU3 4,6185.373490533187
LU3 3,LU4 9,6533.709129532249
LU3 3,LU5 6,8162.109133044744
LU3 3,MK45 4,6934.87080273883
LU3 3,MK45 5,296.44184790725956
LU3 3,SG5 3,868.0111322032426
LU4 0,LU4 8,834.0473350157613
LU4 0,LU4 9,3003.0734099586452
LU4 0,LU5 4,1601.0222816323212
LU4 0,LU5 5,1721.134510744734
LU4 8,LU4 9,2299.0293940191086
LU4 9,LU5 5,2606.4098345252496
LU4 9,LU5 6,2084.988832863498
LU4 9,LU7 9,1376.8289847485175
LU5 4,LU5 5,1967.4672284263534
LU5 4,LU6 1,1359.3394405686968
LU5 4,LU6 3,2570.112166570687
LU5 5,LU5 6,6061.378913617637
LU5 5,LU6 1,6117.70923287487
LU5 5,LU6 2,819.8964384234
LU5 5,LU7 9,1763.9025804636242
LU5 6,LU7 9,9562.907045841308
LU5 6,MK17 9,6351.95487859894
LU5 6,MK45 5,8649.50630941363
LU6 1,LU6 2,10467.043509231766
LU6 1,LU6 3,2187.057666006676
LU6 2,LU6 3,9011.981973278469
LU6 2,LU7 9,10485.647497630389
LU7 0,LU7 2,4723.988617961356
LU7 0,LU7 3,4265.334719453622
LU7 0,LU7 9,12535.789989487754
LU7 0,MK17 0,8750.788514772978
LU7 0,MK17 9,14264.30163740943
LU7 0,MK18 3,4247.633322892217
LU7 1,LU7 2,1094.7669752839915
LU7 1,LU7 3,3475.990515518024
LU7 1,LU7 4,1201.4528286954085
LU7 2,LU7 3,2825.8520309791106
LU7 2,LU7 4,761.0516840131038
LU7 2,LU7 9,1983.3509227310951
LU7 3,LU7 4,3159.068808989626
LU7 3,LU7 9,3163.8820965705063
LU7 4,LU7 9,4971.371856849044
LU7 9,MK17 9,4440.206186846507
M1 1,M1 2,614.4750462887022
M1 1,M1 3,11.012667796474025
M1 1,M1 4,337.24970361085457
M1 1,M4 1,308.927041730821
M1 1,M4 5,550.8190154241911
M1 2,M1 3,2018.8204705019234
M1 2,M1 7,1022.7488947738682
M1 2,M12 6,790.9434611246672
M1 2,M13 9,287.6754797992433
M1 2,M4 5,399.69104990756585
M1 2,M4 6,213.99899808704208
M1 2,M4 7,1442.0225769971964
M1 3,M1 4,756.7309993204831
M1 3,M1 6,135.37830694409962
M1 3,M1 7,418.78071066323514
M1 4,M1 5,139.30299156488624
M1 4,M1 6,350.8847169568739
M1 4,M1 7,28.445263840650483
M1 4,M4 1,834.5160897611296
M1 5,M1 6,641.6409900430617
M1 5,M1 7,847.3279473016712
M1 5,M15 4,479.836837761528
M1 5,M15 5,372.939241959578
M1 5,M15 6,526.0349608499721
M1 5,M2 1,328.2141550498667
M1 5,M2 3,1286.5544247115931
M1 5,M3 4,373.2479433223402
M1 5,M4 1,214.0540415325265
M1 6,M1 7,260.3130326673585
M1 7,M13 9,1196.8599476621955
M1 7,M15 6,392.56434257258735
M11 1,M11 2,3020.437462042726
M11 1,M11 4,829.1225212444785
M11 1,M18 8,1248.1777526748483
M11 1,M34 5,194.5834671965592
M11 1,M43 6,1438.4379712090665
M11 2,M11 3,2291.657364689843
M11 2,M11 4,1221.1006734711657
M11 2,M12 5,1919.5990887896742
M11 2,M18 8,655.4992898179903
M11 3,M11 4,493.43255038082657
M11 3,M12 5,300.6632118028766
M11 3,M12 6,1563.262420917415
M11 4,M12 6,759.0366224415183
M11 4,M40 1,750.4045010374259
M11 4,M40 2,2307.9470302420464
M11 4,M40 7,656.7144349045816
M11 4,M43 6,1667.2001757872165
M11 4,M43 7,142.29416667652404
M12 4,M12 5,5731.505292891542
M12 4,M13 0,2586.98639424846
M12 4,M13 9,1729.5520259467294
M12 4,M18 7,431.20276508875406
M12 4,M18 8,202.95141032292685
M12 4,M19 3,338.1019437845476
M12 5,M12 6,824.8909511737437
M12 5,M13 0,259.7088644427187
M12 5,M13 9,357.931198944735
M12 5,M18 7,1789.1466384424116
M12 5,M18 8,2518.78399731751
M12 5,M19 3,710.8343336979585
M12 6,M13 9,1379.520294067434
M12 6,M4 7,1489.9685921790394
M12 6,M40 7,827.6328357533615
M13 0,M13 9,2186.4671723575952
M13 0,M14 5,3762.813288556487
M13 0,M14 6,2192.4196630545102
M13 0,M19 2,1155.1889722881874
M13 0,M19 3,189.119309442972
M13 9,M14 4,528.9608861957233
M13 9,M14 5,166.50528672039326
M13 9,M15 6,1413.7908346260358
M14 4,M14 5,1333.6132626540557
M14 4,M14 7,2902.755366094111
M14 4,M15 5,485.3223976829989
M14 4,M15 6,1425.37153716644
M14 4,M16 7,787.3017499825662
M14 5,M14 6,1319.622408392235
M14 5,M14 7,746.9592290692221
M14 6,M14 7,2696.502716455606
M14 6,M19 2,1590.5104201365236
M14 6,M20 1,1271.6593677018611
M14 6,M20 3,728.2237615188795
M14 6,M20 4,1446.0010425369824
M14 7,M16 7,594.0180625095127
M14 7,M16 8,1434.5191799126812
M14 7,M20 1,382.16696747029033
M14 7,M21 7,178.81555729312217
M15 4,M15 5,2533.177177193168
M15 4,M16 7,236.0089549659871
M15 4,M16 9,1235.8031299999082
M15 4,M3 4,2398.5747697523934
M15 4,M5 4,1455.9954613607247
M15 5,M15 6,2717.9305012312157
M15 5,M16 7,1967.4121187032633
M15 5,M16 9,758.4966848316898
M16 0,M16 7,151.7540372807336
M16 0,M16 8,666.8564377366633
M16 0,M16 9,2867.4125828140022
M16 0,M21 0,1542.4508843954086
M16 0,M21 9,1253.9677511355976
M16 0,M32 0,2186.027720810626
M16 0,M32 8,1072.7403945826131
M16 7,M16 8,3280.27565002181
M16 7,M16 9,3846.0068439222855
M16 8,M16 9,327.52236655522165
M16 8,M21 0,1930.5247840524275
M16 8,M21 7,785.9568120140943
M16 9,M32 0,563.0691703036476
M16 9,M5 3,930.5566902999221
M16 9,M5 4,1260.4347972999328
M18 7,M18 8,2574.854878265182
M18 7,M19 3,1693.6128400323355
M18 7,M34 2,1105.5046429056936
M18 7,M34 5,393.2406530193264
M18 7,SK5 6,1391.5323717731249
M18 8,M34 5,1126.0674230593638
M19 1,M19 2,2516.9513578994556
M19 1,M20 4,1329.05001211768
M19 1,M20 5,778.2782685138395
M19 1,M20 6,1838.7206008499293
M19 1,SK4 3,2693.2485485466977
M19 1,SK4 4,914.3151758931338
M19 1,SK4 5,311.5258741266182
M19 2,M19 3,2955.2174375482846
M19 2,M20 4,73.84268697586407
M19 2,SK4 5,2414.393362377204
M19 2,SK5 6,299.3064964309876
M19 3,SK5 6,781.6345070284273
M2 1,M2 3,326.50167654620265
M2 1,M3 1,375.26496272687007
M2 1,M3 2,520.2367784807008
M2 1,M3 3,455.068375432875
M2 1,M3 4,249.54807752521978
M2 1,M3 5,341.35418675942384
M2 1,M3 7,98.46249394588311
M2 1,M4 1,1001.8380951182272
M2 1,M4 4,168.18820055430444
M2 3,M3 4,181.36512841542165
M20 1,M20 2,2318.0435052816633
M20 1,M20 3,2359.3303948811995
M20 1,M20 4,607.5516843043366
M20 1,M21 7,1512.9584523061508
M20 2,M20 3,1373.7119178565615
M20 2,M20 4,343.99935434674046
M20 2,M20 5,2389.341573478758
M20 2,M20 6,2929.213945158584
M20 2,M21 7,3275.706747266929
M20 2,M22 4,4527.529244786358
M20 3,M20 4,3435.450014726798
M20 3,M20 6,1735.0736562722495
M20 4,M20 6,950.7279121509665
M20 5,M20 6,1211.6222272709003
M20 5,M22 4,1201.3988176644416
M20 5,SK4 3,629.7497996794208
M20 5,SK8 1,1187.3466876060613
M20 5,SK8 4,887.6231721820167
M21 0,M21 7,580.323035054618
M21 0,M21 8,1300.7240719595322
M21 0,M21 9,1157.3391734488039
M21 7,M21 8,2338.261648950054
M21 7,M22 4,1715.1462229112753
M21 7,M33 2,1222.9380737044473
M21 8,M21 9,2689.327607408977
M21 8,M32 8,405.2873401056479
M21 8,M33 2,1306.4998001713423
M21 8,M33 7,248.5623654839767
M21 9,M32 8,1811.1044605624381
M22 0,M22 1,5194.22434254683
M22 0,M22 5,3781.9682514328183
M22 0,SK8 3,892.2301370979017
M22 0,SK9 4,1396.4001641638708
M22 0,SK9 5,109.80298772785532
M22 1,M22 5,472.4265098936395
M22 1,M22 9,756.3655903764167
M22 1,M23 2,823.1378784519635
M22 1,SK9 5,3154.5927089565184
M22 1,WA15 0,4592.398490218044
M22 1,WA15 8,920.1230108031481
M22 1,WA16 7,1805.72648566858
M22 4,M22 8,2378.0118053940064
M22 4,M22 9,1068.2527130955648
M22 4,M23 0,1769.3109935663795
M22 4,M23 1,981.344346058245
M22 4,M33 2,987.9037325532037
M22 4,SK8 4,2097.7928626917833
M22 5,M22 9,2309.4946024774767
M22 5,SK8 3,2121.9511561417326
M22 8,M22 9,1794.7384803982115
M22 8,M23 1,730.6166063147303
M22 9,M23 1,247.70417472813057
M22 9,M23 2,1021.3431033683283
M22 9,SK8 3,20.505538227683267
M22 9,SK8 4,603.3618652769275
M23 0,M23 1,2741.526388415261
M23 0,M23 9,2069.9544442364945
M23 0,M33 2,1863.1163038621837
M23 1,M23 2,2771.4502293448363
M23 1,M23 9,1137.0493443937623
M23 2,M23 9,1571.1785871818397
M23 2,WA15 7,424.4953652417446
M23 2,WA15 8,1815.0844121031475
M23 9,M33 2,490.18986266527656
M23 9,M33 3,1717.2349887573498
M23 9,WA15 6,1253.2613882897413
M23 9,WA15 7,1299.0790221089917
M24 1,M24 2,2213.7341719183573
M24 1,M24 4,1805.9626746852157
M24 1,M24 6,805.3836897687158
M24 1,M9 6,1770.4904483700395
M24 1,M9 7,501.6754570580524
M24 1,OL9 9,1405.258704029177
M24 2,M24 5,247.29545138098248
M24 2,M24 6,5220.417807792753
M24 2,OL1 2,1996.2898290949647
M24 2,OL11 2,3146.287771674906
M24 2,OL2 5,2157.034250502766
M24 2,OL9 0,293.34609109655287
M24 2,OL9 9,1545.0643925203951
M24 4,M24 5,3631.173876891279
M24 4,M24 6,1149.7429955201283
M24 4,M25 2,3524.3703091600196
M24 4,M8 4,864.1343730775382
M24 4,M9 0,1727.5922534232343
M24 4,M9 6,613.1032892374112
M24 4,OL10 2,2910.2586992551865
M24 5,M24 6,3726.398469571224
M24 6,OL10 2,2406.437155410002
M24 6,OL11 2,622.4568825264956
M24 6,OL11 3,1095.4166709416136
M25 0,M25 1,2341.1273250048366
M25 0,M25 9,1270.1055895121294
M25 0,M7 3,380.7304579183759
M25 0,M7 4,631.4321203734611
M25 0,M8 4,4264.652191702358
M25 1,M25 2,484.8742264704042
M25 1,M25 3,2263.5313625558215
M25 1,M25 9,574.9329052246575
M25 1,M8 4,1376.6128904436387
M25 2,M25 3,609.1225663905329
M25 2,M45 6,1177.4446208559386
M25 2,M45 8,708.8173032496561
M25 2,M8 4,1963.728114517976
M25 3,M25 9,2182.5252443008253
M25 3,M45 6,448.46580873244545
M25 3,M45 7,1140.2300643290394
M25 9,M27 8,3503.094643159695
M25 9,M45 7,1968.594534370804
M25 9,M7 3,1454.697108730858
M26 1,M26 2,1900.125979512825
M26 1,M26 3,2154.436956528271
M26 1,M27 6,1467.9170799361623
M26 1,M45 7,6984.831448617244
M26 2,M26 3,856.4174444488526
M26 2,M26 4,3008.9823346390385
M26 2,M45 7,917.0216502050434
M26 3,M26 4,4138.04077616427
M27 0,M27 5,2823.7427123016073
M27 0,M27 6,578.9790730902433
M27 0,M27 9,1360.1490705569229
M27 0,M28 2,2260.2265104600115
M27 0,M30 8,681.6649431988454
M27 0,M30 9,948.503537416856
M27 4,M27 5,2049.9883034298855
M27 4,M27 6,1232.8522746754757
M27 4,M27 8,3362.2815263426714
M27 4,M6 7,391.7370361716004
M27 5,M27 6,2.6315288336721268
M27 5,M30 9,1417.321676935248
M27 5,M6 7,1246.0821600516697
M27 6,M27 8,1966.2687796158018
M27 6,M27 9,2810.302182418076
M27 6,M28 3,171.53569718661038
M27 6,M45 7,972.3671189950268
M27 8,M45 7,6.974255613272053
M27 8,M6 6,602.7902947728303
M27 8,M6 7,1150.0389297471218
M27 8,M7 3,880.5689815608083
M27 9,M28 2,952.6583081705985
M27 9,M28 3,1740.1282293343384
M27 9,M28 7,75.18243801556805
M28 0,M28 3,2941.314547231103
M28 0,M29 8,1073.883731376904
M28 0,M38 0,1749.222022050989
M28 0,M38 9,1609.6281318930176
M28 1,M28 2,4717.495050893895
M28 1,M28 7,2524.26829116336
M28 1,M29 7,5480.99578505642
M28 1,M29 8,2753.389100832514
M28 1,M30 7,614.253157309665
M28 1,M44 6,2131.9542756988426
M28 2,M28 7,1857.8072067873388
M28 2,M30 7,1442.4462138507722
M28 2,M30 8,2475.2115728880412
M28 3,M28 7,6300.583468964456
M28 3,M29 8,173.24852773352507
M28 3,M38 9,2058.8601519282984
M28 7,M29 8,293.7353119782344
M29 7,M29 8,6251.348156204737
M29 7,M44 5,3017.3353168828357
M29 7,M44 6,1530.8675075500973
M29 7,WA3 5,2582.471336632152
M29 7,WN7 2,5848.409287179139
M29 7,WN7 3,1178.5215422302215
M29 8,M38 0,1866.1270957978047
M29 8,M46 0,443.9427645170224
M29 8,M46 9,3679.232847300891
M29 8,WN7 2,727.8956397601797
M3 1,M3 7,956.6847165305468
M3 1,M4 4,738.8286125710285
M3 1,M8 8,677.9457310673978
M3 2,M3 3,77.36266137610617
M3 2,M3 5,411.19599481388013
M3 3,M3 4,104.66058016743062
M3 3,M3 5,423.0349039705543
M3 4,M3 5,680.6648713191252
M3 4,M5 3,147.60231508301354
M3 4,M5 4,886.1211709633724
M3 5,M3 6,1258.2340411546018
M3 5,M3 7,1025.609692345152
M3 5,M5 3,61.77568461458785
M3 5,M5 4,847.6443126212315
M3 6,M3 7,1972.0336792257115
M3 6,M5 4,1496.776848845523
M3 6,M7 1,727.4071963834094
M3 7,M7 1,1119.8376296826839
M3 7,M8 8,120.35314503593398
M30 0,M30 7,1067.444076683776
M30 0,M30 8,2121.517532473684
M30 0,M30 9,2407.423224049535
M30 0,M41 7,1649.6011692149184
M30 0,M5 5,278.9702324111624
M30 0,M50 1,495.3109044331546
M30 0,M6 8,392.1563493975448
M30 7,M30 8,2693.663634791259
M30 7,M41 7,2080.0847494728737
M30 7,M41 8,1722.0773039755868
M30 7,M44 6,4122.88259691952
M30 8,M30 9,1151.886883691234
M30 9,M6 7,253.6565968418751
M30 9,M6 8,813.7794894206907
M31 4,M33 4,1753.2736621026236
M31 4,M33 5,1311.8881606921386
M31 4,M41 6,6593.431450097951
M31 4,M41 9,1133.2608078798721
M31 4,M44 5,3492.0685099732355
M31 4,WA13 9,3421.3126637808987
M31 4,WA14 5,2805.300951560077
M31 4,WA3 6,397.15919134387184
M32 0,M32 8,4737.314908261288
M32 0,M32 9,2725.1829762044404
M32 0,M41 7,1346.9649566503977
M32 0,M5 3,1.398422326466806
M32 0,M5 5,513.2194072474488
M32 0,M50 2,331.0057119652691
M32 0,M50 3,1082.9579723153151
M32 8,M32 9,3215.8559928127097
M32 8,M33 7,1314.7776599349597
M32 8,M41 9,345.6612109052633
M32 9,M41 0,906.2525177739885
M32 9,M41 7,1996.6072011911588
M32 9,M41 9,3725.300579572892
M33 2,M33 3,4357.031285530152
M33 2,M33 7,2079.4585972610785
M33 3,M33 4,1567.2883459435784
M33 3,M33 7,1226.8442054110897
M33 3,WA15 6,1643.7830625240842
M33 4,M33 5,3591.791104720328
M33 4,M33 6,167.08506765786274
M33 4,M33 7,419.5243359677198
M33 4,WA14 5,4718.022585982814
M33 4,WA15 6,268.2780625349888
M33 5,M33 6,4278.50397932248
M33 5,M33 7,494.1716247095194
M33 5,M41 9,3287.9598077960586
M33 6,M33 7,2330.355394856111
M33 6,M41 9,1325.652712564677
M34 2,M34 3,5992.577025679601
M34 2,M34 5,2002.697916758896
M34 2,M34 6,2982.028077981605
M34 2,SK5 6,1824.948774441416
M34 2,SK5 7,628.3113848707186
M34 2,SK5 8,1009.1656576054385
M34 2,SK6 2,1194.9102513029088
M34 3,M34 5,1989.5038515919261
M34 3,M34 6,2209.810562946845
M34 3,SK14 4,1380.101937592831
M34 3,SK16 4,919.1677320038225
M34 5,M43 6,733.1787900064036
M34 5,M43 7,2939.351062054463
M34 5,OL7 0,2965.355857419157
M34 5,SK16 4,1453.743176133627
M34 6,M34 7,2996.3143123698032
M34 6,SK14 2,690.6417376150788
M34 6,SK14 4,7.172682204038891
M34 6,SK6 2,1854.346139103082
M34 7,SK14 1,1167.3135860042182
M34 7,SK14 2,271.6164145888609
M34 7,SK14 5,689.595908132944
M34 7,SK6 1,1605.9499801724664
M34 7,SK6 2,631.3716220795934
M35 0,M35 9,4269.749662511547
M35 0,M40 1,2081.7475035903167
M35 0,M40 3,3094.282047294807
M35 0,M43 7,561.8920688157722
M35 9,M43 7,3162.1190386614007
M35 9,OL7 9,594.8436295849871
M35 9,OL8 2,704.0259081391875
M35 9,OL8 3,2185.8241902166183
M35 9,OL8 4,405.9633602216686
M35 9,OL9 8,812.4826160768802
M38 0,M38 9,2320.4281601832063
M4 1,M4 4,261.83072113432763
M4 1,M4 5,632.8053175108836
M4 4,M4 5,1064.8253877936827
M4 4,M8 8,1305.029460966861
M4 5,M4 6,1998.1416177383935
M4 5,M4 7,8.769646800989428
M4 5,M40 7,1268.4702260536499
M4 5,M8 8,16.909925724236913
M4 6,M4 7,2012.034269679106
M4 6,M40 7,1247.9720724852932
M4 7,M40 7,1228.3613808332595
M40 0,M40 3,3449.756148050949
M40 0,M40 5,2207.4043923085387
M40 0,M40 9,797.0891131399287
M40 0,M9 7,229.63588836183416
M40 0,OL9 9,838.1367736690947
M40 1,M40 2,2291.8656028847645
M40 1,M40 3,313.80600278967995
M40 1,M43 7,312.5496031918575
M40 2,M40 3,905.3307664016357
M40 2,M40 5,433.9210934041363
M40 2,M40 7,570.0329577278172
M40 2,M40 8,975.8449500841838
M40 2,M9 5,769.3951434516978
M40 3,M40 5,441.2521467290645
M40 3,OL9 8,1159.7621407745542
M40 3,OL9 9,691.7267547611277
M40 5,M40 9,2297.017431583227
M40 5,M9 5,175.74933675822507
M40 5,M9 7,1935.9712061509622
M40 7,M40 8,2703.360399533526
M40 7,M8 0,771.4072145177435
M40 7,M8 8,1620.9328351046688
M40 7,M9 5,203.70916730757236
M40 8,M9 5,2415.4885007607118
M40 9,M9 4,3212.3202971863507
M40 9,M9 5,234.45496249754905
M40 9,M9 7,464.21455684214504
M41 0,M41 5,868.300073342866
M41 0,M41 7,4264.8463930752305
M41 0,M41 9,1688.0886140541738
M41 5,M41 6,3956.38548417726
M41 5,M41 7,2428.399541646089
M41 5,M41 8,1003.5873660873044
M41 5,M41 9,1276.7283195783657
M41 6,M41 8,2996.9371340287535
M41 6,M41 9,2005.2590273377448
M41 6,M44 5,157.8543100750997
M41 6,M44 6,1868.0181611238058
M41 7,M41 8,3972.2001149181297
M41 7,M5 5,1296.4527614709439
M41 7,M50 1,365.6536319920078
M41 8,M44 6,169.1833131245954
M43 6,M43 7,4906.055608839483
M43 7,OL7 0,986.0662771933337
M43 7,OL7 9,1262.559690575965
M44 5,M44 6,8289.412152209949
M44 5,WA3 5,6006.31373461226
M44 5,WA3 6,288.40330153823163
M45 6,M45 7,1795.1813013784076
M45 6,M45 8,2749.6711214295046
M45 7,M45 8,900.2175032674579
M46 0,M46 9,6365.868092461111
M46 0,WN7 1,3246.0033126981434
M46 0,WN7 2,522.3424438483519
M46 0,WN7 5,1710.5639520207044
M5 3,M5 4,3770.08174427236
M5 3,M50 3,1329.480075716619
M5 4,M5 5,118.8024926355871
M5 4,M50 2,960.4919803079205
M5 4,M50 3,348.1729520033508
M5 4,M6 5,2029.692831767148
M5 4,M7 1,1217.3063083209242
M5 5,M50 1,1426.3698132997888
M5 5,M50 2,1347.8825747802935
M5 5,M6 5,1585.377383706375
M5 5,M6 7,152.8965401638201
M5 5,M6 8,5966.2274304767025
M50 2,M50 3,1084.621246524393
M6 5,M6 6,1575.2429422438738
M6 5,M6 7,1159.35687173662
M6 5,M6 8,548.2485545847444
M6 5,M7 1,460.9129642739133
M6 6,M6 7,3006.351559955636
M6 6,M6 8,95.16702375205082
M6 6,M7 1,865.4155983323519
M6 6,M7 2,1542.8354328442094
M6 6,M7 3,2516.3613814756654
M6 6,M7 4,319.3200407803371
M6 7,M6 8,4823.821446094587
M7 1,M7 2,2316.018504126628
M7 1,M8 8,485.4112347903289
M7 2,M7 4,3712.7121055665866
M7 2,M8 8,211.83677167618177
M7 3,M7 4,1976.8891663220436
M7 4,M8 4,512.5525278794386
M7 4,M8 5,553.009223596266
M7 4,M8 8,1157.117451430373
M7 4,M8 9,1549.8969433126747
M8 0,M8 5,1615.9537237377724
M8 0,M8 8,3653.094209021101
M8 0,M8 9,2838.1549267030405
M8 0,M9 5,1494.261127480388
M8 4,M8 5,3285.685441865117
M8 4,M9 0,913.2221504655325
M8 4,M9 8,2890.4739717150337
M8 5,M8 9,135.3100084304083
M8 5,M9 5,230.205659175927
M8 5,M9 8,776.120393355699
M8 8,M8 9,263.9303020203651
M9 0,M9 6,3088.123350633299
M9 0,M9 8,1925.0789461948889
M9 4,M9 5,2380.2035016401182
M9 4,M9 7,757.2311402915993
M9 4,M9 8,1139.940433308208
M9 5,M9 8,839.3497889224213
M9 6,M9 7,3747.7937753744955
M9 6,M9 8,1899.5504099901377
M9 7,M9 8,800.2933092330102
M9 7,OL9 9,712.3074039658492
ME1 1,ME1 2,1462.2076397131777
ME1 1,ME1 3,2548.4140693310555
ME1 1,ME4 4,628.4691050335045
ME1 1,ME4 6,1282.290192404956
ME1 2,ME1 3,4918.579192530825
ME1 2,ME4 6,3997.279690652479
ME1 2,ME5 9,657.5092588863333
ME1 3,ME20 7,4095.30270581671
ME1 3,ME5 9,4142.5553540747815
ME10 1,ME10 2,2197.780389264456
ME10 1,ME10 4,4552.524132520366
ME10 1,ME10 5,1549.6523021468452
ME10 1,ME9 8,5982.6944592412965
ME10 2,ME10 3,869.1273247458574
ME10 2,ME10 4,11.631904737227599
ME10 2,ME10 5,3273.7440208342055
ME10 2,ME9 8,4160.446695677415
ME10 3,ME10 4,1842.8458307982764
ME10 3,ME9 9,6721.134114172984
ME10 4,ME9 0,4170.46145435118
ME10 4,ME9 8,2116.427188320724
ME10 4,ME9 9,1186.9753818617414
ME10 5,ME9 8,2036.969282860495
ME11 5,ME12 1,2178.7144769085685
ME11 5,ME12 3,4875.352609709863
ME11 5,ME9 8,1657.7084107302403
ME12 1,ME12 2,1532.777672292032
ME12 1,ME12 3,2523.290524393408
ME12 2,ME12 3,6839.669281356278
ME12 2,ME12 4,627.7963648020573
ME12 3,ME12 4,8320.597682728243
ME13 0,ME13 7,1683.8166607496657
ME13 0,ME13 8,4705.777394191109
ME13 0,ME13 9,6626.545022455415
ME13 0,ME17 2,2187.710234591995
ME13 0,ME9 0,8706.929939627847
ME13 0,ME9 9,8107.9449232175875
ME13 0,TN25 4,2943.22834273674
ME13 0,TN27 0,8686.045953255893
ME13 7,ME13 8,4371.8107473242835
ME13 7,ME9 9,1557.823984543083
ME13 8,ME13 9,3302.645793487697
ME14 1,ME14 2,3200.193760794813
ME14 1,ME14 5,1169.7772054132024
ME14 1,ME15 6,868.6550926325689
ME14 1,ME16 0,1301.402201181599
ME14 2,ME14 3,2998.0834433558107
ME14 2,ME14 5,2181.4451336944526
ME14 2,ME16 0,1514.8699750825708
ME14 3,ME14 4,5287.320791254581
ME14 3,ME14 5,2263.1292332284984
ME14 3,ME16 0,593.226085006679
ME14 3,ME20 7,5375.581466709053
ME14 3,ME5 7,506.18245946834884
ME14 3,ME5 8,4490.677979758867
ME14 3,ME5 9,922.1151996958026
ME14 3,ME7 3,5840.059220072698
ME14 3,ME8 8,780.795157785431
ME14 3,ME9 7,2278.167496323905
ME14 4,ME14 5,1656.2402029374266
ME14 4,ME15 8,2913.0772371023504
ME14 4,ME17 1,6456.653882373062
ME14 4,ME9 7,6194.911434532044
ME14 5,ME15 6,88.14808074737479
ME14 5,ME15 7,1734.9455312012174
ME14 5,ME15 8,510.0513326981789
ME15 0,ME15 6,2694.21908881866
ME15 0,ME15 9,2609.162146246773
ME15 0,ME16 9,3468.3161884681326
ME15 0,ME17 4,9589.414303800202
ME15 0,ME18 5,2720.7505490933554
ME15 0,ME18 6,8317.763449501319
ME15 0,TN12 9,2993.57451595027
ME15 6,ME15 7,3678.1213037686052
ME15 6,ME15 9,2234.5872034599483
ME15 6,ME16 0,0.4991242337151424
ME15 6,ME16 8,2589.378265724655
ME15 6,ME16 9,38.40754479284719
ME15 7,ME15 8,5266.761350314878
ME15 7,ME15 9,2941.225343376931
ME15 8,ME15 9,828.2287717377935
ME15 8,ME17 1,2640.350118319529
ME15 8,ME17 3,2218.6606206234387
ME15 9,ME17 3,625.0353916325097
ME15 9,ME17 4,4278.216070044764
ME16 0,ME16 8,3966.8540570011273
ME16 0,ME16 9,5661.012556737898
ME16 0,ME20 6,2249.699780456645
ME16 0,ME20 7,3198.4185612472584
ME16 8,ME16 9,1629.4697725799986
ME16 9,ME18 5,1994.2906317770885
ME16 9,ME19 6,967.3650663065806
ME16 9,ME20 6,1204.5729161730683
ME17 1,ME17 2,10118.330077329429
ME17 1,ME17 3,15988.446803413088
ME17 1,ME9 0,6068.214124294949
ME17 1,ME9 7,4834.307640958551
ME17 1,TN27 9,7155.562066919295
ME17 2,ME9 0,4661.237142261157
ME17 2,TN27 0,4483.754220532973
ME17 2,TN27 8,465.75883775287207
ME17 2,TN27 9,9882.251230751006
ME17 3,ME17 4,6424.4309922131115
ME17 3,TN12 0,2745.7264595987017
ME17 3,TN27 9,6473.869607468452
ME17 4,TN12 0,585.2856680603445
ME17 4,TN12 9,6310.73925957839
ME18 5,ME18 6,3531.679176157654
ME18 5,ME19 4,4347.424822897711
ME18 5,ME19 5,3000.1862575874466
ME18 5,ME19 6,2002.3140207382507
ME18 5,TN11 0,4487.588916156481
ME18 5,TN11 9,1951.0793989252447
ME18 5,TN12 5,8394.434615595335
ME18 5,TN15 0,2404.3813773868287
ME18 5,TN15 8,2705.5275133014734
ME18 6,TN12 5,2622.900789315378
ME18 6,TN12 6,3509.641250859248
ME18 6,TN12 9,1794.9891718463273
ME19 4,ME19 6,4650.2032449690005
ME19 5,ME19 6,6254.711338174078
ME19 5,ME20 6,2800.1292226896053
ME19 5,ME6 5,6138.535911137138
ME19 5,TN15 7,4087.566445242772
ME19 5,TN15 8,2449.2035125526863
ME19 6,ME20 6,4513.329047589577
ME2 1,ME2 2,2223.2141301085057
ME2 1,ME6 5,5250.595906415992
ME2 2,ME2 3,4741.186538547193
ME2 2,ME2 4,523.6063494427217
ME2 3,ME2 4,3623.9054802172664
ME2 3,ME3 7,2532.425394059705
ME2 3,ME3 8,2688.0442992308713
ME2 4,ME3 8,5092.333260745832
ME20 6,ME20 7,5070.592018027734
ME20 6,ME6 5,2347.2138484097745
ME20 7,ME5 9,2635.4707295225535
ME3 0,ME3 9,2901.6698043384745
ME3 7,ME3 8,14622.0475316844
ME3 8,ME3 9,13693.460986915885
ME4 3,ME4 4,1524.052108295852
ME4 4,ME4 5,1532.4344192972685
ME4 4,ME4 6,1863.961755228843
ME4 4,ME5 7,112.4397586487583
ME4 4,ME7 1,2276.1577712083285
ME4 4,ME7 5,3205.208694119546
ME4 5,ME4 6,2574.8304838392337
ME4 5,ME5 0,1525.4805192203546
ME4 5,ME5 7,1727.0426945893885
ME4 6,ME5 0,1903.2062738909688
ME4 6,ME5 9,750.4215856891054
ME5 0,ME5 7,3893.8414029745263
ME5 0,ME5 8,1009.0030647661697
ME5 0,ME5 9,4565.412853438926
ME5 7,ME5 8,5912.836881030695
ME5 7,ME7 3,5095.860074520526
ME5 7,ME7 4,800.7983277660375
ME5 7,ME7 5,1265.420723185433
ME5 8,ME5 9,3697.9125191579037
ME7 1,ME7 2,1858.1902286401526
ME7 1,ME7 4,666.2810793856704
ME7 1,ME7 5,1017.0640197566133
ME7 2,ME7 3,1082.4322094008246
ME7 2,ME7 4,2956.816166194983
ME7 2,ME8 6,2411.0345701845195
ME7 2,ME8 7,2770.8765551065576
ME7 3,ME7 4,142.26296717573626
ME7 3,ME8 0,7343.1157455965185
ME7 3,ME8 6,771.3774692262151
ME7 3,ME8 8,56.681748261873906
ME7 4,ME7 5,4029.152451240647
ME8 0,ME8 6,547.1165192935775
ME8 0,ME8 7,1769.091612646831
ME8 0,ME8 8,772.3632825152075
ME8 0,ME8 9,5644.145515809414
ME8 6,ME8 7,2738.094660992334
ME8 7,ME8 8,5730.192479826911
ME8 7,ME8 9,449.1643019920419
ME8 7,ME9 7,6131.944910522674
ME8 8,ME8 9,6012.591067613547
ME8 8,ME9 7,3297.4701957522166
ME9 0,ME9 7,907.5647073847492
ME9 0,ME9 8,5482.63366363252
ME9 0,ME9 9,13042.001575820788
ME9 7,ME9 8,14502.196493551683
MK1 1,MK2 2,3295.838139749902
MK1 1,MK3 6,867.2459258129047
MK1 1,MK3 7,142.89168457675763
MK1 1,MK6 4,435.3347215839742
MK10 7,MK10 9,5611.197516801451
MK10 7,MK15 0,632.7543685197967
MK10 7,MK15 9,1133.137435403169
MK10 7,MK16 0,3332.8053055514692
MK10 7,MK17 7,590.7347674351294
MK10 7,MK17 8,1777.356426965536
MK10 7,MK9 3,849.3397180340022
MK10 9,MK15 0,1043.7604112760373
MK10 9,MK17 8,1010.609528909243
MK10 9,MK6 3,1371.5339763398104
MK10 9,MK7 6,2032.4133376188217
MK10 9,MK7 7,459.06873284717
MK11 1,MK11 2,711.0672148597665
MK11 1,MK11 4,675.205727769262
MK11 1,MK12 5,1488.4310569591862
MK11 1,MK12 6,272.0234185498734
MK11 1,MK19 6,3030.0451127309084
MK11 2,MK11 4,637.6412063218638
MK11 2,MK12 6,1333.2235698415195
MK11 2,MK8 8,379.0111731658823
MK11 4,MK17 0,693.5598537624696
MK11 4,MK19 6,4433.871369247946
MK11 4,MK8 0,760.3557074190121
MK11 4,MK8 1,2260.1830058256305
MK11 4,MK8 8,1150.5954512308972
MK12 5,MK12 6,3701.797165641754
MK12 5,MK13 0,3236.1512603544165
MK12 5,MK13 7,83.25895080713173
MK12 5,MK19 6,236.03862596051897
MK12 5,MK19 7,3812.485900276543
MK12 6,MK13 0,678.4797158322608
MK12 6,MK13 9,9.536236460809985
MK12 6,MK8 8,3032.4412046882685
MK13 0,MK13 7,3333.6025630115605
MK13 0,MK13 9,748.7547922410248
MK13 0,MK14 5,2302.057489625272
MK13 0,MK14 6,1128.1811758659283
MK13 0,MK19 7,343.3615913548256
MK13 7,MK13 8,1827.61749147178
MK13 7,MK13 9,1389.5544764244346
MK13 7,MK14 6,3606.238533043798
MK13 8,MK13 9,633.7139847434051
MK13 8,MK14 6,24.92521961784123
MK13 8,MK14 7,677.242574111071
MK13 8,MK5 8,572.230494170048
MK13 8,MK8 8,184.50760249888705
MK13 8,MK9 2,823.0854373373176
MK13 8,MK9 3,657.673275060796
MK13 9,MK8 8,1138.7133258733752
MK14 5,MK14 6,5461.756834018697
MK14 5,MK15 8,2546.9831198862644
MK14 5,MK16 0,1317.2679145660563
MK14 5,MK16 8,4770.3753207917425
MK14 5,MK19 7,7707.604946306423
MK14 6,MK14 7,1857.872227547701
MK14 6,MK15 8,592.4696322525913
MK14 7,MK15 8,28.448929752191734
MK14 7,MK15 9,1204.7490827533297
MK14 7,MK9 2,186.4388654711435
MK14 7,MK9 3,1830.7849849880286
MK15 0,MK6 3,2507.9412918387698
MK15 0,MK9 3,1345.45646039153
MK15 8,MK15 9,2018.6001645322356
MK15 8,MK16 0,786.3903992696794
MK15 9,MK16 0,818.4544123724276
MK15 9,MK9 3,1629.5865253197364
MK16 0,MK16 8,3061.328322820322
MK16 0,MK16 9,8167.913676296566
MK16 0,MK17 8,1328.965761071992
MK16 0,MK43 0,2447.862768122363
MK16 0,MK46 5,1862.7414647267499
MK16 8,MK16 9,9065.410750351162
MK16 8,MK19 7,6023.652588363392
MK16 8,MK46 5,4605.852926597497
MK16 8,NN7 2,3555.9795787997646
MK16 9,MK43 0,6281.576520302497
MK16 9,MK43 8,4372.020093246395
MK16 9,MK46 5,27108.058492883207
MK17 0,MK17 9,1092.7476063382978
MK17 0,MK18 1,3729.3529205438554
MK17 0,MK18 2,13064.384358438958
MK17 0,MK18 3,16077.571448544111
MK17 0,MK18 5,7123.242153398139
MK17 0,MK19 6,6721.331067632763
MK17 0,MK3 5,6877.914683866409
MK17 0,MK3 7,896.5777589235786
MK17 0,MK4 4,4455.124805054652
MK17 0,MK8 0,1455.5105814908968
MK17 7,MK17 8,5641.660172763308
MK17 8,MK17 9,7251.567006242109
MK17 8,MK43 0,12273.289063042193
MK17 8,MK7 7,1558.4792025614047
MK17 8,MK7 8,1198.5138866021546
MK17 9,MK2 2,3674.806034467583
MK17 9,MK2 3,2163.5990176384084
MK17 9,MK3 5,2955.8558689480938
MK17 9,MK43 0,4969.501517925985
MK17 9,MK45 1,1082.6111437712873
MK17 9,MK45 5,2963.037726888495
MK17 9,MK7 8,2656.810624887224
MK18 1,MK18 2,364.83988319821384
MK18 1,MK18 4,3154.3732439922687
MK18 1,MK18 5,6525.848864081816
MK18 1,MK18 7,6977.495678095417
MK18 2,MK18 3,10788.669093521761
MK18 2,MK18 4,14148.676489524982
MK18 2,MK18 5,8.274745343733313
MK18 2,MK18 7,5578.0643881323085
MK18 2,OX27 0,2413.047368881949
MK18 2,OX27 9,1291.7969292519135
MK18 4,MK18 5,7923.693028701717
MK18 4,MK18 7,1521.262744622516
MK18 4,NN13 5,10675.453878026343
MK18 4,OX27 9,7320.511929486455
MK18 5,MK19 6,8046.552989551383
MK18 5,NN12 8,7791.920201803027
MK18 5,NN13 5,19224.78085495025
MK19 6,MK19 7,2042.960569045512
MK19 6,NN12 7,7117.243179298909
MK19 7,NN12 7,8489.375637943205
MK19 7,NN7 2,6769.1042539210175
MK2 2,MK2 3,2149.701696546276
MK2 2,MK3 5,672.7704226795761
MK2 2,MK3 6,814.7035005121955
MK2 2,MK6 3,864.1513467158708
MK2 2,MK6 4,1394.321869800664
MK2 2,MK7 8,818.315022038989
MK2 3,MK3 5,2659.4147180175055
MK3 5,MK3 6,2082.783010285508
MK3 5,MK3 7,2358.880250514021
MK3 6,MK3 7,4831.959610852064
MK3 7,MK4 1,1386.5289880815985
MK3 7,MK4 2,773.7055398878456
MK3 7,MK4 3,1618.6554424215115
MK3 7,MK4 4,45.40647436205236
MK3 7,MK5 8,81.40449339651437
MK3 7,MK6 4,273.75103916613637
MK4 1,MK4 2,1372.9663136966055
MK4 1,MK5 7,1650.1773025038115
MK4 1,MK5 8,898.9154525931308
MK4 2,MK4 3,2100.949677947515
MK4 2,MK4 4,754.2496426173601
MK4 2,MK5 7,1440.278854291374
MK4 3,MK4 4,5031.878215872468
MK4 4,MK5 6,1800.7102335813386
MK4 4,MK5 7,1253.350667194279
MK4 4,MK8 0,2898.1420368152267
MK40 1,MK40 2,1609.8222969947808
MK40 1,MK40 3,475.7619981386012
MK40 1,MK40 4,1120.32601414872
MK40 1,MK42 9,956.5743244893627
MK40 2,MK40 3,2358.596254416401
MK40 2,MK40 4,1246.147883972779
MK40 2,MK41 6,1234.3157812209251
MK40 2,MK41 7,5667.392088920048
MK40 2,MK41 9,254.29584378817054
MK40 2,MK43 8,1229.505797213673
MK40 3,MK41 9,3252.4554195495034
MK40 3,MK42 0,1342.8054777016177
MK40 4,MK42 7,284.2263907684364
MK40 4,MK42 8,2689.340944395014
MK40 4,MK42 9,382.04446822686594
MK40 4,MK43 8,6211.432261129718
MK41 0,MK41 8,2136.730018511843
MK41 0,MK41 9,4748.391023665904
MK41 0,MK42 0,2352.76116435329
MK41 0,MK44 2,4991.347718178276
MK41 0,MK44 3,8849.990887437487
MK41 6,MK41 7,2486.703530525657
MK41 6,MK43 7,3603.4449799469758
MK41 6,MK43 8,1491.4974957390586
MK41 6,MK44 1,1535.876239305493
MK41 6,MK44 2,4755.0845760920165
MK41 7,MK41 8,4671.08744662408
MK41 7,MK41 9,323.20679625485485
MK41 7,MK44 2,3636.2271324997346
MK41 8,MK41 9,2700.2895682673534
MK41 8,MK44 2,349.3757639781819
MK41 9,MK42 0,1429.3479876756444
MK42 0,MK42 9,4428.57494921369
MK42 0,MK44 3,4946.641586413545
MK42 0,MK45 3,3592.4872177333145
MK42 6,MK42 7,132.89532184505603
MK42 6,MK42 9,4137.017592037569
MK42 6,MK45 3,6014.75147821295
MK42 7,MK42 8,3351.7065748008235
MK42 7,MK42 9,3704.65836200293
MK42 7,MK43 8,1110.8894490939392
MK42 7,MK43 9,3899.2102730478455
MK42 7,MK45 3,2250.6919942163204
MK42 8,MK42 9,1828.6375245712838
MK42 9,MK45 3,1332.620373910478
MK43 0,MK43 1,3956.1085837550213
MK43 0,MK43 2,8163.867955524769
MK43 0,MK43 8,938.1622996265421
MK43 0,MK43 9,9880.456078397458
MK43 0,MK45 2,5219.51216184573
MK43 0,MK45 5,2076.967775554634
MK43 7,MK43 8,12597.673857190284
MK43 7,MK44 1,17378.987971043647
MK43 7,MK46 4,3582.1209398700885
MK43 7,NN29 7,7312.458687663704
MK43 8,MK43 9,6759.029066227829
MK43 8,MK46 4,6011.77624199184
MK43 8,MK46 5,6987.279699130868
MK43 9,MK45 3,6980.506523630256
MK44 1,MK44 2,15175.246561862392
MK44 1,NN10 0,916.6185450848043
MK44 1,NN10 9,1418.2550286055339
MK44 1,NN29 7,1363.2870997047785
MK44 1,NN9 6,8381.692210501398
MK44 1,PE28 0,6716.456624630728
MK44 2,MK44 3,8293.773057777726
MK44 2,PE19 5,16504.074374396954
MK44 2,PE28 0,3580.718297441175
MK44 3,MK45 3,3018.856912060148
MK44 3,PE19 0,3649.2821013228863
MK44 3,PE19 2,853.4662411518677
MK44 3,PE19 5,4620.334462331959
MK44 3,PE19 8,1896.9617168339294
MK44 3,SG18 9,7251.455505123075
MK44 3,SG19 1,6808.79841779615
MK44 3,SG19 2,9530.415418900238
MK44 3,SG19 3,1012.5094825877459
MK45 1,MK45 2,3062.712885695272
MK45 1,MK45 5,13009.249060106173
MK45 2,MK45 3,7749.583093520034
MK45 2,MK45 4,4140.837844516848
MK45 2,MK45 5,5669.243773457673
MK45 3,MK45 4,2590.3389951720546
MK45 3,SG17 5,2131.4290969871163
MK45 3,SG18 9,3603.6135551926072
MK45 4,MK45 5,8774.059924737969
MK45 4,SG17 5,6594.985931925261
MK45 4,SG5 3,11511.276450908927
MK46 4,MK46 5,11117.203937937025
MK46 4,NN29 7,2725.9512592505876
MK46 4,NN7 1,874.0232751050138
MK46 5,NN7 1,5547.13640914518
MK46 5,NN7 2,3525.726276175278
MK5 6,MK5 7,1773.2442961411464
MK5 6,MK5 8,1632.9327325864
MK5 6,MK8 0,4102.31070009334
MK5 6,MK8 9,142.6606283246813
MK5 7,MK5 8,1223.8600448517059
MK5 8,MK6 2,751.5650486567762
MK5 8,MK6 4,1411.674710750402
MK5 8,MK8 8,187.72343753755126
MK5 8,MK8 9,1634.4100105389246
MK5 8,MK9 2,1355.000444562868
MK6 2,MK6 3,943.2865737184882
MK6 2,MK6 4,370.21746176744347
MK6 2,MK6 5,1845.9251785108847
MK6 2,MK9 2,1340.7979757978962
MK6 2,MK9 3,1122.6358512437778
MK6 2,MK9 4,22.82041588183596
MK6 3,MK6 4,2804.990825780943
MK6 3,MK6 5,871.4026747972874
MK6 3,MK7 7,2631.1767830639774
MK6 3,MK7 8,191.57724302466013
MK6 3,MK9 3,495.05604448649683
MK6 3,MK9 4,426.6081698437659
MK6 4,MK6 5,2928.296710510098
MK7 6,MK7 7,3169.323282347306
MK7 7,MK7 8,4010.7485841555417
MK8 0,MK8 1,2887.5637512783937
MK8 0,MK8 8,23.291765176313586
MK8 0,MK8 9,457.03507521502047
MK8 1,MK8 8,1214.9523213671637
MK8 8,MK8 9,1202.4212086934492
MK9 2,MK9 3,4112.1126726869425
MK9 3,MK9 4,967.4928648815146
N1 0,N1 1,2235.5952864496403
N1 0,N1 2,223.74153204634922
N1 0,N1 8,416.08012730084465
N1 0,N1 9,1726.338153743121
N1 0,N1C 4,380.8273898241448
N1 0,N7 9,615.8432303327722
N1 1,N1 2,1425.9756180945778
N1 1,N5 1,282.0336787851911
N1 1,N7 8,1164.611210261781
N1 1,N7 9,392.027083316086
N1 2,N1 3,1434.311567215293
N1 2,N1 4,404.78754763974325
N1 2,N1 8,690.7623457820315
N1 2,N5 1,707.8475705463875
N1 2,N5 2,685.0645672894792
N1 3,N1 4,1046.760249289354
N1 3,N1 5,1368.4059495337578
N1 3,N1 7,390.8385361985796
N1 3,N1 8,569.5871529646618
N1 4,N1 5,742.2114330771537
N1 4,N16 8,1366.6211437021373
N1 4,N16 9,476.72714758789516
N1 4,N5 2,138.82860688599433
N1 5,N1 6,1291.273241028449
N1 5,N1 7,156.20844281614785
N1 6,N1 7,1103.3038000022473
N1 7,N1 8,2423.268075866748
N1 8,N1 9,130.55590481118793
N1 9,N1C 4,533.3826699951829
N1 9,WC1X 8,341.0858722352692
N1 9,WC1X 9,1028.7147217236052
N10 1,N10 2,2702.5575734637728
N10 1,N10 3,921.6728823862954
N10 1,N11 3,614.2531671882851
N10 1,N12 0,953.5786710871224
N10 1,N2 9,2330.659831067467
N10 2,N10 3,916.7088029681396
N10 2,N11 2,1163.6285658963911
N10 2,N11 3,1160.1350707613608
N10 2,N22 7,2195.198214680807
N10 2,N8 7,729.0609471832435
N10 2,N8 8,174.4504835560437
N10 3,N2 9,1095.946737863856
N10 3,N6 4,1049.1069600928593
N10 3,N6 5,1184.0785618138354
N10 3,N8 8,1235.6560878011785
N11 1,N11 2,1459.9498279732786
N11 1,N11 3,1658.8399268983023
N11 1,N13 4,86.54027959820587
N11 1,N14 5,452.3455944261433
N11 1,N14 7,2153.921678354689
N11 1,N20 0,1812.1752624298338
N11 2,N13 4,1611.3456769453292
N11 2,N22 7,804.35252724701
N11 2,N22 8,1410.243624808328
N11 3,N12 0,679.3554302919806
N11 3,N12 9,399.4811879218013
N11 3,N20 0,2163.440538718208
N12 0,N12 7,34.39808066712711
N12 0,N12 8,820.3862060124643
N12 0,N12 9,2630.5521565734775
N12 0,N2 9,1246.5355008027213
N12 0,N3 1,307.2657951740136
N12 0,N3 2,1428.7676885163335
N12 7,N12 8,3765.481206177477
N12 7,N20 0,1407.5533157490486
N12 7,N20 8,1839.4205738198618
N12 7,N3 1,771.5079767826165
N12 7,NW7 1,2261.5599611596476
N12 8,N12 9,1183.5298597977107
N12 8,N20 0,888.4143173895092
N12 8,N3 1,655.2879367868103
N12 9,N20 0,1749.0278227371068
N13 4,N13 5,2468.122853264301
N13 4,N13 6,913.2083737652982
N13 4,N14 6,534.9797090887332
N13 4,N14 7,2134.106349417449
N13 4,N21 3,1969.6790960601484
N13 4,N22 5,356.9596690842486
N13 4,N22 8,1828.251633059897
N13 5,N13 6,1594.4248010068713
N13 5,N18 1,432.5104941078472
N13 5,N21 2,771.4651257951808
N13 5,N21 3,1762.2289792728368
N13 5,N9 9,784.3957765178676
N13 6,N17 7,738.3091435261057
N13 6,N18 1,1464.9540394174571
N13 6,N22 5,1022.3454410343837
N14 4,N14 5,2228.475792483824
N14 4,N14 6,862.9554527569153
N14 4,N21 1,1473.4584742945408
N14 5,N14 6,1639.308780615113
N14 5,N14 7,1071.3325335173945
N14 6,N14 7,3223.1230110522583
N14 6,N21 1,1996.3072748239338
N14 6,N21 3,849.5975633761951
N15 3,N15 4,66.15274262674366
N15 3,N15 5,406.5176623614933
N15 3,N17 6,990.2394959635014
N15 3,N22 6,346.4334930485603
N15 3,N4 1,872.571983934159
N15 3,N8 0,1403.1813105002745
N15 4,N15 5,2684.4367068312886
N15 4,N15 6,1032.993556436104
N15 4,N17 6,1678.6265585837766
N15 4,N17 9,1268.1097885741167
N15 5,N15 6,945.3431607147843
N15 5,N4 1,793.3769636831669
N15 6,N16 5,1104.4309149255696
N15 6,N16 6,1262.9031472191148
N15 6,N17 9,315.2427965815558
N15 6,N4 1,1397.6587482481832
N15 6,N4 2,345.70837632374554
N16 0,N16 5,2801.3472640889863
N16 0,N16 7,380.8804336698016
N16 0,N16 8,1239.9122133625974
N16 0,N16 9,1020.1465879467343
N16 0,N4 2,740.0332885698697
N16 0,N5 2,297.91517399760926
N16 5,N16 6,1738.8221212301062
N16 5,N16 7,46.00093691818343
N16 5,N4 1,72.68784203722367
N16 5,N4 2,1675.3311721389123
N16 6,N16 7,1000.8425202811442
N16 7,N16 8,1397.97967874141
N16 8,N16 9,975.9846761874835
N16 9,N5 2,1106.265359942224
N17 0,N17 6,0.9406561545005901
N17 0,N17 8,1433.528655840548
N17 0,N17 9,2612.4054057884036
N17 0,N18 2,1889.3903326365105
N17 6,N17 7,1399.9458900032841
N17 6,N17 8,274.8333691167644
N17 6,N17 9,1079.581222994909
N17 6,N22 5,75.42768250772555
N17 6,N22 6,1225.031847444046
N17 7,N17 8,2547.159979627713
N17 7,N18 1,864.6285810534009
N17 7,N22 5,882.237990855673
N17 8,N18 1,895.329440534952
N17 8,N18 2,276.5205489738087
N18 1,N18 2,1625.1745526989491
N18 1,N9 9,1440.9113788400348
N18 2,N9 0,2324.693224671833
N18 2,N9 8,1717.1655174531609
N18 2,N9 9,763.2079960232313
N19 3,N19 4,3827.2399477009944
N19 3,N19 5,863.1506798722992
N19 3,N4 4,562.0163059892083
N19 3,N6 5,1342.751607528342
N19 3,N7 6,177.57698164488713
N19 3,N8 9,250.26687746323816
N19 4,N19 5,642.4097433200293
N19 4,N4 3,1758.114993114337
N19 4,N4 4,160.67567176194157
N19 4,N7 0,1471.042496012965
N19 4,N7 6,734.7732940848036
N19 5,N6 5,631.4100409781147
N19 5,N6 6,825.2331333371741
N19 5,N7 0,1384.2052094013852
N19 5,NW5 1,1119.787312810404
N19 5,NW5 2,502.78712751546175
N1C 4,N7 9,281.6357610280286
N1C 4,NW1 0,602.1127328305274
N1C 4,NW1 1,1231.9842594551042
N1C 4,NW1 9,675.7028561866501
N1C 4,WC1H 8,116.3635030753171
N2 0,N2 8,1931.8649845153782
N2 0,N2 9,445.1979733475174
N2 0,N3 2,347.9412323314097
N2 0,N3 3,433.4576570005493
N2 0,N6 4,3156.308066164439
N2 0,NW11 6,6865.474286635647
N2 0,NW11 7,702.4617645668684
N2 8,N2 9,2743.8715292169118
N2 8,N3 2,607.44272682823
N2 9,N3 2,210.68403242914226
N2 9,N6 4,661.0107255452117
N20 0,N20 8,660.2279525200315
N20 0,N20 9,3041.7321912061348
N20 8,N20 9,801.2096232985034
N20 8,NW7 1,1683.1881703954548
N20 8,NW7 4,2151.394855055895
N21 1,N21 2,2023.7445332241653
N21 1,N21 3,2188.1153510463078
N21 2,N21 3,3690.03775276767
N21 2,N9 9,1586.0988105614283
N21 3,N9 9,861.0144278350966
N22 5,N22 6,1515.5679646048081
N22 5,N22 7,419.64424215358144
N22 5,N22 8,871.6795094344757
N22 6,N22 7,967.9024504538288
N22 6,N8 0,1858.4792584773138
N22 7,N22 8,771.7901526320162
N22 7,N8 0,350.10747014201144
N22 7,N8 7,820.0637185344499
N3 1,N3 2,2155.2788913248105
N3 1,N3 3,1419.7840624589594
N3 1,NW4 1,487.8650597122252
N3 1,NW7 1,1884.0934387247798
N3 2,N3 3,1359.179199866519
N3 3,NW11 0,386.050482967227
N3 3,NW11 6,745.1142429957963
N3 3,NW4 1,964.4797295725042
N3 3,NW4 2,545.7988595789044
N4 1,N4 2,1853.6043550354825
N4 1,N4 3,625.9642117247977
N4 1,N4 4,1266.1709433679678
N4 1,N8 0,1025.3099867418457
N4 2,N4 3,366.6326011771756
N4 2,N5 1,1528.3973138241402
N4 2,N5 2,837.4493328899215
N4 2,N7 7,576.6437878450065
N4 3,N4 4,2218.9024063931297
N4 3,N7 6,1.5978655018097407
N4 3,N7 7,1986.9920696303448
N4 4,N8 0,18.7920211021792
N4 4,N8 9,1604.6665129381363
N5 1,N5 2,1665.1397193889172
N5 1,N7 7,1077.2301608343869
N5 1,N7 8,752.8832526347041
N6 4,N6 5,2229.087146847214
N6 4,N6 6,1569.8027963776372
N6 4,NW11 6,8.164897121853588
N6 5,N6 6,533.1654252403318
N6 5,N8 8,1824.804498951111
N6 5,N8 9,175.6656129699913
N6 6,NW11 6,211.48774472777046
N6 6,NW3 2,352.5545349529102
N6 6,NW3 7,773.9097501583639
N6 6,NW5 1,2931.9440985151155
N7 0,N7 6,717.507242715757
N7 0,N7 9,1856.34993131907
N7 0,NW1 9,231.08674840359706
N7 0,NW5 2,840.4848416217543
N7 6,N7 7,2286.3025480370393
N7 6,N7 9,419.39406911122995
N7 7,N7 8,389.39488789524717
N7 8,N7 9,1519.3952485170198
N7 9,NW1 9,990.6914067951114
N8 0,N8 7,1039.759221766706
N8 0,N8 9,451.34242661929216
N8 7,N8 8,1985.3891418337578
N8 7,N8 9,825.823577195811
N8 8,N8 9,2314.981085320544
N9 0,N9 7,663.7464713390162
N9 0,N9 8,1718.3553864420494
N9 0,N9 9,1309.1259997286352
N9 7,N9 8,2273.4752886628066
N9 7,N9 9,1306.348853322045
NE1 1,NE1 2,193.1290512664464
NE1 1,NE1 3,715.5822491250784
NE1 1,NE1 4,77.74425624993924
NE1 1,NE1 5,835.2763091275185
NE1 1,NE1 6,294.64190132764816
NE1 2,NE1 3,1048.4038464253533
NE1 2,NE1 6,1628.6129640178551
NE1 2,NE2 1,1722.3409267023824
NE1 2,NE6 1,94.85114444000274
NE1 3,NE1 4,182.06049519045044
NE1 3,NE1 5,67.82643438885692
NE1 3,NE1 6,659.3749902860607
NE1 3,NE4 7,549.627340671583
NE1 4,NE1 5,1278.721873649956
NE1 4,NE1 8,991.6644702331073
NE1 4,NE2 4,2840.5377773055816
NE1 4,NE4 5,840.5878343581052
NE1 4,NE4 6,657.1655240493119
NE1 4,NE4 7,647.7501052926958
NE1 5,NE1 6,693.0889441220758
NE1 5,NE1 8,171.91142561501135
NE1 5,NE4 5,310.2081174849339
NE1 6,NE1 8,485.504225509589
NE1 6,NE2 1,445.09468208531575
NE1 8,NE2 1,605.4304106677787
NE1 8,NE2 4,510.4097748818699
NE10 0,NE10 8,3593.83117136527
NE10 0,NE10 9,3865.4110022783148
NE10 0,NE31 1,956.3372439725539
NE10 0,NE31 2,1618.6679968613123
NE10 0,NE8 3,2515.489969909026
NE10 8,NE10 9,3718.9791977851964
NE10 8,NE36 0,2733.65005603232
NE10 8,NE37 1,452.43330768787087
NE10 8,NE37 3,1167.7791192879417
NE10 8,NE9 6,340.2677947950166
NE10 8,NE9 7,3658.6030003017363
NE10 9,NE8 3,931.4549339985333
NE10 9,NE9 5,1256.0079842409682
NE10 9,NE9 6,1853.2013267440677
NE11 0,NE11 9,2547.1520778286454
NE11 0,NE16 5,5541.280955119886
NE11 0,NE8 4,3953.177709397302
NE11 0,NE9 6,57.51664160112561
NE11 0,NE9 7,2455.466652145791
NE11 9,NE16 3,2507.724125299955
NE11 9,NE16 4,2547.6608488147126
NE11 9,NE16 5,657.2148987338368
NE11 9,NE8 2,1885.1487551927494
NE11 9,NE8 4,1296.9496190447476
NE12 5,NE12 6,1870.9367491724888
NE12 5,NE13 6,605.2195221364651
NE12 5,NE23 7,2101.059185705452
NE12 6,NE12 7,4281.910312490993
NE12 6,NE12 9,1666.4615690431453
NE12 6,NE13 6,1.6168591898454652
NE12 6,NE23 7,927.0886393345945
NE12 6,NE27 0,1567.3787688241973
NE12 7,NE12 8,2531.106621178865
NE12 7,NE12 9,5729.97169493788
NE12 7,NE13 6,340.2851685066575
NE12 7,NE3 5,2189.762359200374
NE12 8,NE12 9,2885.8981718823134
NE12 8,NE3 5,1551.2320903508976
NE12 8,NE7 7,2379.165226145447
NE12 9,NE27 0,4842.145599302153
NE12 9,NE28 8,1346.5645065777055
NE12 9,NE28 9,2874.40449602237
NE12 9,NE7 7,1790.0754332647007
NE13 6,NE13 7,7799.162254275824
NE13 6,NE13 9,222.79196241646076
NE13 6,NE20 9,6948.147588109821
NE13 6,NE22 6,2227.134207927573
NE13 6,NE23 7,3809.4237182560037
NE13 6,NE23 8,10187.622390451048
NE13 6,NE3 5,2492.979307231396
NE13 6,NE61 3,1616.1835893469747
NE13 6,NE61 6,11639.944570384938
NE13 7,NE13 8,2264.349468806098
NE13 7,NE13 9,3519.0011022297945
NE13 7,NE20 9,5843.533910623408
NE13 8,NE13 9,3012.264059516166
NE13 8,NE20 9,2347.5451577707145
NE13 8,NE3 2,2129.916023884744
NE13 8,NE5 1,3805.912604687461
NE13 8,NE5 4,926.5454166331041
NE13 9,NE3 2,1382.936766538375
NE13 9,NE3 5,2434.0775767529367
NE15 0,NE15 8,1111.5864853296393
NE15 0,NE15 9,3280.5606739474515
NE15 0,NE18 0,12866.372065139198
NE15 0,NE20 0,7286.494889450571
NE15 0,NE20 9,1802.1699188021662
NE15 0,NE40 3,1348.46792958843
NE15 0,NE41 8,6912.962607305764
NE15 0,NE42 5,669.6232740927564
NE15 0,NE42 6,6513.014991974535
NE15 0,NE43 7,3402.654583829223
NE15 0,NE5 1,690.4872939557116
NE15 6,NE15 7,5196.052344530741
NE15 6,NE15 8,1819.767677851762
NE15 6,NE4 8,2378.9992717052055
NE15 6,NE4 9,728.1243771717513
NE15 7,NE15 8,3306.546599855572
NE15 7,NE4 9,56.25271358794835
NE15 7,NE5 2,1893.1827863851972
NE15 7,NE5 5,683.7456402072979
NE15 8,NE15 9,8330.602995264986
NE15 8,NE5 1,436.1385551100769
NE15 8,NE5 5,678.1974361135145
NE15 9,NE5 1,6449.994328675309
NE16 3,NE16 4,2152.201147120372
NE16 3,NE16 5,1196.3486803829123
NE16 3,NE21 5,185.35273377824487
NE16 4,NE16 5,6283.510345496293
NE16 5,NE16 6,3949.992050222128
NE16 5,NE21 5,655.3616575352544
NE16 5,NE21 6,3572.765037735042
NE16 5,NE39 1,1643.6825402771594
NE16 6,NE39 1,4564.024890346422
NE17 7,NE39 1,5250.444143809049
NE17 7,NE43 7,6506.30088958463
NE18 0,NE20 0,20009.13586351328
NE19 1,NE19 2,3055.294046855538
NE19 1,NE48 1,27305.818183927964
NE19 1,NE48 2,21521.562743315553
NE19 1,NE61 4,8688.353842666473
NE19 1,NE65 7,34200.01743871954
NE19 2,NE20 0,27573.704905887047
NE19 2,NE43 7,53.39607346150086
NE19 2,NE45 5,8976.806304684576
NE19 2,NE46 4,20538.024857122044
NE19 2,NE48 2,8210.35763043284
NE19 2,NE48 3,4899.3236310033135
NE19 2,NE61 4,17347.417410360642
NE2 1,NE2 2,1907.1050579570338
NE2 1,NE2 3,51.19570294468082
NE2 1,NE2 4,838.7739526381451
NE2 1,NE6 1,312.9212575974537
NE2 1,NE6 5,2648.4080108764556
NE2 1,NE7 7,110.11801024637016
NE2 2,NE2 3,3311.8028751619377
NE2 2,NE2 4,630.5774537175121
NE2 2,NE7 7,1256.3753594274247
NE2 3,NE2 4,1507.3237074057859
NE2 3,NE3 1,2544.1958677374323
NE2 3,NE3 4,456.83896279218743
NE2 3,NE7 7,147.4966926523693
NE2 4,NE3 4,1696.7663680271182
NE2 4,NE4 5,1142.756730371
NE2 4,NE4 6,846.5967669672623
NE2 4,NE4 9,697.4476068273918
NE2 4,NE5 3,54.86059824825628
NE20 0,NE20 9,12848.302324327746
NE20 0,NE43 7,1757.9454382302422
NE20 0,NE61 3,13008.108260155937
NE20 0,NE61 4,4873.762787699306
NE20 9,NE5 1,4696.495744924583
NE20 9,NE61 3,2449.397614076062
NE21 4,NE21 5,2721.4417020412257
NE21 4,NE21 6,965.2856493241242
NE21 4,NE40 3,1935.3400874704719
NE21 4,NE40 4,5099.199101104983
NE21 5,NE21 6,3431.169484646868
NE21 6,NE39 1,4751.18440706508
NE21 6,NE39 2,3426.899543454499
NE21 6,NE40 4,2351.3241850085924
NE22 5,NE22 6,3976.318355630926
NE22 5,NE22 7,5425.770970659127
NE22 5,NE23 3,4061.2251791357003
NE22 5,NE24 4,2887.2335855498904
NE22 5,NE62 5,997.134831131766
NE22 6,NE22 7,430.76112658163134
NE22 6,NE23 8,54.6032444293882
NE22 6,NE61 2,2322.55475148068
NE22 6,NE61 6,1953.8720474976637
NE22 6,NE62 5,1662.2651577610009
NE22 7,NE24 1,1546.4527747085283
NE22 7,NE62 5,7453.9931501246965
NE23 1,NE23 2,1396.136288217731
NE23 1,NE23 3,3377.7530990940154
NE23 1,NE23 6,2515.160123013104
NE23 1,NE23 8,3558.866612744925
NE23 2,NE23 3,1762.2747944712346
NE23 2,NE23 6,1057.767005676936
NE23 2,NE24 4,793.768202892453
NE23 2,NE25 0,1695.3679611374569
NE23 3,NE23 8,984.7384319195259
NE23 3,NE24 4,2104.714730873739
NE23 6,NE23 7,5999.623193871861
NE23 6,NE23 8,1449.8276353623785
NE23 6,NE25 0,1887.6422123278603
NE23 7,NE23 8,1261.5668466635543
NE23 7,NE25 0,3709.5748105527177
NE23 7,NE27 0,2766.519731752865
NE24 1,NE24 2,1448.163460857463
NE24 1,NE24 3,128.94222064380108
NE24 1,NE24 5,1334.77203566202
NE24 1,NE62 5,2050.5317538675286
NE24 2,NE24 3,3554.403134364482
NE24 2,NE24 4,94.64329240580166
NE24 2,NE24 5,1523.6165357749278
NE24 3,NE24 4,1862.2534545614428
NE24 3,NE26 4,1928.0289162630893
NE24 4,NE24 5,3972.6045985945793
NE24 4,NE25 0,3166.415167510813
NE24 4,NE26 4,661.3485076839925
NE25 0,NE25 9,829.0975998806571
NE25 0,NE26 3,2308.770638969269
NE25 0,NE26 4,4791.124703085419
NE25 0,NE27 0,3343.401827324469
NE25 8,NE25 9,3225.1770790745436
NE25 8,NE26 1,178.092881402015
NE25 8,NE26 2,1825.869499642123
NE25 8,NE26 3,567.884265923791
NE25 8,NE27 0,725.7152028157373
NE25 8,NE29 9,731.4803845408084
NE25 8,NE30 3,1768.0839423515472
NE25 9,NE26 3,4396.565365836581
NE25 9,NE27 0,5440.6594593912605
NE26 1,NE26 2,1063.8647391058782
NE26 1,NE26 3,2548.7222493899044
NE26 1,NE26 4,822.6375094198773
NE26 2,NE26 3,260.00108204166884
NE26 2,NE30 4,480.49896030099865
NE26 3,NE26 4,3567.0458090202224
NE27 0,NE28 9,438.17925867051525
NE27 0,NE29 8,4677.316648983159
NE27 0,NE29 9,82.5365525084486
NE28 0,NE28 6,6199.590835434336
NE28 0,NE28 7,2203.383368489091
NE28 0,NE28 9,759.4875153939008
NE28 0,NE29 6,2593.442679800275
NE28 0,NE29 7,1594.8617956026194
NE28 6,NE28 7,3842.0385223608378
NE28 6,NE28 8,688.1773799463535
NE28 6,NE6 4,1575.5518180877875
NE28 7,NE28 8,1293.0969884813478
NE28 7,NE28 9,1795.851656265384
NE28 8,NE28 9,3360.6040632816375
NE28 8,NE6 4,2232.3610651221948
NE28 8,NE6 5,449.77387774668307
NE28 8,NE7 7,1091.2785175738636
NE28 9,NE29 8,1365.9093660530793
NE29 0,NE29 6,915.5522570871302
NE29 0,NE29 7,2048.518273260345
NE29 0,NE29 8,639.5669294372926
NE29 0,NE29 9,1096.0970166033328
NE29 0,NE30 2,1612.1426683910518
NE29 6,NE29 7,1823.370437843291
NE29 6,NE30 1,1975.6916263518606
NE29 6,NE30 2,312.978843164397
NE29 7,NE29 8,2187.048784428661
NE29 8,NE29 9,2128.140227540152
NE29 9,NE30 2,3730.7778220947635
NE29 9,NE30 3,1217.7296618159114
NE3 1,NE3 2,294.22721660090434
NE3 1,NE3 3,1044.097091219942
NE3 1,NE3 4,2669.140022904709
NE3 1,NE3 5,2033.5618599248085
NE3 1,NE7 7,2873.7982490930917
NE3 2,NE3 3,5040.845474349098
NE3 2,NE3 5,5399.588523740787
NE3 2,NE5 3,192.74318087298215
NE3 2,NE5 4,1273.1290240162582
NE3 3,NE3 4,6343.178162397814
NE3 3,NE5 3,2041.5182816697209
NE3 4,NE5 3,2316.706702122314
NE3 5,NE7 7,38.81553604108283
NE30 1,NE30 2,1110.8472440810256
NE30 1,NE30 4,777.6812833279623
NE30 2,NE30 3,2381.305736357157
NE30 2,NE30 4,4043.973541044304
NE30 3,NE30 4,1764.57391663877
NE31 1,NE31 2,5735.635980538074
NE31 1,NE32 3,707.3438175928472
NE31 1,NE32 5,716.5173807473547
NE31 2,NE32 4,248.7298817812728
NE31 2,NE32 5,5919.686096552668
NE31 2,NE36 0,1387.1770924919613
NE32 3,NE32 4,664.3521788829007
NE32 3,NE32 5,3061.4469952697
NE32 3,NE33 5,566.4710641210121
NE32 3,NE34 9,2306.93801450247
NE32 4,NE32 5,1456.1462042564972
NE32 4,NE34 9,1128.648473175746
NE32 4,NE35 9,1371.1074389378007
NE32 4,NE36 0,3411.5751095654546
NE33 1,NE33 2,1108.064681739494
NE33 1,NE33 4,935.118172881223
NE33 1,NE33 5,1564.0682312995048
NE33 2,NE33 3,3266.21816912425
NE33 2,NE33 4,330.0034062947361
NE33 3,NE33 4,2818.711341003597
NE33 3,NE34 6,1541.112886376504
NE33 3,NE34 7,1557.8273188308226
NE33 4,NE33 5,2678.3984097399507
NE33 4,NE34 0,5513.065542321852
NE33 4,NE34 6,511.22887727640887
NE33 4,NE34 9,272.1151424888393
NE33 5,NE34 0,437.0932267127216
NE33 5,NE34 9,1669.2833546035888
NE34 0,NE34 6,1661.624991737936
NE34 0,NE34 8,1595.576164511105
NE34 0,NE34 9,2086.3333024813087
NE34 6,NE34 7,3739.1247809741853
NE34 6,NE34 8,455.0163513487565
NE34 7,NE34 8,2109.6366457554823
NE34 7,SR6 7,2404.135289920476
NE34 8,NE34 9,1292.4352502249858
NE34 8,NE36 0,1714.6683144368185
NE34 8,SR6 7,2700.649488087785
NE34 9,NE35 9,1761.3255783058682
NE34 9,NE36 0,358.02944888163915
NE35 9,NE36 0,4630.442152365153
NE36 0,NE37 3,3149.07484690919
NE36 0,SR5 1,871.9371314684531
NE36 0,SR5 2,451.62428937807283
NE36 0,SR5 4,1892.0538370178438
NE36 0,SR5 5,2642.552796337556
NE36 0,SR6 7,6035.163257892454
NE36 0,SR6 8,667.4618257810455
NE37 1,NE37 2,3491.2185935923258
NE37 1,NE37 3,1042.6081357858602
NE37 1,NE38 0,1304.91319976882
NE37 1,NE38 7,928.2892403883657
NE37 1,NE9 7,4072.9638308016592
NE37 2,NE37 3,2823.76655710607
NE37 2,NE38 7,706.3535079210026
NE37 2,NE38 8,541.9717576040898
NE37 3,NE38 8,2957.6028019761943
NE37 3,SR5 3,1862.7613794593722
NE37 3,SR5 4,538.080758013371
NE38 0,NE38 7,1673.4953312725302
NE38 0,NE38 8,305.32532058905093
NE38 0,NE38 9,2340.5915481167444
NE38 7,NE38 8,3861.644324980705
NE38 8,NE38 9,1728.465258298794
NE38 8,SR5 3,546.9727179000381
NE39 1,NE39 2,9855.729163144682
NE39 1,NE40 4,759.5549105642904
NE39 1,NE41 8,2811.8370158135763
NE39 1,NE42 5,1258.2726198648231
NE39 1,NE43 7,1408.9308271228756
NE39 2,NE40 4,2944.6574473667397
NE4 5,NE4 6,3281.7858582592125
NE4 5,NE4 9,1912.4755140997097
NE4 6,NE4 7,4725.810312804516
NE4 6,NE4 8,1028.8235837818045
NE4 6,NE4 9,2.1906209160084416
NE4 7,NE4 8,2431.381520052275
NE4 8,NE4 9,818.4426432926524
NE4 9,NE5 2,2000.48654794462
NE4 9,NE5 3,1315.4900173113751
NE40 3,NE40 4,4451.760692543082
NE40 3,NE41 8,3781.32187642819
NE40 4,NE41 8,7728.586586635117
NE41 8,NE42 5,4217.490506620449
NE42 5,NE42 6,5643.155306070175
NE42 5,NE43 7,4565.576501877611
NE42 6,NE43 7,7645.373714876807
NE43 7,NE44 6,7862.521332284228
NE43 7,NE45 5,5996.311454673885
NE44 6,NE45 5,2678.916561484087
NE44 6,NE47 0,1125.6052564605704
NE45 5,NE46 1,6410.423384700101
NE45 5,NE46 4,13255.656232010939
NE45 5,NE47 0,5098.013739331995
NE46 1,NE46 2,9345.135456635751
NE46 1,NE46 3,744.8287015527824
NE46 1,NE46 4,2329.746826841937
NE46 1,NE47 0,14849.434004410525
NE46 1,NE47 6,5211.621180741969
NE46 1,NE47 9,1669.5354549823787
NE46 2,NE46 3,4461.145487262975
NE46 2,NE46 4,2542.183548463836
NE46 2,NE47 6,6015.123311823545
NE46 3,NE46 4,1414.487933806345
NE46 4,NE47 5,8540.025757654896
NE46 4,NE47 6,1969.2558646588916
NE46 4,NE48 3,16058.455031711208
NE46 4,NE48 4,21800.198356993773
NE47 0,NE47 9,15652.913554856534
NE47 5,NE47 6,12675.394055778608
NE47 5,NE48 3,8021.830266867424
NE47 6,NE47 7,12776.202205604342
NE47 6,NE47 8,3651.1238493228207
NE47 6,NE47 9,4203.79567527943
NE47 6,NE48 3,2539.351444957616
NE47 7,NE47 8,10139.969518908416
NE47 7,NE48 1,3095.0154686198493
NE47 7,NE48 3,20933.635464152972
NE47 7,NE49 0,13965.343908122066
NE47 8,NE47 9,20180.269900407497
NE47 8,NE49 0,19308.01118948347
NE47 8,NE49 9,113.56594367840074
NE48 1,NE48 2,12892.13379667346
NE48 1,NE48 3,10450.442112999188
NE48 2,NE48 3,27285.092729131302
NE48 3,NE48 4,10920.081052826154
NE49 0,NE49 9,8916.35206863024
NE5 1,NE5 2,1207.458706421446
NE5 1,NE5 4,2133.094127395139
NE5 1,NE5 5,2151.6738587786786
NE5 2,NE5 3,1746.1695554004557
NE5 2,NE5 4,886.7732315855935
NE5 2,NE5 5,4516.255224899955
NE5 3,NE5 4,1113.2533985482282
NE5 4,NE5 5,1340.6481323006442
NE6 1,NE6 2,6329.951910463571
NE6 1,NE6 3,177.70896209843937
NE6 1,NE6 5,862.9843455517815
NE6 2,NE6 3,4649.036498304462
NE6 2,NE6 4,3280.709554634097
NE6 2,NE6 5,885.498521676797
NE6 3,NE6 4,2273.8495533314385
NE6 4,NE6 5,841.2515544990906
NE6 5,NE7 7,1887.1576547376496
NE61 1,NE61 2,7209.5790433429975
NE61 1,NE61 3,1294.8485870646837
NE61 1,NE61 6,1324.364584377041
NE61 2,NE61 3,6020.161827695252
NE61 2,NE61 6,14729.919811379048
NE61 2,NE62 5,3245.462786164425
NE61 2,NE63 8,1086.4165812730153
NE61 3,NE61 4,17094.195919304424
NE61 3,NE61 5,13147.95911684094
NE61 3,NE61 6,13049.872626501325
NE61 3,NE63 8,5435.705710675535
NE61 3,NE65 8,6817.055517214245
NE61 3,NE65 9,7044.340166226496
NE61 4,NE65 7,13684.291618646705
NE61 4,NE65 8,34650.607006611295
NE61 5,NE63 8,89.25720477969962
NE61 5,NE63 9,1873.6999582464905
NE61 5,NE64 6,3610.166057539243
NE61 5,NE65 9,12063.989406355025
NE61 6,NE63 8,2479.4692341458726
NE62 5,NE63 0,1821.1692782933874
NE62 5,NE63 8,5816.445453471263
NE62 5,NE63 9,414.9025857412084
NE63 0,NE63 8,4138.725528618158
NE63 0,NE63 9,6634.703832733982
NE63 0,NE64 6,1036.201763370765
NE63 8,NE63 9,3718.2668322963987
NE63 9,NE64 6,4812.1179924195585
NE65 0,NE65 9,14375.364324578619
NE65 0,NE66 2,6710.065744600866
NE65 7,NE65 8,11850.204464786726
NE65 7,NE66 2,5213.343608648549
NE65 7,NE66 4,32314.559088281312
NE65 7,NE71 6,389.24428393065097
NE65 8,NE65 9,16600.963613755823
NE65 8,NE66 2,2679.754770681606
NE65 9,NE66 1,5003.015373926059
NE65 9,NE66 2,7978.580735023652
NE66 1,NE66 2,28583.693138372084
NE66 1,NE66 3,1789.5109777420905
NE66 2,NE66 3,27737.353127801958
NE66 2,NE66 4,34653.871729523606
NE66 2,NE67 5,6200.757414458573
NE66 3,NE67 5,10530.420621923247
NE66 4,NE66 5,16929.961727187365
NE66 4,NE67 5,928.5178549346452
NE66 4,NE70 7,1070.9040331832266
NE66 4,NE71 6,16198.5132997646
NE66 5,NE70 7,11547.258287418768
NE66 5,NE71 6,16182.184507532864
NE67 5,NE68 7,6502.87892457084
NE67 5,NE69 7,3524.442014337614
NE67 5,NE70 7,12269.167252851717
NE68 7,NE69 7,4363.415356656284
NE69 7,NE70 7,6477.54460365111
NE70 7,NE71 6,3089.145704179729
NE70 7,TD15 2,8570.914441189143
NE71 6,TD12 4,10911.586774964215
NE71 6,TD15 2,27253.8776292862
NE8 1,NE8 2,3473.4994352309677
NE8 1,NE8 3,1015.9081029926474
NE8 1,NE8 4,1796.4659617175805
NE8 2,NE8 3,410.1548376185606
NE8 2,NE8 4,2649.1320606956924
NE8 3,NE8 4,1511.029388015751
NE8 3,NE9 5,775.1432032690938
NE8 4,NE9 5,2440.969476771483
NE8 4,NE9 6,1896.3531458885209
NE9 5,NE9 6,6065.5040867055495
NE9 6,NE9 7,5022.12252739202
NG1 1,NG1 2,206.11196522099175
NG1 1,NG1 3,1519.9892644972263
NG1 1,NG1 6,131.82872708638894
NG1 1,NG1 7,783.4220865146763
NG1 1,NG2 3,46.71409800071513
NG1 1,NG2 4,582.5460868249869
NG1 1,NG3 1,609.130509970419
NG1 2,NG1 3,566.6275835845622
NG1 2,NG1 5,157.4815553162904
NG1 2,NG1 6,559.571789956348
NG1 3,NG1 4,947.0923917722571
NG1 3,NG1 5,144.42264216312634
NG1 3,NG3 1,1218.5912372114828
NG1 3,NG3 4,229.17573221104718
NG1 3,NG3 5,34.41072789098781
NG1 3,NG7 4,50.013661673741815
NG1 4,NG1 5,235.2834428964364
NG1 4,NG3 1,353.7062476865549
NG1 4,NG7 4,1588.370752947781
NG1 5,NG1 6,416.60148622001833
NG1 5,NG7 1,214.87565601413502
NG1 5,NG7 3,124.25980934270746
NG1 5,NG7 4,760.4883939888737
NG1 6,NG1 7,543.4256102784165
NG1 6,NG7 1,1798.2500141753417
NG1 7,NG2 1,409.6592181558965
NG1 7,NG2 3,906.5121950675045
NG1 7,NG7 1,391.9069548432932
NG10 1,NG10 2,4041.4297855482223
NG10 1,NG10 3,3707.0634290341127
NG10 1,NG10 4,2093.639711648546
NG10 1,NG9 6,287.75528459739417
NG10 2,NG10 3,394.99839648344545
NG10 2,NG11 0,3964.0020505357675
NG10 2,NG9 6,3317.3452285271687
NG10 3,NG10 4,1364.2830681164253
NG10 3,NG11 0,2151.4347335927255
NG10 4,NG10 5,3112.056448635661
NG10 4,NG9 6,938.7998948181366
NG10 5,NG9 6,926.385784200722
NG10 5,NG9 7,1157.6304329357963
NG10 5,NG9 8,1045.4474557956248
NG11 0,NG11 6,4828.41041262581
NG11 0,NG11 8,2664.8648911439777
NG11 0,NG11 9,1533.5421453276194
NG11 0,NG9 6,2703.4991051978654
NG11 6,NG11 7,396.5144553823736
NG11 6,NG11 8,1705.3249907842728
NG11 6,NG11 9,1448.3451600429664
NG11 6,NG12 4,1366.4247613985729
NG11 6,NG12 5,8338.402913725062
NG11 6,NG2 7,1594.2074950395058
NG11 7,NG11 8,2550.7272155614255
NG11 7,NG2 1,1386.1079737235495
NG11 7,NG2 7,2743.2539763603577
NG11 7,NG7 2,487.61465806524717
NG11 8,NG11 9,4781.202828664587
NG11 8,NG7 2,1423.8173158707516
NG11 8,NG9 1,2316.3754639928966
NG11 8,NG9 6,972.0053590419286
NG12 1,NG12 2,3119.075912785444
NG12 1,NG13 8,6298.662483728778
NG12 1,NG14 5,7460.91533798338
NG12 1,NG14 7,534.7122063759773
NG12 2,NG12 3,9602.684177810572
NG12 2,NG12 4,1448.1505038248474
NG12 2,NG13 8,3686.762502613765
NG12 2,NG14 5,1011.4866733818349
NG12 2,NG2 4,1229.5866186767712
NG12 2,NG2 5,668.7613742184493
NG12 2,NG2 6,1952.8674882633513
NG12 2,NG4 2,2694.9307534431955
NG12 3,NG12 4,5637.094317100607
NG12 3,NG12 5,3407.332180781027
NG12 3,NG13 8,4916.101338219774
NG12 3,NG13 9,8761.581533123594
NG12 4,NG12 5,8661.77526691229
NG12 4,NG2 6,4976.494167864692
NG12 4,NG2 7,2776.603332818962
NG13 0,NG13 9,15283.19295177235
NG13 0,NG23 5,4103.537745797173
NG13 0,NG32 1,9344.928459049974
NG13 0,NG32 2,3480.9193650408074
NG13 7,NG13 8,2883.842394311631
NG13 8,NG13 9,8925.40446687154
NG13 8,NG14 7,5657.17910733733
NG13 8,NG23 5,5641.928755164045
NG13 9,NG23 5,20349.359378020225
NG13 9,NG24 3,4585.307820100475
NG14 5,NG14 7,4434.4198478676735
NG14 5,NG4 2,4189.719067476691
NG14 5,NG4 4,4664.538085131853
NG14 6,NG14 7,16318.417445614425
NG14 6,NG15 8,4394.078313475508
NG14 6,NG15 9,1293.3959155275927
NG14 6,NG21 0,3100.856479646766
NG14 6,NG25 0,9045.401880752905
NG14 6,NG4 4,4228.410387856379
NG14 6,NG5 8,2487.3993684710294
NG14 7,NG23 5,3188.2231874205295
NG14 7,NG25 0,10808.514524317823
NG14 7,NG4 4,2370.2527097950633
NG15 0,NG15 8,7926.196904361888
NG15 0,NG15 9,908.3049570767673
NG15 0,NG17 7,2474.1737013545608
NG15 0,NG17 9,4242.043365895884
NG15 6,NG15 7,6211.573717040859
NG15 6,NG15 8,1695.394265977433
NG15 6,NG16 1,2644.5146205729116
NG15 6,NG16 2,1277.3937615645332
NG15 6,NG16 3,558.1275271972185
NG15 6,NG17 9,2682.4093827116144
NG15 6,NG6 7,658.993698860779
NG15 6,NG6 8,2167.79138820103
NG15 7,NG15 8,5329.076569853738
NG15 7,NG6 8,4559.849243245171
NG15 8,NG15 9,9452.424476130016
NG15 8,NG17 9,389.147151942773
NG15 8,NG5 8,624.5321456342173
NG15 8,NG6 8,5752.5301851270915
NG15 9,NG17 7,925.9362206161802
NG15 9,NG18 4,2382.046566270499
NG15 9,NG21 0,6041.822756243235
NG16 1,NG16 2,9565.379712030857
NG16 1,NG6 7,862.1371616081767
NG16 1,NG6 8,3487.576073470295
NG16 1,NG8 6,5720.89146796532
NG16 2,NG16 3,8360.65211166734
NG16 2,NG8 6,5981.783977494524
NG16 2,NG9 3,1767.1312275585167
NG16 3,NG16 4,3092.9196520642927
NG16 3,NG16 5,5385.72339226683
NG16 3,NG17 9,2123.6350887690946
NG16 4,NG16 5,5065.359193400234
NG16 5,NG16 6,7104.945752522832
NG16 5,NG17 9,2536.3224416412495
NG16 6,NG17 8,4603.440173166091
NG16 6,NG17 9,2358.5112818071757
NG17 1,NG17 2,5557.750589837029
NG17 1,NG17 4,158.41324053810706
NG17 1,NG17 5,2452.6768349298386
NG17 1,NG17 8,2053.3240924843703
NG17 2,NG17 3,4181.587480570574
NG17 2,NG17 4,1767.6269098007197
NG17 2,NG17 8,882.0448259547316
NG17 3,NG17 4,4003.194769915363
NG17 3,NG19 6,891.478063122324
NG17 3,NG19 7,3202.047571429199
NG17 3,S45 8,5858.154302362664
NG17 4,NG17 5,3164.0853618543715
NG17 4,NG19 6,1667.007161980901
NG17 5,NG17 7,2420.93157339405
NG17 5,NG17 8,756.925462755594
NG17 5,NG18 4,6681.818595446015
NG17 5,NG18 5,1982.4912290549064
NG17 5,NG18 6,374.9976976979266
NG17 5,NG19 6,158.34294634806977
NG17 7,NG17 8,5043.158739959493
NG17 7,NG17 9,1766.4745280230597
NG17 7,NG18 4,3819.098447319954
NG17 8,NG17 9,3892.0539815393277
NG18 1,NG18 2,1475.6424811288978
NG18 1,NG18 5,2072.41100357856
NG18 1,NG19 6,450.4806016495023
NG18 1,NG19 7,900.0962993789061
NG18 2,NG18 3,2141.965224467952
NG18 2,NG18 4,1303.4380750184764
NG18 2,NG18 5,232.263381360742
NG18 2,NG19 0,2283.505388768804
NG18 2,NG19 7,527.6473909073632
NG18 2,NG19 9,2078.555902533615
NG18 3,NG18 4,5264.411979495692
NG18 3,NG19 0,1047.6228278314265
NG18 3,NG21 0,2183.0178692768304
NG18 3,NG21 9,2573.524017667809
NG18 3,NG22 8,20.505217616277363
NG18 4,NG18 5,1673.6552538315616
NG18 4,NG18 6,4079.3953506936123
NG18 4,NG21 0,8038.0979211940485
NG18 5,NG19 6,3676.577898782222
NG18 6,NG21 0,717.6313158260158
NG19 0,NG19 9,5214.3483137884505
NG19 0,NG21 9,4028.6819319218357
NG19 6,NG19 7,4474.689773307625
NG19 7,NG19 8,7063.463134624774
NG19 7,NG19 9,1054.9854783391306
NG19 7,S44 5,152.78217256316043
NG19 7,S45 8,2271.859477245576
NG19 8,NG19 9,4113.373253302755
NG19 8,NG20 0,1454.110534650707
NG19 8,NG20 8,4195.38465225111
NG19 8,S44 5,623.9075135910554
NG19 8,S44 6,4092.880075810783
NG19 9,NG20 0,2150.1140225477584
NG19 9,NG21 9,551.4029570282127
NG2 1,NG2 3,386.59288822392375
NG2 1,NG2 7,116.16087020275667
NG2 1,NG7 1,2088.7708661480765
NG2 1,NG7 2,1822.1153005155181
NG2 2,NG2 3,1291.4279827614212
NG2 2,NG2 7,1718.5059791545582
NG2 3,NG2 4,1332.9936104281214
NG2 3,NG2 5,584.828970875443
NG2 4,NG2 5,2239.752119858027
NG2 4,NG3 1,470.543044109471
NG2 4,NG3 2,1422.0056687971417
NG2 4,NG3 7,4227.809017778506
NG2 4,NG4 2,1102.4766829815112
NG2 5,NG2 6,5285.749589168036
NG2 5,NG2 7,723.9907737084146
NG2 6,NG2 7,2479.0243893802985
NG20 0,NG20 8,7012.432541021758
NG20 0,NG20 9,7549.44540812183
NG20 0,NG21 9,5528.709529924742
NG20 0,NG22 9,2564.4919012402675
NG20 8,NG20 9,6338.736207114745
NG20 8,S44 6,2634.427348294332
NG20 9,NG22 9,1337.0746831172796
NG20 9,S44 6,6575.946860810998
NG20 9,S80 3,14189.623385571242
NG20 9,S80 4,588.4513527174498
NG21 0,NG22 8,9377.465364014599
NG21 0,NG25 0,68.98242084025661
NG21 9,NG22 8,3461.9999836960537
NG21 9,NG22 9,13614.454132460205
NG22 0,NG22 8,4777.309361140924
NG22 0,NG22 9,19694.708176823657
NG22 0,NG23 5,1229.3629804630668
NG22 0,NG23 6,32526.605355024152
NG22 0,NG25 0,6468.570553164495
NG22 8,NG22 9,5872.375887642893
NG22 8,NG25 0,18994.900479761796
NG22 9,S80 3,5908.471285112365
NG23 5,NG23 6,7281.816223734373
NG23 5,NG24 1,3904.6905076614325
NG23 5,NG24 2,2833.884988529514
NG23 5,NG24 3,17489.24441260374
NG23 5,NG24 4,1029.212734647609
NG23 5,NG25 0,14895.718836123964
NG23 5,NG32 2,12845.873202094668
NG23 5,NG32 3,2338.7369451065333
NG23 6,NG23 7,14433.312462521491
NG23 6,NG24 1,905.7835637585455
NG23 6,NG24 2,2079.727231791358
NG23 7,NG24 2,6017.630036354867
NG24 1,NG24 2,3889.8859009155785
NG24 1,NG24 3,750.3478606558923
NG24 1,NG24 4,5172.964247633483
NG24 2,NG24 3,5129.012741280757
NG24 3,NG24 4,7632.501850438261
NG3 1,NG3 2,1148.109093902294
NG3 1,NG3 3,175.60206841869368
NG3 1,NG3 4,1352.483698861363
NG3 2,NG3 3,2235.0454215842906
NG3 2,NG3 6,1411.6681284018819
NG3 2,NG3 7,828.1374031364586
NG3 3,NG3 4,2148.001711015721
NG3 3,NG3 5,2253.574339039802
NG3 3,NG3 6,1401.5053701844067
NG3 3,NG4 1,10.509717598238623
NG3 4,NG3 5,2773.6519316779777
NG3 5,NG3 6,2851.4249402713635
NG3 5,NG4 4,5003.011631024377
NG3 5,NG5 1,161.83436377992015
NG3 5,NG5 2,1507.6861453327483
NG3 5,NG5 4,6190.492895743801
NG3 5,NG5 6,889.142584318557
NG3 5,NG7 4,18.562737541052503
NG3 5,NG7 6,93.31053776865406
NG3 6,NG3 7,498.1492200887932
NG3 6,NG4 1,2997.223539032122
NG3 6,NG4 3,492.1134449409546
NG3 6,NG4 4,1345.6687914299234
NG3 6,NG5 4,423.3702820569788
NG3 7,NG4 1,2094.561604242259
NG3 7,NG4 2,346.18154461508436
NG31 6,NG31 7,4337.115640210633
NG31 6,NG31 8,987.1749321702239
NG31 6,NG31 9,3395.8320700275417
NG31 6,NG33 5,358.1980182110975
NG31 7,NG31 8,2359.287090138104
NG31 7,NG31 9,7642.8726147657235
NG31 7,NG32 1,4604.626952719019
NG31 7,NG33 5,1260.5638233003667
NG31 8,NG31 9,7704.8697171789245
NG31 8,NG32 1,6290.976937191786
NG31 8,NG32 2,13049.933605286968
NG31 8,NG32 3,1118.7502251246292
NG31 9,NG32 3,3000.2168043182683
NG31 9,NG33 4,2637.627864440225
NG31 9,NG33 5,2564.857087031679
NG32 1,NG32 2,6016.7562298238245
NG32 1,NG33 5,8157.853978617264
NG32 2,NG32 3,21489.97547035851
NG32 3,NG33 4,5922.2809772494775
NG32 3,NG34 0,1348.348067585643
NG32 3,NG34 8,28495.480127238632
NG33 4,NG33 5,22369.872456817742
NG33 4,NG34 0,15630.656934387707
NG33 4,PE10 0,15303.468553041354
NG33 4,PE9 4,7632.54476609125
NG34 0,NG34 8,13956.239494916368
NG34 0,NG34 9,15084.0863109394
NG34 0,PE10 0,14374.66392368079
NG34 0,PE11 4,11315.697808707375
NG34 0,PE20 3,27.42890230996907
NG34 7,NG34 8,10674.696374466166
NG34 7,NG34 9,8693.64182423173
NG34 8,NG34 9,11132.805025692654
NG34 9,PE20 3,9938.068657978216
NG4 1,NG4 2,1012.639889020281
NG4 1,NG4 3,3894.0537747459944
NG4 2,NG4 3,2690.9848889400337
NG4 2,NG4 4,1158.245689261836
NG4 3,NG4 4,4821.70994416199
NG4 4,NG5 6,312.3358262091994
NG4 4,NG5 8,1948.1444841967425
NG5 1,NG5 2,1713.860835157224
NG5 1,NG5 3,1421.143888832279
NG5 1,NG5 5,565.0538318080522
NG5 1,NG6 0,3190.9300470609933
NG5 1,NG7 6,825.9841703600242
NG5 1,NG7 7,2009.886856057474
NG5 2,NG5 3,733.8199616551256
NG5 2,NG5 4,928.305135874707
NG5 2,NG7 4,367.38746518808847
NG5 2,NG7 6,58.18225158644031
NG5 3,NG5 4,1404.1340565726719
NG5 3,NG5 5,1046.0204071477194
NG5 3,NG5 6,1120.2649707508197
NG5 4,NG5 6,3833.299648639363
NG5 5,NG5 6,1447.4500752239624
NG5 5,NG5 8,1733.3946849630001
NG5 5,NG5 9,4784.988699108197
NG5 5,NG6 0,606.1200359792921
NG5 5,NG6 8,1460.3282242099447
NG5 5,NG6 9,711.3800780224664
NG5 6,NG5 7,5413.32309331451
NG5 6,NG5 8,873.4651217196757
NG5 7,NG5 8,4035.56852571335
NG5 8,NG5 9,1471.4415127432223
NG5 8,NG6 8,3569.39309018676
NG5 9,NG6 0,1.170292083592225
NG5 9,NG6 8,699.7744957563896
NG5 9,NG6 9,1319.1746559770338
NG6 0,NG6 8,1209.5417072101698
NG6 0,NG6 9,1788.2100154336845
NG6 0,NG7 7,0.3780269301798863
NG6 0,NG8 5,2834.7190604627835
NG6 7,NG6 8,5800.6947545337
NG6 8,NG6 9,2603.633990852954
NG6 8,NG8 5,361.15420156430054
NG6 8,NG8 6,152.21268417838
NG7 1,NG7 2,2816.3634719394436
NG7 1,NG7 3,962.572321723551
NG7 2,NG7 3,1078.0471960702569
NG7 2,NG8 1,5396.486366795791
NG7 2,NG8 2,276.76789536115757
NG7 2,NG9 1,1480.6245361326505
NG7 2,NG9 2,2711.865884303505
NG7 3,NG7 4,811.0656402719346
NG7 3,NG7 5,1645.9427929950539
NG7 3,NG8 1,231.03113027012404
NG7 3,NG8 3,308.95255743008073
NG7 4,NG7 5,420.2168576207555
NG7 4,NG7 6,1458.9284534308595
NG7 5,NG7 6,1262.2688170746317
NG7 5,NG8 3,717.7545943363039
NG7 5,NG8 5,1371.8870143055567
NG7 6,NG7 7,1321.1113492071781
NG7 6,NG8 5,258.70709570814836
NG7 7,NG8 5,677.5867212869721
NG8 1,NG8 2,3891.0690374230503
NG8 1,NG8 3,2340.35946321696
NG8 1,NG8 4,183.90918939865483
NG8 2,NG8 4,2965.2282419916373
NG8 2,NG9 2,1588.8899126295819
NG8 2,NG9 3,2664.917109648
NG8 3,NG8 4,3376.7490232388986
NG8 3,NG8 5,5088.995703556378
NG8 3,NG8 6,1206.6691415782445
NG8 4,NG8 6,3886.332566454946
NG8 4,NG9 3,1006.4801728195285
NG8 5,NG8 6,2278.0568765199955
NG8 6,NG9 3,2297.7449672189196
NG9 1,NG9 2,4073.063853404781
NG9 1,NG9 3,1187.5735694793218
NG9 1,NG9 4,3157.3473604884275
NG9 1,NG9 5,986.4571669441123
NG9 1,NG9 6,717.4989342269058
NG9 2,NG9 3,721.5203649595755
NG9 3,NG9 4,3093.9761890779155
NG9 3,NG9 6,485.6300077761322
NG9 3,NG9 7,0.31197724341547783
NG9 3,NG9 8,3371.6148093850793
NG9 4,NG9 5,4076.9965064347352
NG9 4,NG9 6,434.1309431570582
NG9 5,NG9 6,6991.656589182007
NG9 6,NG9 7,2351.430740603732
NG9 7,NG9 8,2287.3071180448624
NN1 1,NN1 2,1553.833952997693
NN1 1,NN1 5,1282.2368880631373
NN1 1,NN4 8,2320.634081096984
NN1 1,NN5 5,1123.8963706220602
NN1 2,NN1 3,1306.8922749821106
NN1 2,NN1 5,110.19754265734068
NN1 2,NN2 6,877.2192203830676
NN1 2,NN5 5,461.6124711643843
NN1 2,NN5 7,312.0824906602511
NN1 3,NN1 4,697.6070739560761
NN1 3,NN1 5,667.0870025482633
NN1 3,NN2 6,1329.430863669614
NN1 4,NN1 5,2488.1275652449926
NN1 4,NN2 6,501.809605224067
NN1 4,NN2 7,1523.3214800428868
NN1 4,NN3 2,997.4872932569502
NN1 4,NN3 3,49.51203050608
NN1 5,NN3 3,3070.760485354893
NN1 5,NN4 7,1603.0535890319156
NN1 5,NN4 8,1201.0717339371197
NN10 0,NN10 6,1147.4365321935654
NN10 0,NN10 8,2932.822063543438
NN10 0,NN10 9,6881.37247948828
NN10 0,NN9 6,3665.401406668554
NN10 6,NN10 8,1631.2109218975302
NN10 6,NN10 9,3177.9743198587607
NN10 6,NN29 7,2386.3830294698937
NN10 6,NN9 5,2267.88367839887
NN10 8,NN9 5,3447.363069773513
NN10 8,NN9 6,7831.7005743358395
NN10 9,NN29 7,7859.793887805854
NN11 0,NN11 2,3454.723717318382
NN11 0,NN11 4,1307.5096016468005
NN11 0,NN11 8,1177.6758011395832
NN11 0,NN11 9,2734.1472821315165
NN11 2,NN11 3,1286.1215662320337
NN11 2,NN11 4,4135.091657334261
NN11 2,NN11 7,1404.8894835973897
NN11 2,NN11 8,742.8718796484482
NN11 2,NN6 7,8116.9278060838515
NN11 2,NN7 4,10638.657940957724
NN11 3,NN11 4,4581.227457887061
NN11 3,NN11 6,17116.550736323534
NN11 3,NN12 8,16022.847340206348
NN11 3,NN7 4,6912.6907318868125
NN11 3,OX17 1,4724.909559674045
NN11 3,OX17 2,6942.122669894396
NN11 4,NN11 6,3243.5304612559944
NN11 4,NN11 7,871.1658528169165
NN11 4,NN11 8,817.4948769451676
NN11 4,NN11 9,3687.313335400564
NN11 6,NN11 7,1253.2207593974113
NN11 6,OX17 1,10474.668454576173
NN11 7,NN11 8,2070.12867152871
NN11 8,NN11 9,1698.3517041874932
NN12 6,NN12 7,13332.616267526886
NN12 6,NN12 8,22790.79468357096
NN12 6,NN7 3,675.7579445744757
NN12 7,NN12 8,9676.15199500448
NN12 7,NN7 2,6958.763897998219
NN12 7,NN7 3,2903.407576278276
NN12 8,NN13 5,12648.121277255503
NN12 8,NN7 3,13111.317652453696
NN12 8,NN7 4,7539.1799394413365
NN12 8,OX17 2,2249.4190223707033
NN13 5,NN13 6,17871.48591519043
NN13 5,NN13 7,4880.66096109994
NN13 5,OX17 2,4798.7484740324135
NN13 5,OX17 3,14710.650354967336
NN13 5,OX27 7,1283.772788482428
NN13 5,OX27 8,15423.377503236734
NN13 5,OX27 9,1580.49502811668
NN13 6,NN13 7,1752.5736097731703
NN13 6,OX17 2,9031.305901621625
NN14 1,NN14 2,2578.4484981685578
NN14 1,NN14 3,5646.158369193432
NN14 1,NN14 6,14934.662508854062
NN14 1,NN15 5,4389.145413933543
NN14 1,NN15 6,3518.2415568901124
NN14 1,NN15 7,2458.5423530037942
NN14 1,NN16 8,633.3509123202937
NN14 1,NN16 9,10305.23516854665
NN14 1,NN17 3,2380.0842500487047
NN14 1,NN18 8,18488.68501322758
NN14 1,NN6 9,11037.409846144677
NN14 1,NN9 5,11446.213445190326
NN14 2,NN14 6,3568.988673741079
NN14 2,NN6 9,4452.572171961221
NN14 3,NN14 4,21341.073872431323
NN14 3,NN15 5,8479.264353793673
NN14 3,NN16 9,6742.554436494856
NN14 3,NN17 3,1819.9350079542646
NN14 3,NN18 8,875.8713127605172
NN14 3,PE28 0,6503.761542267076
NN14 3,PE28 5,3182.509188797259
NN14 3,PE8 5,26770.13683054993
NN14 4,NN15 5,13650.759366803464
NN14 4,NN9 5,6525.369513989605
NN14 4,NN9 6,9833.888956672708
NN14 4,PE28 0,1915.1118184897975
NN14 6,NN16 8,986.6227888811708
NN14 6,NN16 9,206.3311265181508
NN14 6,NN6 9,4233.654290780861
NN15 5,NN15 6,6383.263424532261
NN15 5,NN15 7,162.86526840748775
NN15 5,NN16 0,1498.9564094982322
NN15 5,NN16 9,3378.141428495341
NN15 5,NN9 5,4839.668918094099
NN15 6,NN15 7,6265.617601232282
NN15 7,NN16 0,2728.3619398366664
NN15 7,NN16 8,2059.780997664167
NN16 0,NN16 8,3509.5597106648383
NN16 0,NN16 9,2077.0289011690124
NN16 8,NN16 9,5420.528236442551
NN17 1,NN17 2,5822.5717971173035
NN17 1,NN17 3,5148.849079394752
NN17 1,NN17 4,852.451390338082
NN17 1,NN17 5,1408.1131145057523
NN17 1,NN18 0,1175.3633681360097
NN17 1,NN18 8,8900.949751805776
NN17 2,NN17 3,1985.9370183097858
NN17 2,NN17 4,1330.5571319970245
NN17 2,NN18 0,1310.7586039429798
NN17 3,NN17 5,11866.413369520515
NN17 3,NN18 8,3343.9248244845294
NN17 3,PE8 5,12787.34021925045
NN17 3,PE8 6,2286.476448804917
NN17 3,PE9 3,7926.329062631242
NN17 5,PE8 5,99.89376069832899
NN18 0,NN18 8,159.26408651007966
NN18 0,NN18 9,4679.508179696718
NN18 8,NN18 9,4147.595084982755
NN2 6,NN2 7,3275.921988573675
NN2 6,NN2 8,1497.2030261298326
NN2 6,NN5 7,2094.622328362739
NN2 7,NN2 8,2157.067953128743
NN2 7,NN3 2,236.8741969251861
NN2 7,NN3 6,3056.018257179281
NN2 8,NN3 6,667.0154303275965
NN2 8,NN3 7,1814.0628466517144
NN2 8,NN5 7,1477.9148277576442
NN2 8,NN6 8,3211.732389088404
NN2 8,NN6 9,3380.876303941994
NN2 8,NN7 4,426.86701284403443
NN29 7,NN6 0,3535.25155594061
NN29 7,NN7 1,10333.196770499222
NN29 7,NN8 1,2858.882435382855
NN29 7,NN8 2,8350.515397221592
NN29 7,NN8 3,58.0044172108664
NN3 2,NN3 3,3257.988440632771
NN3 2,NN3 6,1848.2524615730194
NN3 3,NN3 6,825.0271644523671
NN3 3,NN3 8,1646.6581803643132
NN3 3,NN3 9,2194.667078043859
NN3 3,NN4 7,641.0871537341986
NN3 5,NN3 7,2282.746643200701
NN3 5,NN3 8,4123.75393278938
NN3 5,NN3 9,1669.6505851216953
NN3 5,NN6 0,2610.2341536552194
NN3 6,NN3 7,3047.6451820190005
NN3 6,NN3 8,941.1026626068451
NN3 7,NN3 8,1338.5353253996057
NN3 7,NN6 0,7500.641659703155
NN3 7,NN6 9,11117.390324824091
NN3 8,NN3 9,1896.9242444301922
NN3 9,NN4 7,447.31193241404253
NN3 9,NN6 0,1897.906304020175
NN3 9,NN7 1,3826.263674050712
NN4 0,NN4 5,1232.9891332828258
NN4 0,NN4 6,2110.614429881076
NN4 0,NN4 8,1336.425694238607
NN4 0,NN4 9,3246.359770439468
NN4 0,NN7 2,2054.9660681002297
NN4 0,NN7 3,905.7154405064895
NN4 5,NN4 6,1094.757416836016
NN4 5,NN7 2,4057.881370901862
NN4 6,NN4 7,6459.860199263278
NN4 6,NN4 8,485.98361215462796
NN4 6,NN7 2,4799.3729810494115
NN4 7,NN4 8,1900.8209138045484
NN4 7,NN7 1,4847.247762465821
NN4 7,NN7 2,16.817515396436526
NN4 8,NN4 9,2229.227990206441
NN4 8,NN5 4,699.7631702520059
NN4 8,NN5 5,1705.0726540427122
NN4 9,NN5 4,3156.9650004171285
NN4 9,NN7 3,2708.3668734346293
NN4 9,NN7 4,733.5239770880835
NN5 4,NN5 5,750.1007517067683
NN5 4,NN5 6,2696.1140671215744
NN5 4,NN7 4,3962.28964101519
NN5 5,NN5 6,1626.9171056666457
NN5 5,NN5 7,2855.9431825215997
NN5 6,NN5 7,2853.8778319976327
NN5 6,NN7 4,4036.9773416989083
NN5 7,NN7 4,1841.7510667611018
NN6 0,NN6 9,2337.836504863947
NN6 0,NN7 1,5662.789393000975
NN6 0,NN8 2,5416.165486101542
NN6 0,NN8 3,399.90932341027406
NN6 0,NN9 5,3136.1523460886383
NN6 6,NN6 7,10519.338126040086
NN6 6,NN6 8,9428.864704087151
NN6 6,NN6 9,3960.6115318201814
NN6 7,NN6 8,11101.030145465025
NN6 7,NN7 4,566.8714465989153
NN6 8,NN6 9,16502.520658457568
NN6 8,NN7 4,10741.081046891582
NN6 9,NN9 5,1671.5371416142625
NN7 1,NN7 2,9007.41199354112
NN7 2,NN7 3,5178.652165371299
NN7 3,NN7 4,18582.985918683044
NN8 1,NN8 2,3530.2969956625975
NN8 1,NN8 4,3893.501039478124
NN8 1,NN9 5,5020.611987622942
NN8 2,NN8 3,6353.602381667812
NN8 2,NN8 4,963.4451166654519
NN8 3,NN8 4,629.3712471661379
NN8 3,NN8 5,3659.2975551671457
NN8 3,NN9 5,615.8105120888424
NN8 4,NN8 5,2653.3334578875756
NN8 4,NN9 5,4415.4913584839305
NN8 5,NN9 5,3882.5927130971754
NN9 5,NN9 6,2900.67595941359
NN9 6,PE28 0,11617.298839337102
NP10 0,NP10 9,6924.738350114707
NP10 8,NP10 9,4271.066980668764
NP10 8,NP11 6,2866.2907222410477
NP10 8,NP20 2,2028.37038107892
NP10 8,NP20 3,4051.935274595123
NP10 9,NP11 6,4274.501057603188
NP10 9,NP20 3,2460.774685772616
NP10 9,NP20 7,2944.623156309203
NP10 9,NP44 7,3310.5235375425113
NP11 3,NP11 4,7520.624975402246
NP11 3,NP11 5,3422.093841048963
NP11 3,NP12 0,2125.0114358324304
NP11 3,NP13 2,9017.105133979432
NP11 3,NP23 7,461.3989327414284
NP11 4,NP11 5,5638.336151440544
NP11 4,NP11 7,4749.345193763563
NP11 4,NP12 0,1259.804667803195
NP11 4,NP12 2,2521.6440062555835
NP11 4,NP13 2,2365.5526089870737
NP11 5,NP11 7,8852.67305380959
NP11 5,NP13 2,1233.866628920073
NP11 5,NP4 5,1871.9233423409928
NP11 5,NP4 6,4176.69960350574
NP11 5,NP44 5,1041.6888899687356
NP11 6,NP11 7,4385.097932532524
NP11 6,NP44 7,1941.7958571406589
NP11 7,NP12 2,4186.029548085199
NP11 7,NP44 5,763.3295019837481
NP11 7,NP44 6,1715.044998559334
NP11 7,NP44 7,2763.19225497531
NP12 0,NP12 1,4831.236304186252
NP12 0,NP12 2,1650.7629201874217
NP12 0,NP13 2,3021.75424996193
NP12 0,NP22 4,4609.71160940366
NP12 0,NP23 7,4648.299131963946
NP12 0,NP23 8,1248.7782645709606
NP12 0,NP24 6,1868.9771992012586
NP12 1,NP12 2,1348.4427582404037
NP12 1,NP12 3,2666.51495609461
NP12 2,NP12 3,1578.34899013804
NP13 1,NP13 2,4127.703172090987
NP13 1,NP13 3,8362.458872967598
NP13 1,NP23 7,2944.669024104396
NP13 1,NP4 7,3734.476497130029
NP13 1,NP4 9,1620.3135304048365
NP13 2,NP23 7,3010.395480064695
NP13 2,NP4 6,2531.2250418310878
NP13 2,NP4 7,2118.389772204579
NP13 3,NP23 4,4843.427911949962
NP13 3,NP23 6,1576.7633795254417
NP13 3,NP23 7,779.9247104284536
NP13 3,NP4 9,2180.755970394127
NP15 1,NP15 2,19764.924047763176
NP15 1,NP16 6,17121.218794077864
NP15 1,NP18 1,2852.1022005309655
NP15 1,NP18 2,987.2604968663843
NP15 1,NP26 3,593.9786997794042
NP15 1,NP4 0,21288.751571583936
NP15 1,NP7 9,970.1374231250657
NP15 2,NP16 6,4927.232458340493
NP15 2,NP25 4,20635.708062169935
NP15 2,NP25 5,6648.19652853208
NP15 2,NP7 8,24586.504470277196
NP15 2,NP7 9,12382.530442368212
NP16 5,NP16 6,7151.269156067766
NP16 6,NP25 4,18296.151821697607
NP16 6,NP26 3,7558.412270911624
NP16 6,NP26 5,12351.018935889566
NP18 1,NP18 2,3747.2145993820172
NP18 1,NP18 3,4945.984735549141
NP18 1,NP19 7,867.6412114712018
NP18 1,NP19 8,732.32016140466
NP18 1,NP19 9,2649.6022821122256
NP18 1,NP4 0,6384.4051424907
NP18 1,NP44 3,959.0692473586212
NP18 1,NP44 8,2162.884190092974
NP18 2,NP19 4,10116.43373634897
NP18 2,NP19 9,3465.7301591985924
NP18 2,NP26 3,15998.070337419038
NP18 3,NP20 6,1475.7084106637442
NP18 3,NP44 3,2357.9008950904913
NP19 0,NP19 4,2318.4502326834104
NP19 0,NP19 7,466.56289536971184
NP19 0,NP19 8,2822.514472919078
NP19 0,NP19 9,340.5385483144888
NP19 4,NP19 9,1256.6073385124237
NP19 7,NP19 8,2428.149846368974
NP19 8,NP19 9,2105.4944406512536
NP20 1,NP20 2,713.8499416712681
NP20 1,NP20 4,1921.5187080824053
NP20 1,NP20 5,93.6813119277408
NP20 2,NP20 3,982.4164621553136
NP20 2,NP20 4,1457.7759621725932
NP20 3,NP20 4,3594.9305550844724
NP20 3,NP20 5,3331.937680568634
NP20 3,NP20 7,524.334354733142
NP20 4,NP20 5,2765.8958135116445
NP20 5,NP20 6,2380.827817419166
NP20 5,NP20 7,1776.320439134975
NP20 6,NP20 7,1629.387500362352
NP20 6,NP44 3,1914.898517140258
NP20 7,NP44 3,1488.085381143149
NP20 7,NP44 7,3158.73950950645
NP22 3,NP22 4,18572.17687057394
NP22 3,NP22 5,6318.706957701041
NP22 3,NP23 5,1714.5495318836458
NP22 4,NP22 5,3744.1825403471576
NP22 4,NP23 5,3356.0268139391865
NP22 4,NP23 6,4003.944225480885
NP22 4,NP23 8,574.7177379133961
NP22 4,NP24 6,3079.3803135984845
NP22 4,NP8 1,6768.858613406774
NP22 5,NP24 6,2361.897669070554
NP22 5,NP8 1,1755.1848685455388
NP23 4,NP23 5,5611.885441155217
NP23 4,NP23 6,1337.2892577107434
NP23 4,NP4 9,1021.0760798995088
NP23 4,NP7 0,5374.1864327140775
NP23 4,NP8 1,2414.2755612517844
NP23 5,NP23 6,4851.659395063166
NP23 5,NP8 1,3976.0859720647686
NP23 6,NP23 7,1558.2816963288506
NP23 6,NP23 8,3714.2242700706242
NP23 7,NP23 8,1157.6959438227589
NP25 3,NP25 4,3607.0122615325886
NP25 3,NP25 5,13264.89661437754
NP25 4,NP25 5,10562.117099583767
NP25 4,NP7 8,1998.5037611140099
NP25 5,NP7 8,9428.395898213405
NP26 3,NP26 4,1784.5287041165266
NP26 3,NP26 5,12131.109498121872
NP26 4,NP26 5,8398.503637930637
NP4 0,NP4 5,2982.1961381762203
NP4 0,NP4 7,441.82361115860647
NP4 0,NP4 8,19123.349426225763
NP4 0,NP44 1,0.5066000399654476
NP4 0,NP44 2,2849.247304243317
NP4 0,NP44 8,1832.466097599904
NP4 0,NP7 9,9131.045011512226
NP4 5,NP4 6,3543.691856492587
NP4 5,NP4 8,2001.4939044030702
NP4 5,NP44 1,1404.6420659636108
NP4 5,NP44 5,3328.5209457075953
NP4 6,NP4 7,4662.950327712116
NP4 6,NP4 8,3344.213447967695
NP4 7,NP4 8,11932.270722516516
NP4 7,NP4 9,4728.181389968613
NP4 7,NP7 9,1713.0301560570879
NP4 9,NP7 0,2104.431841177773
NP4 9,NP7 9,6842.112067461011
NP44 1,NP44 2,1969.9098179126654
NP44 1,NP44 3,2296.6319572743087
NP44 1,NP44 5,3648.4931948655594
NP44 2,NP44 3,1173.831367900054
NP44 2,NP44 8,1987.618997160511
NP44 3,NP44 4,1715.7482944685278
NP44 3,NP44 5,1211.2649991575986
NP44 3,NP44 7,9177.034940633317
NP44 3,NP44 8,3811.456179597814
NP44 4,NP44 5,1144.3886037789505
NP44 4,NP44 6,1903.1486735767671
NP44 4,NP44 7,2123.669300481015
NP44 5,NP44 6,4806.207441655737
NP44 6,NP44 7,5962.163203417844
NP7 0,NP7 7,1594.0102212517615
NP7 0,NP7 9,6039.477448735471
NP7 0,NP8 1,8340.608807180259
NP7 5,NP7 6,1901.9066209522373
NP7 5,NP7 7,1429.8092735949458
NP7 5,NP7 9,3297.3691426772925
NP7 6,NP7 7,9741.216910241663
NP7 6,NP7 8,7639.930161914699
NP7 6,NP7 9,400.06315021305295
NP7 7,NP7 8,14645.529451459095
NP7 7,NP7 9,5503.108857923836
NP7 7,NP8 1,20743.721173351543
NP7 8,NP7 9,5707.878832478163
NR1 1,NR1 2,2236.995587095414
NR1 1,NR1 3,1018.2366543415139
NR1 1,NR1 4,3765.9925728740486
NR1 1,NR13 3,1261.6299365866819
NR1 1,NR13 4,1246.6717658620603
NR1 1,NR13 5,1600.8171845201603
NR1 1,NR14 6,3743.1902036067863
NR1 1,NR14 7,4039.1542942913547
NR1 1,NR14 8,1443.2446769307023
NR1 1,NR2 1,332.43831340531455
NR1 1,NR3 1,446.7648019150318
NR1 1,NR7 0,1791.0330335095714
NR1 2,NR1 3,3154.7749303533524
NR1 2,NR14 8,2242.932877877116
NR1 2,NR2 2,1564.1718046970063
NR1 2,NR4 6,2358.6612474727203
NR1 3,NR2 1,1389.2325409454907
NR1 3,NR2 2,1616.7420979907993
NR1 4,NR3 1,2243.603877385317
NR1 4,NR3 4,620.3433900747505
NR1 4,NR7 0,1999.7890608465466
NR1 4,NR7 8,463.9941041019688
NR1 4,NR7 9,1097.1194908323944
NR10 3,NR10 4,1541.9834531252113
NR10 3,NR10 5,6946.4353052133565
NR10 3,NR12 7,15953.26256490064
NR10 3,NR12 8,5582.002446223783
NR10 3,NR13 6,1579.7721826003187
NR10 3,NR6 5,1648.3684763899241
NR10 3,NR6 6,4240.9835211984
NR10 3,NR6 7,2491.6715631433126
NR10 3,NR7 8,3231.2805013174525
NR10 3,NR8 6,4834.56706470778
NR10 4,NR10 5,10076.673352270642
NR10 4,NR11 6,17169.89503815919
NR10 4,NR20 4,2728.032169566561
NR10 4,NR20 5,3067.581622334052
NR10 4,NR8 6,2362.384227147144
NR10 4,NR9 5,22003.687615899853
NR10 5,NR11 6,9078.439520088918
NR10 5,NR12 7,6513.766342730734
NR10 5,NR12 8,5322.959861998491
NR10 5,NR28 0,5370.184346422353
NR10 5,NR28 9,4217.8917365523685
NR11 6,NR11 7,21693.520354305376
NR11 6,NR20 5,6884.431650370655
NR11 6,NR24 2,4671.2878437236395
NR11 6,NR28 0,2852.5346105569292
NR11 7,NR11 8,17148.63348008642
NR11 7,NR24 2,2164.0546825071656
NR11 7,NR25 6,3961.2310765614147
NR11 7,NR28 0,9278.496577204916
NR11 8,NR25 6,6367.042214948635
NR11 8,NR26 8,1465.1600862836608
NR11 8,NR27 0,2545.4943443796137
NR11 8,NR27 9,13538.539035914508
NR11 8,NR28 0,10685.585244287504
NR11 8,NR28 9,1064.7892525815425
NR12 0,NR12 9,15177.078760624127
NR12 0,NR28 9,9402.051927368377
NR12 0,NR29 4,4136.243741310983
NR12 0,NR29 5,7799.684704740376
NR12 7,NR12 8,5503.370675467489
NR12 8,NR12 9,7898.860801142493
NR12 8,NR13 6,4906.010825426996
NR12 8,NR28 9,3512.5529465578493
NR12 8,NR29 5,9330.803971509855
NR12 9,NR28 9,10354.403566716508
NR12 9,NR29 5,3068.669187640913
NR13 3,NR13 4,9462.175783109664
NR13 3,NR13 6,6029.841150616417
NR13 3,NR29 3,6322.763557165483
NR13 3,NR30 1,6217.905672084124
NR13 4,NR13 5,9708.95117562404
NR13 4,NR13 6,9233.990138019422
NR13 5,NR13 6,5168.676353348636
NR13 5,NR7 0,3549.3285458595637
NR13 5,NR7 8,675.2965523487135
NR13 6,NR29 3,49.9790017208599
NR13 6,NR7 8,3700.816501385364
NR14 6,NR14 7,7274.285289091414
NR14 6,NR15 1,10344.53981633905
NR14 6,NR31 9,204.4933052626854
NR14 6,NR34 0,17743.782383392972
NR14 6,NR35 2,6574.621209418402
NR14 7,NR14 8,9415.530554017558
NR14 7,NR15 1,9828.574505135444
NR14 8,NR15 1,11305.133397415866
NR14 8,NR16 1,5409.612958940949
NR14 8,NR18 9,6266.955194626321
NR14 8,NR4 6,6076.209367780267
NR15 1,NR15 2,13187.566962144618
NR15 1,NR16 1,5322.304965725169
NR15 1,NR35 2,9300.35940866244
NR15 2,NR16 1,13659.643735867772
NR15 2,NR35 2,5202.3155661847
NR16 1,NR16 2,2869.323778647048
NR16 1,NR17 1,3400.2619712957444
NR16 1,NR17 2,1210.0831467016924
NR16 1,NR18 9,9714.897414318304
NR16 2,NR17 1,20361.75093225384
NR17 1,NR17 2,17519.7762051117
NR17 1,NR18 9,2042.794390901159
NR17 1,NR9 4,6509.746979040502
NR17 2,NR18 9,7520.5283992774175
NR18 0,NR18 9,14609.666616036142
NR18 0,NR9 3,6985.465419405163
NR18 0,NR9 4,2865.9306499204336
NR18 9,NR4 6,711.2727790077001
NR18 9,NR9 3,5409.546567726372
NR18 9,NR9 4,16193.737787362314
NR19 1,NR19 2,3619.3084026919078
NR19 1,NR20 3,8951.360954576738
NR19 1,NR9 4,5344.9468045576195
NR19 2,NR20 3,2431.2157231362294
NR19 2,NR20 4,7785.481967436422
NR19 2,PE32 2,12932.380579861185
NR19 2,PE37 8,5043.129538540652
NR2 1,NR2 2,289.1243197054936
NR2 1,NR2 4,1874.2840288477307
NR2 1,NR3 1,368.0256407096192
NR2 2,NR2 3,1595.000027347062
NR2 2,NR2 4,59.96524535052271
NR2 2,NR4 6,1054.9527108412665
NR2 2,NR4 7,1177.0738070348964
NR2 3,NR2 4,2478.1068155007433
NR2 3,NR4 7,3063.373885886325
NR2 3,NR5 8,594.0291992837141
NR2 4,NR3 1,730.3742949544633
NR2 4,NR3 2,1992.5018044756118
NR2 4,NR3 3,973.6898344148965
NR2 4,NR5 8,189.10474507839518
NR2 4,NR6 5,149.25308522858163
NR20 3,NR20 4,8960.460989119856
NR20 3,NR9 4,10596.764947537786
NR20 3,NR9 5,16778.189325563315
NR20 4,NR20 5,23734.014157029094
NR20 4,NR9 5,11944.262554118284
NR20 4,PE32 2,6640.946993938894
NR20 5,NR21 0,12410.889094394814
NR20 5,NR21 7,10841.418760953633
NR20 5,NR24 2,9897.781528304396
NR20 5,PE32 2,3478.723470231402
NR21 0,NR21 7,8233.612509228868
NR21 0,NR21 8,2562.2507686631698
NR21 0,NR21 9,16051.661948752548
NR21 0,NR22 6,12244.887690666774
NR21 0,NR23 1,9067.660637341589
NR21 0,NR24 2,8583.409785437514
NR21 0,NR25 7,8489.5442612745
NR21 7,NR21 8,1184.5247982578512
NR21 7,NR21 9,9651.48558517324
NR21 7,PE31 8,16154.61594556359
NR21 7,PE32 2,10861.355172402895
NR21 8,NR21 9,6501.469116362296
NR21 9,NR22 6,4126.119982677838
NR21 9,NR23 1,1030.4026185497257
NR21 9,PE31 8,19544.4453456767
NR22 6,NR23 1,9807.930988672138
NR23 1,NR25 7,874.7588658257154
NR23 1,PE31 8,7350.487136716069
NR24 2,NR25 6,7367.40921333967
NR24 2,NR25 7,10873.83032865264
NR25 6,NR25 7,14086.320112882697
NR25 6,NR26 8,4387.203106860026
NR25 7,NR26 8,2793.029738816443
NR26 8,NR27 9,1833.4224610323763
NR27 0,NR27 9,11556.006957695032
NR28 0,NR28 9,12897.816638672353
NR29 3,NR29 4,5195.228444592602
NR29 3,NR29 5,9769.013230718107
NR29 3,NR30 1,1486.4673424278953
NR29 3,NR30 5,8497.24479787988
NR29 4,NR29 5,6914.426870553289
NR3 1,NR3 3,2995.037064398159
NR3 1,NR3 4,2494.6067977288917
NR3 2,NR3 3,3593.616817403946
NR3 2,NR6 5,2949.8168548132558
NR3 2,NR6 6,429.38928976630353
NR3 3,NR3 4,1494.627718969334
NR3 3,NR6 6,1237.7218262463389
NR3 3,NR6 7,587.5197433235898
NR3 4,NR6 7,334.666272955493
NR3 4,NR7 8,2111.6798605152662
NR30 1,NR30 2,1505.531708856053
NR30 1,NR30 4,4145.460285638068
NR30 2,NR30 3,1815.3556080721044
NR30 2,NR30 4,569.2326070245416
NR30 4,NR30 5,1748.440435682835
NR31 0,NR31 6,373.31146828312484
NR31 0,NR31 8,2406.257301987619
NR31 0,NR31 9,1649.2824023571127
NR31 6,NR31 7,5664.448471435777
NR31 6,NR31 8,1367.262335747576
NR31 6,NR31 9,3213.3271485453092
NR31 7,NR31 8,3683.326890733421
NR31 7,NR31 9,2352.6310372893463
NR31 8,NR31 9,13048.90710163079
NR31 9,NR32 5,11301.616929252883
NR32 1,NR32 2,2501.6006149035006
NR32 1,NR32 4,1593.9233672902803
NR32 2,NR32 3,3120.614449263527
NR32 2,NR32 4,1177.6479268044918
NR32 3,NR32 4,3011.703403505628
NR32 3,NR32 5,4071.0865854863114
NR32 3,NR33 9,29.212866163248812
NR32 4,NR32 5,5275.987347838548
NR33 0,NR33 7,2621.501391751281
NR33 0,NR33 9,1712.8365497936165
NR33 7,NR33 8,6341.923645232504
NR33 7,NR33 9,2248.7458806521813
NR33 7,NR34 7,4435.013768072958
NR33 8,NR33 9,3689.4254858669015
NR33 8,NR34 0,25.56987482835948
NR33 8,NR34 7,9077.844957607718
NR34 0,NR34 7,8.469444356344068
NR34 0,NR34 8,154.69771917860217
NR34 0,NR34 9,38.95286687738705
NR34 0,NR35 2,7872.015089819592
NR34 7,NR34 8,16627.404698484435
NR34 7,NR34 9,6610.979819861091
NR34 8,NR34 9,4111.804647870523
NR34 8,NR35 1,11498.155013323416
NR34 8,NR35 2,94.07754695278727
NR35 1,NR35 2,16186.817022303285
NR4 6,NR4 7,6085.053523220241
NR4 6,NR9 3,2474.066704280451
NR4 7,NR5 8,4334.4166247963
NR4 7,NR5 9,2753.881419213814
NR4 7,NR9 3,5955.470335597517
NR5 0,NR5 8,1771.6033040904938
NR5 0,NR5 9,3091.6172163842466
NR5 0,NR6 5,3.3019819816881966
NR5 0,NR8 5,8349.808349506338
NR5 0,NR9 3,3799.459660351202
NR5 0,NR9 5,1246.6414923525022
NR5 8,NR5 9,1552.2725847959134
NR5 8,NR6 5,1981.6774243320135
NR5 9,NR9 3,362.0134173498445
NR6 5,NR6 6,4884.979236335297
NR6 5,NR8 5,2069.7252724723216
NR6 5,NR8 6,1326.2142563931498
NR6 6,NR6 7,2758.487312479874
NR6 7,NR7 8,3420.241543337142
NR7 0,NR7 8,547.5560460900728
NR7 0,NR7 9,3035.9785655221394
NR7 8,NR7 9,2653.8659084798014
NR8 5,NR8 6,8809.987831061891
NR8 5,NR9 5,626.5517660309425
NR8 6,NR9 5,10915.345495763915
NR9 3,NR9 4,449.29035128463465
NR9 3,NR9 5,6172.740817089239
NR9 4,NR9 5,5820.1015206130205
NW1 0,NW1 1,1139.9000790095738
NW1 0,NW1 7,611.4337889460262
NW1 0,NW1 8,412.42533365542465
NW1 0,NW1 9,1404.4773692891304
NW1 1,NW1 2,856.6633433654737
NW1 1,NW1 7,317.05471069965824
NW1 1,WC1H 8,47.60923142582018
NW1 1,WC1H 9,522.9923375204232
NW1 2,NW1 3,874.5835041715468
NW1 2,NW1 7,144.42073177466693
NW1 2,WC1H 0,447.1237200734247
NW1 3,NW1 4,1198.1541451224498
NW1 3,NW1 7,1049.3331362504055
NW1 3,W1T 5,292.3883086687633
NW1 3,W1T 6,192.58946318946764
NW1 3,W1W 5,221.5980718256608
NW1 3,WC1H 0,30.87388871194174
NW1 4,NW1 5,563.5240170789999
NW1 4,NW1 6,608.0096333774565
NW1 4,NW1 7,1647.4506603877335
NW1 4,NW8 7,3589.762225831349
NW1 4,W1B 1,484.5014975195696
NW1 4,W1G 6,165.21787417387853
NW1 4,W1G 7,75.95391118954161
NW1 4,W1U 5,91.7570059231641
NW1 4,W1W 5,39.94261189933317
NW1 5,NW1 6,1150.6280063284612
NW1 5,NW8 8,147.85076870439917
NW1 5,W1H 2,22.33119882651234
NW1 5,W1H 4,174.76852978392867
NW1 5,W1H 5,217.04214908428918
NW1 5,W1U 5,265.0601412733944
NW1 5,W1U 6,176.96720439841383
NW1 5,W2 1,483.13376916325694
NW1 6,NW8 7,123.00183016521767
NW1 6,NW8 8,1041.774039982789
NW1 6,W1H 1,374.38186076539404
NW1 6,W1H 4,489.39645043134453
NW1 6,W1U 6,159.22318942842122
NW1 6,W2 1,183.51255355107756
NW1 7,NW1 8,2083.0894380620575
NW1 7,NW3 3,220.98813556017626
NW1 7,NW8 7,944.7825894794137
NW1 8,NW1 9,930.6914765351117
NW1 8,NW3 2,162.85424759180313
NW1 8,NW3 3,424.5120889444556
NW1 8,NW3 4,89.7391077707221
NW1 8,NW5 2,138.96139054251861
NW1 8,NW5 3,976.1975886475352
NW1 8,NW5 4,145.51784286846873
NW1 9,NW5 2,1246.3662559148536
NW10 0,NW10 1,1942.8053798756366
NW10 0,NW10 2,445.9236542530281
NW10 0,NW10 8,2619.327582505904
NW10 0,NW10 9,1771.117578423516
NW10 0,NW2 7,1087.996521586516
NW10 0,NW9 7,261.57445282332844
NW10 0,NW9 8,1153.5807083561215
NW10 1,NW10 2,960.1229443804801
NW10 1,NW10 9,325.3582545640417
NW10 1,NW2 4,750.7434077168923
NW10 1,NW2 5,1020.4023361721297
NW10 1,NW2 6,1029.5453662343227
NW10 1,NW2 7,1600.8941007137046
NW10 2,NW10 3,1545.0472230927237
NW10 2,NW10 9,2744.447495282932
NW10 2,NW2 5,3290.7421116128326
NW10 3,NW10 4,955.3507686958831
NW10 3,NW10 5,3379.3346073055313
NW10 3,NW10 9,177.40658477582187
NW10 3,NW2 5,268.64308978048956
NW10 3,NW6 6,423.3196360692443
NW10 3,NW6 7,940.6250505853103
NW10 3,W10 4,287.1774994464631
NW10 4,NW10 5,1184.0296726826302
NW10 4,NW10 6,543.2048221931951
NW10 4,NW10 8,1184.9927931794207
NW10 4,NW10 9,1566.3520064183401
NW10 5,NW10 6,1986.1871263602945
NW10 5,NW6 6,456.99172441006283
NW10 5,W10 4,338.4192139458472
NW10 5,W10 5,976.1857954345519
NW10 6,NW10 7,1133.6366959266109
NW10 6,NW10 8,1032.2348323333076
NW10 6,W10 5,594.5376572857933
NW10 6,W12 0,1854.4710301443672
NW10 6,W3 0,544.6957919821215
NW10 6,W3 6,1916.7892205139417
NW10 7,NW10 8,2137.172295518727
NW10 7,W3 0,1744.137872876126
NW10 7,W5 1,885.6253453547281
NW10 7,W5 3,796.2351623292786
NW10 8,NW10 9,3280.149312009157
NW11 0,NW11 6,825.9234606845833
NW11 0,NW11 7,986.3102400206546
NW11 0,NW11 8,736.1241455920684
NW11 0,NW11 9,2046.5939800219098
NW11 0,NW4 2,748.7257248678411
NW11 6,NW11 7,4020.211124823996
NW11 6,NW3 7,498.9691331163565
NW11 7,NW11 8,1559.894144779078
NW11 7,NW3 7,1025.0482771784084
NW11 8,NW11 9,1679.809411663226
NW11 8,NW2 1,1459.9424779623605
NW11 8,NW2 2,2491.012675202606
NW11 8,NW3 7,879.1594077835348
NW11 9,NW2 1,879.1590126971748
NW11 9,NW4 2,805.0055067960654
NW11 9,NW4 3,118.96744697661181
NW2 1,NW2 2,2643.672241660417
NW2 1,NW2 3,349.1518404849153
NW2 1,NW2 6,2436.426959333693
NW2 1,NW4 3,1076.6929892138337
NW2 1,NW9 7,139.94056754998618
NW2 2,NW2 3,2708.491978586308
NW2 2,NW3 7,1576.3414132548344
NW2 2,NW6 1,798.8882913924169
NW2 3,NW2 4,1784.7441554645873
NW2 3,NW2 6,806.2418035048111
NW2 3,NW6 1,922.1119021937843
NW2 3,NW6 2,651.2943987253557
NW2 4,NW2 5,2323.8072086925745
NW2 4,NW2 6,880.7801932971711
NW2 4,NW6 2,20.21551949631341
NW2 4,NW6 7,1656.1673076017837
NW2 5,NW6 7,663.571628394784
NW2 6,NW2 7,5278.021538200107
NW2 6,NW9 7,1149.5804304590267
NW2 7,NW9 7,763.482811467039
NW3 1,NW3 2,1800.5305077484754
NW3 1,NW3 5,1416.1313293089345
NW3 1,NW3 6,1567.1035977739866
NW3 1,NW3 7,1321.1796235342235
NW3 2,NW3 3,186.7259725926029
NW3 2,NW3 4,1496.9824146680407
NW3 2,NW3 5,553.1416046122763
NW3 2,NW3 7,438.3857506416487
NW3 2,NW5 1,1506.1663140079888
NW3 2,NW5 3,444.7518325678491
NW3 2,NW5 4,2548.4935374914166
NW3 3,NW3 4,2407.7289094964895
NW3 3,NW3 5,420.5599119884197
NW3 3,NW3 6,144.23823596369516
NW3 3,NW8 6,1593.6180957162476
NW3 3,NW8 7,1068.8124423463867
NW3 4,NW3 5,1908.5490652010694
NW3 5,NW3 6,2867.1675746814944
NW3 5,NW6 4,85.18802414667431
NW3 5,NW8 6,164.9780680976267
NW3 6,NW3 7,1705.6645236486006
NW3 6,NW6 1,814.2888638031885
NW3 6,NW6 3,888.4900988393138
NW3 6,NW6 4,661.1316374356664
NW3 7,NW6 1,878.5577673659062
NW4 1,NW4 2,861.4043285709542
NW4 1,NW4 4,1758.8314853385234
NW4 1,NW7 1,1365.0361899486784
NW4 1,NW7 2,116.05356312100429
NW4 2,NW4 3,1392.951489935956
NW4 2,NW4 4,1256.2183146818206
NW4 3,NW4 4,1444.8644193048647
NW4 3,NW9 6,895.8033948639363
NW4 3,NW9 7,1083.596058128294
NW4 4,NW7 2,882.585330508124
NW4 4,NW9 4,485.3536369515913
NW4 4,NW9 5,863.2288341719459
NW4 4,NW9 6,687.4336834970526
NW5 1,NW5 2,1351.945602052191
NW5 1,NW5 3,882.8548066482387
NW5 1,NW5 4,429.29551958948946
NW5 2,NW5 3,374.09845083998454
NW5 3,NW5 4,1329.912346384558
NW6 1,NW6 2,995.6820721666043
NW6 1,NW6 3,267.85926308375144
NW6 2,NW6 3,768.0782245027417
NW6 2,NW6 4,797.5120582481712
NW6 2,NW6 7,500.6652754692134
NW6 3,NW6 4,1976.6261730350434
NW6 4,NW6 5,337.37867721958924
NW6 4,NW6 6,359.29516150748384
NW6 4,NW6 7,458.7089307523074
NW6 4,NW8 0,1456.5292364639165
NW6 4,NW8 6,86.80181258904032
NW6 5,NW6 6,908.5579998372443
NW6 5,NW8 0,433.3178768948722
NW6 5,W9 1,1691.4698416732808
NW6 5,W9 2,535.7808819406008
NW6 5,W9 3,906.3206200146705
NW6 6,NW6 7,2079.972741188186
NW6 6,W10 4,1078.333965123797
NW6 6,W9 3,236.0747143167507
NW7 1,NW7 2,4888.732981205413
NW7 1,NW7 4,587.5400151415954
NW7 2,NW7 3,1184.757079039996
NW7 2,NW7 4,3629.1707524517747
NW7 2,NW9 4,406.6244524984135
NW7 2,NW9 5,1237.0566770730325
NW7 3,NW7 4,4512.54890493951
NW7 3,WD6 2,416.15912607739193
NW7 3,WD6 3,19.151555680440822
NW8 0,NW8 6,886.8874437253569
NW8 0,NW8 9,1219.1134965148558
NW8 0,W9 1,797.8269133658994
NW8 6,NW8 7,985.5247479354192
NW8 6,NW8 9,604.8348629358652
NW8 7,NW8 8,1739.982542123618
NW8 7,NW8 9,364.61943252845674
NW8 8,NW8 9,907.6062241236801
NW8 8,W2 1,613.5297033975755
NW8 8,W9 1,545.5379271930244
NW8 9,W9 1,1009.518486035292
NW9 0,NW9 5,564.4781504944773
NW9 0,NW9 6,1079.4247746241986
NW9 0,NW9 7,320.4053062505959
NW9 0,NW9 8,2052.0938402752226
NW9 0,NW9 9,4024.8814019409015
NW9 4,NW9 5,1770.5679812169026
NW9 4,NW9 6,943.0759578995116
NW9 5,NW9 6,1657.5757408240083
NW9 6,NW9 7,1157.0954708278653
NW9 7,NW9 8,2929.790309704985
NW9 8,NW9 9,1573.9282329021562
OL1 2,OL1 3,1347.248131006534
OL1 2,OL2 5,2956.585970504872
OL1 2,OL2 6,729.6698725630206
OL1 2,OL8 1,333.2286541354156
OL1 2,OL9 0,4233.6099512331975
OL1 2,OL9 6,2858.281390831758
OL1 2,OL9 9,680.2062754466467
OL1 3,OL1 4,1073.8516843053762
OL1 3,OL2 6,1607.7843246141597
OL1 3,OL4 1,1307.554446098644
OL1 3,OL8 1,746.9831266661852
OL1 4,OL16 3,2885.9843142898953
OL1 4,OL16 4,484.24779210923157
OL1 4,OL2 6,1509.0326735426418
OL1 4,OL2 7,943.4382261449267
OL1 4,OL2 8,6285.2748389486005
OL1 4,OL3 5,2758.9505778322573
OL1 4,OL4 1,589.9081726102099
OL1 4,OL4 2,4301.326824050855
OL10 1,OL10 2,2378.1899011274654
OL10 1,OL10 3,1816.3335546395938
OL10 1,OL10 4,5350.323461055078
OL10 1,OL11 3,1021.1538750138776
OL10 2,OL10 3,1962.0119477168591
OL10 2,OL11 3,501.0405613739537
OL10 3,OL10 4,2508.4439391757705
OL10 4,OL11 3,1685.8364007973178
OL10 4,OL11 4,1710.3034396719825
OL10 4,OL11 5,4175.038418463199
OL11 1,OL11 2,1327.4362159603068
OL11 1,OL11 3,1971.837965658732
OL11 1,OL11 4,599.5078896777923
OL11 1,OL16 1,1129.2948570327558
OL11 1,OL16 4,358.9015638297628
OL11 1,OL16 5,2111.0763837234717
OL11 2,OL11 3,3110.584999312202
OL11 2,OL16 4,4329.410653800837
OL11 2,OL2 5,559.0747084266768
OL11 3,OL11 4,3362.546378985409
OL11 3,OL16 1,304.54638676011444
OL11 4,OL11 5,3792.2788421564137
OL11 4,OL12 6,1146.686173366375
OL11 4,OL16 1,890.9274671743015
OL11 5,OL12 6,417.7450933555657
OL11 5,OL12 7,8081.682921262155
OL12 0,OL12 6,6310.910513519616
OL12 0,OL12 9,6763.103802073537
OL12 0,OL16 2,1106.3641719565758
OL12 6,OL12 7,9935.04781105867
OL12 6,OL12 8,4404.954868960921
OL12 6,OL12 9,958.9537484583013
OL12 6,OL16 1,656.9078650740902
OL12 6,OL16 2,283.3898255609061
OL12 7,OL12 8,112.5005403190616
OL12 8,OL12 9,5024.745859018537
OL12 8,OL13 0,2072.546296367113
OL12 8,OL13 9,4301.204432094754
OL12 8,OL14 6,1286.4064118417211
OL12 8,OL14 7,1290.7557009991513
OL12 9,OL14 6,3967.005823123646
OL12 9,OL15 8,1544.6759639984052
OL12 9,OL15 9,3602.0044411556178
OL12 9,OL16 2,5005.069086360376
OL13 0,OL13 8,4758.995397482311
OL13 0,OL13 9,2508.4234780627417
OL13 8,OL13 9,7717.96542587979
OL13 8,OL14 7,1629.8612969591186
OL13 9,OL14 7,1363.5526210361522
OL14 5,OL14 6,4195.586163589494
OL14 5,OL14 7,1100.0016624321663
OL14 5,OL14 8,6842.581280531304
OL14 6,OL14 7,14974.5198318167
OL14 6,OL14 8,7653.625945642402
OL14 6,OL15 9,5844.332287737499
OL14 7,OL14 8,5698.18304819144
OL15 0,OL15 8,3154.0611607926553
OL15 0,OL15 9,5179.467376066845
OL15 0,OL16 2,396.630137002732
OL15 0,OL16 3,7702.499544773998
OL15 8,OL15 9,8944.181104535724
OL15 8,OL16 2,2396.273479120993
OL16 1,OL16 2,1178.3652241457983
OL16 1,OL16 5,0.9295246099870026
OL16 2,OL16 3,1682.86460197144
OL16 2,OL16 5,1151.7118220849427
OL16 3,OL16 4,4639.274903603881
OL16 3,OL16 5,1877.9365022057311
OL16 3,OL3 5,4591.7217559670335
OL16 4,OL16 5,2993.3183302316493
OL16 4,OL2 5,803.421972374067
OL16 4,OL2 6,785.2328455155413
OL16 4,OL2 7,3215.552935356157
OL2 5,OL2 6,4782.738405697166
OL2 5,OL9 0,125.71662334300996
OL2 6,OL2 7,2921.9795325178516
OL2 6,OL2 8,1402.504076122725
OL2 7,OL2 8,3766.7861960876544
OL3 5,OL3 6,5990.283272961433
OL3 5,OL3 7,5096.61482986703
OL3 5,OL4 2,667.0684455592232
OL3 5,OL4 3,4982.438071041411
OL3 6,OL3 7,3710.3750210495455
OL3 6,OL4 3,1243.6093479616864
OL3 6,OL4 4,2555.086500581167
OL3 7,OL4 4,3168.2070802939793
OL3 7,OL5 0,413.266108337025
OL3 7,OL5 9,4038.238632844495
OL3 7,SK13 1,7375.622004134546
OL3 7,SK15 3,1669.615701266308
OL4 1,OL4 2,879.1070216914193
OL4 1,OL4 3,1044.403219644142
OL4 1,OL4 5,2450.9881633251875
OL4 1,OL8 1,442.0923901643043
OL4 1,OL8 2,1772.3294820431115
OL4 2,OL4 3,5054.670838077209
OL4 3,OL4 4,8385.631521852702
OL4 3,OL4 5,1459.568025371833
OL4 4,OL4 5,3730.2962437612823
OL4 4,OL5 0,993.9512711504173
OL4 5,OL5 0,2251.2725492426
OL4 5,OL6 8,2720.3205374261292
OL4 5,OL8 2,3103.4561221574445
OL5 0,OL5 9,4689.258179630471
OL5 0,OL6 8,2832.1637037253677
OL5 0,SK15 3,2074.357238297764
OL5 9,SK15 3,4300.4342053506825
OL6 6,OL6 7,2548.6469362621324
OL6 6,OL6 8,719.2811157825801
OL6 6,OL6 9,2248.884457718509
OL6 6,OL7 9,81.49538357023057
OL6 6,SK15 1,1205.5685740938893
OL6 6,SK16 4,382.34220387388245
OL6 6,SK16 5,1043.1455448320546
OL6 7,OL7 0,2415.679903439691
OL6 7,OL7 9,922.7669351567031
OL6 7,SK16 4,869.646482712867
OL6 8,OL6 9,8475.977111327957
OL6 8,OL7 9,2483.7419603056305
OL6 8,OL8 2,1517.6388188176097
OL6 8,SK15 1,227.61827888982515
OL6 8,SK15 3,645.4602552203988
OL6 9,SK15 1,1932.8768886051628
OL7 0,OL7 9,834.1622245961483
OL7 0,SK16 4,1170.0702204184072
OL7 9,OL8 2,941.6349021655012
OL8 1,OL8 2,2055.8146042017534
OL8 1,OL8 3,441.3968140875959
OL8 1,OL8 4,3961.0235524410473
OL8 1,OL9 6,474.4712101574724
OL8 2,OL8 3,3439.516710860057
OL8 3,OL8 4,3175.3166288067277
OL8 4,OL9 6,728.0485426439005
OL8 4,OL9 7,2304.7994480019765
OL8 4,OL9 8,1088.4665064663411
OL9 0,OL9 6,1722.4649496687111
OL9 0,OL9 9,5071.418382438673
OL9 6,OL9 7,272.85115782050036
OL9 6,OL9 8,514.0341473882872
OL9 6,OL9 9,639.649771351143
OL9 7,OL9 8,2353.1616557324633
OL9 8,OL9 9,6177.230896321582
OX1 1,OX1 2,768.5940314930249
OX1 1,OX1 3,882.4653563668465
OX1 1,OX1 4,1833.2572736313114
OX1 1,OX2 0,2668.7867117963397
OX1 1,OX2 6,292.239270726472
OX1 2,OX1 3,812.6431195964808
OX1 2,OX2 0,325.31215708998695
OX1 2,OX2 6,657.2309236387666
OX1 3,OX1 4,2029.3646993304108
OX1 3,OX2 6,1357.813895844593
OX1 3,OX3 0,1233.912409809936
OX1 3,OX4 1,1569.9346636692205
OX1 4,OX1 5,3031.0437498354895
OX1 4,OX2 0,637.8250302572076
OX1 4,OX2 9,89.64544664961792
OX1 4,OX4 1,1302.2297800413237
OX1 4,OX4 4,1486.3962656763595
OX1 5,OX13 5,374.5784402365115
OX1 5,OX13 6,12764.519008512643
OX1 5,OX14 2,2245.254096739136
OX1 5,OX14 3,431.7034776707821
OX1 5,OX2 9,7007.166189810493
OX1 5,OX4 4,2540.141714910038
OX10 0,OX10 8,15995.34660878884
OX10 0,OX10 9,2856.4376734724547
OX10 6,OX10 7,7541.712109033054
OX10 6,OX10 8,8706.678397803185
OX10 6,OX10 9,2339.4885552167943
OX10 6,OX49 5,5539.632336144345
OX10 6,RG8 0,8768.207920420853
OX10 6,RG9 5,12307.532534442596
OX10 6,RG9 6,3300.962922001948
OX10 7,OX10 8,4171.478045695476
OX10 7,OX14 3,2694.0705120012394
OX10 7,OX14 4,3228.284364106792
OX10 7,OX44 7,8243.070186070543
OX10 7,OX44 9,811.1014076438494
OX10 7,OX49 5,209.15285551859665
OX10 8,OX10 9,2534.4980244778317
OX10 8,OX11 9,4545.308398161744
OX10 8,OX14 4,3154.5939847491636
OX10 9,OX11 9,7640.449251058409
OX10 9,RG8 0,3468.625377503346
OX10 9,RG8 9,5964.434896851584
OX11 0,OX11 6,5671.320217627693
OX11 0,OX11 7,1193.4066644469121
OX11 0,OX11 8,951.1511505264572
OX11 0,OX11 9,11358.464413404537
OX11 0,OX12 8,4685.034612847312
OX11 0,OX13 6,2143.7750707021755
OX11 0,OX14 4,128.91101342409283
OX11 0,RG20 7,3519.3136283571203
OX11 6,OX11 7,2143.141917159968
OX11 6,OX11 8,199.13577225254414
OX11 6,OX11 9,333.61058970186633
OX11 6,OX14 4,3121.1284958712495
OX11 7,OX11 8,1637.6630622097848
OX11 7,OX11 9,2904.258287770285
OX11 7,OX14 4,3331.1460371824064
OX11 8,OX11 9,4266.555735529507
OX11 9,OX14 4,1526.4590331807713
OX11 9,RG20 6,2779.0394672962925
OX11 9,RG20 7,2179.3120045127257
OX11 9,RG8 9,1979.4497830330963
OX12 0,OX12 7,7148.508183108889
OX12 0,OX12 8,753.1472864800801
OX12 0,OX12 9,6907.648020611243
OX12 0,OX13 5,10747.06922642374
OX12 0,OX13 6,3491.597581028611
OX12 0,OX14 4,2410.205176854188
OX12 0,SN7 8,17948.006486473925
OX12 7,OX12 8,6670.54469130525
OX12 7,OX12 9,4834.915306579043
OX12 8,OX12 9,7317.915848389593
OX12 8,OX13 6,8717.763267559645
OX12 8,RG20 7,16532.618679848412
OX12 8,RG20 8,441.53157264615646
OX12 9,RG17 7,9112.057617323888
OX12 9,RG17 8,5919.976122862999
OX12 9,RG20 7,3888.6597286169344
OX12 9,SN7 7,10534.582082527413
OX12 9,SN7 8,1934.9099145978116
OX13 5,OX13 6,10994.087920540864
OX13 5,OX18 2,1062.83053905692
OX13 5,OX2 9,5001.122928591381
OX13 5,OX29 5,7933.385880280169
OX13 5,OX29 7,2236.716361648613
OX13 5,SN7 8,7518.0326726968215
OX13 6,OX14 1,4400.190040694879
OX13 6,OX14 2,1845.6832174026708
OX13 6,OX14 4,12560.976128375964
OX13 6,OX14 5,673.0894846764194
OX14 1,OX14 2,4093.8717163085653
OX14 1,OX14 3,593.2770307076842
OX14 1,OX14 5,2116.5823800396706
OX14 2,OX14 3,13300.96575183982
OX14 2,OX14 4,1516.5660878525848
OX14 2,OX44 9,4010.8286368629992
OX14 3,OX14 4,9832.65358260917
OX14 3,OX14 5,1040.8689577879534
OX14 3,OX4 4,651.0462529790817
OX14 3,OX44 9,5650.907213928504
OX14 4,OX14 5,5861.036527209624
OX14 4,OX44 9,1240.5797522877638
OX15 0,OX15 4,6929.868948086662
OX15 0,OX17 3,8614.388506965242
OX15 0,OX25 6,7724.928163275492
OX15 0,OX27 7,2230.1773094583245
OX15 0,OX7 7,3824.1747367993594
OX15 4,OX15 5,13599.491890933228
OX15 4,OX16 9,8060.002692671508
OX15 4,OX17 2,1878.7785329228743
OX15 4,OX17 3,7105.51546889468
OX15 4,OX7 4,4392.0760113624865
OX15 4,OX7 7,1282.9373002475222
OX15 5,OX15 6,11342.568475618775
OX15 5,OX16 9,2194.404539747448
OX15 5,OX7 4,2575.7606947884055
OX15 5,OX7 5,4286.556187615091
OX15 6,OX16 0,1531.6115868240277
OX15 6,OX16 1,4503.794533901646
OX15 6,OX16 9,455.1127357810289
OX15 6,OX17 1,8413.978556402819
OX16 0,OX16 1,5028.212023257055
OX16 0,OX16 2,1183.8096364369862
OX16 0,OX16 9,3086.202675242358
OX16 1,OX16 2,2760.614707833965
OX16 1,OX17 1,4813.829418882455
OX16 2,OX16 3,1369.0790975749314
OX16 2,OX16 4,1199.0983215796082
OX16 2,OX16 5,940.866467414792
OX16 2,OX16 9,1435.1925298374501
OX16 2,OX17 1,3066.366705607839
OX16 3,OX16 4,2467.997994947163
OX16 3,OX16 5,459.66562550492966
OX16 4,OX16 5,869.9749409158586
OX16 4,OX16 9,1766.4596553508777
OX16 4,OX17 1,99.92437541410679
OX16 4,OX17 2,6204.697869662098
OX16 5,OX16 9,1948.1509372187534
OX16 9,OX17 2,192.9289388897916
OX17 1,OX17 2,16464.460843565783
OX17 2,OX17 3,5557.565964893788
OX17 3,OX27 7,5223.503725105376
OX18 1,OX18 2,615.6648033487587
OX18 1,OX18 3,8681.423277690676
OX18 1,OX18 4,959.7914337707274
OX18 2,OX18 3,6577.654921291226
OX18 2,OX18 4,5587.975162216606
OX18 2,OX29 6,1973.7103482187022
OX18 2,OX29 7,20514.747803979313
OX18 2,SN7 7,1296.5352639675912
OX18 2,SN7 8,11607.085385416021
OX18 3,OX18 4,1778.9189346722253
OX18 3,OX29 0,4394.059690738494
OX18 3,OX29 7,2452.4162899676003
OX18 3,OX29 9,2236.0472482793934
OX18 4,OX29 9,7904.972703220752
OX18 4,OX7 6,8822.960668927914
OX2 0,OX2 6,1869.2343100059475
OX2 0,OX2 7,875.1730895915352
OX2 0,OX2 8,5148.549423729583
OX2 0,OX2 9,4451.9449507400495
OX2 6,OX2 7,3866.661327758772
OX2 6,OX3 0,1555.1380608061172
OX2 7,OX2 8,4554.95694967845
OX2 7,OX3 0,1789.8546235205363
OX2 8,OX2 9,7111.384521634526
OX2 8,OX29 4,585.0421366352014
OX2 8,OX3 0,27.2595648714264
OX2 8,OX3 9,85.84300875039052
OX2 8,OX5 1,1111.124687741172
OX2 8,OX5 2,7381.27228751622
OX2 9,OX29 4,5021.714701051292
OX2 9,OX29 5,2731.2183674527605
OX20 1,OX29 4,2008.9885007405057
OX20 1,OX29 8,10050.589764745022
OX20 1,OX5 1,6126.186918058911
OX20 1,OX5 3,6394.506793445545
OX20 1,OX7 3,4743.106026476892
OX20 1,OX7 4,4038.775865533511
OX20 1,OX7 7,5560.641808517419
OX25 1,OX25 2,6854.382980806073
OX25 1,OX27 0,721.7827796611052
OX25 1,OX5 2,1544.3867961529918
OX25 2,OX25 3,1892.3677193508483
OX25 2,OX26 1,4668.014276198843
OX25 2,OX26 5,2823.156391598978
OX25 2,OX26 6,2327.3182106038385
OX25 2,OX27 0,3785.540429504512
OX25 2,OX5 2,5053.752556729451
OX25 3,OX26 1,4297.694994306799
OX25 3,OX5 2,4310.801276591441
OX25 3,OX5 3,5360.020043548786
OX25 4,OX25 5,7255.126403611156
OX25 4,OX25 6,3258.9950533626034
OX25 4,OX26 1,2229.6943324979793
OX25 4,OX27 7,5014.585605716498
OX25 4,OX5 3,3246.8128706132793
OX25 4,OX7 7,2800.963167807391
OX25 5,OX25 6,5321.03835413638
OX25 5,OX27 7,1247.301611022189
OX25 5,OX5 3,5864.665773016185
OX25 6,OX27 7,6677.629279274164
OX25 6,OX7 7,5355.459405106174
OX26 1,OX26 2,2275.6484909900614
OX26 1,OX26 6,2184.72609924738
OX26 1,OX27 7,4119.178657160881
OX26 1,OX5 3,1724.304480999649
OX26 2,OX26 3,1654.9206459962747
OX26 2,OX26 6,1536.8766880044116
OX26 2,OX27 7,682.9813802621859
OX26 2,OX27 8,178.79588903485882
OX26 3,OX26 4,1271.0487705150915
OX26 3,OX27 8,2226.8456861412415
OX26 4,OX26 5,2629.745456773849
OX26 4,OX26 6,1946.8867713567706
OX26 5,OX26 6,311.46271185952
OX26 5,OX27 0,3243.2446189562
OX26 5,OX27 8,1132.5806726989947
OX26 5,OX27 9,6241.9827220504485
OX27 0,OX27 9,1774.864001302899
OX27 7,OX27 8,13652.974842252544
OX27 8,OX27 9,3929.389571444333
OX28 1,OX28 2,2218.937842227582
OX28 1,OX28 3,704.325690756703
OX28 1,OX28 6,1355.4162368616655
OX28 1,OX29 6,1409.7189882711289
OX28 1,OX29 9,3066.369355382308
OX28 2,OX28 3,1529.6586673156512
OX28 2,OX29 6,177.95511722078047
OX28 3,OX28 4,486.13891353427454
OX28 3,OX28 6,1231.416177224306
OX28 3,OX29 6,2242.502974525555
OX28 3,OX29 7,3.2670570258568565
OX28 4,OX28 5,2307.800739090279
OX28 4,OX28 6,3532.2861012436742
OX28 5,OX28 6,1911.3614117999343
OX28 5,OX29 0,1274.961560833436
OX28 5,OX29 7,6221.014569254974
OX28 5,OX29 9,164.57180579025442
OX28 6,OX29 7,332.70268108303117
OX28 6,OX29 9,841.3612025525431
OX29 0,OX29 7,5312.155541371112
OX29 0,OX29 9,11382.664940060784
OX29 4,OX29 5,6205.3999367386095
OX29 4,OX29 6,7221.683958117285
OX29 4,OX29 8,7909.038478888787
OX29 4,OX5 1,4385.20434603094
OX29 5,OX29 6,4505.012055421913
OX29 5,OX29 7,5907.551621707092
OX29 6,OX29 7,4077.876600786564
OX29 6,OX29 8,9260.823874682987
OX29 6,OX29 9,7909.216903399634
OX29 6,OX7 3,5351.70435216868
OX29 8,OX7 3,6165.947314324897
OX29 9,OX7 3,5588.667482589876
OX29 9,OX7 6,6117.448059276667
OX3 0,OX3 7,2988.922865667472
OX3 0,OX3 9,5061.772768683576
OX3 0,OX4 1,1434.647946586529
OX3 7,OX3 8,4218.676350903998
OX3 7,OX3 9,1429.4483620735461
OX3 7,OX33 1,1272.463726550511
OX3 7,OX4 1,1092.9426046234537
OX3 7,OX4 2,3391.7558825197484
OX3 8,OX3 9,2703.3479381053407
OX3 8,OX33 1,8861.51081143205
OX3 9,OX33 1,8311.779509375643
OX3 9,OX5 2,14134.528511875424
OX33 1,OX4 2,1830.7584485060713
OX33 1,OX44 7,6737.156673269328
OX33 1,OX44 9,6146.568137064734
OX33 1,OX5 2,3846.305187804297
OX33 1,OX9 2,3069.71752777727
OX39 4,OX49 5,6700.825642671848
OX39 4,OX9 3,8161.694237664367
OX39 4,OX9 7,6414.16057066699
OX4 1,OX4 2,1005.1173193274595
OX4 1,OX4 3,858.6100478317018
OX4 1,OX4 4,905.0511279283351
OX4 2,OX4 3,3639.990339098733
OX4 2,OX4 6,1028.2639827582848
OX4 2,OX4 7,77.67514993237069
OX4 2,OX44 9,1481.9127595200794
OX4 3,OX4 4,5426.6859236067285
OX4 3,OX4 6,1124.9073117898797
OX4 4,OX4 6,1897.2239172625827
OX4 4,OX4 7,1896.1990929167287
OX4 4,OX44 9,4006.7952447548614
OX4 6,OX4 7,2600.8807603159116
OX4 7,OX44 9,1086.6267304769453
OX44 7,OX44 9,9880.803916659397
OX44 7,OX49 5,12031.474659885613
OX44 7,OX9 2,8600.263072472366
OX44 7,OX9 3,561.7424333208494
OX44 7,OX9 7,5151.376507710496
OX49 5,OX9 7,19001.795038819142
OX49 5,RG9 6,15576.489363215525
OX5 1,OX5 2,13462.94978849628
OX5 1,OX5 3,4522.527524157818
OX5 2,OX5 3,5691.877122563124
OX5 3,OX7 7,2796.602694752286
OX7 3,OX7 4,8430.316607944551
OX7 3,OX7 5,3012.427480900489
OX7 3,OX7 6,10560.52605285526
OX7 4,OX7 5,16825.252034443096
OX7 4,OX7 7,7957.457218443199
OX7 5,OX7 6,2685.329070113235
OX9 2,OX9 3,5580.174725996698
OX9 3,OX9 7,3066.3713098534263
PE1 1,PE1 2,2101.0376335992632
PE1 1,PE1 4,685.2515445929897
PE1 1,PE1 5,1394.9303734950984
PE1 1,PE2 8,527.6540908527304
PE1 1,PE2 9,360.0202350011749
PE1 1,PE3 6,616.8462958733653
PE1 2,PE1 3,3078.383498079605
PE1 2,PE1 4,1661.4165495722284
PE1 2,PE3 6,616.2162448898011
PE1 2,PE3 7,1695.8773726130898
PE1 2,PE3 9,596.0315744659065
PE1 2,PE4 6,218.9770192065791
PE1 3,PE1 4,3766.684975581239
PE1 3,PE4 6,905.2920069813795
PE1 3,PE4 7,1842.3689974340227
PE1 4,PE1 5,4816.734572753039
PE1 4,PE4 7,670.4988045558077
PE1 4,PE6 7,2232.825783363354
PE1 5,PE2 8,3852.011005271455
PE1 5,PE2 9,1.2090281225070618
PE1 5,PE6 0,2617.5151788160742
PE1 5,PE6 7,2567.1655699081384
PE10 0,PE10 9,23021.141742486016
PE10 0,PE11 3,12213.470072976466
PE10 0,PE11 4,965.6753717906971
PE10 0,PE6 9,5278.599390609753
PE10 0,PE9 4,14533.228301996574
PE11 1,PE11 2,8565.055116519334
PE11 1,PE11 3,11215.260355135224
PE11 2,PE11 3,5168.520253124823
PE11 2,PE12 6,10705.653807267696
PE11 3,PE11 4,15705.43233264152
PE11 3,PE12 6,7467.410465058593
PE11 3,PE6 0,11095.83898901716
PE11 3,PE6 8,7595.05692206496
PE11 3,PE6 9,4845.3679015031585
PE11 4,PE12 6,2073.599781970931
PE11 4,PE20 2,12351.154408653112
PE11 4,PE20 3,8867.905962647272
PE12 0,PE12 6,21983.04098638231
PE12 0,PE12 8,31308.8217470264
PE12 0,PE12 9,16190.095161680692
PE12 0,PE13 4,6479.609291195731
PE12 0,PE13 5,12285.522331607624
PE12 0,PE6 0,14616.365684965785
PE12 6,PE12 7,1869.7068249335289
PE12 6,PE12 8,25225.442527768868
PE12 6,PE20 2,2503.636314837887
PE12 6,PE6 0,1857.0798167708463
PE12 7,PE12 8,17213.27143228536
PE12 8,PE12 9,9482.624283485171
PE12 8,PE6 0,1040.2927741390351
PE12 9,PE13 5,6128.920630114291
PE12 9,PE14 7,4896.16686553115
PE12 9,PE34 4,10578.978635433032
PE13 1,PE13 2,1534.0038801875512
PE13 1,PE13 3,236.71887154544694
PE13 1,PE13 4,3064.792521994173
PE13 1,PE13 5,3093.3755848021847
PE13 1,PE14 0,231.55997474356315
PE13 2,PE13 3,5536.325896022729
PE13 2,PE14 0,9603.54078989986
PE13 2,PE14 7,845.4773371860291
PE13 3,PE14 7,5608.639029961161
PE13 4,PE13 5,9445.21283243621
PE13 4,PE14 0,76.18424797406801
PE13 4,PE6 0,7605.0885538836155
PE14 0,PE14 7,805.355864691173
PE14 0,PE14 8,8629.781065863972
PE14 0,PE14 9,8719.0764379287
PE14 0,PE15 0,10945.361337509037
PE14 0,PE15 8,1414.2923842698046
PE14 0,PE7 1,785.8175134967107
PE14 0,PE7 2,1053.2350539241938
PE14 7,PE14 8,7623.442918785524
PE14 7,PE34 4,12294.156367031386
PE14 8,PE14 9,6411.324910795489
PE14 8,PE34 3,4777.379021055063
PE14 8,PE34 4,2720.771620754291
PE14 8,PE38 0,10242.60264161458
PE14 9,PE15 0,12417.792411854218
PE14 9,PE38 0,18122.84918286563
PE15 0,PE15 8,11760.277804118354
PE15 0,PE15 9,10189.71016912389
PE15 0,PE16 6,21826.30997566792
PE15 0,PE26 2,8009.58024924309
PE15 0,PE28 2,3589.1868605449617
PE15 0,PE7 2,9072.745853510743
PE15 8,PE15 9,5502.989690252335
PE16 6,PE28 2,891.5253987576089
PE16 6,PE28 3,6790.726382220592
PE19 0,PE19 1,554.2272588908486
PE19 0,PE19 2,1742.5311582791617
PE19 0,PE19 6,16112.311608822007
PE19 0,SG19 3,912.3130851291696
PE19 1,PE19 2,2954.722193782284
PE19 1,PE19 6,3526.016491088047
PE19 1,PE19 7,3164.2249735742976
PE19 2,PE19 7,1420.9943953409575
PE19 2,PE19 8,1565.5293389913295
PE19 5,PE19 6,16412.136131439587
PE19 5,PE19 7,2676.869214579824
PE19 5,PE19 8,2084.607963457601
PE19 5,PE28 0,34475.73352102017
PE19 5,PE28 4,5866.252592711551
PE19 5,PE29 2,5271.552535128869
PE19 6,PE19 7,1537.2587690192843
PE19 6,PE28 9,3177.568872833834
PE19 6,PE29 2,2384.3646779794694
PE19 6,SG19 3,10600.277870879783
PE19 7,PE19 8,2393.6531641787565
PE2 5,PE2 6,5715.339147711815
PE2 5,PE2 7,5055.970598243649
PE2 5,PE2 9,693.3896953258007
PE2 5,PE7 8,4335.826579894356
PE2 6,PE2 7,1221.0840434937616
PE2 6,PE5 7,2773.2369784213643
PE2 6,PE7 3,2848.591266699226
PE2 6,PE7 8,221.438783821479
PE2 7,PE2 9,2571.023348390014
PE2 7,PE3 6,3380.5948238959327
PE2 7,PE5 7,502.81708109682336
PE2 8,PE2 9,1417.085699047801
PE2 8,PE26 2,2800.80303276256
PE2 8,PE6 0,866.2003971942632
PE2 8,PE7 0,576.7651737031629
PE2 8,PE7 1,1654.3791384398774
PE2 8,PE7 3,7118.169316867203
PE2 9,PE3 6,1671.9837677486646
PE2 9,PE7 0,1828.4967666478149
PE2 9,PE7 3,71.75281405780636
PE2 9,PE7 8,1292.7864238149043
PE20 1,PE20 2,11729.874322769734
PE20 1,PE20 3,12502.927141000617
PE20 1,PE21 0,271.25924849879294
PE20 1,PE21 7,13788.716986948964
PE20 2,PE20 3,6761.5907732305395
PE20 3,PE21 7,1694.6347778526008
PE20 3,PE21 8,1997.8606942182287
PE20 3,PE21 9,1797.8090574755645
PE20 3,PE22 7,5203.603487609533
PE21 0,PE21 6,1441.3661762211404
PE21 0,PE21 7,950.0418890797207
PE21 0,PE21 9,7951.127580614988
PE21 0,PE22 0,7814.120245560703
PE21 6,PE21 8,0.9302573294010634
PE21 6,PE21 9,1521.2024004850919
PE21 7,PE21 8,4239.214082599376
PE21 8,PE21 9,2002.001293703714
PE21 9,PE22 0,8681.133600331663
PE21 9,PE22 7,3504.222638753107
PE22 0,PE22 7,11389.016488483008
PE22 0,PE22 8,6136.541259777972
PE22 0,PE22 9,13019.849071700679
PE22 7,PE22 8,6360.616191941846
PE22 7,PE23 4,7065.801232202977
PE22 8,PE22 9,15368.652977867088
PE22 8,PE23 4,10550.552276649822
PE22 8,PE23 5,4643.1941527821855
PE22 8,PE24 4,15086.606876761074
PE23 4,PE23 5,20427.312021192334
PE23 5,PE24 4,7609.581444635578
PE23 5,PE24 5,15594.82194996173
PE24 4,PE24 5,31140.566359167642
PE24 4,PE25 1,11093.922204337046
PE24 4,PE25 2,1124.7225933938048
PE24 4,PE25 3,2872.4268805303736
PE24 5,PE25 1,1802.3863184689003
PE24 5,PE25 2,2527.311989219806
PE25 1,PE25 2,8465.209811208222
PE25 1,PE25 3,298.84198603753214
PE25 2,PE25 3,4161.170774669725
PE26 1,PE26 2,19636.81538420566
PE26 1,PE28 2,6324.958887324554
PE26 2,PE28 2,17877.98713818669
PE26 2,PE28 5,2820.46498418257
PE26 2,PE7 1,4546.981158518251
PE26 2,PE7 2,13974.468348851922
PE26 2,PE7 3,12112.939643006526
PE27 3,PE27 4,2503.548164803515
PE27 3,PE27 5,1411.521760852724
PE27 3,PE27 6,1780.2371677440321
PE27 3,PE28 3,3954.412418824343
PE27 4,PE27 5,2279.735871506178
PE27 4,PE28 3,5420.483349913294
PE27 4,PE28 9,257.523766372866
PE27 5,PE27 6,1676.4344946425817
PE27 5,PE28 9,10420.972733522558
PE27 6,PE28 2,2814.4577057549745
PE27 6,PE28 3,64.55954301210583
PE27 6,PE28 9,822.1119604580904
PE28 0,PE28 4,6991.350759612478
PE28 0,PE28 5,25837.358641658873
PE28 2,PE28 3,32676.915702060596
PE28 2,PE28 4,8208.18155498575
PE28 2,PE28 5,7425.014562485513
PE28 2,PE28 9,3768.2644383534675
PE28 2,PE29 1,4377.028830123309
PE28 2,PE29 2,1484.7497707486887
PE28 2,PE29 7,753.392846396161
PE28 4,PE28 5,11906.188092812132
PE28 4,PE29 2,4872.084145876058
PE28 4,PE29 3,1027.7178489280532
PE28 4,PE29 6,5638.055038823126
PE28 4,PE29 7,1233.5640433817166
PE28 5,PE7 3,23877.771656378707
PE28 5,PE8 5,9295.247232696376
PE28 9,PE29 2,5908.5826205681515
PE29 1,PE29 2,1848.0175195194097
PE29 1,PE29 3,1302.0754155616855
PE29 1,PE29 6,490.19404614617594
PE29 1,PE29 7,2753.640181538427
PE29 2,PE29 3,884.9335983009646
PE29 3,PE29 6,2026.1751720069217
PE29 3,PE29 7,742.1769056070912
PE29 6,PE29 7,1639.6095986959647
PE3 6,PE3 9,7148.201621838471
PE3 6,PE5 7,272.3910629787371
PE3 7,PE3 8,1577.745605504592
PE3 7,PE3 9,2079.799992097982
PE3 7,PE4 6,24.375616013229127
PE3 8,PE3 9,828.2029840390132
PE3 8,PE4 5,20.373682461176852
PE3 8,PE4 6,3088.6727988711914
PE3 8,PE5 7,1144.2778567797664
PE3 8,PE6 7,3312.9214938882205
PE3 9,PE5 7,2573.726599363925
PE30 1,PE30 2,1827.950628313881
PE30 1,PE30 5,2104.4945521218974
PE30 2,PE30 3,5286.346987011624
PE30 2,PE30 4,1991.375885000508
PE30 2,PE30 5,70.27957388118014
PE30 3,PE30 4,2784.7154504708974
PE30 3,PE31 6,13086.51525718937
PE30 3,PE32 1,1276.8144832499956
PE30 4,PE30 5,1874.854877994258
PE30 4,PE32 1,2555.4981498082893
PE30 5,PE33 0,10083.585865893994
PE30 5,PE34 3,6107.625371936389
PE31 6,PE31 7,14156.867861457855
PE31 6,PE31 8,25934.16856710899
PE31 6,PE32 1,17482.4575870606
PE31 6,PE32 2,7091.718560401079
PE31 6,PE36 5,3746.919020776918
PE31 7,PE36 5,14711.193583577728
PE31 7,PE36 6,2763.819162948802
PE31 8,PE32 2,447.97098568983716
PE31 8,PE36 5,7442.588926592877
PE31 8,PE36 6,8792.727275014531
PE32 1,PE32 2,21579.299435369772
PE32 1,PE33 0,15046.250351041926
PE32 1,PE33 9,7391.038122199741
PE32 1,PE37 7,2173.8714121628145
PE32 1,PE37 8,2257.027018154053
PE32 2,PE37 7,9844.375063047597
PE32 2,PE37 8,7318.506065491452
PE33 0,PE33 9,17784.965221983424
PE33 0,PE34 3,8884.704056453047
PE33 9,PE34 3,3022.012083618682
PE33 9,PE37 8,16537.478702339078
PE33 9,PE38 0,7869.883544706975
PE34 3,PE34 4,16840.009217038038
PE34 3,PE38 0,9803.740074871173
PE34 3,PE38 9,3477.4378547536653
PE36 5,PE36 6,11558.405760099587
PE37 7,PE37 8,15042.159639322628
PE38 0,PE38 9,9052.410876869064
PE4 5,PE4 6,3781.941366127833
PE4 5,PE6 7,5632.412945608964
PE4 6,PE4 7,4761.771257109677
PE4 6,PE6 7,1447.1291588777653
PE4 7,PE6 7,5034.343285869077
PE5 7,PE6 7,5211.803812526105
PE5 7,PE7 3,4321.6323363346
PE5 7,PE8 6,4050.329009091294
PE5 7,PE9 3,4204.467067111533
PE6 0,PE6 7,14304.362530264254
PE6 0,PE6 8,209.0230753215462
PE6 0,PE7 1,7419.297579525832
PE6 7,PE6 8,3681.4730984250127
PE6 7,PE6 9,7740.7535551091705
PE6 7,PE9 3,4503.571720510424
PE6 8,PE6 9,13964.927088235934
PE6 9,PE9 3,3285.2026560575177
PE6 9,PE9 4,12292.991832224756
PE7 0,PE7 3,295.64586652241115
PE7 0,PE7 8,403.5313685571708
PE7 1,PE7 2,15248.48641103987
PE7 3,PE7 8,12010.321427698733
PE7 3,PE8 5,2956.584246485264
PE7 3,PE8 6,12097.218119816398
PE8 4,PE8 5,18388.280253181558
PE8 5,PE8 6,33000.18164398024
PE8 6,PE9 3,17660.982265860122
PE9 1,PE9 2,5788.870732234619
PE9 1,PE9 4,2387.3849872236997
PE9 2,PE9 3,8392.033531817342
PE9 2,PE9 4,15497.504106711396
PE9 3,PE9 4,13815.424847555447
PL1 1,PL1 2,1758.2859549184936
PL1 1,PL1 3,484.50006650744734
PL1 1,PL1 5,1279.520746039114
PL1 1,PL4 0,119.80995693114343
PL1 1,PL4 8,399.82448051201857
PL1 2,PL1 3,2016.1970451958382
PL1 2,PL1 5,112.87251327643648
PL1 2,PL4 0,1218.3156151436986
PL1 2,PL4 9,247.61035883264037
PL1 3,PL1 4,18.241355871138147
PL1 3,PL1 5,1214.4304918772098
PL1 4,PL1 5,1474.0629143993087
PL1 4,PL2 1,1908.258432530061
PL1 4,PL2 2,482.04605256678195
PL1 5,PL2 1,355.7532458853616
PL1 5,PL3 4,2104.6732979915196
PL1 5,PL4 6,610.7077057872384
PL1 5,PL4 8,98.64885516800541
PL10 1,PL11 3,5911.4894639101385
PL11 2,PL11 3,4823.624751505207
PL11 3,PL12 5,10904.24186105468
PL11 3,PL13 1,8471.797607665078
PL12 4,PL12 5,93.47679288679369
PL12 4,PL12 6,8711.103842696171
PL12 5,PL12 6,2431.834352411619
PL12 5,PL13 1,728.5590669880057
PL12 5,PL14 3,12335.384570650174
PL12 6,PL14 3,6446.711763466031
PL12 6,PL17 7,4950.957471860853
PL12 6,PL17 8,4292.083102347865
PL13 1,PL13 2,2758.226447868558
PL13 1,PL14 3,2422.0031280368958
PL13 1,PL14 4,5294.653488898265
PL13 2,PL14 4,17489.969458415235
PL13 2,PL22 0,11429.68973846169
PL13 2,PL23 1,4723.451746775018
PL14 3,PL14 4,10722.671304014533
PL14 3,PL14 5,13708.294320977093
PL14 3,PL14 6,5069.775845593019
PL14 3,PL17 7,5131.384155987786
PL14 3,PL17 8,1671.8932535181814
PL14 4,PL14 6,21055.698397404652
PL14 4,PL22 0,4558.761013780595
PL14 5,PL14 6,24411.501582680132
PL14 5,PL15 7,5770.087833923132
PL14 5,PL17 7,4722.641682030203
PL14 5,PL17 8,3953.4473391396127
PL14 6,PL15 7,10543.56048656818
PL14 6,PL22 0,2126.706148293374
PL14 6,PL30 4,14178.097142914503
PL15 7,PL15 8,27547.59481971311
PL15 7,PL15 9,14634.841795364558
PL15 7,PL17 8,5862.2923742431585
PL15 7,PL30 4,10618.735930329207
PL15 7,PL32 9,1598.3128244889433
PL15 8,PL15 9,24167.665145289906
PL15 8,PL16 0,802.9771355230079
PL15 8,PL32 9,19241.262404227607
PL15 9,PL16 0,13312.950591284989
PL15 9,PL17 8,8430.726746886143
PL15 9,PL19 0,6693.002318715945
PL16 0,PL19 0,18502.035890946026
PL16 0,PL19 8,5058.086922112694
PL17 7,PL17 8,18770.503029330677
PL17 8,PL18 9,10212.508763181939
PL17 8,PL19 0,6545.001224436229
PL17 8,PL19 8,3019.8628334928544
PL18 9,PL19 8,8065.887347715642
PL19 0,PL19 8,13170.875437529858
PL19 0,PL19 9,16815.54933092079
PL19 8,PL19 9,10734.221098794076
PL19 8,PL20 7,4516.612282534106
PL19 9,PL20 6,13019.472867981136
PL19 9,PL20 7,15021.4590949416
PL2 1,PL2 2,2202.3684911010214
PL2 1,PL2 3,1189.8829182668053
PL2 1,PL3 4,723.5434672613372
PL2 2,PL2 3,4223.4573520383865
PL2 2,PL5 1,1021.7282940090209
PL2 2,PL5 2,901.40313936852
PL2 2,PL5 3,530.6436833923107
PL2 3,PL3 4,3874.171287925621
PL2 3,PL3 5,937.3528807050355
PL2 3,PL5 3,1623.5269291052036
PL20 6,PL20 7,13859.468523251882
PL20 6,PL21 9,3206.5091906095604
PL20 6,PL6 7,10576.506353927984
PL20 6,PL7 5,13676.164445805154
PL20 6,TQ10 9,3017.26147387289
PL20 6,TQ11 0,3225.32989205913
PL20 6,TQ13 7,11756.38798157185
PL20 6,TQ13 8,6694.000503561332
PL20 6,TQ13 9,1553.126907100253
PL21 0,PL21 9,18381.12460435339
PL21 0,PL8 1,1705.6137456628446
PL21 0,TQ10 9,16897.0758755379
PL21 0,TQ7 4,11125.353838188914
PL21 9,PL7 5,18593.47780426646
PL21 9,PL8 1,2091.4025189999657
PL21 9,PL8 2,3859.98600878714
PL21 9,TQ10 9,7871.305765200546
PL22 0,PL23 1,4664.131515807119
PL22 0,PL24 2,206.06599794766365
PL22 0,PL30 4,7720.5940039090665
PL22 0,PL30 5,14716.375560666684
PL23 1,PL24 2,6304.143919967483
PL24 2,PL25 3,5030.2760573270925
PL24 2,PL26 8,3049.8392513881854
PL24 2,PL30 5,11084.358505671236
PL25 3,PL25 4,4577.895095256536
PL25 3,PL26 6,2126.967240711071
PL25 3,PL26 8,3743.9432394472738
PL25 4,PL25 5,4077.3690257572925
PL25 4,PL26 6,2239.313803536311
PL25 4,PL26 7,1.0684722738446155
PL25 4,PL26 8,474.847278830366
PL25 5,PL26 7,8356.188219190608
PL25 5,PL26 8,6103.235833271861
PL26 6,PL26 7,17309.227947696858
PL26 6,TR2 4,5481.473954213783
PL26 6,TR2 5,6206.119123672716
PL26 7,PL26 8,10245.426319897528
PL26 7,TR2 4,10078.647219984245
PL26 7,TR8 5,618.1150138301966
PL26 7,TR9 6,1262.7581832322142
PL26 8,PL30 5,24396.895690374415
PL26 8,TR9 6,7789.781822040774
PL27 6,PL27 7,5506.234272862735
PL27 6,PL29 3,5024.093904862987
PL27 6,PL30 3,22996.971042854893
PL27 6,PL30 4,1002.3668819573204
PL27 6,PL30 5,5180.660707208206
PL27 7,PL28 8,8447.74022337961
PL27 7,PL30 5,8380.450972932362
PL27 7,TR8 4,6365.554878718876
PL27 7,TR9 6,4227.906501427603
PL29 3,PL30 3,8700.877006724559
PL3 4,PL3 5,2415.2917671745986
PL3 4,PL4 6,2453.456017845485
PL3 4,PL4 7,362.516345943586
PL3 5,PL3 6,2241.7963137108754
PL3 5,PL4 7,1714.1212564197758
PL3 5,PL5 3,10.056996172123107
PL3 5,PL6 5,1357.2060768030917
PL3 6,PL4 7,2731.44259460409
PL3 6,PL6 5,1618.5824835472445
PL3 6,PL6 8,966.1528151569519
PL30 3,PL30 4,14825.368999787053
PL30 3,PL32 9,10376.418421689434
PL30 3,PL33 9,6802.00090360751
PL30 3,PL34 0,3698.996544587697
PL30 4,PL30 5,3157.5704736197267
PL30 4,PL31 1,2887.168748449052
PL30 4,PL31 2,6861.338280819597
PL30 4,PL32 9,10519.334189486695
PL30 5,PL31 1,5684.548921289027
PL30 5,PL31 2,2798.5063666573274
PL30 5,TR9 6,8878.46213393851
PL31 1,PL31 2,10370.941917014246
PL32 9,PL34 0,5651.52724044608
PL32 9,PL35 0,7075.773838345903
PL33 9,PL34 0,2796.7640367422214
PL4 0,PL4 8,489.07018890220905
PL4 0,PL4 9,4494.529103845661
PL4 6,PL4 7,1047.6306516441498
PL4 6,PL4 8,1335.873406530227
PL4 7,PL4 8,1996.1679606726088
PL4 7,PL4 9,1128.2308952482947
PL4 8,PL4 9,2007.912359153291
PL5 1,PL5 2,3410.3554236804894
PL5 2,PL5 3,2599.9229333624035
PL5 2,PL5 4,480.13850107000076
PL5 3,PL5 4,2467.9423052461825
PL5 3,PL6 5,2099.914390372278
PL5 4,PL6 5,3567.152122832155
PL5 4,PL6 6,2255.380714284129
PL5 4,PL6 7,3746.159680605645
PL6 5,PL6 6,3203.3171926523773
PL6 5,PL6 8,4485.975792563865
PL6 6,PL6 7,4390.305418751119
PL6 6,PL6 8,1356.1060671084047
PL6 7,PL6 8,4042.8350881728966
PL6 7,PL7 5,5589.676430251226
PL6 8,PL7 4,2201.7877226367114
PL6 8,PL7 5,1092.3551198758662
PL7 1,PL7 2,4925.539954841613
PL7 1,PL7 4,725.5404415341354
PL7 1,PL7 5,1434.2160970349935
PL7 1,PL9 7,923.9903710536004
PL7 1,PL9 8,2501.9385513822294
PL7 2,PL7 4,2974.4172784238913
PL7 2,PL7 5,3001.31012344776
PL7 2,PL9 7,920.726789684647
PL7 4,PL7 5,4263.609059854913
PL7 5,PL8 2,4566.887146355664
PL7 5,PL9 8,608.2147193023521
PL8 1,PL8 2,8811.056314087416
PL8 2,PL9 0,59.68511407810575
PL8 2,PL9 8,4308.7448327899365
PL8 2,PL9 9,2091.2189241443093
PL9 0,PL9 9,5637.348038985938
PL9 7,PL9 8,2233.953453005574
PL9 7,PL9 9,3636.2168681587673
PL9 8,PL9 9,4394.426013194238
PO1 1,PO1 2,734.149553784811
PO1 1,PO1 3,325.1535841405936
PO1 1,PO1 4,2156.1537962952784
PO1 1,PO1 5,616.6684287660569
PO1 1,PO4 8,2.3272055052600455
PO1 1,PO5 1,647.2257685183963
PO1 1,PO5 4,206.39817841789767
PO1 2,PO1 3,1907.2830701165758
PO1 2,PO12 2,52.90704616107548
PO1 2,PO5 2,433.70520716098895
PO1 2,PO5 3,346.79789208173304
PO1 2,PO5 4,2506.2053722217256
PO1 3,PO1 4,1109.1976967191747
PO1 3,PO2 7,113.944993496032
PO1 3,PO5 4,223.92764426649833
PO1 4,PO1 5,533.2131813734516
PO1 4,PO2 7,1563.0735485538034
PO1 5,PO2 7,1270.6904116153287
PO1 5,PO3 5,105.88568294188622
PO1 5,PO3 6,991.8385631865553
PO1 5,PO4 8,790.5197764133626
PO10 7,PO10 8,3755.9322255608267
PO10 7,PO9 2,3570.7352519493916
PO10 7,PO9 5,1057.248746613775
PO10 7,PO9 6,1222.6646423558973
PO10 8,PO18 8,9523.009074699774
PO10 8,PO18 9,3115.2644859275715
PO10 8,PO9 6,2019.6091993161062
PO11 0,PO11 9,6793.753897188809
PO12 1,PO12 2,983.5903449342026
PO12 1,PO12 3,621.1066720381962
PO12 1,PO12 4,2373.790674602214
PO12 2,PO12 3,4453.633968173538
PO12 2,PO13 8,334.0758887476113
PO12 2,PO13 9,694.0644090631852
PO12 3,PO12 4,4578.512684250397
PO12 3,PO13 8,1229.8040517784996
PO12 3,PO13 9,1341.2593362182886
PO12 4,PO13 0,1503.9744837870646
PO12 4,PO13 9,206.85301232938616
PO13 0,PO13 9,2860.944330050975
PO13 0,PO14 1,2312.968782103764
PO13 0,PO16 0,247.2487342889231
PO13 8,PO13 9,7644.250004365896
PO13 9,PO14 1,2398.00605068116
PO13 9,PO14 2,1349.6143686312037
PO14 1,PO14 2,9215.387209117205
PO14 1,PO14 3,917.4993398003312
PO14 1,PO15 5,1653.5541711907172
PO14 1,PO16 0,3428.6945729252016
PO14 2,PO14 3,6671.4826954736545
PO14 3,PO14 4,5455.447931466823
PO14 3,PO15 5,1824.7640743648028
PO14 4,PO15 5,3557.8685839331997
PO14 4,SO31 6,3563.32423311229
PO14 4,SO31 9,6870.840711601106
PO15 5,PO15 6,2916.4603527903955
PO15 5,PO15 7,1530.9360855891068
PO15 5,PO16 0,205.79592903339093
PO15 5,PO16 7,1418.6367861999538
PO15 5,SO31 1,325.0392353321344
PO15 5,SO31 6,916.0015917062902
PO15 6,PO15 7,5035.449157550904
PO15 6,PO16 7,1396.4413366475126
PO15 6,PO17 5,6499.838865862461
PO15 6,SO30 2,11.605194232113977
PO15 7,SO30 2,4453.471200264628
PO15 7,SO31 1,3583.7171120235703
PO15 7,SO31 7,810.4301859539618
PO16 0,PO16 7,2535.4910142589715
PO16 0,PO16 8,1445.7210992347646
PO16 7,PO16 8,2523.676542066028
PO16 7,PO17 5,1584.8053928596134
PO16 8,PO16 9,4403.165616007845
PO16 8,PO17 5,3169.722146589822
PO16 8,PO17 6,1097.4802883050158
PO16 8,PO6 4,1335.4860204149804
PO16 8,PO7 6,1134.8515721530337
PO16 9,PO6 4,742.9204286574983
PO17 5,PO17 6,14704.812125332981
PO17 5,SO30 2,2033.7354157824775
PO17 5,SO32 2,9757.660192311141
PO17 5,SO32 3,3352.7516361338926
PO17 6,PO7 4,8213.930858266058
PO17 6,PO7 6,14630.356599797762
PO17 6,SO32 2,2925.5509009935195
PO17 6,SO32 3,9578.393258586297
PO18 0,PO18 9,12028.633824333114
PO18 0,PO19 3,1448.5426200517593
PO18 0,PO19 5,3052.5244263088744
PO18 0,PO19 6,2840.56843012753
PO18 0,PO19 7,365.799959876103
PO18 0,PO20 2,5628.534673353661
PO18 0,PO20 3,1294.8773291842567
PO18 0,RH20 1,788.572917656199
PO18 8,PO18 9,14426.937176948584
PO18 8,PO19 3,2455.075247443633
PO18 9,PO19 3,1189.7235557833615
PO18 9,PO8 0,3227.812837449606
PO18 9,PO9 6,8994.871469900283
PO19 1,PO19 3,2254.387111242712
PO19 1,PO19 6,856.8106833417727
PO19 1,PO19 7,1026.7552246391633
PO19 1,PO19 8,2371.443508560248
PO19 3,PO19 5,623.2619076286599
PO19 3,PO19 6,510.42164841893214
PO19 3,PO19 8,237.2730656468335
PO19 3,PO20 7,1182.835836635763
PO19 5,PO19 6,2804.223884011072
PO19 6,PO19 7,2960.9819750369106
PO19 7,PO19 8,2350.96244397323
PO19 7,PO20 2,1423.677608258335
PO19 8,PO20 1,6677.00872172809
PO19 8,PO20 7,7483.263982662156
PO2 0,PO2 7,1785.3840558272982
PO2 0,PO2 8,1155.3673049470906
PO2 0,PO2 9,2469.175727835084
PO2 0,PO3 5,2836.693187095724
PO2 7,PO2 8,1483.2085761921567
PO2 7,PO3 5,522.1246500234348
PO2 8,PO2 9,1426.6742120420204
PO2 9,PO3 5,1114.9207773902192
PO2 9,PO6 2,721.3671994047043
PO2 9,PO6 4,1200.231150013647
PO20 0,PO20 9,7514.5087221361
PO20 1,PO20 2,4837.150008529373
PO20 1,PO20 7,6305.873576896679
PO20 1,PO21 3,8012.932189108191
PO20 2,PO20 3,3246.1491346595203
PO20 2,PO21 3,1891.2919206015497
PO20 2,PO21 5,1189.240699039739
PO20 2,PO22 9,2928.3160556204793
PO20 3,PO22 0,4296.422941237021
PO20 3,PO22 9,2952.7732086403703
PO20 7,PO20 8,9838.662592056306
PO20 7,PO20 9,4818.087888662247
PO20 9,PO21 3,0.04908900106367746
PO20 9,PO21 4,480.5442100166355
PO21 1,PO21 2,2740.398531930515
PO21 1,PO22 7,1277.1323296541918
PO21 1,PO22 8,1618.8220642860285
PO21 2,PO21 3,1642.1179549946771
PO21 2,PO21 5,1854.8502069238552
PO21 2,PO22 8,67.82415520317528
PO21 2,PO22 9,1147.65970053826
PO21 3,PO21 4,10244.768010456857
PO21 3,PO21 5,4264.038805743499
PO21 5,PO22 9,5323.988329830204
PO22 0,PO22 8,409.2653589102022
PO22 0,PO22 9,1840.7143417535776
PO22 6,PO22 7,4603.865859683484
PO22 6,PO22 8,1859.9400508229066
PO22 7,PO22 8,2109.805147466676
PO22 8,PO22 9,4446.887831942555
PO3 5,PO3 6,2615.4325524851993
PO3 5,PO6 2,1547.2433356650522
PO3 6,PO4 8,3928.172687075633
PO30 1,PO30 2,1110.800858264082
PO30 1,PO30 3,4144.405139336543
PO30 1,PO30 5,13562.908615132914
PO30 2,PO30 3,2564.542071974948
PO30 2,PO33 4,5410.284427996694
PO30 3,PO30 4,6707.120843622669
PO30 3,PO30 5,11730.340267767326
PO30 3,PO33 4,3781.8770089911986
PO30 3,PO36 0,4974.569987464813
PO30 3,PO38 2,6116.303371321855
PO30 3,PO38 3,11131.219367211557
PO30 4,PO30 5,10694.802049331807
PO30 4,PO31 8,2998.9176916712636
PO30 4,PO40 9,1890.7982020805816
PO30 4,PO41 0,12358.150412389736
PO30 5,PO31 8,4279.091353204616
PO31 7,PO31 8,7432.978984569847
PO32 6,PO33 4,4192.129153332995
PO33 1,PO33 2,2927.2597584302575
PO33 1,PO33 3,375.4931383473179
PO33 1,PO33 4,678.2889352595521
PO33 1,PO34 5,5962.9362810770435
PO33 1,PO35 5,201.99250799117192
PO33 1,PO36 0,4898.522205436241
PO33 2,PO33 3,3775.776498959121
PO33 3,PO33 4,9818.586797889557
PO33 4,PO36 0,7289.677502500034
PO35 5,PO36 0,4281.802614509766
PO35 5,PO36 8,2704.911658407566
PO36 0,PO36 8,1398.4363639698968
PO36 0,PO36 9,5318.0621216864065
PO36 0,PO37 6,773.7978333933083
PO36 0,PO37 7,2549.1813808903166
PO36 0,PO38 3,3004.808182116676
PO36 8,PO36 9,6984.382989109157
PO36 8,PO37 6,129.72993593090925
PO36 9,PO37 6,177.23894085795607
PO36 9,PO37 7,2099.7666952741065
PO37 6,PO37 7,5461.875878516429
PO37 6,PO38 1,2138.9321634664
PO37 6,PO38 3,2856.838690868801
PO38 1,PO38 2,5177.569855642858
PO38 1,PO38 3,5098.783058479799
PO38 2,PO38 3,10404.710141735733
PO39 0,PO40 9,3398.7771387332086
PO4 0,PO4 8,838.0201809772695
PO4 0,PO4 9,1996.4453899647187
PO4 0,PO5 1,1578.9168668401642
PO4 0,PO5 2,1364.8529320104515
PO4 8,PO4 9,2154.374799206117
PO4 8,PO5 1,79.6632646049144
PO40 9,PO41 0,8834.036710352288
PO5 1,PO5 2,1059.7299122096076
PO5 1,PO5 3,867.242902137069
PO5 1,PO5 4,1531.3235371378041
PO5 2,PO5 3,2234.0871398737313
PO5 3,PO5 4,198.1639648169642
PO6 1,PO6 2,5314.516669914722
PO6 1,PO6 3,160.3520483852419
PO6 1,PO7 5,2151.1051298108514
PO6 1,PO7 8,851.4267985327797
PO6 1,PO9 3,1162.3408135230136
PO6 2,PO6 3,5564.9390118950005
PO6 2,PO6 4,268.8176355290831
PO6 2,PO9 3,970.618178213383
PO6 3,PO6 4,6045.804846061585
PO6 3,PO7 5,309.06952537079724
PO6 3,PO7 6,3120.0667172481153
PO6 4,PO7 6,1934.4992089962707
PO7 3,PO7 5,1143.3997069069917
PO7 3,PO7 6,1090.2455242985504
PO7 3,PO7 7,801.3627319280042
PO7 4,PO7 6,12066.683995084624
PO7 4,PO8 0,2392.0536110689673
PO7 4,SO32 3,7086.359804298254
PO7 5,PO7 6,6690.452090518467
PO7 5,PO7 7,2904.3387888089887
PO7 5,PO7 8,4157.063801353152
PO7 5,PO9 3,695.1406728614406
PO7 6,PO7 7,6747.984651423378
PO7 6,PO8 0,4749.188788786235
PO7 6,PO8 8,2188.738992975416
PO7 6,PO8 9,689.363514773288
PO7 7,PO7 8,5183.70020499034
PO7 7,PO8 8,632.2665087270692
PO7 8,PO8 8,2428.395055467469
PO7 8,PO9 3,2038.8575119402735
PO7 8,PO9 4,2528.542057211425
PO8 0,PO8 9,8089.525593729246
PO8 0,PO9 6,6560.262911603429
PO8 8,PO8 9,5384.803467677988
PO8 8,PO9 4,278.0444231867742
PO8 8,PO9 6,447.7585485044258
PO8 9,PO9 6,984.5022298330127
PO9 1,PO9 2,4382.589347344253
PO9 1,PO9 3,2444.444333727639
PO9 2,PO9 3,715.4639522781523
PO9 2,PO9 5,5220.265332046245
PO9 3,PO9 4,2561.4928698911117
PO9 3,PO9 5,182.83824234256275
PO9 4,PO9 5,3695.1342406575577
PO9 4,PO9 6,551.4738471712659
PO9 5,PO9 6,5265.706069418675
PR1 0,PR1 8,675.200255408274
PR1 0,PR1 9,6475.828550268672
PR1 0,PR2 2,2216.5317690805296
PR1 0,PR4 4,1868.6827260399918
PR1 0,PR4 5,2613.5001434129435
PR1 1,PR1 2,2015.3202624000467
PR1 1,PR1 3,701.6436423442193
PR1 1,PR1 4,437.76579244504956
PR1 1,PR1 5,487.49322643897176
PR1 1,PR1 6,2341.700999995535
PR1 1,PR1 7,962.0833038838383
PR1 2,PR1 3,1754.4041213717855
PR1 2,PR1 7,1020.7946949184777
PR1 2,PR1 8,1653.0382427448271
PR1 2,PR2 1,193.8980419600711
PR1 2,PR2 2,2163.773863197951
PR1 3,PR1 4,1335.6282792423099
PR1 3,PR1 8,763.7905157703808
PR1 4,PR1 5,3043.7809896989193
PR1 4,PR2 6,161.68281526916513
PR1 4,PR5 0,888.0440481275468
PR1 4,PR5 4,2.3643369584173386
PR1 5,PR1 6,2276.079852507429
PR1 5,PR2 5,2375.818922527023
PR1 5,PR2 6,5823.664446082784
PR1 5,PR5 0,5249.381588461727
PR1 6,PR1 7,862.254052746174
PR1 6,PR2 3,179.78232231253966
PR1 6,PR2 6,2485.9268338956035
PR1 6,PR2 8,2105.9588276300574
PR1 7,PR2 2,827.7513086892393
PR1 7,PR2 3,1195.2200034876084
PR1 8,PR1 9,31.81173811619029
PR1 8,PR2 1,981.8090480032354
PR1 8,PR2 2,607.980190311305
PR1 9,PR26 6,379.4417843755507
PR1 9,PR4 4,1730.115762157021
PR1 9,PR5 4,2408.3273464435224
PR1 9,PR5 5,3082.6187463090714
PR2 1,PR2 2,6560.590148639327
PR2 1,PR2 3,1359.832224365846
PR2 1,PR4 0,5628.320381232753
PR2 2,PR2 3,1327.5924868538314
PR2 3,PR2 7,4702.61433179927
PR2 3,PR2 8,1543.491665669569
PR2 3,PR2 9,2949.2029094154864
PR2 3,PR3 5,1106.7032475845253
PR2 3,PR4 0,1529.3631750854718
PR2 5,PR2 6,769.5583662220965
PR2 5,PR2 9,2834.06650852465
PR2 5,PR3 2,5790.47754455098
PR2 5,PR3 3,3143.204846902511
PR2 5,PR3 5,1484.9195796353188
PR2 5,PR5 0,2330.0236635160445
PR2 6,PR2 8,953.5240650271796
PR2 6,PR2 9,2600.5276702602523
PR2 7,PR4 0,2171.873954117587
PR2 8,PR2 9,4653.222571181413
PR2 9,PR3 5,4198.605383714524
PR25 1,PR25 2,1654.927140032221
PR25 1,PR25 3,1790.9162946775268
PR25 1,PR26 6,328.40477809919184
PR25 1,PR26 7,4004.7991081846435
PR25 1,PR26 8,1354.3983272288647
PR25 1,PR7 6,1366.1536683093111
PR25 2,PR25 3,4878.423019738276
PR25 2,PR26 6,1169.2468717585691
PR25 2,PR26 7,114.20116852685828
PR25 3,PR25 4,2166.6325534892417
PR25 3,PR26 6,1474.396150406165
PR25 3,PR7 6,2388.0878931504135
PR25 3,PR7 7,1034.284560765925
PR25 4,PR25 5,4183.762956380242
PR25 4,PR26 6,1164.2333373720742
PR25 4,PR5 5,1641.705943950454
PR25 4,PR5 6,1142.226827214057
PR25 4,PR7 7,1677.185289940829
PR25 5,PR5 6,1210.67597407838
PR25 5,PR6 7,3525.589279187978
PR25 5,PR7 7,1261.9572874746775
PR26 6,PR26 7,5886.742478713209
PR26 6,PR4 4,5667.363548838438
PR26 6,PR5 5,2790.961303043388
PR26 7,PR26 8,3436.7488404885303
PR26 7,PR26 9,629.3006672164062
PR26 7,PR4 4,831.431040489579
PR26 8,PR26 9,4718.1527939666275
PR26 8,PR7 6,3905.501686434242
PR26 9,PR4 4,4492.493511213121
PR26 9,PR4 6,3132.732007960724
PR26 9,PR7 6,1777.4617726204503
PR3 0,PR3 1,27182.45645628013
PR3 0,PR3 2,5854.202349677061
PR3 0,PR3 5,6518.245765991637
PR3 0,PR3 6,9413.458009673861
PR3 0,PR4 0,10379.449408029233
PR3 0,PR4 3,4993.466131180683
PR3 1,PR3 2,7578.399200650768
PR3 2,PR3 3,18637.925096672992
PR3 2,PR3 5,7872.207894863194
PR3 5,PR4 0,5848.081243100849
PR4 0,PR4 1,1792.2950312476237
PR4 0,PR4 3,16025.59041061662
PR4 1,PR4 2,2575.442453195067
PR4 1,PR4 3,3683.955265732912
PR4 2,PR4 3,7853.123984545767
PR4 4,PR4 5,10174.53374532745
PR4 6,PR9 8,8903.25969951865
PR5 0,PR5 4,7720.55073371095
PR5 0,PR5 6,1756.2305150516977
PR5 0,PR6 8,8521.092618980114
PR5 4,PR5 5,4472.954217270097
PR5 4,PR5 6,6023.776121728412
PR5 5,PR5 6,1853.1847224435344
PR5 6,PR5 8,3206.2473158186494
PR5 6,PR6 7,672.7517037791549
PR5 6,PR6 8,1220.5754034206523
PR5 8,PR6 7,1741.2070018855193
PR5 8,PR6 8,1254.4046287705366
PR6 0,PR6 7,1389.6211541319396
PR6 0,PR6 9,4055.5596520750214
PR6 0,PR7 1,1154.073735902701
PR6 0,PR7 3,2303.219337807046
PR6 0,PR7 4,1043.9776946834377
PR6 7,PR6 8,5148.092745240289
PR6 7,PR6 9,1014.5409864863119
PR6 7,PR7 1,2358.1912636906245
PR6 7,PR7 7,3528.0937646715415
PR6 8,PR6 9,11825.490545495
PR6 9,PR7 4,14620.82474146215
PR7 1,PR7 2,3874.650412270965
PR7 1,PR7 3,76.39636502584507
PR7 1,PR7 6,1050.6315407265536
PR7 1,PR7 7,1483.464334440706
PR7 2,PR7 3,6014.150730309255
PR7 2,PR7 4,859.1875958386753
PR7 2,PR7 5,3357.6505302060505
PR7 2,PR7 6,928.308838172969
PR7 3,PR7 4,7542.834190608877
PR7 3,PR7 5,2803.350667197692
PR7 4,PR7 5,4655.137873340981
PR7 4,WN1 2,3527.220918324875
PR7 4,WN2 1,247.84449221260144
PR7 4,WN6 0,134.58826812578886
PR7 5,PR7 6,11620.29262637921
PR7 5,WN6 0,2116.605712242783
PR7 5,WN6 9,6426.242368421406
PR7 5,WN8 7,612.428361998019
PR7 6,PR7 7,4478.342153604077
PR8 1,PR8 2,3070.3966816242946
PR8 1,PR8 5,822.1929500288359
PR8 1,PR8 6,159.2732694738526
PR8 1,PR9 0,2485.567949419421
PR8 2,PR8 3,5203.976427285783
PR8 2,PR8 4,2412.8120049651025
PR8 2,PR8 5,98.98973392964595
PR8 2,PR9 0,231.31640124463775
PR8 3,PR8 4,3702.9454549737925
PR8 4,PR8 5,2244.1687436854386
PR8 4,PR8 6,1098.0474023920815
PR8 5,PR8 6,11218.647972215058
PR8 5,PR9 8,2442.649944834413
PR8 6,PR9 0,1425.2592772872931
PR8 6,PR9 7,2512.5830426539833
PR8 6,PR9 8,539.175545026622
PR8 6,PR9 9,1407.228575902443
PR9 0,PR9 9,8700.28817419088
PR9 7,PR9 8,5375.3071175279565
PR9 7,PR9 9,2605.6745587673977
PR9 8,PR9 9,6481.7549252687895
RG1 1,RG1 2,1172.1493107620176
RG1 1,RG1 3,1.9419827492665642
RG1 1,RG1 7,281.4563785939032
RG1 2,RG1 3,1511.6848182617127
RG1 2,RG1 4,440.56947254149947
RG1 2,RG1 5,573.5091813735559
RG1 2,RG1 6,750.0366745181977
RG1 2,RG1 7,1133.3489989654174
RG1 2,RG2 0,722.2969384156776
RG1 3,RG1 4,1354.3033454536476
RG1 3,RG1 5,711.7656078148049
RG1 3,RG1 7,76.45237985110923
RG1 3,RG1 8,2239.724281449176
RG1 3,RG4 8,138.7661998685317
RG1 3,RG6 1,2239.721326641014
RG1 4,RG1 5,1579.890431572494
RG1 5,RG2 0,241.6080117180632
RG1 5,RG2 7,1678.15421893429
RG1 5,RG6 1,852.9420635440905
RG1 5,RG6 6,1349.666732383541
RG1 5,RG6 7,379.37611505459677
RG1 6,RG1 7,1534.414790388483
RG1 6,RG2 0,3149.006915288729
RG1 6,RG2 6,41.28721338230322
RG1 6,RG30 2,678.2896856621146
RG1 6,RG30 3,1404.3484000408941
RG1 7,RG1 8,852.5331795288463
RG1 7,RG30 1,905.5108104090452
RG1 7,RG30 2,388.2675493214029
RG1 8,RG30 1,816.5960735064709
RG1 8,RG4 5,240.20223274538995
RG1 8,RG4 7,762.9811319112217
RG1 8,RG4 8,1624.684777048019
RG1 8,RG4 9,477.73870422273797
RG1 8,RG6 1,110.46824983624163
RG10 0,RG10 8,1182.2215076987789
RG10 0,RG10 9,11172.012904567631
RG10 0,RG40 5,6998.843908905745
RG10 0,RG41 1,1033.9653255289513
RG10 0,RG41 5,2474.6440305727688
RG10 0,RG42 5,3459.80436419799
RG10 0,RG5 4,4058.331896213673
RG10 0,SL6 3,4251.962187971098
RG10 8,RG10 9,12626.272696172511
RG10 8,RG9 2,2311.3398057981353
RG10 8,RG9 3,6266.456537927377
RG10 8,SL6 6,2126.4985407376885
RG10 9,RG4 6,2750.8914047739813
RG10 9,RG4 9,932.7421824179037
RG10 9,RG5 4,2193.0087592858854
RG10 9,RG9 3,790.6357250392355
RG10 9,SL6 3,4190.433619603432
RG10 9,SL6 6,8287.019186762169
RG12 0,RG12 7,1407.3549023896164
RG12 0,RG12 9,2278.97323429686
RG12 0,RG45 7,17.310672834499325
RG12 0,SL5 8,1298.478672998769
RG12 1,RG12 2,534.9596620542598
RG12 1,RG12 7,997.3103960232135
RG12 1,RG12 9,779.8825034253559
RG12 1,RG42 2,614.6923908964397
RG12 2,RG12 9,2541.9714394120574
RG12 2,RG42 2,2927.9819977088414
RG12 2,RG42 3,1346.0707027834023
RG12 2,RG42 7,352.195590580682
RG12 2,SL5 8,880.7444273633122
RG12 7,RG12 8,3654.4692024918413
RG12 7,RG12 9,3266.6798007617244
RG12 7,RG42 1,400.7523769773968
RG12 7,RG42 2,15.657096346881774
RG12 7,RG45 7,2739.199402280031
RG12 8,RG40 3,4379.0515090262215
RG12 8,RG42 1,2531.8619255836775
RG12 8,RG42 4,2417.1533459701186
RG12 8,RG45 7,897.9177691553905
RG12 9,SL5 8,1609.8079482676253
RG14 1,RG14 2,2493.6263388511334
RG14 1,RG14 3,1381.8162583741619
RG14 1,RG14 5,3784.764697434587
RG14 1,RG14 7,604.5690803451614
RG14 1,RG20 8,4834.448566702778
RG14 2,RG14 3,8133.30502511813
RG14 2,RG14 5,2085.5337426519463
RG14 2,RG18 9,6634.562758079728
RG14 2,RG19 3,1424.5906676991012
RG14 2,RG20 8,2268.9558663711937
RG14 3,RG18 0,5015.012097825898
RG14 3,RG18 9,8279.117689944327
RG14 3,RG20 8,11548.943653940973
RG14 5,RG14 6,1095.5657973159832
RG14 5,RG14 7,3763.3846155861174
RG14 5,RG19 3,1576.843305888306
RG14 5,RG19 6,849.4758473151811
RG14 5,RG20 0,36.01563132814285
RG14 5,RG20 8,474.66851107326033
RG14 6,RG14 7,3965.732474048064
RG14 6,RG19 6,2808.4065591110284
RG14 6,RG19 8,76.70495988706293
RG14 6,RG20 0,5418.783730280904
RG14 7,RG19 6,91.1483136671492
RG14 7,RG19 8,3317.3522547004504
RG17 0,RG17 7,5938.183440943858
RG17 0,RG17 9,14855.562923877895
RG17 0,SN8 2,5800.632915000024
RG17 0,SN8 3,8454.278007934221
RG17 7,RG17 8,16810.951192449433
RG17 7,RG17 9,1451.3218445261027
RG17 7,RG20 7,3359.547529412583
RG17 7,RG20 8,5275.700619484208
RG17 7,SN8 2,6332.74213908588
RG17 8,SN6 8,2075.102467528622
RG17 8,SN7 7,2937.8750678247848
RG17 8,SN8 2,2006.8562610095244
RG17 9,RG20 0,14843.011969103281
RG17 9,RG20 8,7466.005428612698
RG17 9,SN8 3,4929.992199710182
RG18 0,RG18 9,5329.370818949242
RG18 0,RG20 6,5062.744757806085
RG18 0,RG20 7,1228.4824733727864
RG18 0,RG20 8,2001.339441013948
RG18 0,RG8 8,2585.6512222058277
RG18 0,RG8 9,1352.174509344791
RG18 3,RG18 4,2455.5102139413557
RG18 3,RG18 9,4199.362681421625
RG18 3,RG19 3,3083.7308897021626
RG18 3,RG7 6,1413.6641584285771
RG18 4,RG19 3,307.71175655458825
RG18 4,RG19 4,2355.0486306742973
RG18 4,RG7 5,1737.7479302637948
RG18 4,RG7 6,3201.071891673098
RG18 9,RG19 3,986.9735488797694
RG18 9,RG7 6,9015.53526053623
RG18 9,RG8 8,4236.739036741184
RG19 3,RG19 4,1693.9539429906506
RG19 3,RG19 6,150.18722476232733
RG19 3,RG19 8,1583.431685242576
RG19 4,RG19 8,6791.952145270019
RG19 4,RG7 4,297.50549651662095
RG19 4,RG7 5,857.0010397345177
RG19 6,RG19 8,8575.308617873443
RG19 6,RG20 0,54.63687888297641
RG19 6,RG20 4,1232.6736656456824
RG19 6,RG20 9,3823.573815498196
RG19 8,RG20 4,2743.6339836084994
RG19 8,RG20 5,1331.8987096547087
RG19 8,RG26 5,8513.763266665226
RG19 8,RG7 4,7574.485311338299
RG2 0,RG2 6,2212.1286207708026
RG2 0,RG2 7,3407.378310376411
RG2 0,RG2 8,4558.64933466946
RG2 6,RG2 8,585.2502227928409
RG2 6,RG30 3,1150.0029717796886
RG2 6,RG7 1,2071.147791370933
RG2 7,RG2 8,3188.3951691047005
RG2 7,RG6 5,1137.7722073475024
RG2 7,RG6 6,1834.6857380470487
RG2 8,RG2 9,2936.6499360432254
RG2 8,RG6 4,165.248841161055
RG2 8,RG6 5,707.4187704749683
RG2 8,RG7 1,2908.7543893151924
RG2 9,RG40 4,8865.881038407724
RG2 9,RG41 4,5292.617549645669
RG2 9,RG41 5,2918.5278941976694
RG2 9,RG6 3,4.962640930282616
RG2 9,RG6 4,3961.9059732521546
RG2 9,RG7 1,10926.367960369067
RG20 0,RG20 8,5942.403383070262
RG20 0,RG20 9,20377.208826139387
RG20 0,SN8 3,2462.782911702862
RG20 0,SP11 0,5535.989614357158
RG20 4,RG20 5,8091.456785873003
RG20 4,RG20 9,8161.580980581195
RG20 4,RG25 3,969.318174544843
RG20 4,RG28 7,5449.119733747548
RG20 5,RG25 3,1340.9368503696692
RG20 5,RG26 5,11408.874097317148
RG20 6,RG20 7,5782.282506664458
RG20 6,RG8 9,5103.617134437025
RG20 7,RG20 8,23996.57314715796
RG20 9,RG28 7,10132.886616666647
RG20 9,SP11 0,5915.773906625461
RG20 9,SP11 6,2727.152728893678
RG21 3,RG21 4,2407.6827452670805
RG21 3,RG21 7,617.9605936472066
RG21 3,RG21 8,1769.5774914146723
RG21 3,RG22 4,2014.5696282400436
RG21 3,RG22 6,924.1811213086946
RG21 3,RG24 7,1084.2797611579936
RG21 3,RG25 2,1596.3229378827023
RG21 4,RG21 5,1815.4831851968643
RG21 4,RG21 7,1051.9742199414613
RG21 4,RG24 7,780.560208377882
RG21 4,RG24 8,3124.4946875451756
RG21 4,RG24 9,980.9640239139093
RG21 5,RG21 6,2109.068598812216
RG21 5,RG21 7,793.4877111836354
RG21 5,RG23 8,536.865806935181
RG21 5,RG24 9,2668.701988881798
RG21 6,RG21 7,954.0530141094949
RG21 6,RG21 8,511.7265608368354
RG21 6,RG22 6,249.66214816978726
RG21 6,RG23 8,455.320839428512
RG21 7,RG21 8,2287.175180124042
RG21 8,RG22 6,1173.7113052299278
RG22 4,RG22 5,2316.966174812102
RG22 4,RG22 6,661.3652363972479
RG22 4,RG23 7,1048.211581775311
RG22 4,RG25 2,5276.22873061602
RG22 5,RG22 6,3125.043763561578
RG22 5,RG23 7,3531.5256401179886
RG22 5,RG23 8,2069.8675360332913
RG22 6,RG23 8,1620.0996676698514
RG23 7,RG23 8,5804.921914769109
RG23 7,RG25 2,6100.651523953281
RG23 7,RG25 3,6041.1431222115625
RG23 7,RG26 5,4097.342199693407
RG23 8,RG24 9,1556.2393777255998
RG23 8,RG26 5,6598.1097635834585
RG24 7,RG24 8,5650.262158507861
RG24 7,RG25 2,3697.9834787197224
RG24 7,RG27 0,3319.125550242249
RG24 7,RG27 9,13648.031560678244
RG24 8,RG24 9,1484.7148505450843
RG24 8,RG26 5,2025.7784949359727
RG24 8,RG27 0,2763.785438912264
RG24 9,RG26 5,11840.162975952582
RG25 2,RG25 3,7300.894188895018
RG25 2,RG27 9,2843.676086243493
RG25 2,RG29 1,9498.327289130093
RG25 2,SO21 3,5136.882349718799
RG25 2,SO24 9,14754.712291411915
RG25 3,RG26 5,6132.405488520576
RG25 3,RG28 7,10950.919753195045
RG25 3,SO21 3,769.791808176084
RG26 3,RG26 4,4333.910668836156
RG26 3,RG26 5,9241.769354535143
RG26 3,RG7 2,1683.2850556793699
RG26 3,RG7 4,2362.9114816418264
RG26 4,RG26 5,2791.812635116892
RG26 4,RG7 4,1113.9096877058337
RG26 5,RG27 0,5038.757776816446
RG26 5,RG7 2,7530.706658584722
RG26 5,RG7 4,1908.4115097585052
RG27 0,RG27 8,14294.742679122775
RG27 0,RG27 9,2684.1346122750488
RG27 0,RG40 3,1575.0273405257215
RG27 0,RG40 4,4568.663957236164
RG27 0,RG7 1,5345.515987391494
RG27 0,RG7 2,5682.460720649897
RG27 8,RG27 9,8909.08397393575
RG27 8,RG29 1,6470.77603756227
RG27 9,RG29 1,6853.563942064489
RG28 7,SO21 3,6977.601409903526
RG28 7,SP11 0,5600.610845593939
RG28 7,SP11 6,20762.92166333675
RG30 1,RG30 2,1614.0382162826231
RG30 1,RG30 4,124.50472243557248
RG30 1,RG30 6,585.1269560320999
RG30 1,RG4 7,1381.5137527255727
RG30 1,RG4 9,739.916426625023
RG30 2,RG30 3,3328.22628936079
RG30 2,RG30 4,3452.0347700548473
RG30 3,RG30 4,169.37458417892398
RG30 3,RG31 7,3315.5127089086977
RG30 3,RG7 1,2086.4043712661055
RG30 3,RG7 3,8510.451731073437
RG30 3,RG7 4,3768.2751320588413
RG30 3,RG7 5,2127.3861943995666
RG30 4,RG30 6,2798.525637957992
RG30 4,RG31 4,708.6129554462022
RG30 4,RG31 5,1200.3097846129674
RG30 4,RG31 7,2472.5331329192336
RG30 6,RG31 5,287.5348486996176
RG30 6,RG31 6,1835.2659583168104
RG30 6,RG4 9,566.0556163574171
RG31 4,RG31 5,2375.3358127972983
RG31 4,RG31 7,2529.594117491409
RG31 4,RG7 5,67.03956752402608
RG31 4,RG8 8,907.9961427552244
RG31 5,RG31 6,2810.81123564231
RG31 5,RG8 8,1592.8001669075422
RG31 6,RG4 9,1282.5954874766326
RG31 6,RG8 8,5696.246298900023
RG31 7,RG7 5,936.6452603628541
RG4 5,RG4 6,2518.404727445153
RG4 5,RG4 8,3712.2656844703642
RG4 5,RG4 9,1938.9365539886567
RG4 6,RG4 8,5118.785374274487
RG4 6,RG4 9,5412.507025406706
RG4 6,RG5 3,1292.4500598314928
RG4 6,RG5 4,1654.7814161738659
RG4 6,RG6 1,1347.535332667905
RG4 7,RG4 8,3649.5362915176966
RG4 7,RG4 9,3797.9376374871567
RG4 8,RG4 9,4590.5605089365
RG4 9,RG6 1,1908.6625916137082
RG4 9,RG8 0,2954.799718203594
RG4 9,RG8 7,3402.304740108501
RG4 9,RG8 8,1863.6459088005972
RG4 9,RG9 3,1840.288303158258
RG4 9,RG9 4,7337.523638272175
RG4 9,RG9 5,4318.871689021419
RG40 1,RG40 2,3152.7303438543204
RG40 1,RG40 3,752.7603152756343
RG40 1,RG40 5,7725.268108843958
RG40 1,RG41 1,502.3338655579325
RG40 1,RG41 2,377.79232318344
RG40 1,RG42 4,1544.6300210038228
RG40 2,RG40 3,1525.2500144197907
RG40 2,RG41 2,1772.711018235748
RG40 3,RG40 4,7763.370013644385
RG40 3,RG41 2,3765.9676957784973
RG40 3,RG41 4,1453.2178566260607
RG40 3,RG42 4,426.38727081861333
RG40 3,RG45 6,15115.543668397813
RG40 3,RG45 7,966.6560190135363
RG40 4,RG41 4,3443.207082242189
RG40 4,RG7 1,1222.4835260426266
RG40 5,RG41 1,1506.2200191604625
RG40 5,RG42 4,2179.7578098095237
RG40 5,RG42 5,836.4466702909292
RG41 1,RG41 2,1093.7381834465345
RG41 1,RG41 3,727.6442895784662
RG41 1,RG41 5,2982.1367558617007
RG41 2,RG41 3,1217.5518019078074
RG41 2,RG41 4,3527.400214562877
RG41 3,RG41 4,3597.1486579398406
RG41 3,RG41 5,1237.9586233740777
RG41 4,RG41 5,188.03749369429312
RG41 5,RG5 3,148.56850520217793
RG41 5,RG5 4,421.45717290778947
RG41 5,RG6 3,2772.485570190611
RG41 5,RG6 7,201.08550084516315
RG42 1,RG42 2,2228.662507421195
RG42 1,RG42 4,3128.956128772237
RG42 2,RG42 3,930.8750960506515
RG42 2,RG42 4,280.3351476719062
RG42 2,RG42 5,862.1723514154426
RG42 2,RG42 6,1238.937337182197
RG42 3,RG42 6,2126.52456762145
RG42 3,RG42 7,1786.929723386325
RG42 3,SL5 8,677.3913516985589
RG42 4,RG42 5,8007.791930298471
RG42 4,RG42 6,3130.5245167247176
RG42 5,RG42 6,2005.958615075873
RG42 5,SL6 3,2124.0038001820985
RG42 6,RG42 7,1366.0518196589328
RG42 6,SL4 2,1332.493425526549
RG42 6,SL4 4,3535.54829367428
RG42 6,SL6 3,3738.089269816921
RG42 7,SL4 4,1605.4299545462522
RG42 7,SL5 8,1744.7445026723271
RG45 6,RG45 7,7596.595578338743
RG45 7,SL5 8,3119.575174855925
RG5 3,RG5 4,4996.899914361499
RG5 3,RG6 1,3574.9063407924227
RG5 3,RG6 7,2103.7833311924887
RG6 1,RG6 6,145.01983113062022
RG6 1,RG6 7,1848.4351029819545
RG6 3,RG6 4,2284.216973300059
RG6 3,RG6 5,476.50238078370535
RG6 3,RG6 7,2834.3833752847545
RG6 4,RG6 5,2311.3094029488393
RG6 5,RG6 6,1078.1052416375578
RG6 5,RG6 7,837.7240205844156
RG6 6,RG6 7,1843.9733646250236
RG7 1,RG7 2,5580.906672911491
RG7 1,RG7 3,2660.1606637652376
RG7 2,RG7 3,8689.741463075403
RG7 2,RG7 4,3916.7150373911945
RG7 3,RG7 4,4352.648147183977
RG7 4,RG7 5,19292.111324193687
RG7 5,RG7 6,11352.514956887975
RG7 5,RG8 8,3072.01932083266
RG7 6,RG8 8,8485.194323325302
RG8 0,RG8 7,9199.120635482997
RG8 0,RG8 9,8495.560044436315
RG8 0,RG9 5,5633.085604392945
RG8 7,RG8 8,9603.67243522068
RG8 7,RG8 9,1314.5912175388903
RG8 8,RG8 9,17902.96667131217
RG9 1,RG9 2,2670.045219620699
RG9 1,RG9 3,100.95864173457544
RG9 1,RG9 4,6525.205197862868
RG9 2,RG9 3,7270.87662662733
RG9 2,RG9 4,3077.8207961353905
RG9 2,RG9 6,3337.1450698145663
RG9 3,RG9 4,8351.778512654753
RG9 3,RG9 6,4634.888566999503
RG9 3,SL6 6,824.040328379137
RG9 3,SL7 2,1279.3618714020658
RG9 4,RG9 5,5788.640430482389
RG9 4,RG9 6,3758.4410215671182
RG9 5,RG9 6,11317.498674765924
RG9 6,SL7 2,8918.803472138803
RH1 1,RH1 2,3323.2638729400023
RH1 1,RH1 4,1963.5858885466125
RH1 1,RH1 6,1658.9896396528789
RH1 1,RH2 0,533.1610195177714
RH1 2,RH1 3,1536.650719637564
RH1 2,RH1 4,818.421722612611
RH1 2,RH2 0,2683.7297751822603
RH1 3,RH1 4,4049.5781365454845
RH1 3,RH2 0,3315.883064967611
RH1 3,RH2 9,321.2060406487861
RH1 4,RH1 5,15483.650942607264
RH1 4,RH1 6,2731.703252629354
RH1 4,RH7 6,252.02202811035247
RH1 4,RH9 8,9238.587237433521
RH1 5,RH1 6,5130.764688819281
RH1 5,RH2 7,1592.6038957390015
RH1 5,RH2 8,4004.277507791442
RH1 5,RH6 8,1791.50016552801
RH1 5,RH6 9,8255.31080212563
RH1 5,RH9 8,1004.0044047309339
RH1 6,RH2 0,474.0429592909049
RH1 6,RH2 7,2970.4751261781494
RH10 1,RH10 3,321.2649627986521
RH10 1,RH10 6,2300.710251061778
RH10 1,RH10 7,258.6532759746644
RH10 1,RH10 8,3327.250042272933
RH10 1,RH11 7,669.9711135026961
RH10 3,RH10 4,9469.029126593083
RH10 3,RH10 7,1608.273003713408
RH10 3,RH10 8,3056.789964623332
RH10 3,RH11 7,22.247110373182718
RH10 3,RH19 2,3538.1342158365323
RH10 3,RH6 9,7414.460104778876
RH10 3,RH7 6,1976.4024314119788
RH10 4,RH10 6,46.46934791816494
RH10 4,RH10 7,6024.161548516985
RH10 4,RH11 9,1468.996220440801
RH10 4,RH17 6,7571.875198755009
RH10 4,RH19 1,402.7773426807403
RH10 4,RH19 2,1231.5954732937391
RH10 4,RH19 4,6475.121114585192
RH10 5,RH10 6,3707.1621265121767
RH10 5,RH11 9,3492.1406990343535
RH10 6,RH10 7,2562.2950966817684
RH10 6,RH11 7,142.13960442419963
RH10 6,RH11 8,2061.438451985305
RH10 6,RH11 9,1078.1747571287463
RH10 8,RH11 7,5114.2138180267375
RH11 0,RH11 6,814.8482613227185
RH11 0,RH11 7,8323.608914126236
RH11 0,RH11 8,1109.9746470665962
RH11 0,RH12 4,6626.591712927522
RH11 0,RH5 5,1400.9706356428035
RH11 6,RH11 8,2951.201069555302
RH11 6,RH12 0,870.5651362645845
RH11 6,RH12 4,713.4953212509567
RH11 7,RH11 8,1127.4526770392347
RH11 7,RH5 5,578.1843304211066
RH11 7,RH6 0,7929.508657752245
RH11 7,RH6 7,1368.702836877812
RH11 7,RH6 9,1186.2563467631
RH11 8,RH11 9,2150.423611493521
RH11 8,RH12 0,99.20123350994277
RH11 8,RH12 4,562.8608375862757
RH11 9,RH12 4,3510.4403605570983
RH11 9,RH13 6,823.2323593657018
RH11 9,RH17 6,9104.249176315016
RH12 0,RH12 4,6809.488004958867
RH12 1,RH12 2,4231.5461730201405
RH12 1,RH12 3,2688.0507932795463
RH12 1,RH13 0,2030.5470123512303
RH12 1,RH13 5,1484.1353170159969
RH12 2,RH12 3,2137.2803426346622
RH12 2,RH12 5,2315.382355901446
RH12 2,RH13 5,413.08081913914225
RH12 3,RH12 4,4288.823647086874
RH12 3,RH12 5,7.759092618919103
RH12 3,RH13 0,18839.951991316513
RH12 3,RH14 0,7275.30044308179
RH12 3,RH14 9,3907.194014927512
RH12 3,RH5 5,11434.264352533906
RH12 4,RH12 5,4739.475835293121
RH12 4,RH13 5,509.77493509373403
RH12 4,RH13 6,13496.818057729555
RH12 4,RH5 5,3839.060709183926
RH12 5,RH13 5,475.2744496759448
RH13 0,RH13 5,532.6674105592036
RH13 0,RH13 6,5257.201858023034
RH13 0,RH13 8,6475.59538961848
RH13 0,RH13 9,6863.577920437534
RH13 0,RH14 9,9384.730140413289
RH13 5,RH13 6,5494.3968142833455
RH13 6,RH13 8,10361.761095500064
RH13 6,RH13 9,1792.6682562827336
RH13 6,RH17 5,5846.246348177792
RH13 6,RH17 6,4458.487080811477
RH13 8,RH13 9,4279.28498760852
RH13 8,RH14 9,678.2518940426294
RH13 8,RH17 5,6300.242362784954
RH13 8,RH20 2,6638.69597426863
RH13 8,RH20 3,4129.713387872915
RH14 0,RH14 9,11751.26410262581
RH14 0,RH20 1,8382.27264024244
RH14 9,RH20 1,3023.9401176939796
RH14 9,RH20 2,7092.524905521364
RH15 0,RH15 8,3010.206008924541
RH15 0,RH15 9,1447.8694846937965
RH15 0,RH17 7,3122.1981328657143
RH15 8,RH15 9,4565.959451186089
RH15 8,RH16 4,3025.3190366060494
RH15 8,RH17 5,7689.802308405887
RH15 8,RH17 7,579.3302064183399
RH16 1,RH16 2,2856.71651869713
RH16 1,RH16 3,2616.096167829127
RH16 1,RH16 4,1654.6158837605915
RH16 1,RH17 5,6100.587727833146
RH16 2,RH16 3,3150.605069785701
RH16 2,RH17 5,861.555679826288
RH16 2,RH17 6,4985.237633885558
RH16 2,RH17 7,8495.88412480758
RH16 2,RH19 4,310.2823742472925
RH16 3,RH16 4,2121.5012130703644
RH16 3,RH17 7,3253.7657589723917
RH16 4,RH17 5,1087.1561662249858
RH16 4,RH17 7,3239.445833290338
RH17 5,RH17 6,14258.525396912413
RH17 6,RH19 4,7398.092719777981
RH17 7,RH18 5,3511.372182756494
RH17 7,RH19 4,6243.981183096545
RH17 7,TN22 3,11563.065768807886
RH17 7,TN7 4,4631.542779132387
RH18 5,RH19 3,6353.808773435246
RH18 5,RH19 4,9735.866616726342
RH18 5,TN7 4,4170.781555400566
RH19 1,RH19 2,5485.7874511988875
RH19 1,RH19 3,2128.7383063889793
RH19 1,RH19 4,4201.244280417637
RH19 2,RH19 3,1702.7190069994163
RH19 2,RH7 6,13386.507003619437
RH19 3,RH19 4,4879.773347567419
RH19 3,RH7 6,3151.0787240226846
RH19 3,TN7 4,3644.809460648898
RH19 3,TN8 7,3912.6386558407294
RH2 0,RH2 7,2447.1857659597135
RH2 0,RH2 9,3834.925942122625
RH2 7,RH2 8,6577.333077609467
RH2 7,RH2 9,1125.3412231627726
RH2 8,RH2 9,1636.3735259222897
RH2 8,RH3 7,7585.0797962574825
RH2 8,RH5 4,638.2159751921523
RH2 8,RH5 5,7704.241392885171
RH2 8,RH6 0,8474.458189834544
RH2 8,RH6 8,2090.1207111836407
RH2 9,RH3 7,2731.3975370107173
RH20 1,RH20 2,14425.334174388894
RH20 2,RH20 3,11053.471116349192
RH20 2,RH20 4,8725.871544934049
RH20 3,RH20 4,12252.551815618706
RH3 7,RH4 1,5323.870977093653
RH3 7,RH5 4,2468.302385394832
RH4 1,RH4 2,593.8695867383589
RH4 1,RH4 3,1784.9438046284697
RH4 1,RH5 4,4153.905684266987
RH4 1,RH5 6,3200.771259802719
RH4 2,RH4 3,3772.059376329796
RH4 2,RH5 4,4671.1758164851635
RH4 3,RH5 4,2835.2024159076527
RH4 3,RH5 6,9882.233221539676
RH5 4,RH5 5,10556.11422448765
RH5 4,RH5 6,4359.762684108268
RH5 5,RH5 6,8374.276802303759
RH5 5,RH6 0,6228.367382511919
RH6 0,RH6 7,120.01671794428692
RH6 0,RH6 8,3248.774307630555
RH6 7,RH6 8,2053.793458414931
RH6 7,RH6 9,3001.262335499491
RH6 8,RH6 9,1111.5604744424954
RH6 9,RH7 6,245.66927535405785
RH6 9,RH9 8,4820.992171222492
RH7 6,RH8 0,3406.9866668706077
RH7 6,RH8 9,8643.898974737474
RH7 6,RH9 8,15502.029807790936
RH7 6,TN8 5,5706.985671486409
RH7 6,TN8 7,1909.8047855854709
RH8 0,RH8 9,13072.462050122225
RH8 0,TN16 1,2028.708204604146
RH8 0,TN16 2,6995.214371256114
RH8 0,TN8 5,1143.9437678060424
RH8 0,TN8 6,5391.910242641617
RH8 9,RH9 8,10443.998505828542
RM1 1,RM1 2,1531.5418602448847
RM1 1,RM1 3,610.2572324878116
RM1 1,RM1 4,793.5620651340994
RM1 1,RM7 0,1281.8504975362239
RM1 1,RM7 7,1141.2034897886708
RM1 1,RM7 9,13.83997257915975
RM1 2,RM1 3,1363.7494870040632
RM1 2,RM11 1,2313.770517648741
RM1 2,RM2 5,925.4486833831152
RM1 2,RM7 0,1097.269711525932
RM1 3,RM1 4,1162.3748024619033
RM1 3,RM2 5,742.1268971902924
RM1 3,RM7 0,88.41094127430144
RM1 4,RM2 5,4611.664176447357
RM1 4,RM5 2,529.9793184610701
RM1 4,RM5 3,4648.755971315072
RM1 4,RM7 7,585.841372068033
RM1 4,RM7 8,1021.3731785084536
RM10 7,RM10 8,1994.9884672511246
RM10 7,RM7 0,2002.3440223617808
RM10 7,RM8 1,1838.153526453317
RM10 7,RM8 3,441.5660149544444
RM10 7,RM9 5,1022.9374899518854
RM10 8,RM10 9,2815.0150560957886
RM10 8,RM12 4,50.61497632199262
RM10 8,RM12 5,1427.6973284152302
RM10 8,RM13 7,100.95026287812942
RM10 8,RM13 8,9.839586969367708
RM10 8,RM7 0,1487.1864985280422
RM10 8,RM9 5,1369.309222663491
RM10 8,RM9 6,200.87714884916133
RM10 9,RM13 8,2924.7448568948894
RM10 9,RM9 6,1307.5667232647222
RM11 1,RM11 2,1405.9592402410158
RM11 1,RM11 3,854.964046145041
RM11 1,RM12 4,5346.200626504278
RM11 1,RM12 6,298.6325613496192
RM11 1,RM2 5,4.26513551947114
RM11 1,RM7 0,126.6948366390089
RM11 2,RM11 3,4441.91333661867
RM11 2,RM2 5,721.6165567330343
RM11 2,RM2 6,2813.259379566388
RM11 2,RM3 0,1890.4080239565087
RM11 3,RM12 6,2303.619940884831
RM11 3,RM14 1,3132.7540941345424
RM11 3,RM14 2,759.1858834607254
RM11 3,RM3 0,1894.4933501442827
RM12 4,RM12 5,2717.1626781788214
RM12 4,RM12 6,2481.130533710678
RM12 4,RM7 0,2463.14356367836
RM12 5,RM12 6,2909.2767675590217
RM12 5,RM13 7,5249.919726588417
RM12 5,RM13 9,653.2043969105193
RM12 6,RM13 9,399.41125084317383
RM12 6,RM14 2,4093.1870861272164
RM13 7,RM13 8,3790.130689071424
RM13 7,RM13 9,778.9329532861948
RM13 8,RM13 9,3411.634342401483
RM13 9,RM14 2,3405.2179136239674
RM13 9,RM15 4,6870.560035840561
RM14 1,RM14 2,981.7045927922948
RM14 1,RM14 3,2323.7258006607904
RM14 1,RM3 0,3699.204067104176
RM14 2,RM14 3,9402.863519548584
RM14 2,RM15 4,2923.6934416238405
RM14 2,RM15 6,3734.4220791030666
RM14 3,RM15 6,6386.794552610759
RM14 3,RM16 2,868.0340696526395
RM14 3,RM16 3,3322.0614312892403
RM14 3,SS15 6,672.6705738892024
RM14 3,SS16 5,1620.0167555923315
RM14 3,SS16 6,2883.649146479932
RM14 3,SS17 8,9087.816206946096
RM15 4,RM15 5,1932.6571495274407
RM15 4,RM15 6,742.3452384346434
RM15 4,RM19 1,4240.289277704084
RM15 5,RM15 6,7619.008032232865
RM15 5,RM19 1,118.78091565975453
RM15 5,RM20 3,354.33547609144784
RM15 6,RM16 2,1883.7758957307751
RM15 6,RM16 5,2249.107283847518
RM15 6,RM20 3,1045.9272506217922
RM16 2,RM16 3,3751.0169337584753
RM16 2,RM16 4,879.1327822064101
RM16 2,RM16 5,687.5312725363464
RM16 2,RM16 6,715.7388806685033
RM16 2,RM17 5,3073.3560403952188
RM16 3,RM16 4,4039.1840703529833
RM16 3,RM18 8,1173.0218101978373
RM16 3,SS17 0,3100.5674167222046
RM16 3,SS17 8,12684.514153283126
RM16 4,RM17 5,568.3858800744415
RM16 4,RM17 6,164.22011764065945
RM16 4,RM18 8,5883.105313387011
RM16 5,RM16 6,2032.718841620658
RM16 5,RM20 3,337.09098315414633
RM16 6,RM17 5,2880.551875032562
RM16 6,RM20 3,1802.3043979152067
RM16 6,RM20 4,881.825702316853
RM17 5,RM17 6,5052.184549262016
RM17 5,RM20 3,240.67130273127418
RM17 5,RM20 4,686.5015957787548
RM17 6,RM18 7,2836.511608028103
RM17 6,RM18 8,280.5311807087363
RM17 6,RM20 3,246.18718612399778
RM18 7,RM18 8,5055.321964986806
RM18 8,SS17 0,9703.947071142946
RM19 1,RM20 3,3623.2905434811205
RM2 5,RM2 6,3271.7427796847364
RM2 5,RM3 7,1539.7294577787593
RM2 5,RM4 1,297.1258940612179
RM2 5,RM5 3,5.2021885397710355
RM2 6,RM3 0,666.3229964128207
RM2 6,RM3 7,919.3160709975438
RM2 6,RM3 8,3.3889226727903723
RM20 3,RM20 4,2703.2681553907205
RM3 0,RM3 8,2739.060392320165
RM3 0,RM3 9,2870.2219896144893
RM3 7,RM3 8,2958.8771791941203
RM3 7,RM3 9,2258.415674440449
RM3 7,RM4 1,4188.820759058226
RM3 8,RM3 9,2596.6402146155633
RM3 9,RM4 1,2082.2584255191678
RM4 1,RM5 2,3307.4635972397814
RM4 1,RM5 3,2175.5965210128998
RM5 2,RM5 3,3563.966917440897
RM5 2,RM6 5,782.3921303778135
RM5 2,RM7 8,1268.1521841416402
RM5 3,RM7 8,732.2129639713235
RM6 4,RM6 5,1809.170314206203
RM6 4,RM6 6,904.4556435152433
RM6 4,RM8 1,740.203818220469
RM6 5,RM6 6,2735.3308640655887
RM6 5,RM7 8,816.6571171679508
RM6 6,RM7 0,251.77673625302708
RM6 6,RM7 8,748.5391128112042
RM6 6,RM7 9,1467.7874331381315
RM6 6,RM8 1,1664.572284144915
RM7 0,RM7 7,127.95929569124797
RM7 0,RM7 9,2935.1332234574784
RM7 0,RM8 1,2376.0961925381453
RM7 7,RM7 8,1016.7519093977535
RM7 7,RM7 9,2429.6056824700427
RM7 8,RM7 9,588.5463492713798
RM8 1,RM8 2,785.184725605545
RM8 1,RM8 3,2270.065559615813
RM8 2,RM8 3,1818.2436642693024
RM8 2,RM9 4,1720.390563389102
RM8 2,RM9 5,768.875309198846
RM8 3,RM9 5,1676.5007247880665
RM9 4,RM9 5,783.4431533021536
RM9 4,RM9 6,891.1024256709096
RM9 5,RM9 6,1365.3878652471547
S1 2,S1 4,2276.0188554521706
S1 2,S2 2,542.455612924284
S1 2,S2 5,458.0560235098252
S1 2,S3 7,1049.2000771700275
S1 2,S3 8,471.9044416619206
S1 4,S10 2,276.5624475164757
S1 4,S11 8,412.8816606487075
S1 4,S2 2,623.2744649523822
S1 4,S2 4,1956.2449595726332
S1 4,S3 7,2796.9539362396813
S10 1,S10 2,1328.7632885496464
S10 1,S10 5,3368.158751175307
S10 1,S3 7,915.5744707346387
S10 1,S6 2,30.289190760561503
S10 1,S6 3,3021.5677577467536
S10 1,S6 5,2108.05955916079
S10 2,S10 3,732.0095747986226
S10 2,S10 5,315.28662181964484
S10 2,S11 8,2727.2863573782033
S10 2,S3 7,1805.4377480720418
S10 3,S10 4,3173.0565263517924
S10 3,S10 5,4127.745425872574
S10 3,S11 7,4660.3690270971665
S10 3,S11 8,1159.077661024353
S10 4,S10 5,1424.2727211652004
S10 4,S11 7,2408.774668403106
S10 4,S17 3,3993.1552223583
S10 4,S18 7,1569.4506778076254
S10 4,S32 1,10784.865043348651
S10 4,S32 2,3002.4377160505687
S10 4,S6 5,2520.7146787074576
S10 4,S6 6,7047.088142683084
S10 5,S6 5,3177.1829779925547
S11 7,S11 8,1412.8809739000578
S11 7,S11 9,4675.29196691162
S11 7,S17 3,1532.7770017279345
S11 8,S11 9,1776.007757256868
S11 8,S2 4,864.9746469831825
S11 8,S3 7,458.3423016380662
S11 8,S7 1,1847.1871354447596
S11 9,S17 3,2241.519038219381
S11 9,S7 1,1663.2851731747912
S11 9,S7 2,5950.5533947782515
S12 2,S12 3,2890.804077587904
S12 2,S12 4,1276.776574594584
S12 2,S13 8,2217.1270977947192
S12 2,S14 1,3169.108871684982
S12 2,S2 1,192.60828695796997
S12 2,S2 2,1297.4376961240182
S12 3,S12 4,4320.897009248819
S12 3,S14 1,1055.7952593613518
S12 3,S18 3,2118.8712723016843
S12 3,S18 4,1950.0244844308745
S12 3,S20 5,2367.0308529143704
S12 3,S21 5,4267.246876698179
S12 3,S8 8,3304.8395688380747
S12 4,S13 7,2915.6007965556246
S12 4,S13 8,149.1485474650283
S12 4,S20 1,1453.8965659397854
S12 4,S20 5,39.784046356057026
S12 4,S20 6,2632.4195333600205
S12 4,S20 7,772.0639025088691
S13 7,S13 8,2177.5428776379326
S13 7,S13 9,4040.376674835606
S13 7,S20 1,1288.5259226643002
S13 7,S26 4,1231.274359604383
S13 8,S13 9,2535.278661475652
S13 8,S2 1,2132.3575980692885
S13 8,S9 4,765.5360721074302
S13 9,S26 4,1589.1502541110913
S13 9,S60 5,2048.61101834842
S13 9,S60 8,4267.3283844994485
S13 9,S9 4,1206.4530013883123
S14 1,S2 2,1235.2835504361237
S14 1,S2 3,1080.934000465883
S14 1,S8 8,3713.387055713335
S14 1,S8 9,813.1710568990118
S17 3,S17 4,5458.818978352216
S17 3,S18 7,4832.411043991913
S17 3,S7 2,785.8694452262516
S17 3,S8 7,263.3090719690289
S17 4,S18 2,177.8293540473383
S17 4,S18 7,2983.6278089341313
S17 4,S18 8,2562.0157766037214
S17 4,S8 7,3123.5135704554727
S18 1,S18 2,2890.931492192157
S18 1,S18 4,2115.1388600741875
S18 1,S18 7,3132.232412891783
S18 1,S18 8,2715.6227975768
S18 2,S18 3,3107.982501319105
S18 2,S18 4,879.8966164247828
S18 2,S18 8,1908.3239042674222
S18 2,S21 5,763.4083609813079
S18 2,S8 7,1485.5907319046235
S18 2,S8 8,482.9101765244697
S18 3,S21 5,342.4458264053345
S18 3,S8 8,1154.7380672139993
S18 4,S18 7,640.9592662081628
S18 4,S21 5,8452.739267360574
S18 4,S41 9,2223.059367291162
S18 7,S18 8,3594.0417078987834
S18 7,S32 2,1776.24045640237
S18 7,S41 9,3355.3218065293986
S18 7,S42 7,5775.7126981216825
S2 1,S2 2,2538.05328736862
S2 1,S2 5,3309.883887260363
S2 1,S9 3,925.686922175413
S2 1,S9 4,1872.962644481875
S2 2,S2 3,3641.631058521044
S2 2,S2 4,70.47018845317913
S2 2,S2 5,2891.644170641422
S2 3,S2 4,1381.4062006272588
S2 3,S8 0,473.8752107761971
S2 3,S8 9,1477.1569014118193
S2 4,S7 1,457.66583464334053
S2 4,S8 0,624.0267775039453
S2 5,S3 8,460.1176065147206
S2 5,S9 3,3160.9406387667896
S20 1,S20 2,3370.106941555289
S20 1,S20 7,2505.4613426435612
S20 1,S26 4,726.2092717882988
S20 1,S26 5,514.4517033131076
S20 2,S20 3,1648.3969930629241
S20 2,S20 7,648.0986303739852
S20 2,S20 8,385.17714592207477
S20 2,S21 1,520.3294741262209
S20 2,S26 5,2311.042165892714
S20 3,S20 4,806.0733414811427
S20 3,S20 8,1353.5944952841496
S20 3,S21 1,1102.6266608457195
S20 4,S20 5,1766.6156698542138
S20 4,S20 8,3038.4496756204117
S20 4,S21 1,510.3130345994973
S20 4,S21 4,1650.4745762724701
S20 5,S20 6,2913.447819608549
S20 5,S20 7,660.2356650225321
S20 5,S20 8,1066.2762856382747
S20 5,S21 4,2072.7398649141323
S20 5,S21 5,875.0659931547368
S20 6,S20 7,943.4653035335891
S20 7,S20 8,901.7042479243056
S21 1,S21 2,3346.4205859585945
S21 1,S21 3,2314.594435042279
S21 1,S21 4,1608.6192994444996
S21 1,S26 5,1609.7197286220628
S21 2,S21 3,1823.8520921823444
S21 2,S26 5,1795.1495936565634
S21 2,S26 7,3791.826291578797
S21 3,S21 4,2559.590694782002
S21 3,S26 7,2377.77587545807
S21 3,S43 3,3913.4688764580496
S21 3,S43 4,12756.21720281755
S21 3,S80 3,1119.5762146019952
S21 4,S21 5,2955.979581616755
S21 4,S43 2,2454.5227040055297
S21 4,S43 3,616.4085353944477
S21 5,S41 9,876.7363072390679
S21 5,S43 2,5464.329503798291
S25 1,S25 2,3157.2679097853725
S25 1,S25 3,1664.6587282882997
S25 1,S66 1,1111.1503756073446
S25 1,S66 8,7705.855741623607
S25 1,S66 9,3914.5096785995843
S25 1,S81 8,2511.4917962117165
S25 2,S25 3,2892.8408398053098
S25 2,S25 4,4796.3995889374955
S25 2,S81 8,8398.314895252486
S25 3,S25 4,1239.2468464238693
S25 3,S66 9,2803.0673246791857
S25 4,S25 5,2837.9788643685856
S25 4,S26 1,2194.9543732034854
S25 4,S66 9,571.0834808509763
S25 4,S81 8,3320.982266150797
S25 5,S26 1,1324.9166361701386
S25 5,S26 6,1059.8801654463132
S25 5,S80 3,1898.0403903041592
S25 5,S81 8,3550.699285122076
S26 1,S26 2,4762.191277468071
S26 1,S26 5,2007.630687232121
S26 1,S26 6,2375.2373593731127
S26 1,S66 9,513.1171772258269
S26 2,S26 3,5474.843431475742
S26 2,S26 4,6222.716778781004
S26 2,S26 5,2125.9289455272246
S26 2,S66 9,1407.8800908084763
S26 3,S26 4,3416.861997943423
S26 3,S60 4,3088.1294996070937
S26 3,S60 5,2172.6851929718705
S26 3,S66 9,1981.3204620517604
S26 4,S26 5,375.4341236084858
S26 4,S60 5,1391.06397010619
S26 5,S26 6,3213.112446494643
S26 5,S26 7,1809.5413998100473
S26 6,S26 7,2631.4854483604827
S26 7,S80 3,4982.774359247477
S3 7,S3 8,1126.7510507080208
S3 7,S6 3,1110.1834192816498
S3 8,S3 9,2515.4145354438865
S3 8,S5 8,559.2124117121831
S3 8,S6 2,742.542663937042
S3 8,S6 3,1604.9694180169427
S3 8,S9 3,131.42618977595814
S3 9,S4 7,4655.207150066783
S3 9,S5 7,342.09777456831466
S3 9,S5 8,541.4763126303835
S3 9,S9 3,223.30917288021564
S32 1,S32 2,4410.399211703064
S32 1,S32 5,2142.1672193300515
S32 1,S33 0,8293.97737939915
S32 1,S33 6,3144.2192103133943
S32 1,S6 6,2967.159792943529
S32 1,SK17 8,6024.863943273899
S32 2,S32 3,4158.544439347733
S32 2,S32 4,299.3486066183199
S32 2,S32 5,6356.776126066572
S32 3,S32 4,2748.5605845774066
S32 4,S32 5,5311.2489342852095
S32 4,SK17 8,308.8876934152541
S32 5,SK17 8,7266.772151916707
S33 0,S33 6,8527.771798009982
S33 0,S33 9,3020.0527366430756
S33 0,SK17 8,152.2967126951646
S33 6,S33 7,9930.974107475331
S33 6,S33 8,4246.743798227932
S33 6,S33 9,2336.1482323052323
S33 6,S36 4,6047.172623705503
S33 6,S6 6,12336.22974544693
S33 6,SK13 7,13957.158497719878
S33 6,SK22 2,4415.456295991432
S33 7,S33 8,3527.889331839116
S33 7,SK17 8,2186.3383537921973
S33 7,SK22 2,4424.099533607262
S33 7,SK23 0,2459.3515968343922
S33 7,SK23 6,873.428571044821
S33 8,S33 9,3943.8771637595796
S33 8,SK17 8,4175.759979871412
S33 9,SK17 8,7788.773250390526
S35 0,S35 7,4139.962031107743
S35 0,S35 8,2129.920613876862
S35 0,S36 3,782.9144268876834
S35 0,S6 1,5074.091442732631
S35 0,S6 4,488.3570353560802
S35 0,S6 6,8996.841061733603
S35 1,S35 2,4528.700320870759
S35 1,S35 4,766.4057379722186
S35 1,S35 8,3689.100284545617
S35 1,S35 9,3032.954021549137
S35 1,S61 2,498.14401028887505
S35 2,S35 3,3711.9920629083094
S35 2,S35 4,568.6495344882293
S35 2,S61 2,2290.131556751932
S35 2,S62 7,4388.222978825583
S35 2,S75 3,2765.9370803035367
S35 3,S35 4,2166.4318969145797
S35 4,S35 7,2192.9136870810803
S35 4,S35 8,429.88125937511336
S35 4,S75 3,2087.2339092650413
S35 7,S35 8,2919.3590294729465
S35 7,S36 1,648.3671090706974
S35 7,S36 2,5099.86784406635
S35 7,S36 3,4139.455607602683
S35 7,S36 4,1357.044815013435
S35 7,S36 8,5177.348362835226
S35 7,S70 5,988.0240332592207
S35 7,S75 3,8611.401908035961
S35 7,S75 4,2683.2728069233995
S35 8,S35 9,3047.883251439675
S35 8,S5 9,2070.140807223021
S35 8,S6 1,1530.4039776877266
S35 9,S5 0,1927.9195286305276
S35 9,S5 9,3762.7275728380323
S35 9,S61 2,2400.4260199594564
S36 1,S36 2,4904.604322555415
S36 1,S36 3,4490.073373805073
S36 1,S36 4,1133.862600258003
S36 2,S36 3,3603.6967846319444
S36 3,S36 4,2810.0197904430734
S36 3,S6 6,5799.034853359291
S36 4,S36 7,2548.139838211809
S36 4,S36 8,803.7067741334735
S36 4,S36 9,7677.827073106057
S36 4,S6 6,10280.425873799992
S36 4,SK13 1,5397.23752868599
S36 4,SK13 7,1430.6015907935687
S36 6,S36 7,801.5249592849193
S36 6,S36 8,2416.640298054764
S36 6,S36 9,6813.716945035735
S36 7,S36 8,5251.776026656389
S36 7,S36 9,5173.284564444939
S36 7,S75 4,6306.1517348355355
S36 8,S36 9,1156.8463937253694
S36 8,S75 4,428.7186317946576
S4 7,S4 8,1225.3254825426143
S4 7,S5 7,1756.328299186558
S4 7,S5 8,425.4866770040842
S4 7,S9 3,2406.873892587474
S4 8,S5 6,2321.6950937843367
S4 8,S5 7,183.17308281670452
S4 8,S9 1,1719.321475998547
S4 8,S9 3,4797.850700978807
S40 1,S40 2,2767.369509290418
S40 1,S40 3,1846.9711000100745
S40 1,S40 4,3629.0031585356865
S40 1,S41 0,853.7597161261444
S40 1,S41 7,1109.9351649057817
S40 2,S40 3,4211.050299020588
S40 2,S40 4,217.56243028956177
S40 2,S41 0,3232.2604727036965
S40 2,S42 6,909.8309198554412
S40 2,S42 7,603.3517425789115
S40 3,S40 4,431.79321792150427
S40 3,S42 7,9657.488146023521
S40 4,S41 7,3358.3886273101607
S40 4,S41 8,3555.73345241428
S40 4,S42 7,4023.907455328382
S41 0,S41 7,2654.6239676110044
S41 0,S42 5,5685.666376859999
S41 0,S42 6,2392.3765024613185
S41 0,S43 1,3121.406637038311
S41 0,S44 5,4286.809216406699
S41 7,S41 8,2795.1124780267237
S41 7,S41 9,813.0042189269485
S41 7,S43 1,92.10072217050632
S41 8,S41 9,5263.54989996411
S41 8,S42 7,461.6877236218421
S41 9,S42 7,850.8556721562543
S41 9,S43 1,2427.8787235672976
S41 9,S43 2,3585.670236173439
S42 5,S42 6,4593.916717605606
S42 5,S44 5,6511.2941444829885
S42 5,S45 8,4864.190800192392
S42 5,S45 9,1106.721218070989
S42 6,S42 7,4535.190140533708
S42 6,S45 0,15073.559284088382
S42 6,S45 9,6419.974664424496
S42 7,S45 0,1390.5932760620021
S43 1,S43 2,2805.1759731740194
S43 1,S43 3,1789.3436782598442
S43 1,S44 5,909.650058486421
S43 2,S43 3,5395.233987994585
S43 3,S43 4,1410.950874425188
S43 3,S44 5,5840.958262226964
S43 3,S44 6,2701.9561378768494
S43 4,S44 6,3214.414084658435
S43 4,S80 3,2644.377472828536
S43 4,S80 4,3396.5279091162806
S44 5,S44 6,10553.177603522017
S44 5,S45 8,5613.474293902361
S44 6,S80 4,5589.02945517989
S45 8,S45 9,3281.3399171317697
S5 0,S5 6,1654.3517959039866
S5 0,S5 7,787.0117567231753
S5 0,S5 9,876.5243790310664
S5 0,S61 2,799.7487928974209
S5 0,S9 1,1623.6117924152165
S5 6,S5 7,3904.63899478108
S5 6,S9 1,2379.147615089032
S5 7,S5 8,5146.854192247165
S5 7,S5 9,2203.63426696803
S5 8,S5 9,1322.489315083869
S5 8,S6 1,2499.267323759709
S5 8,S6 2,2176.493495122176
S5 9,S6 1,760.7552423425741
S6 1,S6 2,1091.4308431323775
S6 1,S6 4,3014.1891982287007
S6 2,S6 3,2586.24190305949
S6 2,S6 4,1478.0857961613
S6 2,S6 5,1467.793613170525
S6 3,S6 5,279.1286428350414
S6 4,S6 5,1013.2688505122165
S6 4,S6 6,1256.5284216050838
S6 5,S6 6,6191.312799404643
S60 1,S60 2,3926.1113292081304
S60 1,S60 3,1224.7025679902677
S60 1,S60 5,1254.7132146172362
S60 1,S61 1,1681.4793475289296
S60 1,S61 2,569.6436966738871
S60 2,S60 3,2330.9687757183574
S60 2,S60 5,1481.3005705580974
S60 2,S61 1,1157.5624618360036
S60 2,S61 2,42.0362752159702
S60 2,S65 1,1912.9611550754782
S60 2,S65 2,1665.7587322932493
S60 3,S60 4,2659.3691629257933
S60 3,S60 5,1772.1400432755506
S60 3,S65 2,917.3145208190133
S60 3,S65 3,402.78799728592475
S60 4,S60 5,2980.709981436826
S60 4,S65 3,2199.7954176902263
S60 4,S66 1,4545.009364109123
S60 4,S66 9,1710.2174373216678
S60 5,S60 8,2732.3026107745845
S60 5,S61 2,831.8659035721829
S60 5,S9 1,4746.429300659309
S60 5,S9 4,88.92223016933039
S60 8,S9 4,1778.0207574299102
S61 1,S61 2,3529.0495440950212
S61 1,S61 3,4059.028422993639
S61 1,S61 4,1026.5231596766334
S61 1,S65 1,225.71262694372888
S61 2,S61 3,2748.091578577515
S61 2,S62 7,2997.0777918780955
S61 2,S9 1,4622.83379748127
S61 3,S61 4,2786.4900122856325
S61 3,S62 7,247.6766188723489
S61 4,S62 6,2778.812924236989
S61 4,S62 7,4389.0347176405785
S61 4,S65 1,844.1466110020359
S62 5,S62 6,3893.0454007563294
S62 5,S62 7,1941.0516795791373
S62 5,S64 5,1471.0611470612034
S62 5,S64 8,1906.8692974098185
S62 5,S65 3,762.2048867497349
S62 5,S65 4,2081.148001990756
S62 6,S62 7,949.9839582614915
S62 6,S65 1,1915.1702072573405
S62 6,S65 3,739.6591452258931
S62 7,S63 6,2800.831605256236
S62 7,S63 7,2750.0372035533574
S62 7,S64 8,1622.5510063912864
S62 7,S73 0,1421.0367424052215
S62 7,S74 0,871.7742815579022
S62 7,S74 8,3499.7538927687724
S62 7,S75 3,909.5025594574843
S63 0,S63 9,3566.3086786034078
S63 0,S72 0,4168.259786121705
S63 6,S63 7,7603.13393972865
S63 6,S73 0,3856.8401360132398
S63 7,S63 8,2287.6791613638447
S63 7,S64 0,1417.0685057707228
S63 7,S64 8,4493.486160149941
S63 7,S64 9,786.51624443127
S63 7,S73 0,1253.2306175140639
S63 8,S63 9,5217.788501835156
S63 8,S64 0,1600.7402732802248
S63 8,S72 0,2422.4685066500037
S63 8,S73 0,1316.278757316776
S63 9,S64 0,368.5191122733956
S63 9,S72 0,178.12274093606044
S64 0,S64 8,153.10883362082012
S64 0,S64 9,4557.789962285884
S64 5,S64 8,2683.4752952228896
S64 5,S65 4,1102.350492493138
S64 8,S64 9,1052.760834350135
S65 1,S65 2,3847.152689160061
S65 1,S65 3,1507.2932095282115
S65 2,S65 3,4636.638243400515
S65 3,S65 4,4568.237736286901
S65 3,S66 1,953.2276318706663
S65 3,S66 2,1603.626182997467
S65 3,S66 3,1150.594907099124
S65 4,S66 2,330.84396068019436
S65 4,S66 3,6508.735287998816
S65 4,S66 7,6229.664089308673
S65 4,S66 8,194.93120767183663
S66 1,S66 2,4368.169579287893
S66 1,S66 8,814.9580462739058
S66 1,S66 9,1500.296105645102
S66 2,S66 3,5301.255914547668
S66 2,S66 8,1595.3769480015005
S66 7,S66 8,10398.791716100035
S66 8,S81 8,5370.533614681249
S66 8,S81 9,24.515031124575184
S7 1,S7 2,881.9595469441977
S7 1,S8 0,2761.9460496563843
S7 1,S8 9,44.8433142399376
S7 2,S8 0,3875.0430472998496
S7 2,S8 7,165.68860031309174
S70 1,S70 2,1019.4851932373616
S70 1,S70 3,593.538537398384
S70 1,S70 4,3014.9114515615734
S70 1,S70 6,1721.882084517112
S70 1,S71 1,986.2151925589047
S70 2,S70 6,1085.12866608775
S70 2,S71 1,2973.550034305783
S70 2,S75 1,717.3603938465748
S70 2,S75 2,603.9044200593506
S70 3,S70 4,4089.0735195681823
S70 3,S71 1,1327.3858998985525
S70 3,S71 2,865.1403891866742
S70 3,S71 5,4513.9137982903285
S70 4,S70 5,8248.677099438943
S70 4,S70 6,3061.6183563072864
S70 4,S71 5,396.11547007013496
S70 4,S73 8,1637.5501851495653
S70 4,S74 0,3026.3728407164886
S70 5,S70 6,3115.621006453795
S70 5,S74 0,6091.345026440062
S70 5,S74 9,431.2239971228613
S70 5,S75 3,6062.5985211126135
S70 6,S75 2,2848.061841237818
S70 6,S75 3,2724.658493085907
S71 1,S71 2,4170.12777955575
S71 1,S71 3,1808.688103586818
S71 1,S75 1,2752.154991919746
S71 1,S75 6,999.0144097465262
S71 2,S71 3,5287.538939393179
S71 2,S71 4,679.0890844705932
S71 2,S71 5,4913.050734376495
S71 3,S71 4,5829.356449123213
S71 3,S75 6,219.84272262736604
S71 4,S71 5,64.75747738317753
S71 4,S72 8,3066.5514682302646
S71 4,S75 6,1420.7270495164516
S71 4,WF4 2,5710.955318322874
S71 5,S72 8,3202.3672733338694
S71 5,S73 8,2618.8803978252517
S71 5,S73 9,2477.589477220487
S72 0,S72 7,2136.6408343626686
S72 0,S72 8,657.8093590782063
S72 0,S72 9,1121.434917670154
S72 0,S73 0,1057.3602781442669
S72 0,S73 9,5933.408013409567
S72 0,WF9 3,310.9396505650802
S72 7,S72 8,4688.061006800863
S72 7,S72 9,5260.7128481087875
S72 8,S72 9,4187.121048216002
S72 8,S73 9,2343.461826994444
S72 8,WF4 2,0.7880229058573736
S72 9,WF4 2,3695.642393553458
S72 9,WF9 3,1692.2618953172696
S72 9,WF9 4,2518.795999825478
S72 9,WF9 5,2331.5813958091812
S73 0,S73 8,4403.002447652962
S73 0,S73 9,1097.5193745952636
S73 0,S74 0,3296.8863127675804
S73 0,S74 8,1459.8067481895935
S73 8,S73 9,6546.524337812931
S73 8,S74 0,1623.459238656463
S74 0,S74 8,1174.8860083876596
S74 0,S74 9,10242.111000277187
S74 0,S75 3,3211.1118392962726
S74 8,S74 9,3347.6284541870527
S75 1,S75 2,6017.994975398843
S75 1,S75 3,3760.2148436335838
S75 1,S75 4,4430.170650018032
S75 1,S75 5,2295.4012044567626
S75 1,S75 6,2565.430000633068
S75 2,S75 3,657.1760245521859
S75 3,S75 4,2983.9948404274874
S75 4,S75 5,6887.71036329795
S75 4,WF4 4,2289.2942810348472
S75 5,S75 6,4990.3184094351745
S75 5,WF4 2,8513.107951353622
S75 5,WF4 3,3183.7842319167275
S75 5,WF4 4,3439.97974488764
S75 6,WF4 2,2742.1254285883897
S8 0,S8 7,4410.211536086846
S8 0,S8 8,1533.452716232967
S8 0,S8 9,2609.622260644191
S8 7,S8 8,4730.965555847028
S8 8,S8 9,1993.3162629951728
S80 1,S80 2,5024.089702795417
S80 1,S80 3,12751.62445225848
S80 1,S81 0,332.33295108795744
S80 1,S81 7,1229.0447953239661
S80 1,S81 8,718.3879896914285
S80 2,S80 3,6794.984688583576
S80 2,S81 0,7283.562164266465
S80 3,S80 4,17024.789308183827
S80 3,S81 8,11972.71340761447
S81 0,S81 7,4445.854145794074
S81 0,S81 8,4506.858943402901
S81 7,S81 8,7226.907644664573
S81 8,S81 9,24882.708791240686
S9 1,S9 3,241.9152264895876
S9 1,S9 4,847.3002745799165
S9 1,S9 5,4119.959464076054
S9 3,S9 4,2451.8500617262034
S9 3,S9 5,3504.000071386153
S9 4,S9 5,2737.0305992859553
SA1 1,SA1 2,2503.6401144391175
SA1 1,SA1 3,1808.0089856008456
SA1 1,SA1 5,673.347311043518
SA1 1,SA1 6,1624.29325633888
SA1 1,SA1 8,977.6631173560023
SA1 2,SA1 3,420.47500746288296
SA1 2,SA1 5,443.7054324168795
SA1 2,SA1 6,1551.2044313586014
SA1 2,SA1 7,1200.1897500951188
SA1 2,SA1 8,1451.5150259747104
SA1 2,SA5 8,334.00340580487097
SA1 2,SA5 9,1258.6862625341564
SA1 2,SA6 8,1430.8960497408523
SA1 3,SA1 4,1810.1240624603638
SA1 3,SA1 5,218.3773548950366
SA1 3,SA1 6,272.36180722296547
SA1 3,SA2 0,73.3511393445195
SA1 4,SA1 5,498.2651154308825
SA1 4,SA1 6,1280.3345760848742
SA1 4,SA2 0,1730.9021128441689
SA1 5,SA1 6,1151.885672102016
SA1 6,SA2 0,4941.046658829912
SA1 6,SA5 8,2169.6432878863425
SA1 7,SA1 8,6465.505022693473
SA1 7,SA10 6,2516.066359191895
SA1 7,SA6 8,1084.2502745392926
SA1 7,SA7 9,4146.294035145851
SA1 8,SA10 6,4263.406268256023
SA10 6,SA10 7,4971.134515083732
SA10 6,SA7 9,3143.5428108826504
SA10 7,SA10 8,7754.058457817677
SA10 7,SA6 5,1342.0285684010455
SA10 7,SA7 9,2005.9158444501504
SA10 7,SA8 3,3992.5799339100063
SA10 8,SA10 9,4334.140203432489
SA10 8,SA11 3,4487.1300438417375
SA10 8,SA11 4,5481.64631403665
SA10 8,SA11 5,1513.2029681273248
SA10 8,SA8 3,6370.127196436988
SA10 8,SA9 1,2795.490284595352
SA10 9,SA11 5,8988.293169189768
SA10 9,SA9 1,14260.397080094765
SA11 1,SA11 2,2456.514504860104
SA11 1,SA11 3,3135.3947132794337
SA11 2,SA11 3,4783.836166983185
SA11 2,SA12 8,5225.823360633895
SA11 2,SA12 9,1750.4711772076137
SA11 3,SA11 4,2027.6546349619175
SA11 3,SA12 9,8197.187204234226
SA11 4,SA11 5,9737.464321389429
SA11 4,SA12 9,5347.14838132153
SA11 4,SA13 3,4864.689420854308
SA11 5,SA13 3,3199.998282027921
SA12 6,SA12 7,3350.366277191658
SA12 6,SA12 8,1911.122627584351
SA12 6,SA13 1,412.3520070672181
SA12 6,SA13 2,539.4253239822598
SA12 7,SA12 8,3781.8662398994175
SA12 8,SA12 9,3238.0043592831125
SA12 8,SA13 1,987.0025325551561
SA12 8,SA13 2,332.67509607114084
SA12 9,SA13 2,7803.368707977901
SA12 9,SA13 3,8017.154035709186
SA13 1,SA13 2,7333.005707097734
SA13 2,SA13 3,2794.3699762887504
SA14 6,SA14 7,10920.913189188597
SA14 6,SA14 8,6676.070344143989
SA14 6,SA15 5,8297.979431669184
SA14 6,SA18 3,6725.449450834924
SA14 6,SA4 0,4739.069620570202
SA14 7,SA15 5,3204.6837706005836
SA14 7,SA18 2,719.4949145644478
SA14 7,SA18 3,21453.87516176915
SA14 7,SA32 8,15256.51008460249
SA14 8,SA14 9,9002.102225179297
SA14 8,SA15 1,840.9669245790892
SA14 8,SA15 3,1979.2840230177103
SA14 8,SA15 4,3569.4445798076626
SA14 8,SA15 5,4043.3546375180294
SA14 8,SA4 0,5539.39152871239
SA14 9,SA15 1,2638.846551601705
SA14 9,SA15 2,754.2438805133336
SA15 1,SA15 2,3282.7410873206923
SA15 1,SA15 3,1089.483290424533
SA15 2,SA15 3,2207.12876999655
SA15 2,SA15 4,1037.0040774010122
SA15 3,SA15 4,3241.091408178452
SA15 4,SA15 5,4152.4595185721855
SA15 4,SA16 0,4635.530262274254
SA15 4,SA17 4,12846.85729605055
SA15 5,SA17 4,12245.695933869461
SA15 5,SA17 5,11414.650597204532
SA15 5,SA32 8,6510.971594190039
SA16 0,SA17 4,7466.048000183945
SA17 4,SA17 5,18918.091882464796
SA17 5,SA31 2,8680.83538176114
SA17 5,SA32 8,7700.769493547914
SA18 1,SA18 2,17325.394365807235
SA18 1,SA19 9,6163.533379749375
SA18 1,SA6 6,14.246426253222594
SA18 1,SA8 4,6966.8382573734825
SA18 1,SA9 2,14189.313918855367
SA18 2,SA18 3,21907.927552783818
SA18 2,SA19 6,13010.254794056675
SA18 2,SA4 8,3249.6933935115535
SA18 2,SA5 7,6493.678006988216
SA18 2,SA6 6,3.7958826380104242
SA18 3,SA19 6,5140.5359716049825
SA18 3,SA32 8,1595.3052500255603
SA18 3,SA4 0,4134.855640528883
SA18 3,SA4 8,518.1360390254853
SA19 6,SA19 7,10264.676992634675
SA19 6,SA19 9,11179.808532776377
SA19 6,SA32 8,2267.854930456533
SA19 7,SA19 8,26076.943672620895
SA19 7,SA19 9,7439.218092183782
SA19 7,SA32 7,17325.585869566617
SA19 7,SA32 8,4703.499320673721
SA19 7,SA40 9,5439.678222937701
SA19 7,SA48 8,2096.1027222055436
SA19 8,SA19 9,2674.33714637633
SA19 8,SA20 0,37846.526731422025
SA19 8,SA48 8,14906.735870058385
SA19 8,SY25 6,9936.33192529229
SA19 9,SA20 0,14240.045179127485
SA19 9,SA9 1,2880.878469845709
SA19 9,SA9 2,3352.1513041380376
SA2 0,SA2 8,807.3627153208221
SA2 0,SA2 9,3250.4594466686017
SA2 0,SA5 4,443.68090224553964
SA2 0,SA5 5,1899.3465547522007
SA2 0,SA5 8,270.7559279493105
SA2 7,SA2 8,1609.3127926934453
SA2 7,SA2 9,2313.2884066326496
SA2 7,SA3 2,1172.4833089519984
SA2 7,SA3 3,4464.2168943689585
SA2 7,SA3 5,3073.8225874778273
SA2 7,SA4 3,4906.146282037856
SA2 7,SA5 4,1759.9045742915823
SA2 8,SA2 9,3319.960431977268
SA2 8,SA3 5,2070.6131056966474
SA2 9,SA5 4,1751.6697678086775
SA20 0,SY25 6,11188.44289173315
SA3 1,SA3 2,9882.752825424774
SA3 1,SA4 3,4089.9992099272094
SA3 2,SA3 3,10169.429455799202
SA3 2,SA4 3,6585.100584868933
SA3 3,SA3 4,1368.468213092416
SA3 3,SA3 5,2499.588881088262
SA3 4,SA3 5,4745.661405306816
SA31 1,SA31 2,5020.157033905123
SA31 1,SA31 3,3343.004762239219
SA31 1,SA32 8,237.63446163835007
SA31 1,SA33 6,2425.1014825539814
SA31 2,SA32 7,6423.204146799631
SA31 2,SA32 8,16170.719295308054
SA31 2,SA33 6,1890.521680250709
SA31 3,SA33 5,5570.2798299073875
SA31 3,SA33 6,8587.008013068802
SA32 7,SA32 8,33960.31334395037
SA32 7,SA33 6,19327.97171144107
SA32 7,SA39 9,25210.699017607967
SA32 7,SA40 9,6538.332110139995
SA32 7,SA44 4,1608.542754549113
SA32 7,SA44 5,4027.4494329640697
SA33 4,SA33 5,13999.49354939996
SA33 4,SA34 0,25553.009236670736
SA33 5,SA33 6,16135.78797681305
SA33 5,SA34 0,2982.687484051975
SA33 6,SA34 0,9511.110307529067
SA33 6,SA35 0,4776.9574551522455
SA33 6,SA38 9,8494.429773830641
SA33 6,SA44 5,7405.835017980469
SA34 0,SA35 0,630.3803680888194
SA34 0,SA36 0,13043.85098172857
SA34 0,SA37 0,3864.2576692090656
SA34 0,SA41 3,4909.950931575291
SA34 0,SA66 7,25990.404832285563
SA34 0,SA67 7,5814.956390208526
SA34 0,SA67 8,27489.48564514486
SA35 0,SA36 0,5386.308212025489
SA35 0,SA37 0,10938.717562054326
SA35 0,SA38 9,9588.074290616081
SA36 0,SA37 0,731.7748841541653
SA37 0,SA38 9,5002.354198334807
SA37 0,SA41 3,3498.5571837572006
SA37 0,SA43 2,12649.208680624468
SA38 9,SA43 2,18000.64661317924
SA38 9,SA44 5,31295.468412923306
SA38 9,SA44 6,8321.132136902783
SA39 9,SA40 9,11633.769787421406
SA39 9,SA44 4,18265.388769067966
SA4 0,SA4 8,7736.619297676728
SA4 3,SA4 4,715.4567590028629
SA4 3,SA4 6,1398.1122997442599
SA4 3,SA5 4,2178.563467451552
SA4 4,SA4 6,5688.405672009551
SA4 4,SA4 8,5083.186757052488
SA4 4,SA4 9,5676.3174756882645
SA4 4,SA5 4,3653.10190790122
SA4 4,SA5 5,64.97835677289851
SA4 8,SA4 9,4350.048206041674
SA4 8,SA5 7,4601.71210950194
SA4 9,SA5 5,7.889429644045324
SA4 9,SA5 7,7988.990649071451
SA40 9,SA44 4,11962.562001989649
SA40 9,SA48 7,19596.682858822518
SA40 9,SA48 8,14391.518954482592
SA41 3,SA42 0,5902.732465616692
SA41 3,SA43 2,3801.4069208645888
SA41 3,SA43 3,14077.319977528992
SA41 3,SA63 4,1618.5602046671838
SA41 3,SA65 9,6502.8486664904185
SA41 3,SA66 7,13877.999807664606
SA42 0,SA65 9,12924.464660152758
SA43 1,SA43 2,15012.529054666771
SA43 1,SA43 3,3596.5269977489347
SA43 2,SA43 3,8316.470087177428
SA43 2,SA44 6,7149.8617944079315
SA44 4,SA44 5,26364.022585516002
SA44 4,SA44 6,26314.763382437977
SA44 4,SA47 0,7891.484555161043
SA44 4,SA48 7,177.7710689711564
SA44 5,SA44 6,3421.5232117750647
SA44 6,SA45 9,17487.041894933132
SA44 6,SA47 0,6353.898562754823
SA45 9,SA46 0,1991.808996144029
SA45 9,SA47 0,7071.177932022486
SA46 0,SA47 0,9837.342908367404
SA46 0,SA48 7,2096.096208203725
SA46 0,SA48 8,758.5559950330639
SA46 0,SY23 5,13995.903661711809
SA47 0,SA48 7,17609.61725796144
SA48 7,SA48 8,46985.39202762098
SA48 8,SY23 5,14433.762063892276
SA48 8,SY25 6,34431.70902748015
SA5 4,SA5 5,6512.976772762456
SA5 5,SA5 7,3797.0669661005054
SA5 5,SA5 8,1432.6138755095449
SA5 7,SA5 8,1804.169927649596
SA5 7,SA5 9,7130.534715486032
SA5 7,SA6 6,23783.479856476843
SA5 7,SA6 7,453.1922904811972
SA5 8,SA5 9,1840.1989987397913
SA5 9,SA6 7,4062.8287233340066
SA5 9,SA6 8,1151.1365301903652
SA6 5,SA6 6,14141.936392713757
SA6 5,SA7 0,2893.9632258465776
SA6 5,SA7 9,4706.19683087064
SA6 5,SA8 3,2709.5039300373105
SA6 5,SA8 4,4471.34846412782
SA6 6,SA6 7,4476.306421134679
SA6 6,SA6 8,815.6180896946705
SA6 6,SA7 0,816.1930300842505
SA6 6,SA8 4,8879.66643615842
SA6 7,SA6 8,3666.170098846032
SA6 8,SA7 0,953.8102939826338
SA6 8,SA7 9,828.6191453724527
SA61 1,SA61 2,3865.9758249196298
SA61 1,SA62 3,7923.70919911016
SA61 1,SA62 4,5889.864102956401
SA61 2,SA62 3,658.0129606883285
SA61 2,SA62 4,3472.59329680488
SA61 2,SA62 6,4624.669513504399
SA62 3,SA62 4,2486.5979545548366
SA62 3,SA62 6,18005.104396067145
SA62 3,SA73 1,5791.081894441552
SA62 3,SA73 2,225.42204675698952
SA62 3,SA73 3,5443.154113497928
SA62 4,SA62 5,9772.602413780241
SA62 4,SA62 6,7499.424325070967
SA62 4,SA63 4,16949.572659593865
SA62 4,SA67 8,5479.878739191402
SA62 4,SA73 1,13304.847436445232
SA62 5,SA62 6,32831.44963062125
SA62 5,SA63 4,26297.607865745584
SA62 5,SA64 0,5600.637525151512
SA62 5,SA65 9,16484.639088545988
SA63 4,SA65 9,6450.669838996995
SA63 4,SA66 7,15813.908864048011
SA63 4,SA67 8,5123.209899926316
SA64 0,SA65 9,9180.950183503963
SA66 7,SA67 7,4619.125733953386
SA66 7,SA67 8,5512.130622073837
SA67 7,SA67 8,26427.365309023877
SA67 8,SA68 0,30940.746726396286
SA67 8,SA69 9,1445.0864463752475
SA68 0,SA69 9,5075.03196476902
SA68 0,SA70 8,15969.208264381585
SA69 9,SA70 8,8133.755140545018
SA7 0,SA7 9,8845.423990030307
SA70 7,SA70 8,17446.91278341562
SA70 8,SA71 5,5762.074410139378
SA70 8,SA72 4,2318.0285282458267
SA71 4,SA71 5,9842.663105739244
SA71 4,SA72 4,2561.928871597402
SA71 4,SA72 6,1869.3368539737935
SA71 5,SA72 4,1601.2133767949122
SA71 5,SA72 6,103.11717500929528
SA72 4,SA72 6,937.3803788263995
SA73 1,SA73 2,3289.8624898502294
SA73 2,SA73 3,4164.936023408049
SA8 3,SA8 4,8374.957494028016
SA8 3,SA9 1,944.2144213085812
SA8 3,SA9 2,3595.466905090833
SA8 4,SA9 2,8572.552900156368
SA9 1,SA9 2,13505.036977558886
SE1 0,SE1 1,1222.7377978722247
SE1 0,SE1 6,742.4326282578027
SE1 0,SE1 8,1807.8281511553573
SE1 0,SE1 9,1901.593377048173
SE1 0,SE11 4,56.43536349347212
SE1 1,SE1 3,620.5974022891353
SE1 1,SE1 4,823.1323276418666
SE1 1,SE1 6,644.057606437228
SE1 1,SE1 9,604.0660824640245
SE1 2,SE1 3,1312.651341895741
SE1 2,SE1 9,93.31031124792669
SE1 2,SE16 3,348.0103529911195
SE1 2,SE16 4,1018.8443607856188
SE1 3,SE1 4,1564.0806669106582
SE1 3,SE1 5,381.2503342705318
SE1 3,SE1 9,124.18375193257997
SE1 3,SE16 3,937.815727506565
SE1 4,SE1 5,724.1653073710409
SE1 4,SE1 6,639.5674159442626
SE1 4,SE17 1,773.9984996564706
SE1 5,SE15 6,896.4169020442135
SE1 5,SE16 3,2388.757452403945
SE1 5,SE17 1,306.0276686006451
SE1 5,SE17 2,675.9579759181702
SE1 5,SE5 0,270.14613409309595
SE1 6,SE1 7,180.48386003072812
SE1 6,SE1 8,65.43472549107742
SE1 6,SE11 4,1253.160284327869
SE1 6,SE17 1,1548.6914001944926
SE1 6,SE17 3,352.4474769077396
SE1 7,SE1 8,1636.5667131154316
SE1 7,SE11 4,383.5057682915076
SE1 7,SE11 5,278.06585809704427
SE1 7,SE11 6,1257.551369534828
SE1 8,SE1 9,1004.9679873055024
SE10 0,SE10 9,2067.3097993995584
SE10 0,SE3 7,802.1571090654082
SE10 0,SE7 7,1855.5070001430097
SE10 8,SE10 9,2238.336123210345
SE10 8,SE13 7,2517.7430124839693
SE10 8,SE3 0,1008.0283469314664
SE10 8,SE3 7,1129.233375016731
SE10 8,SE8 4,240.96183901161453
SE10 9,SE3 7,538.0669118046121
SE10 9,SE8 3,496.7413396200349
SE11 4,SE11 5,1462.9918803635126
SE11 4,SE11 6,1278.5610798950638
SE11 4,SE17 1,173.71924323243246
SE11 4,SE17 3,1734.4017335272777
SE11 4,SE5 0,301.9814386431183
SE11 4,SW9 0,161.7719056913791
SE11 4,SW9 6,195.4713685487681
SE11 5,SE11 6,749.8269698104441
SE11 5,SE17 3,183.7772997449239
SE11 5,SW8 1,1307.3015285300314
SE11 5,SW8 2,153.49228734243664
SE11 5,SW9 0,348.87705496583044
SE12 0,SE12 8,520.4975416097548
SE12 0,SE12 9,3834.5937538669846
SE12 0,SE13 5,658.1225647699335
SE12 0,SE13 6,846.4466777584491
SE12 0,SE6 1,1339.8557642316032
SE12 0,SE9 4,111.33812443060008
SE12 8,SE12 9,1376.9524918451164
SE12 8,SE13 5,1326.5288417511415
SE12 8,SE3 9,2942.1836629801282
SE12 8,SE9 5,368.32906927969634
SE12 8,SE9 6,98.3719940354796
SE12 9,SE9 4,3819.467959207117
SE12 9,SE9 5,1158.6924335747062
SE13 5,SE13 6,2199.871036827647
SE13 5,SE13 7,2006.457542818387
SE13 5,SE3 0,626.4796934768247
SE13 5,SE3 9,1364.509073202429
SE13 6,SE13 7,2437.208285840912
SE13 6,SE6 1,1470.4286637015666
SE13 6,SE6 2,752.0388889185324
SE13 7,SE3 0,1084.7090774844744
SE13 7,SE4 1,2860.266036994136
SE13 7,SE6 2,84.20119053864059
SE13 7,SE6 4,806.408193706793
SE13 7,SE8 4,2197.634156551241
SE14 5,SE14 6,2134.3590638384712
SE14 5,SE15 1,1160.487011962908
SE14 5,SE15 2,2160.8011664647756
SE14 5,SE15 3,54.54298039727049
SE14 5,SE16 2,683.7439617212983
SE14 5,SE16 3,525.6648562770151
SE14 5,SE4 2,1425.5630192997696
SE14 5,SE8 5,150.7705195762842
SE14 6,SE4 1,1325.7562051628684
SE14 6,SE4 2,200.9063966537926
SE14 6,SE8 4,2017.0285875169775
SE14 6,SE8 5,1056.6908034754495
SE15 1,SE15 2,2125.0127526444758
SE15 1,SE15 5,501.71352672652097
SE15 1,SE15 6,1252.019536988379
SE15 1,SE16 3,439.99920412125846
SE15 2,SE15 3,1322.1791354252023
SE15 2,SE15 5,1311.8212246397306
SE15 2,SE16 3,501.30193006221486
SE15 3,SE15 4,1119.725468456819
SE15 3,SE15 5,20.724807644824608
SE15 3,SE22 0,1719.043299487455
SE15 3,SE23 3,768.9009245422722
SE15 3,SE4 2,1091.2409281078096
SE15 4,SE15 5,942.0582669856082
SE15 4,SE22 0,137.80058702675885
SE15 4,SE22 8,601.6779863669831
SE15 4,SE22 9,836.4914305673371
SE15 4,SE5 8,665.9810898843191
SE15 5,SE15 6,1726.4504302322127
SE15 5,SE5 7,317.4667945314013
SE15 5,SE5 8,1001.1901154957006
SE15 6,SE16 3,169.97454973061772
SE15 6,SE17 2,356.13325139374285
SE15 6,SE5 0,946.1883459512859
SE15 6,SE5 7,1134.228385526905
SE16 2,SE16 3,1049.7125140474038
SE16 2,SE16 4,1794.4959510024055
SE16 2,SE16 7,2355.4522727672434
SE16 2,SE8 5,1714.1932909849083
SE16 3,SE16 4,580.6537183999528
SE16 4,SE16 5,133.8355256332473
SE16 4,SE16 7,441.4926491553477
SE16 5,SE16 6,3214.7840831020058
SE16 5,SE16 7,568.3170839551775
SE16 6,SE16 7,2443.071587623178
SE16 7,SE8 3,500.8176562671413
SE16 7,SE8 5,887.996389394636
SE17 1,SE17 2,1673.5462784007661
SE17 1,SE17 3,766.8247557342314
SE17 2,SE17 3,564.7483088819026
SE17 2,SE5 0,2072.858737753437
SE17 2,SE5 7,723.0472869849846
SE17 3,SE5 0,1268.1003167969789
SE18 1,SE18 2,1103.4056745162645
SE18 1,SE18 7,1693.2215616123326
SE18 1,SE2 0,2728.61879377026
SE18 1,SE2 9,801.1700300001302
SE18 1,SE28 0,1177.26108847717
SE18 1,SE28 8,220.7071246363433
SE18 2,SE18 3,3160.056158758611
SE18 2,SE18 7,261.2691541708426
SE18 2,SE2 0,1788.4990149824775
SE18 2,SE9 1,671.2575472240148
SE18 3,SE18 4,2901.3649512685615
SE18 3,SE18 6,262.3550649984864
SE18 3,SE18 7,596.9441460891064
SE18 3,SE3 8,132.44176894198495
SE18 3,SE9 1,1994.052788900974
SE18 3,SE9 6,15.671698576147419
SE18 4,SE18 5,853.3228683386434
SE18 4,SE18 6,1277.6040071122145
SE18 4,SE3 8,2803.413745186745
SE18 4,SE7 7,184.60874466953663
SE18 4,SE7 8,2082.5719445269206
SE18 5,SE18 6,1096.1046404849303
SE18 5,SE7 7,126.586447409217
SE18 5,SE7 8,1476.1117146567542
SE18 6,SE18 7,1754.2295466179996
SE18 6,SE28 0,1077.934260544672
SE18 7,SE28 0,1332.1322238570544
SE19 1,SE19 2,389.8097038718838
SE19 1,SE19 3,1725.2147027172737
SE19 1,SE21 7,69.4845104253967
SE19 1,SE21 8,1304.5405220388386
SE19 1,SE26 6,1003.4031124561815
SE19 1,SE27 9,1132.1204014665914
SE19 2,SE19 3,1856.4255241157218
SE19 2,SE20 8,1869.1913130330677
SE19 2,SE25 4,742.4787253825626
SE19 2,SE25 6,1135.0005911816363
SE19 2,SE26 6,1479.8889796332653
SE19 3,SE25 6,644.5991029117365
SE19 3,SE27 0,311.6409470296363
SE19 3,SE27 9,314.0113878855055
SE19 3,SW16 3,1373.3333132614628
SE2 0,SE2 9,1994.1614818921387
SE2 9,SE28 8,2221.472792798849
SE20 7,SE20 8,3492.7146107161066
SE20 7,SE25 4,1180.8110021604334
SE20 7,SE26 5,1640.1413098697324
SE20 7,SE26 6,196.96245685646568
SE20 8,SE25 4,606.3873130186228
SE20 8,SE26 6,825.0705850520029
SE21 7,SE21 8,3706.7181689787235
SE21 7,SE22 0,446.0979454543833
SE21 7,SE22 8,2584.9236133726345
SE21 7,SE23 3,726.0612663294132
SE21 7,SE24 9,1397.3257764939183
SE21 7,SE26 6,1477.8430348251077
SE21 8,SE24 9,1968.3869312319043
SE21 8,SE27 9,3388.6854621905145
SE22 0,SE22 8,1220.446609067802
SE22 0,SE22 9,2217.5090197914515
SE22 0,SE23 3,1858.4494988782876
SE22 8,SE22 9,1931.6844236573047
SE22 8,SE23 3,1124.671210684196
SE22 8,SE24 9,632.4949892899215
SE22 8,SE5 8,1277.1921547230922
SE23 1,SE23 2,1320.874343226607
SE23 1,SE23 3,1492.1602859834643
SE23 1,SE4 1,1004.750523962617
SE23 1,SE4 2,322.39631100203053
SE23 1,SE6 4,1394.6231204568005
SE23 2,SE23 3,765.5477265557589
SE23 2,SE26 4,3310.7964118850573
SE23 2,SE6 4,2622.297635851408
SE23 3,SE26 4,1420.9973583880187
SE23 3,SE26 6,385.52256461736965
SE23 3,SE4 2,526.4332879278209
SE24 0,SE24 9,2373.108210872082
SE24 0,SE5 8,533.1645440332
SE24 0,SE5 9,986.6903828076167
SE24 0,SW2 1,1145.1654042673733
SE24 0,SW2 2,1331.1439468743738
SE24 0,SW9 7,403.0344251776777
SE24 0,SW9 8,1867.6652958378486
SE24 9,SE27 9,88.6412068735585
SE24 9,SE5 8,667.502193440029
SE24 9,SW2 2,795.7825886881968
SE24 9,SW2 3,1052.5880198881457
SE25 4,SE25 5,2104.386941314535
SE25 4,SE25 6,1558.6526647972516
SE25 5,SE25 6,2593.155381499283
SE26 4,SE26 5,2007.3000535689955
SE26 4,SE26 6,2579.216521315208
SE26 4,SE6 4,389.0108253521064
SE26 5,SE26 6,910.8761988624697
SE26 5,SE6 3,614.2540701473521
SE26 5,SE6 4,170.32909322837364
SE27 0,SE27 9,2355.66658290351
SE27 0,SW16 2,2413.8565947236725
SE27 0,SW16 3,863.259960963967
SE27 9,SW16 2,192.9529990561585
SE27 9,SW2 3,203.66181028926002
SE28 0,SE28 8,4722.783252332165
SE3 0,SE3 7,1449.0732385645729
SE3 0,SE3 8,1016.3566364142436
SE3 0,SE3 9,3707.993802114506
SE3 7,SE3 8,532.6846498044326
SE3 7,SE7 7,649.6435423517167
SE3 8,SE3 9,694.6516308248127
SE3 8,SE7 7,1650.5410760703146
SE3 8,SE9 6,1353.7467359220302
SE3 9,SE9 6,1557.3731602053228
SE4 1,SE4 2,3818.256569766146
SE4 1,SE6 4,1224.0936980032207
SE4 1,SE8 4,907.7578824516977
SE5 0,SE5 7,1662.4830042063368
SE5 0,SE5 8,38.07899581131395
SE5 0,SE5 9,618.7788799136739
SE5 0,SW9 6,695.3544961684004
SE5 7,SE5 8,2273.042897300624
SE5 8,SE5 9,1660.7561481096695
SE5 9,SW9 6,1313.156210017808
SE5 9,SW9 7,976.5657033771561
SE6 1,SE6 2,2877.2540679642107
SE6 2,SE6 3,3435.1481366048924
SE6 2,SE6 4,1064.2464041316907
SE6 3,SE6 4,2380.909357488188
SE7 7,SE7 8,4850.356580744559
SE8 3,SE8 4,818.756250117165
SE8 3,SE8 5,2192.4599464173507
SE8 4,SE8 5,235.8417480950866
SE9 1,SE9 2,2238.7132880500626
SE9 1,SE9 5,1366.6339045117954
SE9 1,SE9 6,3131.9015951011957
SE9 2,SE9 3,2116.6421601484535
SE9 2,SE9 5,1664.6630360325678
SE9 3,SE9 4,2033.7361236845043
SE9 3,SE9 5,431.29928868087853
SE9 4,SE9 5,1642.2015364225408
SE9 5,SE9 6,1474.91115975899
SG1 1,SG1 2,1829.7457395492374
SG1 1,SG1 3,1082.6255100606343
SG1 1,SG1 5,804.9431482113773
SG1 1,SG2 0,759.1700690190333
SG1 1,SG2 8,2072.019088603575
SG1 1,SG2 9,1395.353986753261
SG1 1,SG3 6,3025.5677436580067
SG1 2,SG1 3,2611.296032689766
SG1 2,SG1 4,1520.389532918264
SG1 2,SG3 6,1271.461673906339
SG1 2,SG4 7,5157.02182938629
SG1 3,SG1 4,1967.0424477194103
SG1 3,SG1 5,1884.1119604516584
SG1 3,SG1 6,312.91253001897053
SG1 3,SG4 7,308.51076294084726
SG1 4,SG1 5,1895.1864361701698
SG1 4,SG1 6,2715.6976462058096
SG1 4,SG2 7,198.2810509491369
SG1 4,SG4 7,4355.2257713275385
SG1 5,SG2 0,1725.3469011910793
SG1 5,SG2 7,1630.3937432150315
SG1 6,SG2 7,774.2824484298417
SG1 6,SG4 7,2865.966145639397
SG10 6,SG11 1,4064.7166570466934
SG10 6,SG11 2,5305.0356297468525
SG10 6,SG12 7,1903.0268319173324
SG10 6,SG12 8,2856.3921812496083
SG11 1,SG11 2,9999.151322543494
SG11 1,SG12 0,20908.297405281275
SG11 1,SG12 7,6919.726768237594
SG11 1,SG2 7,3406.6618654492618
SG11 1,SG9 9,3589.544965773033
SG11 2,SG9 0,12350.369501827601
SG11 2,SG9 9,5251.955984574039
SG12 0,SG12 7,2671.971843519893
SG12 0,SG12 9,2049.925843278174
SG12 0,SG13 7,1228.9820703216978
SG12 0,SG14 3,12332.02941101522
SG12 0,SG2 7,2972.8789258137913
SG12 7,SG12 8,10469.30877004708
SG12 7,SG12 9,3792.021343594217
SG12 8,SG12 9,3598.0510231770636
SG12 8,SG13 7,2208.2922969018528
SG12 9,SG13 7,3429.9322565076977
SG13 7,SG13 8,4942.91057955466
SG13 7,SG14 1,1064.379626140236
SG13 7,SG14 3,573.5514577326709
SG13 8,SG14 1,2910.7560501708863
SG13 8,SG14 2,7156.327206792523
SG14 1,SG14 2,1057.853689082331
SG14 1,SG14 3,2482.1031995062863
SG14 2,SG14 3,8804.232174440438
SG14 3,SG2 7,9128.368241162598
SG14 3,SG3 6,1974.2368165349235
SG15 6,SG16 6,4535.799806771128
SG15 6,SG18 9,1591.6243765474078
SG15 6,SG5 3,4042.839016013023
SG15 6,SG5 4,6180.3606884015935
SG15 6,SG6 4,712.3705176990013
SG16 6,SG17 5,7777.910272113189
SG16 6,SG18 9,3079.1373946626522
SG16 6,SG5 3,10163.144489080389
SG17 5,SG18 9,12226.909690017286
SG17 5,SG5 3,2359.110834714409
SG18 0,SG18 8,5381.33944491296
SG18 0,SG18 9,1429.0694837545975
SG18 0,SG19 1,3786.3757918256106
SG18 0,SG19 2,1181.3424847626125
SG18 8,SG18 9,6386.55470885096
SG18 8,SG19 2,6999.904905776911
SG18 8,SG5 4,2089.526019800194
SG18 8,SG7 5,6916.390247897775
SG18 9,SG19 1,8517.436996669927
SG18 9,SG5 4,1921.745275184855
SG19 1,SG19 2,13907.556100459597
SG19 2,SG19 3,14642.095159826418
SG19 2,SG7 5,664.169142806146
SG19 2,SG8 0,7592.311144586683
SG19 3,SG8 0,9530.171196913312
SG2 0,SG2 7,1647.0570850906565
SG2 0,SG2 8,545.3391891785093
SG2 0,SG2 9,1141.629570449108
SG2 7,SG2 8,3037.1864089546093
SG2 7,SG2 9,3014.335732069695
SG2 7,SG3 6,2162.00263216491
SG2 7,SG4 7,3290.7193244562795
SG2 7,SG7 6,3390.3582757555646
SG2 7,SG9 9,4219.270833208255
SG2 8,SG2 9,2864.233088420691
SG2 8,SG3 6,3583.6129505210197
SG3 6,SG4 7,2634.235259966826
SG3 6,SG4 8,4990.298061064425
SG4 0,SG4 7,1895.1840123657016
SG4 0,SG4 9,2543.7846559926215
SG4 0,SG5 1,2750.9266314582474
SG4 0,SG5 3,1234.49827020479
SG4 0,SG6 3,2843.49144137881
SG4 0,SG6 4,1309.4274860090577
SG4 7,SG4 8,8463.572077711831
SG4 7,SG4 9,3110.925600240983
SG4 7,SG5 2,1970.3010988858584
SG4 7,SG5 3,3657.0033618798684
SG4 7,SG6 2,4277.655061727188
SG4 7,SG6 3,2432.491775756167
SG4 7,SG7 6,8706.912224143165
SG4 8,SG5 3,3650.0063757667845
SG4 9,SG5 1,1285.1261469607357
SG4 9,SG5 2,1874.6702931865543
SG5 1,SG5 2,3035.9972619785362
SG5 1,SG5 3,1733.027419900158
SG5 2,SG5 3,4981.437465019355
SG5 3,SG6 4,684.7480878944539
SG5 4,SG6 1,441.1570694783535
SG5 4,SG6 4,5071.812656175626
SG5 4,SG7 5,4128.530319798394
SG6 1,SG6 2,2205.7730952829297
SG6 1,SG6 3,2036.6292486497905
SG6 1,SG6 4,4267.031611462912
SG6 1,SG7 5,3725.9693551686314
SG6 2,SG6 3,3119.5643330371813
SG6 2,SG7 5,191.55268875367247
SG6 2,SG7 6,2511.848971288152
SG6 3,SG6 4,1473.8319839361263
SG7 5,SG7 6,6617.176211098281
SG7 5,SG8 0,8971.846940426372
SG7 5,SG8 9,83.18569137216765
SG7 5,SG9 0,516.8837673056653
SG7 6,SG9 0,7636.374394971727
SG7 6,SG9 9,860.398950853055
SG8 0,SG8 5,15375.30510264198
SG8 0,SG8 9,5578.91911636441
SG8 5,SG8 6,11031.395320369938
SG8 5,SG8 7,2446.967046762485
SG8 5,SG8 9,3902.0616071695035
SG8 6,SG8 7,7411.259944078763
SG8 6,SG8 8,5182.744784256534
SG8 7,SG8 8,5850.554298522258
SG8 7,SG8 9,5409.850434316579
SG8 8,SG8 9,6039.503884784167
SG8 8,SG9 0,10731.242955873793
SG8 9,SG9 0,10306.974906789557
SG9 0,SG9 9,20295.639125983704
SK1 1,SK1 2,1165.2538317839292
SK1 1,SK1 3,1024.0917870203039
SK1 1,SK1 4,225.49331543336672
SK1 1,SK4 1,447.3920049075857
SK1 1,SK5 7,1077.3021169483923
SK1 2,SK1 4,1743.4855225684566
SK1 2,SK5 7,1049.8945146344408
SK1 2,SK5 8,1139.399402386536
SK1 2,SK6 2,229.27072586014629
SK1 3,SK1 4,2809.7603855428024
SK1 3,SK2 6,1210.8427491228167
SK1 3,SK3 0,165.36784328268766
SK1 3,SK3 8,566.7075414963622
SK1 3,SK3 9,1426.9387834984689
SK1 3,SK4 1,188.11378355367512
SK1 3,SK4 2,541.1666773291967
SK1 4,SK2 5,1588.1335404639494
SK1 4,SK2 6,1538.6606064097
SK1 4,SK6 2,1697.913452269332
SK1 4,SK6 3,769.5845352841927
SK10 1,SK10 2,3919.630679569506
SK10 1,SK10 3,1281.0475300455948
SK10 1,SK10 5,325.6638694418603
SK10 1,SK11 6,1199.5247559809272
SK10 1,SK11 7,3135.5589846684616
SK10 1,SK11 8,812.9980470547287
SK10 2,SK10 3,2898.142363042343
SK10 2,SK10 4,1184.822014804545
SK10 2,SK10 5,6496.91850714678
SK10 3,SK10 4,6185.164152814219
SK10 3,SK11 8,4070.226872110104
SK10 3,SK11 9,2149.5772994864865
SK10 4,SK10 5,15826.826455907596
SK10 4,SK11 9,8817.987239004266
SK10 4,SK12 1,4430.204262840483
SK10 4,SK7 1,4776.3354153920955
SK10 4,SK9 2,3560.394677529286
SK10 4,SK9 7,8227.1458949673
SK10 5,SK11 0,7038.281385090849
SK10 5,SK11 7,2440.05360401007
SK10 5,SK12 1,545.2740810944614
SK10 5,SK12 2,6419.0274197709305
SK10 5,SK17 9,2959.5085089180707
SK10 5,SK23 7,4387.599883730186
SK11 0,SK11 7,7176.66291242993
SK11 0,SK11 9,7938.471295804734
SK11 0,SK17 0,4032.855488405825
SK11 0,SK17 9,7423.603434527827
SK11 0,ST13 8,15315.074612818747
SK11 0,ST8 7,3875.36377129282
SK11 6,SK11 7,1131.5999712131531
SK11 6,SK11 8,2342.884468039424
SK11 7,SK11 8,6052.54400798918
SK11 7,SK11 9,2281.3598590386273
SK11 8,SK11 9,2055.4209931428964
SK11 9,SK9 7,3345.9677967851344
SK11 9,WA16 8,3876.1110692635957
SK11 9,WA16 9,145.0407777406731
SK12 1,SK12 2,2618.7836020529285
SK12 1,SK6 8,452.28984390333756
SK12 1,SK7 1,2114.567252821256
SK12 1,SK7 2,1747.0021005355381
SK12 1,SK7 5,552.6767662960084
SK12 1,SK7 6,3885.136332962003
SK12 2,SK22 3,3759.449360507479
SK12 2,SK23 7,6487.816182004308
SK12 2,SK6 5,351.40362011296963
SK12 2,SK6 7,2350.8965215967983
SK12 2,SK6 8,3825.895510300709
SK13 0,SK13 2,580.2752492636184
SK13 0,SK13 5,789.2394194972434
SK13 0,SK13 6,2172.7714324945987
SK13 0,SK14 6,669.0219258408288
SK13 0,SK14 8,736.4570944077707
SK13 1,SK13 2,2841.8298105613817
SK13 1,SK13 7,17693.510232705714
SK13 1,SK14 8,3542.1993870470333
SK13 1,SK15 3,3871.627890006428
SK13 2,SK13 6,877.0534420501308
SK13 2,SK13 7,2046.3764280897226
SK13 2,SK14 8,172.87791238884583
SK13 5,SK13 6,2917.926141627298
SK13 5,SK13 7,6153.933537263228
SK13 5,SK14 3,312.5082501441172
SK13 5,SK14 6,3872.231197605578
SK13 5,SK22 1,1468.1380395570457
SK13 5,SK6 5,4149.477068997992
SK13 6,SK13 7,700.3484686460326
SK13 6,SK13 8,4403.465549457314
SK13 7,SK13 8,9065.97365653752
SK13 7,SK22 1,1338.4163465511776
SK13 7,SK22 2,3793.304484393844
SK14 1,SK14 2,2488.024846505776
SK14 1,SK14 4,321.5805144839046
SK14 1,SK14 5,3305.36798341952
SK14 2,SK14 3,2279.057718251372
SK14 2,SK14 4,3110.7402829140788
SK14 2,SK14 5,331.3295218594077
SK14 3,SK14 4,1828.6516027431624
SK14 3,SK14 5,5285.959131907422
SK14 3,SK14 6,4846.333196800598
SK14 3,SK15 2,1051.678979111565
SK14 3,SK6 1,414.4262911449958
SK14 3,SK6 4,1018.0990277769952
SK14 3,SK6 5,3645.377659701225
SK14 4,SK15 2,783.4168381467096
SK14 4,SK16 4,1074.4576773163083
SK14 4,SK16 5,2471.3140897438484
SK14 5,SK6 1,1550.6622027771455
SK14 6,SK14 8,4314.602584649214
SK14 6,SK15 2,1412.0700857415145
SK14 8,SK15 2,1011.1066378294627
SK14 8,SK15 3,2713.5139146943166
SK15 1,SK15 2,3605.924221224419
SK15 1,SK15 3,3000.932381070737
SK15 1,SK16 5,2960.533851977575
SK15 2,SK15 3,4874.222831966473
SK15 2,SK16 5,2406.0983726360923
SK16 4,SK16 5,4181.835561955248
SK17 0,SK17 9,28414.138092783225
SK17 0,ST13 7,12576.340595790123
SK17 0,ST13 8,9587.457025534835
SK17 6,SK17 7,5896.657889498716
SK17 6,SK17 8,2293.7068773293763
SK17 6,SK17 9,25075.782747585148
SK17 6,SK23 9,2095.6677014685283
SK17 7,SK17 8,4356.810811368614
SK17 7,SK17 9,1624.1335677767452
SK17 8,SK17 9,13890.28079754397
SK17 8,SK23 0,7800.717405887574
SK17 8,SK23 9,3368.7428338584027
SK17 9,SK23 7,9121.727696542748
SK17 9,SK23 9,4230.549894164307
SK2 5,SK2 6,910.8453617978386
SK2 5,SK2 7,3779.73397248218
SK2 5,SK6 3,2620.365011522679
SK2 5,SK6 6,1404.3129529611701
SK2 5,SK7 4,1157.3900139678763
SK2 5,SK7 6,1377.9344893027019
SK2 6,SK2 7,3252.149190158905
SK2 6,SK3 8,2806.2405163796752
SK2 7,SK3 8,1247.6084228293116
SK2 7,SK7 3,465.86557080881283
SK2 7,SK7 4,1383.1570716170922
SK2 7,SK7 5,1530.0322542538408
SK22 1,SK22 2,7046.4032126318925
SK22 1,SK22 3,1753.0096555257765
SK22 1,SK22 4,5771.878914844066
SK22 1,SK6 5,2927.1063564067567
SK22 2,SK22 4,1877.4922016664727
SK22 2,SK23 6,4941.915327531014
SK22 3,SK22 4,3508.5192508555338
SK22 3,SK23 7,1189.6263622736656
SK22 3,SK6 5,4649.3880736879455
SK22 4,SK23 6,1885.5589920404045
SK22 4,SK23 7,2673.991853560164
SK23 0,SK23 6,5193.843766780246
SK23 0,SK23 9,5570.076199594418
SK23 6,SK23 7,6355.497324798271
SK23 6,SK23 9,468.9983264318788
SK23 7,SK23 9,7601.157572782227
SK3 0,SK3 8,751.8812081687923
SK3 0,SK3 9,3011.5460751789974
SK3 0,SK4 2,1401.315691271393
SK3 0,SK4 3,491.76901629808526
SK3 0,SK8 1,1109.3365229949563
SK3 0,SK8 2,1353.5856328706097
SK3 0,SK8 5,419.2328013785957
SK3 8,SK3 9,2288.518810623039
SK3 8,SK7 3,1835.082415860865
SK3 8,SK8 5,841.8826921068365
SK3 9,SK4 2,497.75001743921985
SK4 1,SK4 2,1881.9651123082933
SK4 1,SK4 5,141.99138215403224
SK4 1,SK5 7,2745.8133661146326
SK4 2,SK4 3,3825.7802445001153
SK4 2,SK4 4,3041.8792679117064
SK4 2,SK4 5,1235.1143793395063
SK4 3,SK4 4,4038.851384077832
SK4 3,SK8 1,470.2843855519457
SK4 4,SK4 5,2268.735612470314
SK4 5,SK5 6,1878.2152156660181
SK4 5,SK5 7,1819.0666143818262
SK5 6,SK5 7,2696.7715042300856
SK5 7,SK5 8,3763.061624062359
SK5 8,SK6 2,3111.5398719652435
SK6 1,SK6 2,3609.4765354822407
SK6 1,SK6 3,700.908672655692
SK6 1,SK6 4,1970.0171160059244
SK6 2,SK6 3,3339.4951452148334
SK6 3,SK6 4,1967.9862003370272
SK6 3,SK6 6,1559.4074524477367
SK6 4,SK6 5,2545.895702258082
SK6 4,SK6 6,3656.8017091033
SK6 5,SK6 6,2964.288251176517
SK6 5,SK6 7,4492.85974800256
SK6 6,SK6 7,5957.681634210485
SK6 6,SK7 6,675.1549145024914
SK6 7,SK6 8,4216.449174095276
SK6 7,SK7 6,1856.7312950170272
SK6 8,SK7 6,1003.6500826896138
SK7 1,SK7 2,5825.595216537166
SK7 1,SK8 7,1954.2770817745284
SK7 1,SK9 2,948.9940779362973
SK7 1,SK9 3,2349.4626343500913
SK7 2,SK7 3,3843.172947917934
SK7 2,SK7 5,460.09631661819157
SK7 2,SK8 7,1034.0436853644678
SK7 3,SK7 5,1844.995968366045
SK7 3,SK8 5,797.7021712845628
SK7 3,SK8 7,2062.3053368646697
SK7 4,SK7 5,3073.8307639322984
SK7 4,SK7 6,5757.536665311813
SK7 5,SK7 6,2166.8986315353277
SK8 1,SK8 2,4423.664347120057
SK8 1,SK8 3,900.4174065640459
SK8 1,SK8 4,1930.6640241517493
SK8 1,SK8 5,1980.4053017778044
SK8 1,SK8 6,789.8813190003777
SK8 2,SK8 4,417.43262929483603
SK8 2,SK8 5,2304.7314961064258
SK8 3,SK8 4,2279.278402920024
SK8 3,SK8 6,3570.1484659162898
SK8 3,SK9 3,2245.520561809359
SK8 3,SK9 4,722.7283868265935
SK8 5,SK8 6,2165.205531425433
SK8 5,SK8 7,964.9189199944194
SK8 6,SK8 7,3980.843213061844
SK8 6,SK9 3,1285.9146115215142
SK8 7,SK9 3,360.61803646305464
SK9 1,SK9 2,3235.595045578291
SK9 1,SK9 4,981.1667443438218
SK9 1,SK9 5,2438.9103933082456
SK9 1,SK9 6,1112.401419880429
SK9 1,SK9 7,794.0012885971754
SK9 2,SK9 3,2394.602953719397
SK9 2,SK9 4,2452.5826116852895
SK9 2,SK9 7,2167.648697711321
SK9 3,SK9 4,2831.995088259698
SK9 4,SK9 5,6555.9623097112035
SK9 5,SK9 6,5119.3884358806845
SK9 5,WA16 7,4230.721136078977
SK9 6,SK9 7,2311.337421674299
SK9 6,WA16 7,1437.873593389008
SK9 7,WA16 6,2266.460895452765
SK9 7,WA16 7,5822.147907412761
SK9 7,WA16 8,5909.175812256487
SL0 0,SL0 9,4424.400822037252
SL0 0,SL3 6,3393.0299666770284
SL0 0,UB8 2,1880.9399187284275
SL0 0,UB9 4,3671.9133224815128
SL0 9,SL3 0,3013.584904011497
SL0 9,SL3 6,3418.727883947156
SL0 9,SL3 8,2129.5345213496635
SL0 9,UB7 7,3427.4697458036894
SL0 9,UB8 2,1357.7862337779225
SL1 1,SL1 2,3481.022301967825
SL1 1,SL1 3,358.11454285213085
SL1 1,SL2 5,1202.6748943015714
SL1 1,SL3 7,1627.068213465016
SL1 2,SL1 3,3965.6966743877824
SL1 2,SL1 4,184.30572817795573
SL1 2,SL1 9,2112.892320252383
SL1 2,SL2 1,296.54491276996083
SL1 2,SL3 7,1753.206743807876
SL1 2,SL4 6,2212.6905316405832
SL1 3,SL1 4,696.6379360252809
SL1 3,SL2 1,3318.934990924058
SL1 3,SL2 4,220.01219128884435
SL1 3,SL2 5,2864.1995245492867
SL1 4,SL1 5,175.84175704413792
SL1 4,SL1 9,487.03660535606997
SL1 4,SL2 1,2237.3298991306233
SL1 5,SL1 6,1759.4249482142893
SL1 5,SL1 9,2054.94856467207
SL1 5,SL2 1,686.1247680933773
SL1 5,SL4 6,3451.871051563779
SL1 5,SL6 0,1618.3389149744517
SL1 6,SL1 7,1153.2249278039378
SL1 6,SL2 1,1663.0589194944266
SL1 6,SL2 2,2666.975802379883
SL1 6,SL6 0,1036.764767649176
SL1 7,SL1 8,6558.323545119366
SL1 7,SL2 2,401.0711711985781
SL1 7,SL2 3,128.70289307154533
SL1 7,SL6 0,3754.3838277842888
SL1 8,SL2 3,13401.31577252239
SL1 8,SL6 0,7091.741890383937
SL1 9,SL4 6,254.56971934977796
SL2 1,SL2 2,3311.027587885187
SL2 1,SL2 3,2038.6378317098495
SL2 1,SL2 4,1343.3954568029728
SL2 2,SL2 3,1761.2490081560777
SL2 3,SL2 4,6224.70203763994
SL2 3,SL3 6,1659.7992501119093
SL2 3,SL9 7,2439.827278494844
SL2 4,SL2 5,2025.8227720691618
SL2 4,SL3 6,8817.65488817131
SL2 5,SL3 6,2024.337277043199
SL2 5,SL3 7,766.0263433775672
SL3 0,SL3 8,1075.1884669812237
SL3 0,SL3 9,2093.635771232526
SL3 0,TW18 4,760.7093399847167
SL3 0,TW19 6,477.052761998448
SL3 0,UB7 0,3605.5132548651427
SL3 0,UB7 7,18.443081035661983
SL3 6,SL3 7,1309.325933408948
SL3 6,SL3 8,1577.9736523762576
SL3 6,SL9 7,4486.871031990629
SL3 6,UB9 4,1494.4694406647873
SL3 7,SL3 8,4182.126404114739
SL3 7,SL3 9,4314.953805672791
SL3 7,SL4 6,832.459852953486
SL3 8,SL3 9,1348.1034002669408
SL3 9,SL4 2,4287.178140192293
SL3 9,SL4 6,779.9037695011941
SL3 9,TW18 4,825.7508756685615
SL3 9,TW19 5,4293.538350321726
SL4 1,SL4 2,2567.7412414449354
SL4 1,SL4 3,1022.7240351718812
SL4 1,SL4 5,1654.7683012859418
SL4 1,SL4 6,1543.1579120229787
SL4 2,SL4 3,2669.1948119707786
SL4 2,SL4 4,17263.92690385274
SL4 2,SL4 6,1151.2774613328465
SL4 2,SL5 0,2101.663175358907
SL4 2,SL5 7,8991.526063566142
SL4 2,SL5 8,99.73475778209439
SL4 2,SL6 2,4242.410968705765
SL4 2,SL6 3,1172.1945276323775
SL4 2,TW19 5,2971.0379004164834
SL4 2,TW20 0,4640.356388038354
SL4 3,SL4 4,2776.7147021142005
SL4 3,SL4 5,1705.0747948732908
SL4 4,SL4 5,4297.529230540948
SL4 4,SL5 8,1603.754187280571
SL4 4,SL6 2,8532.506560070338
SL4 5,SL4 6,3895.2290459904284
SL4 5,SL6 2,480.99156886020955
SL4 6,SL6 0,3770.259874064999
SL4 6,SL6 2,1906.3135103186364
SL5 0,SL5 7,2622.4733636220794
SL5 0,SL5 9,5137.3059922491275
SL5 0,TW20 0,1556.0260738986312
SL5 7,SL5 8,4217.62425444978
SL5 7,SL5 9,3438.0168963605934
SL5 8,SL5 9,3049.221974573111
SL6 0,SL6 1,1708.6486873331348
SL6 0,SL6 2,2084.4346109487005
SL6 0,SL6 8,2366.7273519057326
SL6 0,SL6 9,2064.85603100043
SL6 0,SL8 5,3002.7933639094645
SL6 1,SL6 2,9165.133492873902
SL6 1,SL6 3,717.990183935198
SL6 1,SL6 4,1400.4391333473725
SL6 1,SL6 6,637.6198552073263
SL6 1,SL6 7,506.8323992469377
SL6 1,SL6 8,2628.076360809399
SL6 2,SL6 3,15352.926542494835
SL6 2,SL6 4,2322.9046104197932
SL6 3,SL6 4,3542.440095565229
SL6 3,SL6 6,1402.43126423022
SL6 4,SL6 5,2734.0406316354038
SL6 4,SL6 6,3011.922689749876
SL6 5,SL6 6,13077.480249761456
SL6 5,SL7 2,2785.594207411151
SL6 6,SL6 7,5025.520858132626
SL6 6,SL6 9,4054.697762205574
SL6 6,SL7 1,3849.6477193871524
SL6 6,SL7 2,1287.9419290775832
SL6 7,SL6 8,4722.044081161758
SL6 7,SL6 9,935.0185519245297
SL6 8,SL6 9,2926.3270195850805
SL6 9,SL7 1,5023.914973807298
SL6 9,SL7 3,1908.7819690244137
SL6 9,SL8 5,3901.57922024028
SL7 1,SL7 2,3002.8115726627366
SL7 1,SL7 3,4286.876773657822
SL7 2,SL7 3,7554.050846646047
SL7 3,SL8 5,1922.9135581188377
SL9 0,SL9 8,2772.409793664347
SL9 0,SL9 9,3652.2610052720424
SL9 0,UB9 5,614.8214866871392
SL9 0,WD3 5,1710.1375596990922
SL9 0,WD3 6,975.8593325480495
SL9 0,WD3 9,3004.469994685315
SL9 7,SL9 8,6979.393983103267
SL9 7,SL9 9,1401.4166684575573
SL9 7,UB9 4,1043.4019626839058
SL9 7,UB9 5,517.5636331601065
SL9 8,SL9 9,3820.8662978085135
SL9 8,UB9 5,2648.0572963590203
SM1 1,SM1 2,3103.742518979847
SM1 1,SM1 3,889.5472310649366
SM1 1,SM1 4,1771.0043737938179
SM1 1,SM2 6,389.9369703739258
SM1 2,SM1 3,1522.4671467090725
SM1 2,SM2 6,1820.8134262139831
SM1 2,SM3 8,749.6799530629469
SM1 2,SM3 9,2005.6226404849187
SM1 3,SM1 4,2485.9792879407705
SM1 3,SM3 9,298.01212688323767
SM1 3,SM4 6,930.1171934285411
SM1 3,SM5 1,1694.9763696854336
SM1 3,SM5 2,2503.27440955785
SM1 4,SM2 5,1180.4870112926983
SM1 4,SM2 6,101.29616284234736
SM1 4,SM5 2,367.7404092015706
SM1 4,SM5 3,767.9068357893163
SM2 5,SM2 6,6306.590238808213
SM2 5,SM5 3,473.4795106727955
SM2 5,SM5 4,2268.0059113312823
SM2 5,SM7 1,635.2278216774225
SM2 5,SM7 2,704.4475971378286
SM2 5,SM7 3,2677.2610594148605
SM2 6,SM2 7,1823.09809315747
SM2 6,SM3 8,209.49313865954193
SM2 7,SM3 8,1145.4168476470795
SM2 7,SM7 1,2068.5661204422286
SM3 8,SM3 9,2013.6120874557248
SM3 9,SM4 4,1301.9212532407062
SM3 9,SM4 5,819.5126817428522
SM3 9,SM4 6,538.3672726159466
SM4 4,SM4 5,3481.032349988037
SM4 4,SW20 9,3597.4400993916256
SM4 5,SM4 6,2833.055551332202
SM4 5,SW19 2,278.2687625898652
SM4 5,SW19 3,2283.669059824567
SM4 5,SW20 9,166.29775853072007
SM4 6,SM5 1,2838.9850437418186
SM5 1,SM5 2,2022.0384276650311
SM5 2,SM5 3,2272.9852766622366
SM5 2,SM6 0,149.59512755331738
SM5 2,SM6 7,2199.0500626553876
SM5 3,SM5 4,2518.2895999332727
SM5 3,SM6 0,1939.67817661575
SM5 4,SM6 0,1509.2295694237857
SM5 4,SM6 9,266.9034873949166
SM5 4,SM7 3,2023.0613594533825
SM6 0,SM6 7,182.37142315924984
SM6 0,SM6 8,1722.0249554990382
SM6 0,SM6 9,1750.5102974051551
SM6 7,SM6 8,3343.9168466400533
SM6 8,SM6 9,2455.483095047326
SM7 1,SM7 2,2609.8226702429492
SM7 2,SM7 3,4124.271628007535
SN1 1,SN1 2,974.662037918824
SN1 1,SN1 5,1170.4694018019827
SN1 1,SN2 1,188.35056328345922
SN1 1,SN2 2,323.6565119638971
SN1 2,SN1 3,1680.9359080129902
SN1 2,SN1 5,49.51730283375743
SN1 2,SN2 1,1009.8021602310366
SN1 2,SN2 8,955.8433649661753
SN1 2,SN3 1,1136.2958927193067
SN1 2,SN3 3,1089.841251444193
SN1 2,SN3 4,1442.379994728291
SN1 3,SN1 4,2063.3728740284605
SN1 3,SN1 5,1988.8477051187
SN1 3,SN3 1,1971.0452140823738
SN1 4,SN1 5,429.49602738977063
SN1 4,SN1 7,1911.1770050376215
SN1 4,SN3 1,3339.454239653139
SN1 4,SN4 7,183.00520349857027
SN1 4,SN4 8,8525.36108867464
SN1 4,SN4 9,11907.109921638918
SN1 4,SN5 8,4385.752647825413
SN1 5,SN2 2,1485.457825320867
SN1 5,SN5 8,647.1634919354645
SN1 7,SN4 9,1245.0417271322394
SN10 1,SN10 2,5724.3790154792305
SN10 1,SN10 3,1100.322737387686
SN10 1,SN10 5,14211.65486185106
SN10 1,SN12 6,4576.91195316635
SN10 2,SN10 3,17356.93878363846
SN10 2,SN10 5,989.456894890253
SN10 2,SN11 0,2968.980903891731
SN10 2,SN11 8,4239.6802715356
SN10 2,SN12 6,2218.602813240912
SN10 2,SN12 7,687.1819616134508
SN10 2,SN15 2,9230.179310130994
SN10 2,SN8 1,1560.135321454208
SN10 3,SN10 4,18025.60986249569
SN10 3,SN10 5,7029.999435920854
SN10 3,SN8 1,4439.682511938656
SN10 3,SN8 4,9771.70385996407
SN10 3,SN9 6,9825.700106752152
SN10 4,SN10 5,15657.320140609838
SN10 4,SN9 6,2709.4366252846935
SN10 4,SP3 4,10447.525937587825
SN11 0,SN11 8,13040.320082497621
SN11 0,SN11 9,17439.589446800986
SN11 0,SN15 2,6173.727316601364
SN11 0,SN15 3,1575.5238982552723
SN11 0,SN15 4,824.4012981157105
SN11 8,SN11 9,11682.382543220709
SN11 8,SN15 4,6183.162947096066
SN11 8,SN4 7,4448.658118270496
SN11 8,SN4 9,3640.1387907959747
SN11 8,SN8 1,4952.342126665499
SN11 9,SN15 2,4613.6395025460815
SN11 9,SN15 3,8149.536900649693
SN11 9,SN15 4,10059.074914686787
SN12 6,SN12 7,11139.881376165775
SN12 6,SN12 8,4607.337360316884
SN12 7,SN12 8,4137.53415195363
SN12 7,SN15 2,10054.886803772726
SN12 8,SN13 8,1824.2982569436556
SN12 8,SN13 9,3550.5549958799543
SN12 8,SN15 2,857.9245434233949
SN13 0,SN13 8,5302.03924103387
SN13 0,SN13 9,7913.969405551501
SN13 0,SN14 6,885.2259180355226
SN13 0,SN14 7,4577.60098056908
SN13 8,SN13 9,2664.5441290576346
SN13 8,SN14 7,960.1752777492673
SN13 8,SN14 8,7039.135619978871
SN13 9,SN14 0,1310.28188722598
SN13 9,SN14 6,1967.6334310027958
SN13 9,SN15 2,4823.586840169481
SN14 0,SN14 6,4467.763316432506
SN14 0,SN15 1,2302.3775337503985
SN14 0,SN15 2,3598.5547311031246
SN14 6,SN14 7,17466.925675349205
SN14 6,SN15 1,1307.430900135716
SN14 6,SN15 4,353.6151805817967
SN14 6,SN15 5,12655.326028266387
SN14 6,SN16 0,25585.114185631857
SN14 7,SN14 8,15054.493845879906
SN15 1,SN15 2,587.6197272990826
SN15 1,SN15 3,1424.7109760924702
SN15 1,SN15 4,2810.781515431176
SN15 2,SN15 3,5890.047447810574
SN15 3,SN15 4,11614.977534441037
SN15 4,SN15 5,30756.161058458027
SN15 4,SN4 7,8429.119583028745
SN15 5,SN16 0,9319.637353928092
SN15 5,SN16 9,11147.404668338573
SN15 5,SN4 7,5875.35856673319
SN15 5,SN4 8,2155.059526417099
SN15 5,SN5 0,2057.7116736820517
SN16 0,SN16 9,16087.538937074118
SN16 9,SN5 0,6377.49912394991
SN16 9,SN6 6,5404.978574446894
SN2 1,SN2 2,4492.844106850385
SN2 1,SN2 7,1100.3724063320503
SN2 1,SN2 8,1894.5289763194837
SN2 1,SN25 3,3452.4522241709224
SN2 2,SN25 1,2492.347806329442
SN2 2,SN25 3,2337.698900489265
SN2 2,SN5 5,2403.7150558291496
SN2 2,SN5 7,1459.2554646665835
SN2 2,SN5 8,494.42177726818574
SN2 5,SN2 7,817.7577214169983
SN2 5,SN25 3,2367.2978024030135
SN2 5,SN25 4,1868.3298073782737
SN2 5,SN26 7,12.449000221374607
SN2 7,SN2 8,2604.5833284934383
SN2 7,SN25 3,560.66182090186
SN2 7,SN26 7,2796.757649613167
SN2 7,SN3 4,3164.225697941208
SN2 7,SN6 7,839.9059841467044
SN2 8,SN3 4,413.9750670687771
SN25 1,SN25 2,3186.3861461111683
SN25 1,SN25 3,2869.518593531689
SN25 1,SN25 4,1161.473822453609
SN25 1,SN5 4,1263.1917070402844
SN25 1,SN5 5,697.7504712022192
SN25 2,SN25 4,1882.8529467512938
SN25 2,SN26 8,2430.670666721509
SN25 2,SN5 4,4010.618392950365
SN25 2,SN6 6,2708.288331691269
SN25 3,SN25 4,698.9113444207893
SN25 4,SN26 7,1517.3488987165374
SN25 4,SN26 8,325.03047543799426
SN26 7,SN26 8,6256.213764849483
SN26 7,SN6 6,731.8216516103885
SN26 7,SN6 7,4599.3761923928905
SN26 8,SN6 6,2754.861100541292
SN3 1,SN3 2,1942.9175030906142
SN3 1,SN3 3,741.959923287387
SN3 1,SN3 6,127.38117495562781
SN3 1,SN4 0,3653.2078843710506
SN3 1,SN4 9,120.10246620701646
SN3 2,SN3 3,3061.1305387641814
SN3 2,SN3 6,1103.5768909872693
SN3 3,SN3 4,1712.759683091483
SN3 3,SN3 5,2762.2727922644576
SN3 3,SN3 6,2236.7675491903665
SN3 3,SN4 0,812.2464806958907
SN3 4,SN3 5,1409.248196662689
SN3 4,SN4 0,3491.943768636478
SN3 4,SN6 7,8752.559580885843
SN3 4,SN6 8,107.0116150344593
SN3 5,SN4 0,1477.8475925706282
SN3 6,SN4 0,5629.08467162289
SN4 0,SN4 9,11041.653147902569
SN4 0,SN6 8,14409.45999460132
SN4 0,SN8 1,4183.514836918653
SN4 0,SN8 2,10586.86369877099
SN4 7,SN4 8,15590.66397027836
SN4 7,SN4 9,8730.427506105098
SN4 8,SN5 0,5122.852184661137
SN4 8,SN5 3,3472.6494612124184
SN4 8,SN5 6,3943.7420627632937
SN4 8,SN5 8,1896.2339136077428
SN4 9,SN8 1,11500.859391911656
SN4 9,SN8 4,810.5366900681938
SN5 0,SN5 3,2360.515317015006
SN5 0,SN5 4,10440.855725290414
SN5 0,SN6 6,4733.322128321299
SN5 3,SN5 4,1026.9415941930733
SN5 3,SN5 5,2078.7636025647857
SN5 3,SN5 6,1650.1138605397166
SN5 3,SN5 7,478.3019216564585
SN5 4,SN5 5,1793.3917851473948
SN5 4,SN6 6,2613.5269358549804
SN5 5,SN5 6,267.06778029392603
SN5 5,SN5 7,2305.246640475835
SN5 6,SN5 7,638.1219579827823
SN5 6,SN5 8,2186.644175725821
SN5 7,SN5 8,2409.782612470655
SN6 6,SN6 7,3581.4562693278467
SN6 7,SN6 8,10746.64336387265
SN6 7,SN7 7,4827.42742461577
SN6 7,SN7 8,10399.815405035124
SN6 8,SN7 7,12695.627212626998
SN6 8,SN8 2,1653.899264569887
SN7 7,SN7 8,19454.843745711074
SN8 1,SN8 2,13123.401948571998
SN8 1,SN8 4,31298.196974505467
SN8 2,SN8 3,10543.016781255972
SN8 2,SN8 4,5052.353182260656
SN8 3,SN8 4,6964.381341192699
SN8 3,SN9 5,10796.553304128944
SN8 3,SN9 6,4977.610303688881
SN8 3,SP11 0,4399.223993811649
SN8 3,SP11 9,22355.373904945634
SN8 3,SP4 9,3486.0840811625644
SN8 3,SP9 7,3074.637613253461
SN8 4,SN9 5,29778.12774243958
SN8 4,SN9 6,584.2635092038374
SN9 5,SN9 6,12822.662327437496
SN9 6,SP3 4,4284.19436264826
SN9 6,SP4 9,11634.665695561327
SO14 0,SO14 1,1408.763898814808
SO14 0,SO14 5,1013.6324066738371
SO14 0,SO14 6,1601.156713878499
SO14 0,SO14 7,408.90268106490316
SO14 0,SO15 2,563.9606427661248
SO14 0,SO17 2,109.8250919476752
SO14 1,SO14 2,304.39026350816226
SO14 1,SO14 3,774.9460766544577
SO14 1,SO14 5,781.7368669931249
SO14 1,SO14 7,875.7591958366858
SO14 2,SO14 3,1697.2515730607593
SO14 2,SO14 7,769.3662609772051
SO14 2,SO15 1,1049.626026733011
SO14 3,SO14 5,2088.1790958713195
SO14 3,SO19 7,123.7761964378414
SO14 3,SO19 9,444.517610676871
SO14 6,SO15 2,353.2273935097609
SO14 6,SO15 5,2.64417416122538
SO14 6,SO17 1,1783.724232041755
SO14 6,SO17 2,2018.5165996510123
SO14 7,SO15 1,751.7344523176353
SO14 7,SO15 2,693.1078354944245
SO15 0,SO16 9,2274.829136613413
SO15 1,SO15 2,593.7872243182253
SO15 1,SO15 3,1457.222066185139
SO15 1,SO15 5,582.7778317924193
SO15 1,SO15 8,982.4153422292458
SO15 2,SO15 5,2492.647904440993
SO15 2,SO17 1,874.7597910325468
SO15 3,SO15 4,81.09089857636812
SO15 3,SO15 5,2934.3631290095063
SO15 3,SO15 8,1716.1813384716775
SO15 3,SO16 4,279.94977593736
SO15 4,SO15 8,4453.1918033818865
SO15 4,SO16 4,2856.8857745397368
SO15 4,SO16 9,547.1569061970221
SO15 5,SO15 7,2886.607895368789
SO15 5,SO16 4,666.8549296282192
SO15 5,SO16 6,1407.8858949556086
SO15 5,SO17 1,901.0625967022836
SO15 7,SO16 6,1356.1335979453145
SO15 7,SO16 7,949.99699024641
SO15 7,SO17 1,691.6325034778363
SO15 8,SO16 9,398.075943209237
SO16 0,SO16 8,2664.652056463772
SO16 0,SO16 9,2394.9914053609696
SO16 0,SO40 2,1848.7236322540325
SO16 0,SO40 3,2146.683235578222
SO16 0,SO51 6,3986.68287299396
SO16 2,SO16 3,3203.9387899184558
SO16 2,SO16 7,253.82400507150192
SO16 2,SO17 3,466.24895375833944
SO16 2,SO18 2,1859.3165927971593
SO16 2,SO50 9,468.4061924628238
SO16 3,SO16 7,6210.902639760759
SO16 3,SO17 1,191.64526270391315
SO16 3,SO17 3,1426.2411367813743
SO16 3,SO18 2,144.94299664361952
SO16 3,SO50 9,182.71415516548166
SO16 4,SO16 6,1233.7073604560685
SO16 4,SO16 9,2510.80002303487
SO16 5,SO16 6,2919.1003889182734
SO16 5,SO16 7,8.686590035960613
SO16 5,SO16 8,2989.1589478022624
SO16 5,SO16 9,857.7386899557866
SO16 6,SO16 7,2276.845409716647
SO16 6,SO16 9,55.80114117936433
SO16 7,SO16 8,4126.00695455901
SO16 7,SO17 1,563.3848003161208
SO16 7,SO50 9,3310.8233122828983
SO16 7,SO52 9,2848.7851368485963
SO16 7,SO53 3,1252.5749199512757
SO16 7,SO53 4,991.0397559608796
SO16 8,SO16 9,838.8376494771603
SO16 8,SO51 5,1025.7772358236098
SO16 8,SO51 6,2338.674347060474
SO16 8,SO52 9,1156.31551099948
SO16 9,SO40 3,5.374152578126826
SO17 1,SO17 2,1071.3859895922938
SO17 1,SO17 3,2141.9568865798233
SO17 2,SO17 3,611.079483812042
SO17 3,SO18 2,466.86886132758235
SO18 1,SO18 2,2622.7221134354313
SO18 1,SO18 4,1965.689071665936
SO18 1,SO18 5,30.41653733384059
SO18 1,SO18 6,553.8977488431324
SO18 1,SO19 4,1287.7376244097225
SO18 1,SO19 7,1088.3186072168849
SO18 2,SO18 3,1211.1165080575672
SO18 2,SO18 4,884.9866424627626
SO18 2,SO18 5,808.0342956597108
SO18 2,SO30 3,1020.8133175748048
SO18 2,SO50 9,1420.4400298644703
SO18 3,SO18 5,1198.4461394189238
SO18 3,SO30 3,1871.1088840736247
SO18 4,SO18 5,84.49892729422876
SO18 4,SO18 6,1128.8980239714651
SO18 4,SO19 4,542.8701443008346
SO18 5,SO18 6,2025.2821384370695
SO18 5,SO19 5,1944.0483699645667
SO18 5,SO19 6,2026.885882179822
SO18 5,SO19 7,188.15151742571476
SO18 5,SO30 3,972.7631304640022
SO19 0,SO19 1,2136.8874720934145
SO19 0,SO19 6,1659.0867651122883
SO19 0,SO19 9,549.6817875330589
SO19 0,SO31 8,1641.952870136179
SO19 1,SO19 6,335.1372941559718
SO19 1,SO19 8,2198.1378764038095
SO19 1,SO19 9,704.4523893989472
SO19 2,SO19 7,3690.511616879037
SO19 2,SO19 8,3598.552149775784
SO19 2,SO19 9,1700.548860152541
SO19 4,SO19 7,1066.2127475756793
SO19 5,SO19 6,991.9189436396489
SO19 5,SO19 7,353.8968335651931
SO19 5,SO19 8,441.7496576090291
SO19 6,SO19 8,401.4075218393619
SO19 6,SO30 3,631.0533151526637
SO19 6,SO30 4,1209.4628615089023
SO19 6,SO31 8,1103.652559629098
SO19 7,SO19 8,839.9508563910616
SO19 7,SO19 9,313.16483278819464
SO19 8,SO19 9,1022.9949682376948
SO19 9,SO31 5,1526.5061710675222
SO19 9,SO31 8,451.259246696653
SO20 6,SO20 8,10776.738053194904
SO20 6,SO21 2,16926.258265806042
SO20 6,SO21 3,5771.929908415512
SO20 6,SO51 0,13010.728284905917
SO20 6,SP11 7,10385.575350611343
SO20 8,SO51 0,684.3118496822414
SO20 8,SP11 7,12537.735716722824
SO20 8,SP11 8,1087.1070977645068
SO20 8,SP4 0,825.3949713194463
SO20 8,SP5 1,14756.309602633002
SO21 1,SO21 2,8170.918284802198
SO21 1,SO21 3,3498.083163458012
SO21 1,SO23 0,5941.516108042863
SO21 1,SO23 7,3452.1846636699715
SO21 1,SO23 8,585.2083264494339
SO21 1,SO23 9,1722.6973421234095
SO21 1,SO24 0,15899.686091848258
SO21 1,SO24 9,1704.4880741949437
SO21 1,SO32 1,5335.68390658288
SO21 1,SO50 6,4390.017002388952
SO21 1,SO50 7,11710.374555034457
SO21 2,SO21 3,6885.37798123661
SO21 2,SO22 4,5120.126646022689
SO21 2,SO22 5,4139.357392314275
SO21 2,SO22 6,11187.07817249728
SO21 2,SO23 7,6689.406961995314
SO21 2,SO23 9,1500.9087816164706
SO21 2,SO50 4,2985.368721822851
SO21 2,SO50 6,4053.6852429922287
SO21 2,SO51 0,3967.2784444640565
SO21 2,SO51 9,5221.007676374195
SO21 2,SO53 5,2695.0839758806715
SO21 3,SO22 6,976.214749783373
SO21 3,SO24 9,13055.64061263537
SO21 3,SP11 6,6334.724762329381
SO21 3,SP11 7,2448.8839910406546
SO22 4,SO22 5,3734.8937159405473
SO22 4,SO23 8,491.6002325590416
SO22 4,SO23 9,1602.7986581183352
SO22 5,SO22 6,3594.8023378187563
SO22 5,SO23 8,439.86715696233347
SO22 6,SO23 7,5971.981400799574
SO22 6,SO23 8,528.7600967895536
SO23 0,SO23 7,1019.3344635120322
SO23 0,SO23 8,1555.8590305885482
SO23 0,SO23 9,1707.0736354182832
SO23 7,SO23 8,1579.6200817416352
SO23 8,SO23 9,1930.1811713260286
SO24 0,SO24 9,26995.477534345613
SO24 0,SO32 1,2155.363805164959
SO24 0,SO32 3,8655.62528413104
SO30 0,SO30 2,1714.242471498359
SO30 0,SO30 4,3314.183743661554
SO30 0,SO31 1,1021.4527534555295
SO30 2,SO30 3,1579.875606021435
SO30 2,SO30 4,4438.340986682973
SO30 2,SO31 1,1562.064189579919
SO30 2,SO31 8,509.39347882038606
SO30 2,SO32 2,9624.677589323783
SO30 3,SO30 4,1644.0943153013977
SO30 3,SO32 2,818.3679187435226
SO30 3,SO50 5,494.3068256831671
SO30 3,SO50 6,678.1639977016064
SO30 3,SO50 7,2624.8123409877307
SO30 3,SO50 8,701.3823008870575
SO30 3,SO50 9,3061.445456425098
SO30 4,SO31 1,620.7715491344072
SO30 4,SO31 8,1059.258015967436
SO31 1,SO31 6,935.9287739130336
SO31 1,SO31 7,3705.6918918892684
SO31 1,SO31 8,1448.2584309233928
SO31 4,SO31 5,1871.8062355393145
SO31 4,SO31 8,1175.0369947439096
SO31 5,SO31 8,3252.8161984768535
SO31 6,SO31 7,3654.4963271520423
SO31 6,SO31 9,3174.884700277582
SO31 7,SO31 9,1571.2377417585199
SO32 1,SO32 2,11660.77362810557
SO32 1,SO32 3,6723.181651910932
SO32 1,SO50 7,1717.8147001120903
SO32 2,SO32 3,6186.395974424689
SO32 2,SO50 7,3524.906236830772
SO40 2,SO40 3,3303.5789368632495
SO40 2,SO40 4,3194.298881223834
SO40 2,SO40 7,6182.175713500086
SO40 2,SO40 8,1986.94187928775
SO40 2,SO43 7,7243.478803249703
SO40 2,SO51 6,11790.865477379479
SO40 3,SO40 8,2723.8476354906265
SO40 3,SO40 9,1344.2119076813447
SO40 4,SO40 7,6573.9499075001095
SO40 4,SO40 9,3487.9396728907086
SO40 4,SO42 7,19105.77224736836
SO40 4,SO43 7,10550.565192621738
SO40 4,SO45 1,7028.602706209728
SO40 4,SO45 2,3331.9328583326537
SO40 4,SO45 3,1031.8588479126583
SO40 4,SO45 4,1426.7554748912107
SO40 4,SO45 5,6562.882563244137
SO40 7,SO40 8,3248.532205058763
SO40 7,SO40 9,1931.135401669098
SO40 8,SO40 9,920.4897897305884
SO41 0,SO41 6,7419.436750081255
SO41 0,SO41 8,4365.673110938753
SO41 3,SO41 8,4494.218202940329
SO41 3,SO41 9,2146.1757259317305
SO41 5,SO41 8,4540.529006549046
SO41 5,SO41 9,1339.5497720738579
SO41 5,SO42 7,9824.083362669278
SO41 6,SO41 8,6836.71122956564
SO41 6,SO42 7,5162.390232920329
SO41 8,SO41 9,6879.420921028568
SO41 8,SO42 7,2723.5708715263586
SO42 7,SO43 7,6808.66713836601
SO42 7,SO45 1,2428.384045677406
SO43 7,SO51 6,2624.2181147467622
SO43 7,SP5 2,5226.26997651232
SO43 7,SP6 2,5846.217896650929
SO45 1,SO45 2,4990.165050019856
SO45 1,SO45 3,1822.9980812186348
SO45 2,SO45 3,880.9639935839177
SO45 3,SO45 4,3003.1452174904744
SO45 3,SO45 5,677.705475054591
SO45 3,SO45 6,593.341444234174
SO45 4,SO45 5,2758.1144008935185
SO45 5,SO45 6,4145.079262451689
SO50 4,SO50 6,2020.5641378082162
SO50 4,SO50 9,2018.4682397527333
SO50 4,SO53 2,2001.359946491491
SO50 4,SO53 5,770.674841857706
SO50 5,SO50 6,3130.548944783811
SO50 5,SO50 9,9736.291044120342
SO50 6,SO50 7,1594.8722896184083
SO50 6,SO50 8,4669.505890771764
SO50 6,SO50 9,170.88221913760938
SO50 7,SO50 8,5404.581126278142
SO50 9,SO53 3,2979.395699348306
SO51 0,SO51 6,9998.23983034977
SO51 0,SO51 7,8713.243521106378
SO51 0,SO51 9,4022.077614598455
SO51 0,SP5 1,11910.224868146031
SO51 0,SP5 2,269.583329516037
SO51 5,SO51 6,7445.064282143926
SO51 5,SO51 7,1338.9678880682188
SO51 5,SO51 8,3105.35181475473
SO51 5,SO51 9,2513.41731866218
SO51 5,SO52 9,668.685473336858
SO51 6,SO51 7,4510.24762902498
SO51 6,SO51 8,1615.1239843719454
SO51 6,SP5 2,13093.645370976126
SO51 7,SO51 8,3696.134610513788
SO51 7,SO51 9,2461.418730119481
SO51 8,SO51 9,143.3336939891494
SO51 9,SO52 9,6652.480065829315
SO51 9,SO53 5,2018.3415321736913
SO52 9,SO53 1,354.7884100923676
SO52 9,SO53 4,3027.550234571222
SO52 9,SO53 5,283.4236611460611
SO53 1,SO53 2,3258.3336793413787
SO53 1,SO53 4,1768.9092547482333
SO53 1,SO53 5,3847.3201571334603
SO53 2,SO53 3,1438.9999795296185
SO53 2,SO53 4,349.6864394039808
SO53 2,SO53 5,638.0592745056414
SO53 3,SO53 4,2378.3709425982506
SP1 1,SP1 2,4198.876735757357
SP1 1,SP1 3,4169.945013051083
SP1 1,SP2 7,167.62100860626975
SP1 1,SP4 6,2543.5942949989862
SP1 1,SP5 1,736.2465620907949
SP1 1,SP5 3,4182.699636714714
SP1 2,SP2 7,839.157722954562
SP1 2,SP2 8,3155.0734630526154
SP1 2,SP5 3,970.0620728503993
SP1 3,SP2 7,2561.1000625904217
SP1 3,SP2 9,1256.9542112046581
SP1 3,SP4 6,6826.9354297889595
SP10 1,SP10 2,2489.0942164338917
SP10 1,SP10 3,1129.0783810019245
SP10 1,SP10 5,2817.593391040286
SP10 1,SP11 6,669.7199188264705
SP10 2,SP10 3,2650.005786001017
SP10 2,SP11 6,1277.5065431699368
SP10 2,SP11 7,4987.778454689607
SP10 3,SP10 4,2653.0025132148958
SP10 3,SP10 5,851.8507685221168
SP10 3,SP11 0,862.0750950063594
SP10 3,SP11 7,2236.061033009315
SP10 3,SP11 8,1182.5626666337093
SP10 4,SP10 5,1664.9374852984536
SP10 4,SP11 0,2483.180495656022
SP10 4,SP11 6,2851.071158049483
SP10 5,SP11 6,4027.4711131204563
SP11 0,SP11 6,27208.41730839316
SP11 0,SP11 8,3313.993368369972
SP11 0,SP11 9,19170.750394058457
SP11 6,SP11 7,3890.6809345732
SP11 7,SP11 8,13249.655279710007
SP11 7,SP4 0,2947.915340519895
SP11 8,SP11 9,12232.459645268578
SP11 8,SP4 0,3863.5974559440397
SP11 8,SP9 7,8263.077654791858
SP11 9,SP9 7,6819.385152055712
SP2 0,SP2 8,2339.474680142955
SP2 0,SP2 9,4108.095651470851
SP2 0,SP3 4,23772.78685370634
SP2 0,SP3 5,467.59761075856085
SP2 0,SP4 6,4026.0908033214646
SP2 0,SP5 4,3802.701099534356
SP2 0,SP5 5,1023.3079664552758
SP2 7,SP2 8,2370.566862145193
SP2 7,SP2 9,3119.8446541965527
SP2 8,SP2 9,3242.1427090941784
SP2 8,SP5 3,3240.19145130582
SP2 8,SP5 4,11625.32573620138
SP2 9,SP4 6,2384.87718219994
SP3 4,SP3 5,10461.758642223338
SP3 4,SP4 6,3090.9208507958288
SP3 4,SP4 7,4953.503263122524
SP3 4,SP4 8,3234.6845933567683
SP3 4,SP4 9,1817.0144442954947
SP3 5,SP3 6,16654.907268876686
SP3 5,SP5 5,8517.479405833265
SP3 5,SP7 0,3433.9881377716392
SP3 5,SP7 9,3473.6096804443205
SP3 6,SP7 9,13748.469241376813
SP4 0,SP4 6,13548.145323785686
SP4 0,SP4 7,6305.6294514382025
SP4 0,SP4 9,3627.4151904037276
SP4 0,SP5 1,438.3481889671524
SP4 0,SP9 7,2211.5862564432114
SP4 6,SP4 7,9244.146049983865
SP4 6,SP5 1,9364.598462656159
SP4 7,SP4 8,4811.357291930486
SP4 7,SP4 9,5510.159764151812
SP4 8,SP4 9,22479.52167955642
SP4 8,SP9 7,4416.177872626538
SP4 9,SP9 7,2363.2544070540876
SP5 1,SP5 2,6582.31141218546
SP5 1,SP5 3,14720.978014360711
SP5 2,SP5 3,4441.760135371742
SP5 2,SP5 4,6709.608973161088
SP5 2,SP6 2,6366.693721936176
SP5 3,SP5 4,14773.670098727827
SP5 3,SP6 2,2876.2191490883133
SP5 4,SP5 5,6994.963212175797
SP5 4,SP6 2,2855.5022956234925
SP5 4,SP6 3,12177.48149302025
SP5 5,SP6 3,9467.68576554628
SP5 5,SP7 0,26734.691319860423
SP6 1,SP6 2,8523.366342361758
SP6 1,SP6 3,12978.90588525401
SP6 2,SP6 3,7835.306233200555
SP7 0,SP7 8,6568.465530328016
SP7 0,SP7 9,22130.23852117157
SP7 0,SP8 5,6459.155212634818
SP7 8,SP7 9,4236.801918799729
SP7 9,SP8 4,6651.304275561727
SP7 9,SP8 5,5949.666320031621
SP8 4,SP8 5,19579.041050054482
SR1 1,SR1 2,1795.2564001852675
SR1 1,SR1 3,1000.2550450319452
SR1 1,SR2 7,539.0497347007533
SR1 1,SR2 8,361.1585108766196
SR1 1,SR4 6,516.4778260594908
SR1 2,SR2 8,1829.1503689153228
SR1 3,SR2 7,554.7776761124086
SR1 3,SR4 6,1136.8407523485073
SR1 3,SR4 7,585.2896964946285
SR2 0,SR2 9,2800.0426763341034
SR2 0,SR3 1,1274.8887319747337
SR2 0,SR3 2,3563.0282206339202
SR2 0,SR7 0,1177.4357174887505
SR2 0,SR7 7,396.93283591633525
SR2 7,SR2 8,2679.547689593459
SR2 7,SR2 9,1981.3629626630163
SR2 7,SR3 1,1012.2931517169847
SR2 7,SR4 7,1569.5822749251033
SR2 8,SR2 9,1515.5815700591165
SR2 9,SR3 1,1322.944318149969
SR3 1,SR3 2,2918.2933240061043
SR3 1,SR3 3,1329.2748680386096
SR3 1,SR3 4,1615.1141736612553
SR3 1,SR4 7,2018.3292113715536
SR3 2,SR3 3,2424.1586187730713
SR3 2,SR7 0,3705.620749589747
SR3 3,SR3 4,1895.1061465537634
SR3 3,SR4 9,901.0631412469777
SR3 4,SR4 7,342.0863832182946
SR3 4,SR4 8,1802.6028333285462
SR3 4,SR4 9,624.5814274290749
SR4 0,SR4 6,2134.098536825045
SR4 0,SR4 8,2295.2297841462437
SR4 0,SR4 9,1999.6685046365192
SR4 6,SR4 7,3200.416205930835
SR4 6,SR4 8,69.36746748245821
SR4 7,SR4 8,1626.9399319429785
SR4 8,SR4 9,4078.16021080257
SR5 1,SR5 2,3468.9229953535414
SR5 1,SR6 0,1667.3769745477648
SR5 1,SR6 8,1170.1713380597987
SR5 1,SR6 9,1304.7464428038425
SR5 2,SR5 3,579.9800080493994
SR5 2,SR5 5,3089.642360381098
SR5 3,SR5 4,1626.0429585008987
SR5 3,SR5 5,1491.2926520154922
SR5 4,SR5 5,1937.197233305845
SR6 0,SR6 9,2589.5327876037118
SR6 7,SR6 8,2149.2039488010605
SR6 8,SR6 9,2389.898386067667
SR7 0,SR7 7,3012.964605625448
SR7 0,SR7 8,4754.804997638951
SR7 0,SR7 9,1081.9931347146614
SR7 7,SR7 8,6231.275246183283
SR7 8,SR7 9,7355.70094012409
SR7 8,SR8 3,5772.130810817141
SR8 1,SR8 2,3077.111406661942
SR8 1,SR8 4,296.24012230842243
SR8 1,SR8 5,2095.324444231654
SR8 1,TS27 4,3618.6098847703447
SR8 2,SR8 3,970.656937217687
SR8 2,SR8 5,1070.0268966765962
SR8 3,SR8 4,2151.8297689118835
SR8 3,SR8 5,1098.3586271941012
SR8 4,SR8 5,4933.512339357284
SR8 4,TS27 4,2826.432300514615
SS0 0,SS0 9,2303.9519664481045
SS0 0,SS2 6,4308.371899596908
SS0 0,SS9 3,448.6247580498398
SS0 0,SS9 4,1593.8447789679487
SS0 0,SS9 5,866.4798210832187
SS0 7,SS0 8,1033.5552057891364
SS0 7,SS0 9,793.5204291742523
SS0 7,SS1 1,3184.1436201077845
SS0 7,SS1 2,50.58222244954329
SS0 7,SS2 6,1350.7759784333477
SS0 8,SS0 9,1547.0930146403346
SS0 8,SS9 1,1295.107435499121
SS0 9,SS2 6,933.9981876483182
SS0 9,SS9 1,143.81215250862945
SS0 9,SS9 3,653.7933792544304
SS1 1,SS1 2,1686.5932172171774
SS1 1,SS2 6,355.33495823030194
SS1 2,SS1 3,2689.249782970602
SS1 2,SS2 4,1519.6703445213986
SS1 2,SS2 5,1706.579327504019
SS1 2,SS2 6,68.8249707089923
SS1 3,SS2 4,3555.743581729588
SS1 3,SS3 0,1807.7304649669506
SS1 3,SS3 8,2733.568813173121
SS1 3,SS3 9,1366.3886606390968
SS11 7,SS11 8,4032.227659462411
SS11 7,SS12 0,2195.999384914371
SS11 8,SS12 9,4272.054408369298
SS11 8,SS5 6,1585.2466401335332
SS11 8,SS6 7,1165.5366345963698
SS11 8,SS6 9,5717.916466478098
SS12 0,SS12 9,3122.714182498021
SS12 0,SS13 1,1022.9707060972084
SS12 0,SS14 3,754.7189555478545
SS12 9,SS13 1,1162.771771798315
SS12 9,SS13 2,2954.406022698743
SS12 9,SS6 7,566.1931611943863
SS12 9,SS7 3,1364.2190785920016
SS12 9,SS7 4,1332.0890201489317
SS13 1,SS13 2,2557.776075254413
SS13 1,SS13 3,1632.6843402323325
SS13 1,SS14 3,1749.0224304429942
SS13 2,SS13 3,6459.9018428807685
SS13 2,SS7 4,702.5896593348159
SS13 2,SS7 5,2738.1142624999748
SS13 2,SS8 0,10.975988536077082
SS13 3,SS14 1,1269.4406807196797
SS13 3,SS14 3,499.35416854923335
SS13 3,SS16 4,1505.097754379448
SS13 3,SS17 9,625.6962579120429
SS14 1,SS14 2,3051.259992829468
SS14 1,SS14 3,470.7847454217873
SS14 1,SS15 5,299.08616736035594
SS14 1,SS16 4,2622.3100343063697
SS14 1,SS16 5,1334.4789002896237
SS14 2,SS14 3,3433.0473401894583
SS14 2,SS15 4,1144.0616571802282
SS14 2,SS15 5,1993.1096781158922
SS15 4,SS15 5,2391.90779040632
SS15 4,SS15 6,2702.1157993457036
SS15 5,SS15 6,3009.407366252156
SS15 5,SS16 5,2017.6236134652886
SS15 6,SS16 5,3.3007262046711356
SS15 6,SS16 6,1615.0093442311086
SS16 4,SS16 5,2124.4806951273426
SS16 4,SS17 9,4154.955248015106
SS16 5,SS16 6,2448.5649644517093
SS16 5,SS17 8,1025.99799887953
SS16 5,SS17 9,5050.145369792233
SS17 0,SS17 7,2082.534093285252
SS17 0,SS17 8,568.3104774389512
SS17 0,SS17 9,2883.8384659002945
SS17 7,SS17 8,2452.2617700091428
SS17 7,SS17 9,5520.389762232159
SS17 8,SS17 9,3730.289830716579
SS2 4,SS2 5,3312.5254145423382
SS2 4,SS3 0,1754.7734550929742
SS2 4,SS4 1,1918.5951366391555
SS2 5,SS2 6,3366.7946623240387
SS2 5,SS4 1,2236.81606265684
SS2 6,SS4 1,2948.4739828746397
SS2 6,SS9 5,1395.7923654012916
SS3 0,SS3 8,597.9532988186224
SS3 0,SS3 9,2571.796832213178
SS3 0,SS4 1,2386.25859423705
SS3 8,SS3 9,3122.7077610294737
SS4 1,SS4 2,2901.7532948354196
SS4 1,SS4 3,4453.540590446999
SS4 1,SS5 4,5816.7031224747825
SS4 1,SS6 8,1030.8824811069571
SS4 1,SS9 5,3166.8524248687345
SS4 2,SS4 3,5104.757336868326
SS4 3,SS5 4,1414.2231261250818
SS4 3,SS5 5,5538.79865251564
SS4 3,SS5 6,1470.3121909762622
SS5 4,SS5 5,3591.4015106892207
SS5 4,SS5 6,4049.8413572881827
SS5 4,SS6 8,2698.4166639898344
SS5 5,SS5 6,2203.2531516550353
SS5 6,SS6 9,2081.4095511035353
SS6 7,SS6 8,5291.62336210484
SS6 7,SS6 9,1676.6777981101075
SS6 7,SS7 2,2124.926401936413
SS6 7,SS7 3,3026.7995996161158
SS6 7,SS9 4,22.944017084921377
SS6 7,SS9 5,506.845436118942
SS6 8,SS6 9,1526.379313405299
SS6 8,SS9 5,1589.3182495079996
SS7 1,SS7 2,2732.4717246464556
SS7 1,SS7 3,3154.782522529459
SS7 1,SS7 5,4619.890120825521
SS7 1,SS8 0,1.1838625408776968
SS7 2,SS7 3,2838.5462584518746
SS7 2,SS9 2,2294.1788644382655
SS7 2,SS9 3,4068.1380301391778
SS7 2,SS9 4,1378.9476894549084
SS7 3,SS7 4,2515.4807271295444
SS7 4,SS7 5,1369.4191827234386
SS7 5,SS8 0,46.520537233504356
SS8 0,SS8 7,1739.9096957229763
SS8 0,SS8 9,8232.488467240837
SS8 7,SS8 8,2795.5982137445444
SS8 7,SS8 9,409.22034577461756
SS8 8,SS8 9,2338.019035632037
SS9 1,SS9 2,1804.2055501832888
SS9 1,SS9 3,1398.8614896218241
SS9 2,SS9 3,2209.9821103437503
SS9 3,SS9 4,5748.340704364958
SS9 4,SS9 5,2486.707739117173
ST1 2,ST1 3,1187.7772150572937
ST1 2,ST1 5,498.03423660492007
ST1 2,ST1 6,3019.40076329125
ST1 3,ST1 4,2133.61523765524
ST1 3,ST1 5,406.58623371061447
ST1 3,ST1 6,349.7499107216507
ST1 3,ST2 8,285.99784864611604
ST1 3,ST2 9,1876.077445373178
ST1 3,ST4 2,2039.8985562038206
ST1 4,ST1 5,3016.002976887717
ST1 4,ST4 2,904.5270175643107
ST1 4,ST4 6,28.22727278712847
ST1 4,ST4 7,869.5586882935929
ST1 4,ST5 0,1671.4196080342745
ST1 4,ST6 3,1617.377824785574
ST1 5,ST1 6,130.41325366093275
ST1 5,ST4 6,789.3969252429996
ST1 5,ST4 7,131.03092865716553
ST1 5,ST6 2,2487.869609417351
ST1 5,ST6 3,450.1538964201586
ST1 6,ST2 7,1051.6208917825666
ST1 6,ST2 8,2110.7285060552304
ST1 6,ST6 1,2689.6518953403133
ST1 6,ST6 2,2269.6592471693175
ST1 6,ST6 8,736.1482346438676
ST10 1,ST10 2,16749.601814420123
ST10 1,ST10 3,688.6668985761822
ST10 1,ST10 4,7550.787940487167
ST10 1,ST11 9,4185.857997455161
ST10 1,ST9 0,472.8910481990714
ST10 2,ST10 3,11395.76081097976
ST10 2,ST11 9,8143.344116827556
ST10 2,ST13 7,12086.815452250908
ST10 2,ST9 0,5684.5709775825335
ST10 3,ST10 4,7336.346521533845
ST10 3,ST13 7,5887.593732135206
ST10 3,ST14 5,729.2179611210804
ST10 4,ST11 9,8052.0533877917405
ST10 4,ST14 5,20708.820336654077
ST10 4,ST14 8,2482.938316452641
ST10 4,ST15 8,1159.8369538990464
ST10 4,ST18 0,6480.580388586169
ST11 9,ST15 8,10601.455661633046
ST11 9,ST3 6,4950.749127555086
ST11 9,ST3 7,5750.917933773412
ST11 9,ST9 0,4249.57352030033
ST12 9,ST15 0,3469.923495150099
ST12 9,ST15 8,839.6462773763692
ST12 9,ST3 3,17.525977348018092
ST12 9,ST3 4,4666.479594071525
ST12 9,ST4 8,12059.038382599623
ST13 5,ST13 6,3976.070016343811
ST13 5,ST13 7,9129.11071141184
ST13 5,ST13 8,6678.598763396441
ST13 5,ST9 9,552.297484606233
ST13 6,ST13 7,387.5158628760712
ST13 6,ST13 8,6569.210902648889
ST13 7,ST13 8,7107.884623882501
ST13 7,ST9 0,12405.790934585653
ST13 7,ST9 9,8830.616281765473
ST13 8,ST8 7,4834.972998513392
ST13 8,ST9 9,8462.878966480275
ST14 5,ST14 7,6611.341176780781
ST14 5,ST14 8,5185.565243679576
ST14 7,ST14 8,5831.925221815062
ST14 8,ST18 0,7684.953442699273
ST14 8,WS15 3,10907.17182739125
ST15 0,ST15 8,21392.265395152757
ST15 0,ST18 0,5158.397968073377
ST15 0,ST18 9,11875.84609348498
ST15 0,ST21 6,17375.485197627677
ST15 0,ST4 8,5024.791060567374
ST15 8,ST18 0,5940.7266222986
ST15 8,ST3 4,4822.558420684772
ST15 8,ST3 7,1374.508110123817
ST16 1,ST16 2,3401.1550087146525
ST16 1,ST16 3,3501.3625163241672
ST16 1,ST17 4,206.40439213514452
ST16 1,ST17 9,4353.685991476808
ST16 1,ST18 9,9646.721492812634
ST16 2,ST16 3,3558.9091764252316
ST16 2,ST17 4,1468.8693873309549
ST16 3,ST17 0,211.90476390114208
ST16 3,ST17 4,2017.5356035763168
ST16 3,ST18 0,7688.390658509615
ST16 3,ST18 9,1260.5688757925473
ST17 0,ST17 4,8914.60306485984
ST17 0,ST17 9,550.2952854055341
ST17 0,ST18 0,12697.306696064286
ST17 0,ST18 9,2546.19973048547
ST17 0,ST19 5,5067.291665219856
ST17 0,WS12 4,2915.942554975335
ST17 0,WS15 2,3049.262175738624
ST17 4,ST17 9,3282.956196637329
ST17 9,ST18 9,3727.4135473943547
ST18 0,ST18 9,4050.5553115040257
ST18 0,WS15 2,5906.17600096701
ST18 0,WS15 3,11737.44460752061
ST18 9,ST19 5,11865.828795540943
ST18 9,ST19 9,1253.998879060751
ST18 9,ST20 0,12316.247542442234
ST18 9,ST21 6,10776.662673162888
ST18 9,TF10 9,1002.6683284540559
ST19 5,ST19 9,10714.927999221161
ST19 5,WS11 1,4980.931834278782
ST19 5,WS12 4,2025.499844175936
ST19 5,WV10 7,960.516695522063
ST19 5,WV9 5,1709.766086954343
ST19 9,ST20 0,3265.441017987314
ST19 9,TF11 8,6636.24861300291
ST19 9,WV10 7,1378.5494180266764
ST19 9,WV7 3,4673.95382407215
ST19 9,WV8 1,6032.348448967682
ST19 9,WV9 5,8619.59207955926
ST2 0,ST2 9,3927.579998600338
ST2 0,ST3 5,3461.7655700489076
ST2 0,ST4 2,920.3581479047826
ST2 0,ST9 0,3728.6029955562117
ST2 7,ST2 8,2158.837836682079
ST2 7,ST6 8,3737.486544970542
ST2 7,ST9 9,6060.073129164091
ST2 8,ST2 9,4852.9966079186
ST2 8,ST9 0,1601.480719148403
ST2 8,ST9 9,875.277079968755
ST2 9,ST4 2,1456.574199452821
ST2 9,ST4 3,309.8717788537479
ST2 9,ST9 0,4755.544610706561
ST20 0,ST21 6,19248.028170615864
ST20 0,TF10 8,10624.306996119934
ST20 0,TF10 9,16068.755816789808
ST20 0,TF11 8,5037.615576250053
ST20 0,TF9 2,6320.043382048757
ST21 6,ST4 8,3036.723182096173
ST21 6,ST5 5,5018.8495811572175
ST21 6,TF9 2,2849.765886145158
ST21 6,TF9 4,7740.056405453536
ST3 1,ST3 2,509.79345162657376
ST3 1,ST3 4,1601.5018491405892
ST3 1,ST3 5,3993.2786410874887
ST3 1,ST4 3,1441.6414242721341
ST3 2,ST3 3,2775.850773008236
ST3 2,ST3 4,2794.2945234175018
ST3 2,ST4 3,1896.6948506924446
ST3 2,ST4 4,1570.6295725780606
ST3 2,ST4 8,640.4183148518634
ST3 3,ST3 4,4717.788989321665
ST3 3,ST4 8,1953.1772987176528
ST3 4,ST3 5,133.892040813047
ST3 4,ST3 6,213.74761709201383
ST3 4,ST3 7,5585.661942722763
ST3 5,ST3 6,4893.09217516121
ST3 5,ST3 7,3531.7350461664473
ST3 5,ST4 2,490.78818515700186
ST3 5,ST4 3,421.95222445621664
ST3 5,ST9 0,1099.2009616373448
ST3 6,ST3 7,1317.0525874117798
ST3 6,ST9 0,188.4215619601512
ST4 1,ST4 2,1019.9410048298122
ST4 1,ST4 4,1704.2631804739365
ST4 1,ST4 7,2306.424727248766
ST4 2,ST4 3,3411.1209228370185
ST4 2,ST4 4,2690.4609238004114
ST4 2,ST4 7,544.3534544294159
ST4 3,ST4 4,2019.2812686822472
ST4 4,ST4 5,3041.60126585142
ST4 4,ST4 6,695.5498878587493
ST4 4,ST4 7,304.7589271867979
ST4 4,ST4 8,5251.961209838214
ST4 4,ST5 4,1612.546168209582
ST4 5,ST4 6,4739.363286400769
ST4 5,ST4 7,1830.8023893224058
ST4 6,ST4 7,4624.452756003922
ST4 6,ST4 8,361.89380586682995
ST4 6,ST5 0,1045.288236664659
ST4 6,ST5 1,2636.901169121544
ST4 6,ST5 3,2173.879342057681
ST4 6,ST5 4,556.0026865336075
ST4 8,ST5 4,10728.021549062478
ST4 8,ST5 5,3983.1367970837136
ST5 0,ST5 1,794.2663817516503
ST5 0,ST5 8,2805.1754737382516
ST5 0,ST5 9,2345.1661020463093
ST5 0,ST6 3,580.0032207910758
ST5 0,ST6 4,229.48769805884442
ST5 1,ST5 2,1972.2163581206448
ST5 1,ST5 3,530.0551383342565
ST5 1,ST5 9,15.029154899868155
ST5 2,ST5 3,4553.363255626064
ST5 2,ST5 4,282.24648629358177
ST5 2,ST5 5,5369.719616595819
ST5 2,ST5 6,1150.1180709349906
ST5 2,ST5 9,1168.5596460907377
ST5 3,ST5 4,5205.772142046165
ST5 4,ST5 5,9398.937054722292
ST5 5,ST5 6,5992.423613721556
ST5 5,ST7 8,123.34570993083912
ST5 5,TF9 4,9978.776800305497
ST5 6,ST5 7,5973.638887015655
ST5 6,ST5 9,730.5038035163454
ST5 6,ST7 1,580.9084204760178
ST5 6,ST7 8,4803.277888026125
ST5 7,ST5 8,3348.8978323894776
ST5 7,ST5 9,2321.3952066569786
ST5 7,ST7 1,1162.8079546412107
ST5 7,ST7 8,855.9111924343947
ST5 8,ST5 9,2130.9694182661265
ST5 8,ST6 4,2979.1389228559174
ST5 8,ST6 5,248.33280606594562
ST5 8,ST7 1,1018.9074888592195
ST5 8,ST7 4,319.8877875241897
ST6 1,ST6 2,1075.3002274244138
ST6 1,ST6 3,1071.6687868489441
ST6 1,ST6 4,761.6120676640289
ST6 1,ST6 7,4239.03363875957
ST6 1,ST6 8,2571.112970117903
ST6 2,ST6 3,1625.2735917716145
ST6 3,ST6 4,2633.793251057855
ST6 4,ST6 5,4143.885912600201
ST6 4,ST6 6,1469.1254457437785
ST6 4,ST6 7,1134.1047433192011
ST6 4,ST7 4,2391.0334861303554
ST6 5,ST6 6,5773.886967336206
ST6 5,ST7 4,1109.7017866261365
ST6 6,ST6 7,5574.310767687687
ST6 6,ST6 8,2315.1437202919437
ST6 6,ST7 4,4022.6972668107023
ST6 6,ST8 7,1436.6463030790178
ST6 7,ST6 8,1192.962734138935
ST6 8,ST8 7,6750.865784701402
ST6 8,ST9 9,5549.187268400181
ST7 1,ST7 2,961.5899680198971
ST7 1,ST7 3,4326.976885962241
ST7 1,ST7 4,5755.83812410244
ST7 1,ST7 8,3139.7177054410286
ST7 2,ST7 3,3557.232277171135
ST7 2,ST7 8,2773.1828893496963
ST7 3,ST7 4,4046.716605036256
ST7 4,ST8 6,3441.910739806688
ST7 4,ST8 7,1990.6507113746611
ST8 6,ST8 7,11618.860927314354
ST8 7,ST9 9,948.6638907715878
ST9 0,ST9 9,8951.357551928488
SW10 0,SW10 9,894.1204006785979
SW10 0,SW3 5,873.2666120216408
SW10 0,SW3 6,592.7496324539111
SW10 0,SW6 1,1.392689498509182
SW10 0,SW6 2,1589.1154561518115
SW10 0,SW6 4,28.30136493298592
SW10 9,SW3 6,729.4733111673495
SW10 9,SW5 0,1177.2096652287682
SW10 9,SW5 9,463.71590391085863
SW10 9,SW6 1,894.588123510636
SW10 9,SW7 3,586.6021020532494
SW11 1,SW11 2,2223.144946801745
SW11 1,SW11 5,1193.0632929056087
SW11 1,SW11 6,2080.7084971955314
SW11 1,SW12 8,215.71310653359552
SW11 1,SW12 9,225.22462117627694
SW11 1,SW18 1,242.276929897547
SW11 1,SW18 2,1198.8724749355515
SW11 1,SW4 0,9.143568635263572
SW11 1,SW4 9,693.4625312207322
SW11 2,SW11 3,1580.1280323127287
SW11 2,SW11 4,153.76733874976333
SW11 2,SW11 5,1483.026634353139
SW11 2,SW18 1,756.2029726914122
SW11 3,SW11 4,1926.062182776203
SW11 3,SW18 1,430.1790775622977
SW11 4,SW11 5,1549.3329719317346
SW11 4,SW11 8,1795.8766634845133
SW11 4,SW1V 4,486.4104766846545
SW11 4,SW8 3,16.14173042250553
SW11 4,SW8 4,844.6803727621096
SW11 5,SW4 0,409.3471076584276
SW11 5,SW4 9,501.85772369855744
SW11 5,SW8 3,1139.7590002697782
SW11 6,SW12 8,1895.3705932411303
SW11 6,SW17 7,2.2366430285777343
SW11 6,SW18 2,229.77324477053602
SW11 6,SW18 3,801.2966069899677
SW11 7,SW11 8,804.5659966468937
SW11 7,SW8 5,617.8372482455119
SW11 8,SW1V 4,1962.2648088405485
SW11 8,SW8 4,1599.080005498327
SW11 8,SW8 5,356.1960764226411
SW12 0,SW12 9,1734.818818395363
SW12 0,SW2 4,993.3806973187741
SW12 0,SW4 8,1418.9099807611815
SW12 0,SW4 9,535.6548353140447
SW12 8,SW12 9,3175.14145504443
SW12 8,SW17 7,2003.5006505715182
SW12 8,SW4 9,185.29633278884967
SW12 9,SW16 1,798.884714883026
SW12 9,SW17 6,547.7196052017067
SW12 9,SW17 7,369.70822665040885
SW12 9,SW17 8,1093.717839929297
SW12 9,SW2 4,230.60013859216014
SW12 9,SW4 8,229.4433748099412
SW12 9,SW4 9,1093.3194268350712
SW13 0,SW13 9,2012.9569540677865
SW13 0,SW14 8,894.1811767442018
SW13 0,SW15 1,458.3521625836981
SW13 0,SW15 5,1464.9219926994588
SW13 0,SW15 6,327.97224418092134
SW13 8,SW13 9,1742.6384055500062
SW13 9,SW15 1,889.4413978799575
SW14 7,SW14 8,4120.732920059237
SW14 7,TW10 5,1629.0338154831395
SW14 7,TW10 6,1404.4230469996075
SW14 7,TW10 7,8.000699220463096
SW14 7,TW9 4,1004.5067903833133
SW14 8,SW15 3,1111.9240405698079
SW14 8,SW15 4,1830.800870232757
SW14 8,SW15 5,1634.7572290086644
SW14 8,TW10 5,937.5241301908678
SW14 8,TW10 7,1679.3163037100112
SW15 1,SW15 2,2552.21568156118
SW15 1,SW15 6,1463.8104081765302
SW15 2,SW15 3,912.5273203896791
SW15 2,SW15 6,1268.9916212777916
SW15 2,SW18 1,2911.148867059026
SW15 3,SW15 4,2878.1078058723588
SW15 3,SW15 5,1230.637519716298
SW15 3,SW15 6,3043.9554834454766
SW15 3,SW18 1,293.8059517465112
SW15 3,SW18 5,687.2859969533431
SW15 3,SW19 4,1790.959683252307
SW15 3,SW19 6,539.2456877696181
SW15 3,TW10 5,891.0683824081966
SW15 4,SW15 5,2403.9886833684136
SW15 4,SW19 4,105.13979620061359
SW15 4,SW19 5,1153.3548674834578
SW15 4,SW19 6,665.3656568408484
SW15 5,SW15 6,1706.9794920032666
SW16 1,SW16 2,1653.7340419974437
SW16 1,SW16 6,2643.057136953315
SW16 1,SW17 6,1997.6384801906631
SW16 1,SW17 9,245.4118168455626
SW16 1,SW2 3,119.78039931805743
SW16 1,SW2 4,761.5965718096978
SW16 2,SW16 3,1407.278714070538
SW16 2,SW16 6,611.5244757115948
SW16 2,SW2 3,1471.8375410602325
SW16 3,SW16 4,1741.0246496050836
SW16 3,SW16 5,2390.1964951647888
SW16 3,SW16 6,373.90467379899553
SW16 4,SW16 5,3349.109534715771
SW16 5,SW16 6,1580.4615009465078
SW16 6,SW17 9,2318.4122183245677
SW17 0,SW17 7,1542.7069116969633
SW17 0,SW17 8,316.9239452668497
SW17 0,SW17 9,1103.090619055325
SW17 0,SW18 3,1072.782219690963
SW17 0,SW18 4,827.8184972465823
SW17 0,SW19 1,228.2421007650443
SW17 0,SW19 2,403.66242899294537
SW17 0,SW19 8,1545.99129965852
SW17 6,SW17 8,1869.0485929335935
SW17 6,SW17 9,16.14812042756059
SW17 7,SW17 8,1998.0209265462868
SW17 7,SW18 3,1682.229190276682
SW17 8,SW17 9,2665.3771834201593
SW17 9,SW19 2,1143.0294367146778
SW18 1,SW18 2,1087.463827169966
SW18 1,SW18 4,1072.1199348302314
SW18 1,SW18 5,1317.7628902768693
SW18 2,SW18 3,2648.9937205741003
SW18 2,SW18 4,1474.0417621243216
SW18 3,SW18 4,2097.3068145599186
SW18 4,SW18 5,3330.59454324066
SW18 4,SW19 8,2752.5126898082235
SW18 5,SW19 6,2560.2053582244134
SW18 5,SW19 8,521.811904851051
SW19 1,SW19 2,2310.796211807957
SW19 1,SW19 3,1732.8179302340463
SW19 1,SW19 8,3349.808586407992
SW19 2,SW19 3,1340.2091325802462
SW19 2,SW19 8,55.20104277428538
SW19 3,SW19 4,839.5413457185659
SW19 3,SW19 8,196.39132568871491
SW19 3,SW20 8,818.6855243149862
SW19 3,SW20 9,1491.8548362972297
SW19 4,SW19 5,3057.223115291842
SW19 4,SW19 7,1945.0776804818888
SW19 4,SW19 8,0.4476649635084905
SW19 4,SW20 0,2409.7213693335416
SW19 4,SW20 8,1500.0615980506798
SW19 5,SW19 6,2295.0144009306855
SW19 5,SW19 7,2015.1318489665805
SW19 6,SW19 7,215.58305643054643
SW19 6,SW19 8,109.8751057971022
SW19 7,SW19 8,2840.493949641055
SW1A 1,SW1E 6,860.192339083182
SW1A 1,SW1P 2,130.7767185283314
SW1A 1,SW1Y 6,1319.2935631397752
SW1A 1,W1B 5,133.46282002916794
SW1A 1,W1J 7,417.02316736089483
SW1A 1,W1J 8,405.3311246731669
SW1E 5,SW1E 6,672.0133135071165
SW1E 5,SW1P 1,262.875700124757
SW1E 5,SW1W 0,424.8812361278133
SW1E 6,SW1P 1,193.92409165056293
SW1E 6,SW1P 2,1438.20778399591
SW1E 6,SW1W 0,800.8449460629818
SW1E 6,W1J 7,174.99895873528175
SW1H 9,SW1P 2,781.9040041185995
SW1H 9,SW1P 3,464.9660912815773
SW1H 9,WC2N 5,406.6717571942978
SW1P 1,SW1P 2,1197.431298471698
SW1P 1,SW1P 4,315.0322651512624
SW1P 1,SW1V 1,699.0164614704738
SW1P 1,SW1V 2,10.139884560339533
SW1P 1,SW1W 0,43.49987752470865
SW1P 2,SW1P 3,802.7569905687533
SW1P 2,SW1P 4,1234.8177602439891
SW1P 2,SW1V 2,269.34906093152085
SW1P 2,WC2N 5,330.49532309330584
SW1P 3,SW1P 4,224.9524093768868
SW1P 3,WC2N 5,1112.2926709141516
SW1P 3,WC2N 6,174.1948626739787
SW1P 3,WC2R 1,19.647052894125878
SW1P 4,SW1V 2,470.78198643904824
SW1P 4,SW1V 3,98.95581672700696
SW1V 1,SW1V 2,756.3706085036496
SW1V 1,SW1V 4,481.80096731284175
SW1V 1,SW1W 0,468.2433481822776
SW1V 2,SW1V 3,2166.2699853766376
SW1V 2,SW1V 4,666.4271569116081
SW1V 3,SW1V 4,669.5915401319744
SW1V 3,SW1W 8,227.93539666122973
SW1V 3,SW3 4,5.284318485077326
SW1V 4,SW1W 0,89.31776428001689
SW1V 4,SW1W 8,672.3054271868725
SW1V 4,SW1W 9,424.454440971296
SW1V 4,SW8 4,29.381180449829547
SW1W 0,SW1W 9,384.206647456258
SW1W 0,SW1X 7,713.8106585833648
SW1W 0,W1J 7,141.02322988709338
SW1W 8,SW1W 9,868.7596803586607
SW1W 8,SW1X 8,42.88219390302762
SW1W 8,SW1X 9,431.2853754209933
SW1W 8,SW3 2,48.583566377255025
SW1W 8,SW3 4,1505.482823190303
SW1W 9,SW1X 7,243.8266755551066
SW1W 9,SW1X 8,1068.24118550287
SW1X 0,SW1X 9,956.4818317951641
SW1X 0,SW3 1,972.4232868790136
SW1X 0,SW3 2,851.409897778685
SW1X 7,SW1X 8,1956.954707827697
SW1X 7,SW7 1,1065.7163538957925
SW1X 7,W1J 7,229.48839062981747
SW1X 8,SW1X 9,1124.2099133989982
SW1X 8,SW7 1,61.78306935865082
SW1X 9,SW3 1,121.7232923896799
SW1X 9,SW3 2,271.74334789672236
SW1X 9,SW7 1,209.24201386748427
SW1Y 5,SW1Y 6,964.0459512450728
SW1Y 5,W1B 5,219.98880114141633
SW1Y 5,W1D 6,95.37291948839139
SW1Y 5,WC2H 7,918.6927020170555
SW1Y 5,WC2N 4,263.91681325203285
SW1Y 5,WC2N 5,735.4526835846041
SW1Y 6,W1B 5,134.8104675796356
SW1Y 6,WC2N 5,125.03355521575544
SW2 1,SW2 2,1878.3193569399302
SW2 1,SW2 3,367.16643538311905
SW2 1,SW2 4,206.73438316364104
SW2 1,SW2 5,1853.57452491984
SW2 1,SW9 8,642.6384325285205
SW2 2,SW2 3,1450.720415826425
SW2 2,SW2 5,230.54283790204335
SW2 3,SW2 4,1900.131773613053
SW2 3,SW2 5,201.7506249897708
SW2 4,SW2 5,660.9204420970311
SW2 4,SW4 8,820.4981840269941
SW2 5,SW4 7,1604.394144077674
SW2 5,SW4 8,1467.8998328485357
SW2 5,SW9 8,256.1484271945826
SW20 0,SW20 8,1864.9520318952057
SW20 0,SW20 9,472.70486680334113
SW20 8,SW20 9,1616.2918797021066
SW3 1,SW3 2,493.0520490866008
SW3 1,SW7 1,424.6993587100098
SW3 2,SW3 3,876.999780575131
SW3 2,SW3 4,220.05572444612497
SW3 2,SW7 1,446.6194666103549
SW3 2,SW7 2,838.5089312099307
SW3 3,SW3 4,706.2493291201986
SW3 3,SW3 5,237.9357657327137
SW3 3,SW3 6,963.3280151860761
SW3 3,SW7 2,76.50180282207207
SW3 4,SW3 5,1093.8452759566312
SW3 5,SW3 6,584.6132361230606
SW3 6,SW7 2,150.4160923374951
SW3 6,SW7 3,511.9914151841284
SW4 0,SW4 6,1627.1502792536362
SW4 0,SW4 7,375.10778869277095
SW4 0,SW4 9,908.5146786405891
SW4 0,SW8 3,860.059012115251
SW4 6,SW4 7,1157.46156752474
SW4 6,SW8 1,303.8768799424461
SW4 6,SW8 2,2587.8762868456524
SW4 6,SW8 3,361.0931206522694
SW4 6,SW9 0,84.6947613055458
SW4 6,SW9 9,1921.05128084502
SW4 7,SW4 8,684.8660590731636
SW4 7,SW4 9,1301.5519868276149
SW4 7,SW9 8,531.8857828125748
SW4 7,SW9 9,861.0588449460619
SW4 8,SW4 9,1549.9254221822378
SW5 0,SW5 9,1466.2328608619534
SW5 0,SW7 3,137.2236682184977
SW5 0,SW7 4,1631.209399416647
SW5 0,W8 5,202.60803165904196
SW5 0,W8 6,259.2243514004533
SW5 9,SW6 1,293.1132169244372
SW5 9,W14 8,350.61835058371946
SW5 9,W14 9,395.581043495512
SW5 9,W8 6,394.5843400599021
SW6 1,SW6 2,1207.9862252458447
SW6 1,SW6 4,242.1372512559873
SW6 1,SW6 5,655.2703556423095
SW6 1,SW6 7,671.6802785994641
SW6 1,W14 9,690.4525712589309
SW6 2,SW6 3,1549.3476374814638
SW6 2,SW6 4,1270.75754828637
SW6 3,SW6 4,1777.8415495770055
SW6 3,SW6 5,161.8129944073841
SW6 3,SW6 6,1347.951283980397
SW6 4,SW6 5,1924.0328340015992
SW6 5,SW6 6,1350.402886461199
SW6 5,SW6 7,838.6086273566689
SW6 6,SW6 7,1142.3966160593582
SW6 6,W6 8,927.7225979557965
SW6 6,W6 9,707.2985349241899
SW6 7,W14 9,431.06962810820147
SW6 7,W6 8,195.24558474367964
SW7 1,SW7 2,2161.4510299166036
SW7 1,W1H 7,127.9275410692034
SW7 1,W1J 7,267.2406271670802
SW7 1,W1K 1,413.7511359862876
SW7 1,W1K 2,220.29169798891382
SW7 1,W1K 7,406.8332799146426
SW7 1,W2 2,1010.8679000302343
SW7 1,W2 3,394.43776539918
SW7 2,SW7 3,919.253536221277
SW7 2,SW7 5,1153.1369415460542
SW7 2,W2 3,482.26927326258703
SW7 2,W2 4,68.86494180687535
SW7 2,W8 4,967.0753288016879
SW7 2,W8 5,86.10440121788369
SW7 3,SW7 4,216.28876268255794
SW7 3,SW7 5,545.4767452580486
SW7 4,SW7 5,1774.593552815475
SW7 4,W8 5,1100.92342022433
SW7 5,W8 5,304.5630804798031
SW8 1,SW8 2,2564.778409800613
SW8 1,SW9 0,1323.8295051039754
SW8 2,SW8 3,115.90467707593734
SW8 2,SW8 4,1959.8364020402369
SW8 2,SW8 5,774.2012069980215
SW8 3,SW8 4,1778.0992269286023
SW8 4,SW8 5,71.22387503653542
SW9 0,SW9 6,2353.5136992767184
SW9 0,SW9 7,489.11987063821203
SW9 0,SW9 9,1425.518226699113
SW9 6,SW9 7,1536.9144302403297
SW9 6,SW9 8,408.576993213669
SW9 7,SW9 8,1457.5919737217525
SW9 7,SW9 9,320.032773061262
SW9 8,SW9 9,962.9556043483609
SY1 1,SY1 2,471.8365626913613
SY1 1,SY2 6,496.4122041347253
SY1 1,SY3 7,1321.6122398845487
SY1 1,SY3 8,1384.8696820464472
SY1 2,SY1 3,6201.4044339078955
SY1 2,SY1 4,1165.438636267887
SY1 2,SY2 5,1662.7329166299185
SY1 2,SY2 6,190.92463875884823
SY1 2,SY3 8,1265.8452502548323
SY1 3,SY1 4,3992.001408367737
SY1 3,SY3 8,2247.383069270736
SY1 3,SY4 3,8724.317321333703
SY1 3,SY4 4,273.78307344450667
SY1 4,SY2 5,2095.634687508297
SY1 4,SY4 4,4783.5634878802575
SY10 0,SY10 7,5686.711827853429
SY10 0,SY10 9,8482.336105413477
SY10 0,SY20 9,4263.108415590691
SY10 0,SY21 0,11428.715997447238
SY10 0,SY22 5,18660.17817421436
SY10 7,SY10 8,1449.9109920119236
SY10 7,SY10 9,21439.40906148157
SY10 7,SY11 1,4412.401654992049
SY10 7,SY11 2,54.77673398570883
SY10 7,SY11 3,14473.57136738377
SY10 7,SY11 4,2627.1236619516144
SY10 7,SY12 9,339.1130200487462
SY10 8,SY10 9,21599.551258566127
SY10 8,SY11 4,15234.427583824585
SY10 8,SY22 6,25216.09933053672
SY10 8,SY4 1,10372.73638235086
SY10 8,SY5 9,5097.891278046066
SY10 9,SY11 1,4132.450652544736
SY10 9,SY11 2,3693.110422245271
SY10 9,SY11 4,1021.3263428341154
SY10 9,SY22 5,2397.451807483016
SY10 9,SY22 6,12980.64288050829
SY11 1,SY11 2,5810.155763427801
SY11 2,SY11 4,6766.162363074062
SY11 3,SY11 4,2702.0126073880733
SY11 3,SY12 9,7747.8150186530975
SY11 4,SY12 9,12567.31111776244
SY11 4,SY4 1,9103.695098691063
SY12 0,SY12 9,25960.446494928266
SY12 0,SY13 2,8112.533786275733
SY12 0,SY4 2,7386.206230188189
SY12 0,SY4 3,686.7970975019874
SY12 0,SY4 5,11534.111118952473
SY12 9,SY4 1,1858.2680820752992
SY12 9,SY4 2,3595.742213807269
SY13 1,SY13 3,11001.753992621769
SY13 1,SY13 4,17317.853078624783
SY13 2,SY13 3,17896.565911246955
SY13 2,SY13 4,13292.173766955515
SY13 2,SY4 5,31766.73610748516
SY13 2,TF9 3,4924.05197256567
SY13 3,SY13 4,10680.692842485008
SY13 3,SY14 7,15532.428222424547
SY13 4,SY14 7,6898.344769158392
SY13 4,SY14 8,15057.514875531577
SY13 4,TF9 3,16059.847443202474
SY14 7,SY14 8,8722.218342904704
SY15 6,SY16 2,2547.678369526134
SY15 6,SY16 3,9577.030462767254
SY15 6,SY16 4,20069.625469178718
SY15 6,SY21 8,25870.76263705257
SY15 6,SY5 0,6722.267506967596
SY15 6,SY5 9,6108.837375974612
SY15 6,SY9 5,18290.545138562764
SY16 1,SY16 2,5820.643884923286
SY16 1,SY16 3,7880.461411588863
SY16 1,SY16 4,4078.1531390000778
SY16 2,SY16 3,13991.469291046122
SY16 3,SY16 4,11385.257642692515
SY16 3,SY17 5,16186.409891712221
SY16 3,SY21 0,15857.444325128154
SY16 3,SY21 8,13698.911947739594
SY16 4,SY17 5,10738.24539115901
SY16 4,SY18 6,2436.274247327626
SY16 4,SY7 8,7781.970792654184
SY16 4,SY9 5,52.65447583036302
SY17 5,SY18 6,36507.464427581384
SY17 5,SY19 7,20094.770077947458
SY17 5,SY20 8,2384.6000229691845
SY17 5,SY21 0,2600.684353100886
SY17 5,SY23 3,1878.2522360731832
SY18 6,SY23 3,11140.912746853914
SY18 6,SY23 4,8080.818535084281
SY18 6,SY25 6,845.7518778850595
SY19 7,SY20 8,11298.682382887559
SY19 7,SY20 9,24434.97221619515
SY19 7,SY21 0,15376.876291645613
SY2 5,SY2 6,4303.813361410059
SY2 5,SY3 7,135.547112615733
SY2 5,SY4 4,3692.7259713275835
SY2 5,SY5 6,42.747691477477986
SY2 6,SY3 0,1035.7995112297972
SY2 6,SY3 7,4238.1543483141895
SY2 6,SY3 9,749.9445388716358
SY2 6,SY5 6,4017.4695463595003
SY20 8,SY20 9,38876.55595638857
SY20 8,SY23 3,10216.320743223561
SY20 8,SY24 5,21371.83019227061
SY20 9,SY21 0,7973.77184368504
SY21 0,SY21 8,6078.887600844813
SY21 0,SY21 9,6474.15392894386
SY21 0,SY22 5,13969.736430588999
SY21 0,SY22 6,18802.2860736397
SY21 7,SY21 8,11528.416707948209
SY21 7,SY21 9,7002.584870477274
SY21 8,SY21 9,20546.38198919684
SY21 8,SY22 6,3738.0293942026515
SY21 8,SY5 9,20644.07630128184
SY21 9,SY22 6,24616.86824666737
SY22 5,SY22 6,25729.971357760453
SY22 6,SY5 9,12220.183204847932
SY23 1,SY23 2,3598.892523710206
SY23 1,SY23 3,3842.3882499098463
SY23 1,SY23 4,3052.116286625951
SY23 2,SY23 3,3060.358237543602
SY23 3,SY23 4,46346.327978348694
SY23 3,SY24 5,29786.536906275094
SY23 4,SY23 5,21447.33267509144
SY23 4,SY25 6,51406.6953468483
SY23 5,SY25 6,806.2918465488483
SY3 0,SY3 9,2110.0814614204974
SY3 0,SY5 6,2429.990708856054
SY3 0,SY5 7,5675.469502290374
SY3 0,SY5 8,5400.12295235418
SY3 5,SY3 8,5712.984181611131
SY3 5,SY5 8,794.9075368561171
SY3 6,SY3 7,154.86152085733536
SY3 6,SY3 9,6103.3776695467595
SY3 6,SY5 8,931.3693069734503
SY3 7,SY3 8,774.1552092579475
SY3 7,SY3 9,2030.2602062080705
SY3 8,SY3 9,1883.4415847937541
SY3 8,SY4 1,9206.813309438394
SY3 8,SY4 3,7577.140129733734
SY3 8,SY5 8,5620.759840644195
SY3 8,SY5 9,3579.401588530066
SY3 9,SY5 8,3545.819053924648
SY4 1,SY4 2,16212.943115910095
SY4 1,SY4 3,2752.386091425599
SY4 1,SY5 9,9257.55832271856
SY4 2,SY4 3,10435.485030046422
SY4 3,SY4 4,9802.267155881993
SY4 3,SY4 5,16681.213182681968
SY4 4,SY4 5,19778.567540830438
SY4 4,SY5 6,7823.352181678338
SY4 4,TF6 5,4969.373583572811
SY4 4,TF6 6,29925.860451065335
SY4 4,TF9 3,6725.708280169682
SY4 5,TF9 3,9795.15286888582
SY5 0,SY5 8,22009.74301477457
SY5 0,SY5 9,24753.771848099113
SY5 0,SY6 6,5980.490946197715
SY5 0,SY9 5,15898.732383675782
SY5 6,SY5 7,22394.75482270247
SY5 6,SY6 7,6573.040696302544
SY5 6,TF13 6,14236.792839914393
SY5 6,TF6 5,9620.025800527585
SY5 6,TF8 7,5435.2578588530305
SY5 7,SY5 8,7721.868789368744
SY5 7,SY6 6,11023.093457645906
SY5 7,SY6 7,6035.81669289598
SY5 8,SY5 9,3181.4896192901833
SY5 8,SY6 6,6269.956880456351
SY6 6,SY6 7,17829.57283401257
SY6 6,SY7 8,8710.523843450626
SY6 6,SY8 2,1668.1037218017345
SY6 6,SY9 5,6300.833639646757
SY6 7,SY7 9,6067.328075252733
SY6 7,SY8 2,1447.2128178826501
SY6 7,TF13 6,19046.595931067182
SY7 0,SY7 8,41932.51296493665
SY7 0,SY7 9,10776.960729242754
SY7 0,SY8 2,13840.92577476597
SY7 8,SY7 9,4345.370942912025
SY7 8,SY8 2,1181.6246338536655
SY7 8,SY9 5,33021.40439356268
SY7 9,SY8 2,47150.63952348997
SY7 9,TF13 6,8831.087398412494
SY7 9,WV16 6,6667.9467624989
SY8 1,SY8 2,5728.965364564285
SY8 1,SY8 4,4997.776375298737
SY8 2,SY8 3,16197.517389815976
SY8 2,SY8 4,9752.552875844478
SY8 2,WV16 6,5359.919291532445
SY8 3,SY8 4,13202.553015253807
SY8 3,WR15 8,10759.380214305316
SY8 3,WV16 6,3322.9859938727504
SY8 4,WR15 8,10013.068752402876
TA1 1,TA1 2,568.3023823771894
TA1 1,TA1 3,2367.526640323717
TA1 1,TA1 4,917.7372516501232
TA1 1,TA1 5,1511.6985177194802
TA1 1,TA2 6,1483.8830943898672
TA1 1,TA2 7,1478.1317049492893
TA1 1,TA2 8,40.244111696167245
TA1 2,TA1 3,2607.910057895793
TA1 2,TA2 8,2713.001969840745
TA1 2,TA3 5,1691.3198458915685
TA1 3,TA1 4,3244.943294633404
TA1 3,TA3 5,970.4588881769653
TA1 3,TA3 7,2412.1735118160486
TA1 4,TA1 5,3426.5375641298997
TA1 4,TA3 7,3937.8445638780727
TA1 5,TA2 6,4450.301513755373
TA1 5,TA3 7,3038.576518138427
TA1 5,TA4 1,6273.870912090256
TA10 0,TA10 9,23142.537172056964
TA10 0,TA12 6,8657.98891678457
TA10 0,TA19 0,2387.9354777489834
TA10 0,TA3 6,13163.01886513679
TA10 0,TA7 0,7254.711539024197
TA10 0,TA7 9,359.0925381366936
TA10 9,TA11 7,17466.231719317668
TA10 9,TA12 6,7651.245049124982
TA10 9,TA7 9,1889.6475392892376
TA11 6,TA11 7,35671.472604623115
TA12 6,TA13 5,15709.301906962408
TA12 6,TA14 6,3653.53248813751
TA12 6,TA19 0,3355.967469749705
TA13 5,TA14 6,2337.589180693445
TA13 5,TA16 5,3744.8211415061733
TA13 5,TA17 8,1838.5687900939913
TA13 5,TA19 0,5436.3166507351725
TA14 6,TA15 6,5972.5061602083415
TA14 6,TA16 5,1354.9291113498102
TA14 6,TA18 7,4034.8635833832836
TA16 5,TA17 8,1601.0647280376156
TA16 5,TA18 7,9893.087415160284
TA16 5,TA18 8,2488.8337583277776
TA17 8,TA18 8,3953.546565487113
TA17 8,TA19 0,8480.728837009696
TA18 7,TA18 8,8638.273189675177
TA18 8,TA19 0,1898.300013740908
TA18 8,TA20 4,11340.830426552504
TA19 0,TA19 9,18285.508720281403
TA19 0,TA20 3,3724.006474511522
TA19 0,TA20 4,13451.623426227938
TA19 0,TA3 6,153.13426166080478
TA19 9,TA20 3,5403.455706846119
TA19 9,TA3 5,2022.2820681798923
TA19 9,TA3 6,10937.059878912778
TA2 6,TA2 7,7755.904775509446
TA2 6,TA2 8,1015.8611294822432
TA2 6,TA4 1,5062.761894160814
TA2 6,TA4 3,2444.288322727428
TA2 7,TA2 8,16385.967443520974
TA2 8,TA3 5,9823.782011126259
TA2 8,TA4 3,6586.150282830295
TA2 8,TA5 2,9166.672175581776
TA2 8,TA6 6,7020.111064995832
TA2 8,TA7 0,109.28134564063652
TA20 1,TA20 2,4709.8345015151435
TA20 1,TA20 3,3979.9522739887416
TA20 1,TA20 4,3841.9506523571085
TA20 2,TA20 3,2960.4165898926285
TA20 2,TA20 4,10178.414429016995
TA20 3,TA20 4,1042.1652377717942
TA20 3,TA3 5,8056.254146992987
TA20 3,TA3 7,8567.694343815425
TA21 0,TA21 8,4352.145007394574
TA21 0,TA21 9,12582.431397099952
TA21 0,TA4 1,9077.418341331284
TA21 0,TA4 2,10326.684651196012
TA21 8,TA21 9,9635.960401523003
TA21 9,TA3 7,6250.721450936578
TA21 9,TA4 1,5020.149032323933
TA22 9,TA23 0,8928.538357384823
TA22 9,TA24 7,24943.785705327184
TA22 9,TA4 2,16705.952150801633
TA22 9,TA4 4,42.74643903370134
TA23 0,TA24 6,19881.484735078753
TA23 0,TA24 7,4897.034598930103
TA23 0,TA4 4,23514.381785906582
TA24 5,TA24 6,3096.5157421889267
TA24 5,TA24 8,5314.819056791875
TA24 6,TA24 7,5166.116548699977
TA24 6,TA24 8,4302.607240558343
TA24 6,TA4 4,3414.3588176590843
TA24 7,TA24 8,22602.13660218031
TA3 5,TA3 6,18875.72830575495
TA3 5,TA3 7,6783.021389308495
TA3 5,TA6 6,181.65393732089098
TA3 5,TA7 0,14467.993107001615
TA3 6,TA7 0,4832.207615402474
TA3 7,TA4 1,1117.5330978527793
TA4 1,TA4 2,6178.50735442364
TA4 1,TA4 3,9304.38688150364
TA4 2,TA4 3,21570.436152223676
TA4 2,TA4 4,3404.706192168305
TA4 3,TA4 4,26113.84880944058
TA4 3,TA5 1,8163.471532891764
TA4 3,TA5 2,701.2572301204449
TA4 4,TA5 1,9138.377451986453
TA5 1,TA5 2,29980.945290124204
TA5 1,TA6 7,964.2589800158948
TA5 2,TA6 3,1736.0206769278107
TA5 2,TA6 4,78.32534705259913
TA5 2,TA6 6,10928.575574521203
TA5 2,TA6 7,14782.418223582501
TA5 2,TA7 0,696.1173935723039
TA5 2,TA7 8,178.4785182327194
TA6 3,TA6 4,3.5296733283023283
TA6 3,TA6 5,97.33393456308434
TA6 3,TA6 6,1269.2698456260405
TA6 3,TA6 7,5448.386562524299
TA6 4,TA6 5,3306.1806538501687
TA6 4,TA7 8,10301.032889964159
TA6 4,TA9 3,4224.183332110055
TA6 5,TA6 6,87.62483139552748
TA6 5,TA7 0,209.71268721543493
TA6 5,TA7 8,2188.703028368905
TA6 6,TA6 7,2191.804719056848
TA6 6,TA7 0,10919.36894708947
TA7 0,TA7 8,6665.033604053058
TA7 0,TA7 9,6204.152729472476
TA7 8,TA7 9,17596.50318249156
TA7 8,TA9 3,8670.675996025142
TA7 8,TA9 4,3231.196189113863
TA8 1,TA8 2,3957.4489242193663
TA8 1,TA9 3,3566.913158404779
TA8 1,TA9 4,2092.1774474799604
TA8 2,TA9 4,7537.544886095267
TA9 3,TA9 4,11996.368010257173
TD12 4,TD15 2,31372.13895744574
TD15 1,TD15 2,3442.545164313188
TF1 1,TF1 2,5205.549549302302
TF1 1,TF1 3,2678.504052696555
TF1 1,TF1 5,808.8234971988581
TF1 2,TF1 3,1071.9706249097376
TF1 2,TF1 5,773.7581390498734
TF1 2,TF3 5,94.82206332822906
TF1 2,TF4 2,659.0591744287836
TF1 2,TF6 5,5693.65404003243
TF1 3,TF1 6,2451.7103446799047
TF1 3,TF5 0,2744.277418168496
TF1 3,TF6 5,20.68648299958384
TF1 5,TF1 6,2842.747802310412
TF1 5,TF2 0,217.20351861378936
TF1 5,TF2 6,3798.3116451448245
TF1 5,TF3 5,1703.1007571578791
TF1 6,TF2 6,804.0693814729061
TF1 6,TF5 0,188.4179032000397
TF1 6,TF6 6,5296.99283603369
TF10 7,TF10 8,6123.891340220289
TF10 7,TF10 9,5750.179180797239
TF10 8,TF10 9,13886.763795857878
TF10 8,TF2 8,1260.5644500332653
TF10 8,TF6 6,12752.243447224242
TF10 8,TF9 2,14534.021074355716
TF10 9,TF11 8,12315.960345130346
TF10 9,TF2 8,11293.46012186825
TF11 8,TF11 9,10555.662758911283
TF11 8,TF2 8,3512.3273758113796
TF11 8,TF2 9,2059.6735606322977
TF11 8,TF3 2,57.00412385393919
TF11 8,WV7 3,9726.445023912283
TF11 9,TF12 5,4056.0350447596684
TF11 9,TF3 1,1289.1164971721646
TF11 9,TF3 2,2109.090811814255
TF11 9,TF7 4,4644.536109241229
TF11 9,TF8 7,550.6776291903915
TF11 9,WV15 5,4343.179841896851
TF11 9,WV16 4,2542.924761550997
TF11 9,WV6 7,7634.060475817473
TF11 9,WV7 3,4244.763415665143
TF12 5,TF13 6,13381.20832836327
TF12 5,TF8 7,7039.467213165362
TF12 5,WV16 4,6219.718374342416
TF12 5,WV16 6,2740.2831347331685
TF13 6,TF8 7,2409.428309656609
TF13 6,WV16 6,15184.73321370221
TF2 0,TF2 6,2261.5029760147054
TF2 0,TF2 9,1211.786307078806
TF2 0,TF3 5,2014.5065266640904
TF2 6,TF2 7,3573.8962515457697
TF2 6,TF2 8,393.5363372355489
TF2 6,TF2 9,1754.6627424954054
TF2 6,TF6 6,1174.1381484995215
TF2 7,TF2 8,7706.492582753125
TF2 7,TF2 9,1020.8234500380264
TF2 8,TF2 9,2170.078670483903
TF2 8,TF6 6,3995.726712452687
TF2 9,TF3 2,1883.5272504862673
TF3 1,TF3 2,2826.51249033299
TF3 1,TF4 2,515.879939079144
TF3 1,TF4 3,4903.3886473756365
TF3 1,TF7 4,2744.006154706669
TF3 1,TF7 5,544.0016707672429
TF3 2,TF3 4,267.94961696700244
TF3 2,TF3 5,1776.052538466179
TF3 2,TF4 2,1801.0364047317598
TF3 2,TF4 3,1169.2167898791342
TF3 4,TF3 5,2442.5570678360605
TF3 4,TF4 2,1138.814833876803
TF3 5,TF4 2,2322.9599788900377
TF4 2,TF4 3,7614.296212846286
TF4 2,TF6 5,4576.864829417359
TF4 3,TF6 5,2301.895522224325
TF4 3,TF7 5,3953.490453072054
TF4 3,TF8 7,1359.5621130438392
TF5 0,TF6 5,5365.501852280946
TF5 0,TF6 6,1347.0208638985582
TF6 5,TF6 6,4846.829369226924
TF6 5,TF8 7,4990.502527963918
TF6 6,TF9 2,7013.98976981234
TF6 6,TF9 3,5184.011430863375
TF7 4,TF7 5,2743.8587236967987
TF7 4,TF8 7,2356.7591629135204
TF7 5,TF8 7,5287.281147286259
TF9 1,TF9 2,6379.488054720004
TF9 1,TF9 3,5041.27354913846
TF9 1,TF9 4,1022.6796985116337
TF9 2,TF9 3,26371.99805834243
TF9 2,TF9 4,15695.109309331023
TF9 3,TF9 4,6620.2364938049495
TN1 1,TN1 2,2215.3296510715422
TN1 1,TN2 4,462.8530312395364
TN1 1,TN2 5,1911.5983652327288
TN1 1,TN4 8,1784.6311524081138
TN1 2,TN2 3,2845.9926671790386
TN1 2,TN2 4,966.3319922908739
TN1 2,TN4 8,190.00033655041477
TN1 2,TN4 9,1858.6010199242655
TN10 3,TN10 4,5540.738156563845
TN10 3,TN11 9,5404.2396811629715
TN10 3,TN9 1,4456.7492607121185
TN10 4,TN11 0,3748.354982355747
TN10 4,TN11 9,857.0175861927628
TN10 4,TN9 1,4277.136256001537
TN11 0,TN11 9,2474.6846437306203
TN11 0,TN12 5,7854.864630368777
TN11 0,TN12 6,7366.388325073178
TN11 0,TN12 7,814.875255361925
TN11 0,TN2 4,6255.694046480278
TN11 0,TN4 0,1158.0808174693107
TN11 0,TN4 9,1783.6126218587544
TN11 0,TN9 1,2371.451066899004
TN11 0,TN9 2,3043.1826682767964
TN11 8,TN11 9,7449.90990340301
TN11 8,TN14 6,8096.979417238677
TN11 8,TN15 0,1515.3051644692719
TN11 8,TN3 0,13318.61708255468
TN11 8,TN8 7,13610.448272606449
TN11 8,TN9 2,1380.7428058216165
TN11 9,TN15 0,9496.373844680744
TN11 9,TN9 1,1353.0375664555836
TN11 9,TN9 2,2245.3291759269714
TN12 0,TN12 9,7593.919053847957
TN12 0,TN17 1,2014.9775488676719
TN12 0,TN17 2,10132.84732000214
TN12 0,TN27 9,4380.842190092452
TN12 5,TN12 6,3299.6504527172046
TN12 6,TN12 7,6059.544869560155
TN12 6,TN12 8,1913.4660953908144
TN12 6,TN12 9,4305.766451913063
TN12 7,TN12 8,6712.791754900606
TN12 7,TN2 4,4598.245893272818
TN12 7,TN3 8,6223.365798477936
TN12 8,TN12 9,5564.927708147335
TN12 8,TN17 1,7556.864653486722
TN12 8,TN3 8,3156.6603989254672
TN12 9,TN17 1,2154.5632744822515
TN13 1,TN13 2,4694.959654134657
TN13 1,TN13 3,2844.699759216102
TN13 1,TN14 6,2713.6599039420676
TN13 1,TN15 0,3719.3445444611207
TN13 2,TN13 3,2114.1847435051063
TN13 2,TN14 5,3549.1413875279463
TN13 2,TN14 6,10609.66396358786
TN13 2,TN14 7,1581.8932813095057
TN13 3,TN14 5,3602.956966783049
TN13 3,TN15 0,1898.7745860262278
TN14 5,TN14 7,16.74951268661916
TN14 5,TN15 0,1780.9349948647414
TN14 5,TN15 6,9686.111433586279
TN14 6,TN14 7,4606.430675761434
TN14 6,TN15 0,1749.1416846909221
TN14 6,TN16 1,9051.010702096364
TN14 6,TN8 7,2197.761223300659
TN14 7,TN15 6,9006.207512980605
TN14 7,TN16 1,733.0242865516835
TN14 7,TN16 2,2752.0034603878967
TN14 7,TN16 3,2258.9859465904956
TN15 0,TN15 6,4088.5888848243985
TN15 0,TN15 8,4718.965233351233
TN15 0,TN15 9,9112.074204644883
TN15 6,TN15 7,8580.894628528336
TN15 6,TN15 9,623.7482981840345
TN15 7,TN15 8,4745.648379066051
TN15 7,TN15 9,3615.104383402202
TN15 8,TN15 9,2268.799864000674
TN16 1,TN16 2,12644.388844752051
TN16 1,TN8 6,8009.66415740005
TN16 1,TN8 7,23.086709530136037
TN16 2,TN16 3,6189.545369645562
TN17 1,TN17 2,15553.790534312986
TN17 1,TN3 8,784.3366853481225
TN17 2,TN17 3,12371.167049068717
TN17 2,TN18 4,8896.863491651782
TN17 2,TN18 5,1558.555731826521
TN17 2,TN27 8,7633.724931710192
TN17 2,TN27 9,7747.260027618602
TN17 2,TN3 8,2746.14358899265
TN17 2,TN5 7,6751.656494034871
TN17 3,TN17 4,5700.51315176936
TN17 3,TN18 5,2302.8365228140774
TN17 3,TN27 8,2614.3350368920283
TN17 4,TN18 5,14496.117647529969
TN17 4,TN27 8,4473.016452906676
TN17 4,TN30 6,5901.610821682004
TN17 4,TN30 7,3191.2411995355524
TN17 4,TN31 6,1225.3190703967334
TN18 4,TN18 5,6346.204606233507
TN18 4,TN19 7,4059.4978219404748
TN18 4,TN5 7,3179.961777960483
TN18 5,TN19 7,272.5427952166785
TN18 5,TN31 6,6262.405187135923
TN18 5,TN32 5,6570.040344160305
TN19 7,TN20 6,4508.786237580717
TN19 7,TN21 8,2907.2199690831403
TN19 7,TN21 9,3991.0325952764797
TN19 7,TN32 5,18148.608302920573
TN19 7,TN5 7,16130.982052941497
TN2 3,TN2 4,5948.17270226108
TN2 3,TN3 9,4029.5881820956233
TN2 3,TN4 9,1306.8406346696927
TN2 4,TN2 5,1488.8746568609508
TN2 4,TN3 8,1629.9440332824174
TN2 4,TN3 9,5288.822451639043
TN2 4,TN4 9,1219.6982674968433
TN2 5,TN3 9,5928.020958399441
TN2 5,TN4 8,2302.029145025257
TN20 6,TN21 0,6572.106060619693
TN20 6,TN21 8,10966.623986588274
TN20 6,TN22 4,9322.6884501779
TN20 6,TN22 5,1605.459720824978
TN20 6,TN5 6,8473.801040720264
TN20 6,TN5 7,1267.5393138574025
TN20 6,TN6 3,6977.002082033422
TN21 0,TN21 8,3425.97495696026
TN21 0,TN21 9,10021.952700960703
TN21 0,TN22 5,1570.1394353620553
TN21 8,TN21 9,10595.586752801866
TN21 9,TN32 5,4763.367702769207
TN21 9,TN33 9,6908.1264520667055
TN22 1,TN22 2,6026.430079143854
TN22 1,TN22 3,2990.836563252881
TN22 1,TN22 4,1478.4774120692018
TN22 1,TN22 5,2952.0191989983614
TN22 2,TN22 3,11357.215734885849
TN22 2,TN22 4,434.5414358431268
TN22 2,TN22 5,923.8337500659062
TN22 3,TN22 4,7845.85716226367
TN22 3,TN22 5,3363.6807975401844
TN22 3,TN6 1,1633.9878843660656
TN22 3,TN7 4,3030.060227967429
TN22 4,TN22 5,4947.19054880286
TN22 4,TN6 1,1755.933503806067
TN22 4,TN6 3,8389.117470370229
TN23 1,TN23 3,1574.9303531593175
TN23 1,TN23 4,1885.0105077058722
TN23 1,TN23 6,237.0048090271207
TN23 1,TN23 7,988.6261045364013
TN23 1,TN24 0,293.34798096396923
TN23 1,TN24 8,3045.2683349385466
TN23 1,TN25 4,246.9497996990248
TN23 3,TN23 4,1471.5715649838098
TN23 3,TN23 5,5426.888501870539
TN23 3,TN23 6,2459.714546724211
TN23 3,TN25 4,2668.7276749151974
TN23 3,TN25 7,6389.710353708524
TN23 3,TN26 1,12478.230148878229
TN23 3,TN26 2,876.16774300752
TN23 4,TN23 5,5358.702740041003
TN23 4,TN23 6,91.20799874726251
TN23 4,TN23 7,2238.6908737072504
TN23 4,TN26 1,938.105909761568
TN23 5,TN23 6,759.5662746689871
TN23 5,TN26 1,4455.697134261705
TN23 6,TN23 7,1576.6309691838212
TN23 6,TN24 0,1472.1893942026636
TN24 0,TN24 8,1916.6515773847548
TN24 0,TN24 9,2389.6810786065635
TN24 0,TN25 5,2154.324096287699
TN24 0,TN25 7,4338.403578264832
TN24 8,TN24 9,1588.3566889443364
TN24 8,TN25 4,2139.396509764157
TN24 9,TN25 4,12942.510600621492
TN24 9,TN25 5,3175.045478922331
TN25 4,TN25 5,5422.1510906161875
TN25 4,TN26 1,16911.556932595286
TN25 4,TN27 0,5822.696880827764
TN25 5,TN25 6,15257.975972900575
TN25 5,TN25 7,2575.6703517639367
TN25 6,TN25 7,13138.102685572216
TN25 7,TN26 2,9056.69046184819
TN25 7,TN29 0,8095.690851165198
TN26 1,TN26 2,5893.919374868563
TN26 1,TN26 3,13680.240444910623
TN26 1,TN27 0,6444.428656501372
TN26 2,TN26 3,8501.163821114798
TN26 2,TN29 0,1703.8738676560497
TN26 2,TN29 9,17120.60150369439
TN26 2,TN30 7,6655.5989930820915
TN26 3,TN27 0,4272.845976957284
TN26 3,TN27 8,12022.415169455551
TN26 3,TN30 6,6317.478987828092
TN26 3,TN30 7,4875.481848773208
TN27 0,TN27 8,3307.9949037307897
TN27 0,TN27 9,7253.707457381024
TN27 8,TN27 9,9129.957753271476
TN27 8,TN30 6,4078.8559640779563
TN28 8,TN29 0,14170.649275021573
TN28 8,TN29 9,11890.657272216376
TN29 0,TN29 9,24230.608158068557
TN29 0,TN31 7,4998.400535882243
TN29 9,TN30 7,2950.463551552255
TN29 9,TN31 7,11367.022962675412
TN3 0,TN3 9,9762.83180386921
TN3 0,TN4 0,5569.703468507459
TN3 0,TN4 8,4527.656797917874
TN3 0,TN4 9,212.96425662662796
TN3 0,TN8 7,1612.690779068247
TN3 0,TN9 2,2589.596980297141
TN3 8,TN3 9,5667.219662518528
TN3 8,TN5 6,6485.361330027705
TN3 8,TN5 7,805.4974950829227
TN3 9,TN4 8,1999.0504117866703
TN3 9,TN5 6,8776.33203414168
TN3 9,TN6 1,5820.174166419015
TN3 9,TN6 2,3362.1544582390784
TN3 9,TN6 3,11174.696751316918
TN3 9,TN7 4,11231.828482456227
TN3 9,TN8 7,5123.875205886382
TN30 6,TN30 7,12682.918638361396
TN30 7,TN31 6,4413.286954139908
TN30 7,TN31 7,5984.466127135148
TN31 6,TN31 7,8928.477442403198
TN31 6,TN32 5,9963.778005103917
TN31 6,TN33 0,2973.200997838764
TN31 6,TN35 4,5918.376443362668
TN31 6,TN36 4,7308.51926099931
TN31 7,TN36 4,3362.246148044976
TN32 5,TN33 0,11530.39033283257
TN32 5,TN33 9,13768.728804421331
TN33 0,TN33 9,20508.235833027084
TN33 0,TN35 4,5715.4953494122
TN33 0,TN37 7,2470.814394913453
TN33 0,TN38 8,1168.494964855849
TN33 9,TN37 7,1233.822038179911
TN33 9,TN38 8,1588.7902754669226
TN33 9,TN38 9,1104.4426230235406
TN33 9,TN39 4,3600.3019745232664
TN33 9,TN39 5,12771.456047164327
TN33 9,TN40 2,1276.3388061135615
TN34 1,TN34 2,1700.4503310142609
TN34 1,TN34 3,1199.8560099279007
TN34 1,TN37 6,3072.5153791916946
TN34 2,TN34 3,2952.1786356320854
TN34 2,TN35 4,6155.629502915032
TN34 2,TN35 5,731.6322730130147
TN34 2,TN37 6,1326.3363279171622
TN34 2,TN37 7,3297.1368405540406
TN34 3,TN35 4,1111.808575669974
TN34 3,TN35 5,4525.686285906539
TN35 4,TN35 5,6076.420789306022
TN35 4,TN36 4,8618.662741364868
TN35 4,TN37 7,3688.661007787933
TN37 6,TN37 7,536.9720731660135
TN37 6,TN38 0,3421.129755816293
TN37 7,TN38 0,358.88928651523287
TN37 7,TN38 8,3039.940631661854
TN37 7,TN38 9,4226.062136779901
TN38 0,TN38 8,2166.691225149399
TN38 0,TN38 9,2194.424511440205
TN38 8,TN38 9,2501.806649081713
TN38 8,TN40 1,484.99404151944026
TN38 8,TN40 2,3278.7375696518843
TN38 9,TN40 2,114.02557055832995
TN39 3,TN39 4,7564.492853181514
TN39 3,TN40 1,1796.9233897539646
TN39 3,TN40 2,75.810482138019
TN39 4,TN39 5,7814.4572050258785
TN39 4,TN40 2,1601.5589593220902
TN39 5,TN40 2,3015.076454726879
TN4 0,TN4 9,5478.921194419453
TN4 0,TN9 2,2056.879252069174
TN4 8,TN4 9,2943.99069398591
TN40 1,TN40 2,2643.6235093567598
TN5 6,TN5 7,9693.302928903051
TN5 6,TN6 3,2758.437583078928
TN6 1,TN6 2,5886.6016969846405
TN6 1,TN6 3,4161.257577129554
TN6 1,TN7 4,8429.66486250978
TN6 2,TN6 3,5610.792228526404
TN7 4,TN8 7,5990.997581449465
TN8 5,TN8 6,6009.345407709685
TN8 5,TN8 7,5971.6192521855155
TN8 6,TN8 7,8006.443468446994
TN9 1,TN9 2,4401.94622082007
TQ1 1,TQ1 2,4675.973222470107
TQ1 1,TQ1 3,2843.042574117278
TQ1 1,TQ2 5,1158.065148947251
TQ1 2,TQ1 3,1240.7794121969098
TQ1 2,TQ2 5,0.36102566411716736
TQ1 2,TQ2 6,36.60968554972838
TQ1 2,TQ4 6,437.9085814278346
TQ1 2,TQ5 8,627.629133768143
TQ1 2,TQ5 9,1002.6878505518148
TQ1 3,TQ1 4,3921.5473396803186
TQ1 3,TQ2 5,740.0364951934489
TQ1 4,TQ12 4,2406.8883954703533
TQ1 4,TQ14 0,526.7909356701507
TQ1 4,TQ2 5,2333.2064706158426
TQ1 4,TQ2 7,2498.9849047239522
TQ1 4,TQ2 8,3862.646848695974
TQ10 9,TQ11 0,13718.828624987666
TQ10 9,TQ13 7,2021.6488458848457
TQ10 9,TQ7 4,2909.252277165054
TQ10 9,TQ9 6,6884.675024451758
TQ10 9,TQ9 7,15608.077532325797
TQ11 0,TQ13 7,15226.145498892905
TQ12 1,TQ12 2,3653.1862368718566
TQ12 1,TQ12 4,1249.350294171833
TQ12 1,TQ12 5,3504.2304020632732
TQ12 1,TQ12 6,16772.684547508783
TQ12 2,TQ12 3,260.1678447977924
TQ12 2,TQ12 4,1519.2117024976928
TQ12 2,TQ12 6,2633.0390240604597
TQ12 3,TQ12 4,242.42385154976475
TQ12 3,TQ12 6,5984.675016311288
TQ12 3,TQ13 0,3365.343418382323
TQ12 3,TQ14 9,4102.657495626357
TQ12 4,TQ12 5,4051.519232070985
TQ12 4,TQ14 0,5503.842324159038
TQ12 4,TQ2 7,1493.8814993512324
TQ12 4,TQ2 8,1786.485326277441
TQ12 5,TQ12 6,7672.789136911761
TQ12 5,TQ2 6,31.8771868898417
TQ12 5,TQ2 7,3406.273330927117
TQ12 5,TQ3 1,3815.819216692349
TQ12 5,TQ9 6,8037.721264994814
TQ12 6,TQ13 0,8920.70665351497
TQ12 6,TQ13 7,9993.787093383831
TQ12 6,TQ13 9,13650.964101585221
TQ12 6,TQ9 6,2580.2381933333418
TQ13 0,TQ13 9,7867.841900779118
TQ13 0,TQ14 9,3838.84847436422
TQ13 7,TQ13 9,20037.952621899003
TQ13 7,TQ9 6,16128.066548606737
TQ13 8,TQ13 9,18594.20296906146
TQ14 8,TQ14 9,4817.48223476512
TQ2 5,TQ2 6,2708.5823326518284
TQ2 5,TQ2 7,35.472487501810555
TQ2 6,TQ2 7,2478.0738487371655
TQ2 6,TQ3 1,5413.856768432493
TQ2 6,TQ3 2,406.3963895974466
TQ2 7,TQ2 8,2918.4595420370406
TQ3 1,TQ3 2,4201.155010072378
TQ3 1,TQ3 3,4099.575126118155
TQ3 1,TQ9 6,4997.849897844936
TQ3 2,TQ3 3,2916.7049061523
TQ3 2,TQ4 6,741.7833809086638
TQ3 3,TQ4 5,2602.809635947543
TQ3 3,TQ4 6,316.51705295004365
TQ3 3,TQ4 7,5011.463733124434
TQ3 3,TQ9 6,1090.779068274648
TQ4 5,TQ4 6,1748.0742131235963
TQ4 5,TQ4 7,2483.196135976147
TQ4 6,TQ4 7,3832.394490263372
TQ4 6,TQ5 0,4204.525505426806
TQ4 6,TQ5 8,1381.575586591367
TQ4 7,TQ5 0,1683.5214331376608
TQ4 7,TQ9 6,7354.042385154001
TQ5 0,TQ5 8,854.1147652982711
TQ5 0,TQ5 9,3211.0283674194125
TQ5 0,TQ6 0,5887.551612466663
TQ5 0,TQ9 6,938.3087876790901
TQ5 8,TQ5 9,2429.195818328597
TQ6 0,TQ6 9,9843.386138118489
TQ6 0,TQ7 2,4859.439799594445
TQ6 0,TQ9 7,10537.736691274546
TQ7 1,TQ7 2,4636.697464265241
TQ7 1,TQ7 3,3204.5051400625584
TQ7 2,TQ7 3,3772.5050787869673
TQ7 2,TQ7 4,2807.6584001125416
TQ7 2,TQ8 8,4421.953974805917
TQ7 2,TQ9 7,16664.723551044557
TQ7 3,TQ7 4,10442.86990334843
TQ7 3,TQ8 8,7693.769250765545
TQ7 4,TQ9 7,9673.66936809921
TQ9 5,TQ9 6,6675.127379973558
TQ9 5,TQ9 7,6074.599222990968
TQ9 6,TQ9 7,5447.451393856168
TR1 1,TR1 2,680.910176271616
TR1 1,TR1 3,1048.2596477486027
TR1 1,TR4 9,6557.262807014787
TR1 2,TR1 3,2519.268059330211
TR1 2,TR3 6,1877.968102396244
TR1 3,TR3 6,5473.709663845607
TR1 3,TR4 9,4355.028348484257
TR10 8,TR10 9,5802.005050674223
TR10 8,TR11 2,1110.6800491752656
TR10 8,TR11 5,2195.1023443400027
TR10 9,TR11 5,15828.112712693306
TR10 9,TR13 0,4955.4453348133875
TR10 9,TR16 6,679.1292993797524
TR10 9,TR3 7,12008.76302986533
TR11 2,TR11 3,2688.4912403136473
TR11 2,TR11 4,2814.9745784138877
TR11 2,TR11 5,138.88395902169245
TR11 3,TR11 4,3474.527104378988
TR11 4,TR11 5,6691.918369768053
TR11 5,TR12 6,4982.683883871247
TR11 5,TR12 7,9.36798145374203
TR11 5,TR13 0,5164.966403387141
TR11 5,TR3 7,2617.451956681074
TR12 6,TR12 7,22144.36623298846
TR12 6,TR13 0,4689.1077031637615
TR12 7,TR13 0,825.6125206011162
TR12 7,TR13 8,4673.88411624755
TR12 7,TR13 9,434.4788049801157
TR13 0,TR13 8,7891.783748085619
TR13 0,TR13 9,8490.83057707707
TR13 0,TR14 0,9898.222090158068
TR13 0,TR16 6,10413.098854894019
TR13 0,TR27 6,2448.1431837523814
TR13 8,TR13 9,5038.413934463068
TR13 9,TR20 9,16668.433826046086
TR13 9,TR27 6,5701.538146407854
TR14 0,TR14 7,11230.308990853779
TR14 0,TR14 8,2634.0073324280434
TR14 0,TR14 9,6198.103746899512
TR14 0,TR15 3,4357.669710559359
TR14 0,TR16 4,2843.907296517999
TR14 0,TR27 5,12808.693838840405
TR14 0,TR27 6,3048.895242612895
TR14 7,TR14 8,4050.8763031243725
TR14 7,TR14 9,5282.241190584354
TR14 7,TR27 5,572.5789416439379
TR14 8,TR14 9,582.8308813842073
TR14 8,TR15 3,1575.2397254212626
TR14 9,TR15 3,4666.689187419619
TR14 9,TR16 6,3285.112177412437
TR15 1,TR15 2,2385.254712364584
TR15 1,TR15 3,1873.9289748308033
TR15 1,TR16 4,6668.909953407434
TR15 1,TR16 5,5244.598474529133
TR15 2,TR15 3,1009.8035184306467
TR15 2,TR16 5,2098.3368895227586
TR15 2,TR16 6,3326.2550244381487
TR15 3,TR16 4,9956.906100047621
TR15 3,TR16 6,4578.546894563111
TR16 4,TR16 5,1732.8822957877019
TR16 4,TR4 8,3864.573116161936
TR16 5,TR16 6,8294.703139370975
TR16 5,TR4 8,11588.124145933592
TR16 6,TR3 7,12233.490935503347
TR16 6,TR4 8,4969.468887261405
TR17 0,TR20 8,4908.836636563493
TR17 0,TR20 9,8346.56707667928
TR17 0,TR27 6,2596.7163696556913
TR18 2,TR18 3,3467.140517048816
TR18 2,TR18 4,1912.1402174608259
TR18 3,TR18 4,1797.495831226477
TR18 3,TR18 5,1211.282097955718
TR18 3,TR20 8,7007.491511835778
TR18 4,TR18 5,1119.0347452193282
TR18 5,TR19 6,4079.393252268865
TR18 5,TR20 8,1664.4929971435795
TR19 6,TR19 7,8894.360597950938
TR19 6,TR20 8,9243.924992749055
TR19 7,TR20 8,9520.423986477921
TR19 7,TR26 3,1929.8423652190304
TR2 4,TR2 5,14981.137583927632
TR2 4,TR4 9,14006.222477430563
TR2 4,TR8 5,12069.645058877619
TR20 8,TR26 3,14123.661045556544
TR20 8,TR27 6,14959.42241216156
TR20 9,TR27 6,2721.632539487101
TR26 1,TR26 2,3351.624866398218
TR26 1,TR26 3,1363.0915507161508
TR26 2,TR26 3,9558.05146528079
TR26 3,TR27 6,5388.520101486901
TR27 4,TR27 5,9286.376760324221
TR27 4,TR27 6,2341.5414601943125
TR27 5,TR27 6,9900.558298809341
TR3 6,TR3 7,2899.3147272247575
TR3 6,TR4 8,9209.019260182919
TR3 6,TR4 9,3204.9255579676537
TR3 7,TR4 8,3871.003412845746
TR4 8,TR4 9,6357.148106197539
TR4 8,TR5 0,6240.309641432795
TR4 9,TR5 0,2698.6953721393324
TR4 9,TR6 0,10648.642483831667
TR4 9,TR8 5,12604.0940564943
TR5 0,TR6 0,3094.198244507828
TR7 1,TR7 2,4033.3012040742396
TR7 2,TR7 3,2468.8247473227416
TR7 2,TR8 4,2309.8244968895465
TR7 2,TR8 5,221.07307469624632
TR7 3,TR8 4,8793.975114234096
TR8 4,TR8 5,7832.312059475668
TR8 4,TR9 6,25861.39546916481
TR8 5,TR9 6,8825.906487991466
TS1 1,TS1 2,1208.9189993853438
TS1 1,TS1 3,77.16921811903715
TS1 1,TS2 1,1566.0082542311004
TS1 1,TS4 2,865.1273154592355
TS1 2,TS1 3,1121.2654974148836
TS1 2,TS1 4,168.00788840340084
TS1 2,TS1 5,708.4603217264322
TS1 2,TS2 1,427.00928772960856
TS1 3,TS1 4,747.8424118021057
TS1 3,TS4 2,1221.7885161184975
TS1 3,TS5 6,917.4143069553038
TS1 4,TS1 5,1516.6105951192176
TS1 4,TS5 4,607.2155345213932
TS1 4,TS5 5,189.81114260561844
TS1 4,TS5 6,666.9635872509448
TS1 5,TS2 1,2275.8627328236716
TS1 5,TS5 4,134.27142317579035
TS10 1,TS10 2,899.533144630761
TS10 1,TS10 3,1261.2601698281348
TS10 1,TS10 4,2106.5162155834373
TS10 1,TS10 5,1946.8391161770573
TS10 1,TS11 8,96.37031981302556
TS10 2,TS10 3,2774.9620888350946
TS10 2,TS10 4,1727.7094566569044
TS10 2,TS11 6,2579.6350128644085
TS10 2,TS11 8,7716.652575479207
TS10 2,TS14 6,1112.9476989863206
TS10 3,TS11 6,877.6666552701968
TS10 4,TS11 8,3149.95973578945
TS10 5,TS11 8,8540.027078775835
TS10 5,TS4 2,320.6392845899632
TS10 5,TS6 6,2159.4143775249786
TS10 5,TS6 7,1850.51707360534
TS11 6,TS11 7,3124.935863992322
TS11 6,TS11 8,3204.6230973037295
TS11 6,TS12 1,1092.2446403632289
TS11 7,TS12 1,4564.128653886302
TS11 8,TS12 1,1733.4285845030329
TS11 8,TS12 2,6639.8613824785525
TS11 8,TS14 6,9170.49354881724
TS11 8,TS14 7,2434.3521537345882
TS11 8,TS6 7,2206.419767855129
TS11 8,TS6 8,6205.031169461022
TS12 1,TS12 2,5102.571506436394
TS12 2,TS12 3,8737.789148666321
TS12 2,TS13 4,4222.400086081246
TS12 3,TS13 4,11221.794032627246
TS12 3,TS14 7,5352.812253640462
TS12 3,YO21 2,7851.965980696688
TS13 4,TS13 5,10772.855628399828
TS13 4,YO21 2,4102.980714451424
TS13 5,YO21 2,11736.971054041549
TS13 5,YO21 3,5757.893950704768
TS14 6,TS14 7,2877.196388825665
TS14 6,TS14 8,7345.330936950095
TS14 6,TS6 0,3911.38239769375
TS14 6,TS6 8,3826.0613989181725
TS14 6,TS7 0,415.62264604980834
TS14 6,TS7 9,425.43402061828846
TS14 7,TS14 8,5725.382996555079
TS14 7,TS9 6,293.1849434212954
TS14 7,YO21 2,4656.368231452602
TS14 8,TS7 0,5316.199072991717
TS14 8,TS9 6,5934.220218097124
TS15 0,TS15 9,13496.353167104624
TS15 0,TS9 5,9989.812853833226
TS15 0,TS9 7,3684.87989491604
TS15 9,TS16 0,6605.082105635447
TS15 9,TS16 9,2102.153333003167
TS15 9,TS17 0,2263.4028261186536
TS15 9,TS17 5,1002.9861389058458
TS15 9,TS8 0,4064.1076083651055
TS15 9,TS9 5,1798.4218199990178
TS16 0,TS16 9,3957.460556664149
TS16 0,TS18 3,1726.118107482557
TS16 0,TS18 5,1452.2273465298435
TS16 0,TS21 1,7262.190882902006
TS16 9,TS17 5,2645.451477574859
TS16 9,TS18 3,224.74671571593592
TS17 0,TS17 5,5532.328958830217
TS17 0,TS17 8,1343.3474884112275
TS17 0,TS17 9,2920.5649391582565
TS17 0,TS18 3,2087.7253171066277
TS17 0,TS8 0,2180.7100675130755
TS17 5,TS18 3,2641.2848954338583
TS17 6,TS17 7,3274.993993068479
TS17 6,TS17 8,842.6517783846127
TS17 6,TS18 1,409.2671802925129
TS17 6,TS18 2,1127.3922314963918
TS17 6,TS18 3,1204.3469287597463
TS17 7,TS17 8,959.5156656986942
TS17 7,TS17 9,571.3959471787414
TS17 7,TS18 2,541.8751060128418
TS17 7,TS5 4,763.7106630251438
TS17 7,TS5 8,9.850460713584491
TS17 8,TS17 9,2067.9770081119264
TS17 8,TS18 3,1189.4100775415432
TS17 9,TS5 8,2542.3035038044163
TS17 9,TS8 0,1959.2463777273026
TS17 9,TS8 9,1592.609437115858
TS18 1,TS18 2,1053.9700966521252
TS18 1,TS18 3,1628.7356019909173
TS18 1,TS18 4,183.23378602262943
TS18 1,TS19 0,530.4574863544246
TS18 2,TS19 0,564.1423057058074
TS18 2,TS20 2,4639.722595979122
TS18 2,TS23 1,2081.0387591449858
TS18 3,TS18 4,1151.9392492869752
TS18 3,TS18 5,1268.984362202854
TS18 4,TS18 5,1696.275753604634
TS18 4,TS19 0,2861.4439046835337
TS18 4,TS19 7,1880.2319701942652
TS18 5,TS19 7,6043.177854315346
TS18 5,TS21 1,3644.122794380408
TS19 0,TS19 7,1715.52677877272
TS19 0,TS19 8,2254.1860298050874
TS19 0,TS19 9,953.1548999491515
TS19 0,TS20 1,276.06947226451655
TS19 0,TS20 2,1554.6499384483845
TS19 7,TS19 8,1462.9047756195491
TS19 7,TS21 1,1899.6395699573732
TS19 8,TS19 9,2826.4114116346254
TS19 8,TS21 1,2075.6249627014313
TS19 8,TS21 3,948.6513007059534
TS19 9,TS20 1,1225.1557931146363
TS19 9,TS21 3,1024.388142566068
TS2 1,TS23 1,1653.6347005727048
TS2 1,TS23 3,1981.5985591481406
TS2 1,TS23 4,2007.0090808193281
TS2 1,TS25 1,57.68426114078691
TS2 1,TS25 2,1231.40881838125
TS2 1,TS4 2,481.71733447818906
TS2 1,TS5 4,312.0535029478509
TS20 1,TS20 2,4467.372417960732
TS20 1,TS21 3,1981.5697445141006
TS20 1,TS22 5,1649.1684842479563
TS20 1,TS23 1,489.4831450454328
TS20 2,TS23 1,2308.533522094115
TS21 1,TS21 2,8869.335874853052
TS21 1,TS21 3,8417.586107674933
TS21 2,TS21 3,16532.725899439785
TS21 3,TS21 4,6231.7303614472075
TS21 3,TS22 5,22062.25709777313
TS21 3,TS27 4,1643.0824010113065
TS21 3,TS28 5,2167.1776771171735
TS21 3,TS29 6,655.1422037721936
TS21 4,TS29 6,4360.9653481376035
TS22 5,TS23 2,2440.6232665400944
TS22 5,TS23 3,1052.6335510711733
TS22 5,TS25 2,4686.243636866244
TS22 5,TS27 3,6892.859353935297
TS22 5,TS27 4,2827.9079210666496
TS23 1,TS23 2,932.4405047556604
TS23 1,TS23 4,1671.3295431067472
TS23 2,TS23 3,3240.535509775935
TS23 2,TS23 4,1317.2497230252688
TS23 3,TS23 4,2590.4643482641395
TS23 3,TS25 2,2985.577930375549
TS24 0,TS24 7,2001.87448339709
TS24 0,TS24 8,3098.7812533002802
TS24 0,TS24 9,1890.4414090163723
TS24 0,TS25 1,51.328010463428
TS24 7,TS24 8,287.71287616020675
TS24 7,TS25 1,1689.6930660248
TS24 7,TS26 9,1188.3842720462821
TS24 8,TS24 9,1545.8460335807297
TS24 8,TS26 0,999.7863842928946
TS24 8,TS26 8,2192.0901056752937
TS24 8,TS26 9,98.72548613736836
TS24 9,TS26 0,1218.519651644095
TS24 9,TS27 3,2411.2593815376167
TS24 9,TS27 4,957.835985497737
TS25 1,TS25 2,10081.585997154441
TS25 1,TS25 3,659.535035075638
TS25 1,TS25 5,2720.5118430933708
TS25 1,TS26 9,369.9053083969939
TS25 2,TS25 3,2738.1932676416473
TS25 2,TS27 3,2631.634772988852
TS25 3,TS25 4,1957.0760782157945
TS25 3,TS25 5,1336.75983107784
TS25 3,TS27 3,394.62164996667195
TS25 4,TS25 5,1816.9222230758203
TS25 4,TS26 0,1443.2128045513668
TS25 4,TS27 3,1634.4026568889556
TS25 5,TS26 0,85.22427457914348
TS25 5,TS26 9,1708.941415910731
TS26 0,TS26 8,1789.2037662174193
TS26 0,TS26 9,880.1739383791966
TS26 0,TS27 3,7852.247292377115
TS26 8,TS26 9,1737.3074440264522
TS27 3,TS27 4,7878.035522014811
TS27 4,TS28 5,7274.223892245415
TS28 5,TS29 6,5753.0231523608845
TS3 0,TS3 7,1054.7008736638695
TS3 0,TS3 8,307.89197717259117
TS3 0,TS3 9,1382.6668496458055
TS3 0,TS4 3,439.1740101717668
TS3 0,TS6 0,704.3885086492613
TS3 0,TS7 9,2376.3159299778627
TS3 6,TS3 7,510.389471923668
TS3 6,TS3 8,11.888779795021513
TS3 6,TS3 9,1035.8048738863656
TS3 6,TS4 2,1767.8454097243052
TS3 7,TS3 8,2575.398384203399
TS3 7,TS4 2,1149.493508280846
TS3 7,TS4 3,1194.4137038234087
TS3 8,TS3 9,4170.644081116694
TS3 9,TS4 2,724.1677567799303
TS3 9,TS6 0,1966.4925153764898
TS3 9,TS6 6,594.5759190087141
TS4 2,TS4 3,1478.7848404419767
TS4 2,TS5 6,1743.7279276237864
TS4 2,TS6 6,954.2476871509384
TS4 3,TS5 6,327.93313239624456
TS4 3,TS5 7,1047.215024683641
TS4 3,TS7 8,2502.940193757124
TS4 3,TS7 9,24.016554706140628
TS4 3,TS8 9,1449.7937444861082
TS5 4,TS5 5,1742.9524578651865
TS5 4,TS5 8,1589.4450854095517
TS5 5,TS5 6,3825.7838563251744
TS5 5,TS5 7,1634.2826652138046
TS5 5,TS5 8,171.71178840225232
TS5 6,TS5 7,599.5711528223742
TS5 7,TS5 8,2074.016031219135
TS5 7,TS8 9,1257.6027565194934
TS5 8,TS8 0,3.8050131398352534
TS5 8,TS8 9,5340.555961974862
TS6 0,TS6 6,3480.8617028238286
TS6 0,TS6 8,61.110743189113215
TS6 0,TS6 9,4702.597696226922
TS6 0,TS7 9,1991.7569389067742
TS6 6,TS6 7,1931.1318208071123
TS6 6,TS6 9,675.891735567888
TS6 7,TS6 8,496.4530169753267
TS6 7,TS6 9,1910.0379596878213
TS6 8,TS6 9,1808.5791013247708
TS7 0,TS7 8,2716.7891185829467
TS7 0,TS7 9,2588.778838508395
TS7 0,TS8 0,1832.5718830394408
TS7 0,TS8 9,2258.289161932241
TS7 0,TS9 6,2280.2201972996454
TS7 8,TS7 9,858.2561855454743
TS7 8,TS8 0,1453.203610538792
TS7 8,TS8 9,4364.453956671304
TS8 0,TS8 9,13983.04395776726
TS8 0,TS9 5,7880.838169153375
TS8 0,TS9 6,1460.1775191440377
TS9 5,TS9 6,4777.406040604063
TS9 5,TS9 7,4841.711059193562
TS9 6,TS9 7,15135.171049126177
TS9 6,YO21 2,16290.702821834593
TS9 6,YO62 7,1782.8239923998854
TS9 7,YO62 5,14050.881475761364
TS9 7,YO62 7,6444.7578915727345
TW1 1,TW1 2,1450.065462346438
TW1 1,TW1 3,896.6224847589723
TW1 1,TW1 4,415.617117832854
TW1 1,TW2 7,1428.477206249977
TW1 1,TW7 7,2305.123217474667
TW1 2,TW1 3,1616.7614087912889
TW1 3,TW1 4,928.9162332542928
TW1 4,TW11 8,1849.8036640030623
TW1 4,TW2 5,2408.0988709584617
TW1 4,TW2 6,322.14018257473145
TW1 4,TW2 7,395.43828379209504
TW10 5,TW10 6,1255.9241656036909
TW10 5,TW10 7,4169.774448565329
TW10 5,TW9 1,566.9383550133473
TW10 5,TW9 2,1.1476805313664784
TW10 5,TW9 4,920.4347412911882
TW10 6,TW10 7,2348.999686348557
TW10 6,TW9 1,2110.283924475952
TW10 7,TW11 9,306.0274697680172
TW11 0,TW11 8,2257.2626681312036
TW11 0,TW11 9,1706.5803592618513
TW11 0,TW12 1,1938.068036176658
TW11 0,TW12 2,1192.478203502631
TW11 0,TW2 5,728.7491256781825
TW11 8,TW11 9,1998.6328969773765
TW11 8,TW2 5,555.7279855311662
TW12 1,TW12 2,880.4389369894104
TW12 1,TW12 3,2347.477771757142
TW12 1,TW13 6,1393.2170845585315
TW12 1,TW2 5,922.4441240753719
TW12 2,TW12 3,1614.90828723967
TW12 2,TW13 6,834.0259812748478
TW12 2,TW16 5,2383.688176013963
TW12 3,TW13 6,1675.2709021635983
TW13 4,TW13 5,365.39237398190227
TW13 4,TW13 6,152.50371900214702
TW13 4,TW13 7,3680.264736949087
TW13 4,TW14 8,1726.225718114253
TW13 4,TW14 9,1392.0468909280337
TW13 4,TW15 1,2190.3106023480177
TW13 4,TW15 2,299.8291286603863
TW13 4,TW16 7,873.6643035596045
TW13 5,TW13 6,4556.882251301809
TW13 5,TW13 7,2184.1627363153375
TW13 5,TW14 0,799.7736865051897
TW13 5,TW14 9,489.67920223444213
TW13 5,TW2 5,168.83411249491652
TW13 5,TW2 6,1485.2358887784
TW13 5,TW4 5,878.9720529138606
TW13 6,TW13 7,2093.1994970409773
TW13 6,TW16 5,1227.2135355168598
TW13 6,TW16 7,1514.047680902594
TW13 6,TW2 5,2065.5492572130142
TW14 0,TW14 9,3763.8684968573
TW14 0,TW4 5,1312.3341298263613
TW14 0,TW4 6,1548.5742413080043
TW14 0,UB3 5,849.9728235675599
TW14 0,UB7 0,4.99526595831441
TW14 8,TW14 9,2525.9008945566165
TW14 8,TW15 2,1004.6002433126695
TW14 8,TW15 3,1266.645230117494
TW14 8,TW19 7,1709.9582981841259
TW14 8,UB7 0,2051.2950147148326
TW14 9,UB7 0,1642.345297754491
TW15 1,TW15 2,2778.066950023367
TW15 1,TW16 7,2552.860507270891
TW15 1,TW17 0,1301.3153057028594
TW15 2,TW15 3,4697.181506681956
TW15 2,TW17 0,199.81030056750487
TW15 2,TW18 1,779.5013044083867
TW15 3,TW18 1,3585.232919061284
TW15 3,TW18 4,1710.1557590223806
TW15 3,TW19 7,2337.07741163824
TW16 5,TW16 6,5041.471884601429
TW16 5,TW16 7,994.0947219471107
TW16 6,TW16 7,939.0953312478678
TW16 6,TW17 0,240.0955168352271
TW16 6,TW17 8,7399.272991900133
TW16 7,TW17 0,772.6381352180733
TW17 0,TW17 8,2177.0653014893182
TW17 0,TW17 9,1852.2123275334286
TW17 0,TW18 1,5874.083378343367
TW17 8,TW17 9,3491.157766049168
TW17 9,TW18 1,570.1244775923676
TW18 1,TW18 2,6946.320872502806
TW18 1,TW18 4,1245.7929421866716
TW18 2,TW18 3,3027.519667182787
TW18 2,TW18 4,1557.3588444735867
TW18 2,TW20 8,43.434498150967954
TW18 3,TW18 4,1639.9404937886814
TW18 3,TW19 5,13.752443309900578
TW18 3,TW20 8,6221.972968887285
TW18 3,TW20 9,254.8744982488728
TW18 4,TW19 5,4445.396099077458
TW18 4,TW19 6,5716.95624690908
TW18 4,TW19 7,1702.1776821110275
TW19 5,TW20 0,1596.1854286251314
TW19 5,TW20 9,1781.38210056552
TW19 6,TW19 7,2077.6055547231754
TW19 6,UB7 0,2011.5144347028122
TW19 7,UB7 0,2335.215668671245
TW2 5,TW2 6,3371.086585276383
TW2 6,TW2 7,2078.612504155612
TW2 6,TW4 5,2453.153528989499
TW2 7,TW3 2,1759.663213894754
TW2 7,TW3 3,70.44726448223719
TW2 7,TW4 5,1112.714788248476
TW2 7,TW7 7,1786.3059856470068
TW20 0,TW20 9,5812.968299012775
TW20 8,TW20 9,2726.6064910808373
TW3 1,TW3 2,1192.428516326219
TW3 1,TW3 3,1032.4760447319507
TW3 1,TW3 4,1974.556765342816
TW3 1,TW7 4,1999.3383677770012
TW3 1,TW7 6,753.9540314690634
TW3 2,TW3 3,1875.1016465257762
TW3 2,TW4 5,50.034441299840964
TW3 2,TW7 6,798.0611538910711
TW3 2,TW7 7,1897.824982925578
TW3 3,TW3 4,1717.1506167926786
TW3 3,TW4 5,2607.0400918756995
TW3 3,TW4 7,1762.7747181228128
TW3 4,TW4 7,165.61190807006267
TW3 4,TW5 0,3395.6437351801983
TW3 4,TW5 9,282.45670873086203
TW3 4,TW7 4,925.8442881182428
TW4 5,TW4 6,1570.3372175521747
TW4 5,TW4 7,1001.6524997074754
TW4 6,TW4 7,3905.633742045508
TW4 6,TW5 9,1578.58928465919
TW4 6,UB3 5,721.1962638106718
TW4 7,TW5 9,1136.3493645578715
TW5 0,TW5 9,3162.4118225148504
TW5 0,TW7 4,1687.7115560516756
TW5 0,TW7 5,954.2590288218355
TW5 0,UB2 4,515.7771282470814
TW5 0,UB2 5,1157.4817658886784
TW5 9,UB2 5,2958.8693427502126
TW5 9,UB3 5,2061.510657008395
TW7 4,TW7 5,3818.7276551436603
TW7 4,TW7 6,450.7255279793664
TW7 5,TW7 6,2302.514258547354
TW7 5,TW8 8,2294.229404319963
TW7 5,TW8 9,2281.8672076152816
TW7 5,UB2 4,2592.0479130398603
TW7 5,W7 2,310.94862614779925
TW7 6,TW7 7,2268.5880493943114
TW7 6,TW8 8,710.1927073563731
TW8 0,TW8 8,1681.1959797849215
TW8 0,TW8 9,1640.4953814389125
TW8 0,W4 3,1295.2328146478553
TW8 0,W5 4,880.1010837380113
TW8 8,TW8 9,923.409782345226
TW8 9,W5 4,4040.887121368858
TW8 9,W7 2,597.3048279123094
TW9 1,TW9 2,2703.457375220669
TW9 2,TW9 3,2269.928252264196
TW9 2,TW9 4,1025.3263743522562
TW9 3,TW9 4,1644.0341867950126
UB1 1,UB1 2,1718.2452996123234
UB1 1,UB1 3,1096.9196107718317
UB1 1,UB2 4,334.54387684015626
UB1 1,UB2 5,1524.668756274321
UB1 1,UB3 3,1575.2459560697519
UB1 1,UB4 0,699.8736796479448
UB1 2,UB1 3,2895.2202022369024
UB1 2,UB4 0,159.86136974349745
UB1 2,UB4 9,1015.7332031151524
UB1 2,UB5 6,1085.4371808467924
UB1 2,UB6 9,2506.3110904673936
UB1 3,UB2 4,2827.31729627062
UB1 3,UB6 9,2396.8369594841333
UB1 3,W7 2,290.9704227203331
UB1 3,W7 3,2367.2176525262503
UB10 0,UB10 9,4924.8664232138035
UB10 0,UB4 8,1574.1651797497077
UB10 0,UB8 1,552.9702206766725
UB10 0,UB8 2,849.7067011159414
UB10 0,UB8 3,4069.0370389406635
UB10 8,UB10 9,1422.2930294550522
UB10 8,UB8 1,1473.4328556667556
UB10 8,UB9 5,2665.82872047888
UB10 8,UB9 6,3286.2601690994984
UB10 9,UB4 8,1655.8772991610083
UB10 9,UB5 6,997.0050273231419
UB10 9,UB8 1,1662.377229260591
UB2 4,UB2 5,3043.8007276880594
UB2 4,W7 2,1335.5469387485011
UB2 5,UB3 3,594.8202286308162
UB2 5,UB3 4,908.1517416875465
UB2 5,UB3 5,9.242561820553037
UB3 1,UB3 2,5879.813266287315
UB3 1,UB3 3,358.080395729461
UB3 1,UB3 4,3440.2977121443864
UB3 1,UB3 5,380.81900898406695
UB3 1,UB7 0,810.5190876017895
UB3 1,UB7 8,123.9328766432535
UB3 1,UB7 9,2048.146330125897
UB3 1,UB8 3,1457.332597832998
UB3 2,UB3 3,1661.8820720888068
UB3 2,UB4 0,1147.308292742594
UB3 2,UB4 8,1621.0194127764528
UB3 2,UB8 3,1856.2433967765683
UB3 3,UB3 4,937.3255333669174
UB3 3,UB4 0,1314.111181094212
UB3 4,UB3 5,1784.8000059310016
UB3 5,UB7 0,6489.366424416841
UB4 0,UB4 8,1608.381281913603
UB4 0,UB4 9,3019.8252217972044
UB4 8,UB4 9,356.0311128017465
UB4 8,UB5 6,1430.0677912111303
UB4 9,UB5 6,3248.881244835191
UB5 4,UB5 5,2887.300615710303
UB5 4,UB5 6,312.5240669774196
UB5 4,UB6 0,3080.5649088784576
UB5 4,UB6 8,1082.2782325104113
UB5 5,UB5 6,6644.3998025406945
UB5 5,UB6 8,953.6523484675535
UB5 6,UB6 8,159.16953607149264
UB5 6,UB6 9,1753.940118860634
UB6 0,UB6 7,5002.642927927935
UB6 0,UB6 8,1245.8811382328417
UB6 7,UB6 8,3330.2085122787194
UB6 8,UB6 9,2927.5602280512567
UB6 8,W13 0,970.006915544599
UB6 8,W13 8,904.400319018694
UB6 8,W5 1,1668.500543001153
UB6 8,W7 1,329.6597637346152
UB6 8,W7 3,937.9278393991774
UB6 9,W7 3,511.5353461431828
UB7 0,UB7 7,1478.390133416281
UB7 0,UB7 9,1913.9730041931368
UB7 7,UB7 8,1548.5611746346485
UB7 7,UB7 9,4556.991234680699
UB7 7,UB8 2,1489.7682603345158
UB7 7,UB8 3,45.4881819871104
UB7 8,UB7 9,1353.1317670176863
UB7 8,UB8 3,3542.7532041387185
UB8 1,UB8 2,1428.9121605100397
UB8 1,UB9 4,1294.9212496809469
UB8 1,UB9 5,6.629997435347898
UB8 2,UB8 3,4683.388237592757
UB8 2,UB9 4,967.5918986230581
UB9 4,UB9 5,6543.5692654180975
UB9 5,UB9 6,2813.3306705195323
UB9 5,WD3 9,1846.3191118145305
UB9 6,WD3 1,3662.164877107598
UB9 6,WD3 8,950.4629633987179
UB9 6,WD3 9,3365.9415232824194
W10 4,W10 5,832.1814392807614
W10 4,W9 3,1260.0846559120303
W10 5,W10 6,3066.3131059436932
W10 5,W11 1,753.9840407708257
W10 5,W12 0,307.5916385783602
W10 5,W2 5,144.523141433691
W10 5,W9 2,137.4093362026164
W10 5,W9 3,462.86776872732094
W10 6,W11 1,610.8401485747222
W10 6,W11 4,591.6100517031241
W10 6,W12 0,933.1537557345944
W10 6,W12 7,452.1188047383482
W11 1,W11 2,1162.8892188812108
W11 1,W11 4,539.4044599378078
W11 1,W2 5,942.4233642322042
W11 2,W11 3,1662.5322811286599
W11 2,W11 4,384.7269553463325
W11 2,W2 5,550.6200370512261
W11 3,W11 4,1006.4500491360012
W11 3,W14 8,830.463481400985
W11 3,W2 4,1333.8196011899304
W11 3,W2 5,68.20785809684865
W11 3,W8 7,929.6809549582904
W11 4,W12 7,472.5861107069953
W11 4,W12 8,466.7138649349575
W11 4,W14 8,675.9279697720037
W12 0,W12 7,4588.728597626709
W12 0,W12 8,58.95855409515485
W12 0,W12 9,671.4395836896377
W12 0,W3 6,30.6208301196053
W12 0,W3 7,1691.5234186417463
W12 7,W12 8,1619.22695567555
W12 8,W12 9,1100.4864196577125
W12 8,W14 0,595.8272512043959
W12 8,W14 8,216.4933478254486
W12 8,W6 0,1039.9833040898548
W12 8,W6 7,882.4953819181612
W12 9,W3 7,1107.1270748136901
W12 9,W4 1,730.8443531580602
W12 9,W6 0,1285.271189452013
W13 0,W13 8,2137.9266669683702
W13 0,W13 9,515.0335445798987
W13 0,W7 1,2299.931853699948
W13 0,W7 3,782.7779411746066
W13 8,W13 9,427.6684219670949
W13 8,W5 1,1924.2942938015692
W13 8,W5 2,1979.0908830740161
W13 9,W5 2,37.411441097659626
W13 9,W5 4,1597.2425289514565
W13 9,W5 5,1346.2942372241105
W13 9,W7 1,335.8700235803315
W13 9,W7 2,1899.5214400514312
W13 9,W7 3,174.38442103844466
W14 0,W14 8,2308.2227998458025
W14 0,W14 9,860.2501947481849
W14 0,W6 7,1681.8421496503265
W14 0,W6 8,104.8330367053772
W14 8,W14 9,436.7119731189588
W14 8,W8 6,820.2482609780942
W14 8,W8 7,732.9317204954116
W14 9,W6 8,1779.6667888410038
W1B 1,W1F 7,539.6176501281218
W1B 1,W1G 7,551.6357366633312
W1B 1,W1G 9,450.0578031802319
W1B 1,W1K 5,135.5058561551472
W1B 1,W1U 1,153.7350723335037
W1B 1,W1W 5,409.81137762686654
W1B 1,W1W 6,565.1728265047553
W1B 1,W1W 7,400.8259237871772
W1B 5,W1D 6,100.47798722711862
W1B 5,W1F 0,548.735760558889
W1B 5,W1F 7,25.000800007330902
W1B 5,W1J 8,302.6727678427202
W1B 5,W1S 2,552.8956558312882
W1D 3,W1D 4,542.6992131870585
W1D 3,W1F 0,107.3770306017781
W1D 3,W1F 7,305.33517554808606
W1D 3,W1F 8,397.39400356387955
W1D 3,W1T 1,178.022334004954
W1D 3,W1T 3,426.5069281016895
W1D 3,WC1B 3,85.90120631134272
W1D 3,WC2H 0,118.86965188521843
W1D 4,W1D 6,505.5581967694146
W1D 4,W1F 0,312.92749627668525
W1D 4,WC2H 0,224.54022379167236
W1D 4,WC2H 7,66.31128925532644
W1D 6,W1F 0,159.8780560969331
W1D 6,WC2H 0,19.73960903835784
W1D 6,WC2H 7,273.92017948450933
W1F 0,W1F 7,515.8421788593474
W1F 0,W1F 8,255.68261752947038
W1F 7,W1F 8,152.798810821585
W1F 7,W1K 3,151.11297364551655
W1F 7,W1K 5,360.59609223403646
W1F 7,W1S 2,971.3547458163504
W1F 7,W1T 3,81.85000628561652
W1F 7,W1W 7,251.6337235184298
W1G 6,W1G 7,934.0035475662073
W1G 6,W1G 8,995.2959074203104
W1G 6,W1U 4,407.9137212324409
W1G 6,W1U 5,433.8211880287812
W1G 6,W1W 6,22.877724520424426
W1G 7,W1W 6,353.47191884857745
W1G 8,W1G 9,727.1597825712646
W1G 8,W1U 3,60.438887477447885
W1G 8,W1U 4,133.52727792773157
W1G 8,W1U 5,37.601716701783864
W1G 8,W1W 6,34.70936664604303
W1G 9,W1U 1,580.1392000951673
W1G 9,W1U 3,460.4743162339384
W1G 9,W1W 6,38.9317726410306
W1H 1,W1H 2,684.4193820199814
W1H 1,W1H 4,520.4080178853237
W1H 1,W1U 6,166.50587710730625
W1H 2,W1H 4,249.05542789545683
W1H 2,W1H 5,704.2302953034648
W1H 2,W1H 7,405.61522795875675
W1H 2,W1U 6,113.49477278708342
W1H 2,W1U 8,274.28008346004566
W1H 5,W1H 7,102.44149615181789
W1H 5,W2 1,66.32501098206708
W1H 5,W2 2,400.2745950419205
W1H 7,W1K 7,170.45736483921573
W1H 7,W1U 3,95.11316019536841
W1H 7,W1U 8,505.17328067450035
W1H 7,W2 2,277.69680241659955
W1J 5,W1J 7,272.68150986950815
W1J 5,W1J 8,355.68233351373965
W1J 5,W1K 1,316.1972274097168
W1J 5,W1K 2,317.8327648231665
W1J 5,W1K 3,56.74120038160123
W1J 7,W1J 8,526.3927359603102
W1J 7,W1K 1,271.16708764258317
W1J 8,W1K 3,136.9896825326496
W1J 8,W1S 2,632.8624987292403
W1K 1,W1K 2,863.1265464832364
W1K 2,W1K 3,563.5056924319142
W1K 2,W1K 4,421.28264612470247
W1K 2,W1K 7,377.3264863056819
W1K 3,W1K 4,99.67951126301026
W1K 3,W1K 5,411.58421032332166
W1K 3,W1S 2,394.1590218697646
W1K 4,W1K 5,318.63421219373214
W1K 4,W1K 6,600.5777467054108
W1K 4,W1K 7,391.85019221061657
W1K 5,W1K 6,190.623527375207
W1K 5,W1U 1,266.68894436863843
W1K 6,W1K 7,147.06683763747665
W1K 6,W1U 1,44.370638054602594
W1K 6,W1U 3,324.14301080519726
W1T 1,W1T 2,530.8994732072379
W1T 1,W1T 3,968.2131468932814
W1T 1,W1T 4,33.66756954722382
W1T 1,W1W 7,88.85420546706071
W1T 1,WC1B 3,169.31000743569476
W1T 1,WC1E 7,134.72857931572224
W1T 2,W1T 4,491.088195691736
W1T 2,W1T 5,227.69262557163026
W1T 2,WC1E 6,201.73359969751013
W1T 2,WC1E 7,226.20849525383989
W1T 3,W1T 4,100.71440974213633
W1T 3,W1W 7,550.0695717775563
W1T 4,W1T 5,223.5099198919827
W1T 4,W1T 6,260.584164691551
W1T 4,W1W 6,127.75743883745704
W1T 4,W1W 7,32.697496706600006
W1T 5,W1T 6,685.7702011433146
W1T 5,WC1E 6,640.4774731785651
W1T 5,WC1H 0,71.63787993119361
W1T 6,W1W 5,396.72128778304796
W1T 6,W1W 6,275.5149380408229
W1U 1,W1U 3,191.17030497774644
W1U 3,W1U 4,239.65170447335075
W1U 3,W1U 7,283.33969819368485
W1U 3,W1U 8,653.7305025245765
W1U 4,W1U 5,377.35925542181667
W1U 4,W1U 6,316.8887607721837
W1U 4,W1U 7,369.40201957943196
W1U 5,W1U 6,210.57595284562888
W1U 6,W1U 7,1.0857297086025952
W1U 6,W1U 8,315.392745704351
W1U 7,W1U 8,151.52916551282934
W1W 5,W1W 6,643.4509094077828
W1W 6,W1W 7,784.6522034410025
W2 1,W2 2,1016.3650783457194
W2 1,W2 3,815.6976324000917
W2 1,W2 6,800.1114451027146
W2 1,W9 1,986.88540209648
W2 1,W9 2,211.77553523972395
W2 2,W2 3,347.3437554614545
W2 3,W2 4,480.1632817857619
W2 3,W2 6,1360.7209479284516
W2 4,W2 5,560.6898168965536
W2 4,W2 6,386.23401322206263
W2 4,W8 4,525.3722760591758
W2 4,W8 7,127.84997108680486
W2 5,W2 6,1000.7102111774974
W2 5,W9 2,948.3388328178281
W2 5,W9 3,619.4288772513313
W2 6,W9 2,592.5845774177335
W3 0,W3 6,1623.806326854029
W3 0,W3 9,1762.0123675420925
W3 0,W5 3,2262.454111908916
W3 6,W3 7,2379.400803333398
W3 6,W3 8,629.3230977862627
W3 6,W3 9,1843.6847358832276
W3 7,W3 8,293.8399285440431
W3 7,W4 1,842.8743847593132
W3 7,W4 5,409.61090296465954
W3 8,W3 9,2217.5534352832688
W3 8,W4 4,369.13373622201664
W3 8,W4 5,2558.4474593344603
W3 8,W5 4,909.2759080051533
W3 9,W5 3,2306.74947196817
W3 9,W5 4,743.3976811426671
W4 1,W4 2,1769.4941894171873
W4 1,W4 5,1930.1512621704123
W4 1,W6 0,594.1362104182678
W4 2,W4 3,2193.115809871613
W4 2,W4 4,935.1674108674474
W4 2,W4 5,368.9138175029243
W4 2,W6 0,37.3527089944519
W4 2,W6 9,543.5640154219122
W4 3,W4 4,1779.2921169780502
W4 3,W5 4,127.86976738882248
W4 4,W4 5,2492.329385879131
W4 4,W5 4,202.97006749751262
W5 1,W5 2,2581.5340158711037
W5 1,W5 3,842.2218243230872
W5 2,W5 3,3941.9875377539274
W5 2,W5 5,874.9479110686897
W5 3,W5 4,1429.5790282642374
W5 3,W5 5,1495.147153426026
W5 4,W5 5,980.6569221018636
W5 4,W7 2,139.34263370855595
W6 0,W6 7,1228.8918863568645
W6 0,W6 9,2096.7563612670074
W6 7,W6 8,946.1595320066267
W6 7,W6 9,387.14010948212507
W6 8,W6 9,1227.2449253843995
W7 1,W7 2,327.84163538455334
W7 1,W7 3,3321.5789813716956
W7 2,W7 3,2427.938618334993
W8 4,W8 5,625.3280136836656
W8 4,W8 7,1193.4654736907564
W8 5,W8 6,939.1557133114975
W8 5,W8 7,65.11852530643681
W8 6,W8 7,610.0882318176617
W9 1,W9 2,1562.5671401820134
W9 2,W9 3,1985.816781279926
WA1 1,WA1 2,1044.83272445967
WA1 1,WA2 7,1120.0589089334783
WA1 1,WA4 6,26.248667140715046
WA1 1,WA5 1,2445.417358234201
WA1 2,WA1 3,2428.4924008701037
WA1 2,WA2 7,1507.5991119726166
WA1 2,WA4 1,1021.0757464180136
WA1 3,WA1 4,4871.29905702051
WA1 3,WA2 0,1183.3947525578383
WA1 3,WA2 7,1999.6123754151108
WA1 3,WA2 8,32.28787675033209
WA1 3,WA4 1,2219.1342021438077
WA1 4,WA13 0,565.9320037067178
WA1 4,WA13 9,1661.0115699297617
WA1 4,WA2 0,2462.556486444691
WA1 4,WA3 6,6635.888136660359
WA1 4,WA4 1,1414.488055810277
WA1 4,WA4 2,1798.0209049732566
WA10 1,WA10 2,1631.0632051145897
WA10 1,WA10 3,580.6845070102052
WA10 1,WA11 9,719.1905707145373
WA10 1,WA9 1,1426.3162719688703
WA10 2,WA10 3,2411.8543560000144
WA10 2,WA10 4,1833.4756798193398
WA10 2,WA10 6,2654.139938412423
WA10 2,WA11 7,499.15934870713664
WA10 2,WA11 9,1742.3262305649364
WA10 3,WA10 4,1329.9162661326477
WA10 3,WA10 5,965.8366016163055
WA10 3,WA9 1,2.25312338711126
WA10 3,WA9 5,4029.451697986953
WA10 4,WA10 5,3760.8936635675823
WA10 4,WA10 6,2791.393273956831
WA10 5,WA10 6,2780.8106523084894
WA10 6,WA11 7,6414.491471394372
WA11 0,WA11 9,8500.938884141577
WA11 0,WA12 0,2501.141764249406
WA11 0,WA12 9,3265.1328700923277
WA11 0,WA3 1,1096.4881538110362
WA11 0,WA3 3,2043.828138709061
WA11 0,WA5 4,214.39955597476626
WA11 0,WA9 1,142.95112051365626
WA11 0,WA9 2,1980.1769196183782
WA11 0,WN4 0,1601.4307042991418
WA11 0,WN4 9,1783.4166382484723
WA11 7,WA11 8,13715.703819822627
WA11 7,WA11 9,1722.7984704587998
WA11 7,WN4 0,533.398221508425
WA11 7,WN5 7,2239.1838264324274
WA11 7,WN8 0,1161.8984062804122
WA11 7,WN8 9,1046.0047711768227
WA11 8,WN5 7,4222.029192095818
WA11 8,WN8 0,439.04332407295357
WA11 8,WN8 9,2456.2811057562903
WA11 9,WA9 1,1874.167582615403
WA11 9,WN4 0,4278.085303925092
WA11 9,WN4 9,52.574425759735334
WA12 0,WA12 8,4126.972656746013
WA12 0,WA12 9,4652.68463001057
WA12 0,WA2 8,2466.492989498647
WA12 0,WA3 1,3861.1957441315412
WA12 0,WA3 7,831.0314741728262
WA12 8,WA12 9,3975.4194488452254
WA12 8,WA2 8,2658.3794216456695
WA12 8,WA3 1,440.31882685345533
WA12 8,WA5 4,1561.2721714379609
WA12 9,WA5 4,2933.6221975306453
WA13 0,WA13 9,14581.472470428496
WA13 0,WA14 3,1503.800435929299
WA13 0,WA14 4,3238.7169604596315
WA13 0,WA16 0,7435.147046517159
WA13 0,WA4 2,3225.6370786512257
WA13 0,WA4 3,1201.7154884876973
WA13 9,WA14 4,1341.6131453731814
WA13 9,WA14 5,2536.538852817401
WA13 9,WA3 6,2611.257771867766
WA14 1,WA14 2,849.8241796950655
WA14 1,WA14 4,2700.484982876053
WA14 1,WA14 5,1271.5081311725028
WA14 1,WA15 6,711.9209129886542
WA14 1,WA15 7,141.65027223421208
WA14 1,WA15 8,588.7456393646779
WA14 1,WA15 9,384.9992615333214
WA14 2,WA14 3,4844.687904101318
WA14 2,WA14 4,2213.2299784441475
WA14 2,WA15 9,2117.751073901836
WA14 3,WA14 4,5655.390748111464
WA14 3,WA15 0,3513.214278828135
WA14 3,WA15 9,477.3615468062203
WA14 3,WA16 0,1276.8264937735466
WA14 3,WA16 6,4400.522996796202
WA14 4,WA14 5,10966.796623297243
WA14 4,WA15 9,114.30201939302452
WA14 4,WA16 6,838.8583320881509
WA14 5,WA15 6,979.3434945484958
WA15 0,WA15 8,3370.330318471687
WA15 0,WA15 9,3179.74122992627
WA15 0,WA16 6,7233.947838501002
WA15 0,WA16 7,1350.0285843999684
WA15 6,WA15 7,4537.443157041661
WA15 6,WA15 8,1464.5883754528234
WA15 7,WA15 8,3545.472545782377
WA15 7,WA15 9,20.785623036206545
WA15 8,WA15 9,3381.3003500255995
WA16 0,WA16 6,15990.744292430576
WA16 0,WA16 9,10366.09233640316
WA16 0,WA4 3,2104.992854251556
WA16 6,WA16 7,10526.19222394345
WA16 6,WA16 8,4968.019575167218
WA16 6,WA16 9,187.20059428661256
WA16 8,WA16 9,12861.285184192147
WA2 0,WA2 8,4883.079481283666
WA2 0,WA2 9,4668.197590780912
WA2 0,WA3 6,163.77958205575783
WA2 0,WA3 7,2149.294722019031
WA2 0,WA5 0,812.5672731595915
WA2 0,WA5 4,0.652699011874618
WA2 0,WA5 9,1213.1509147171062
WA2 7,WA2 8,1778.5225548117082
WA2 7,WA5 0,1734.6319401838011
WA2 7,WA5 1,201.68925386405908
WA2 8,WA2 9,2831.5294207564684
WA2 8,WA3 7,2481.616968819469
WA2 8,WA5 0,958.4149758896474
WA2 8,WA5 4,1745.566088600524
WA2 9,WA5 0,785.5862907160559
WA3 1,WA3 2,7131.463669933433
WA3 1,WA3 3,3084.6800798390195
WA3 1,WA3 4,998.739181735729
WA3 1,WA3 7,1968.2827040074599
WA3 1,WN7 3,4965.500882588349
WA3 1,WN7 4,1572.0718921734292
WA3 2,WA3 3,8181.573817273412
WA3 2,WA3 4,739.9466580622442
WA3 2,WA3 7,943.378792366271
WA3 3,WN2 5,3411.8717265210817
WA3 3,WN4 8,1902.9547148801007
WA3 3,WN4 9,953.3719531316092
WA3 3,WN7 4,1055.4950502468873
WA3 4,WA3 5,7475.5891370311465
WA3 4,WA3 6,1041.13431408428
WA3 4,WA3 7,1481.6160482412088
WA3 4,WN7 3,438.82189286507923
WA3 5,WA3 6,9349.784772063356
WA3 5,WN7 3,2558.166309726549
WA3 6,WA3 7,11246.588107882106
WA4 1,WA4 2,3312.073751224196
WA4 1,WA4 6,2161.677431186853
WA4 2,WA4 3,9522.954726443253
WA4 2,WA4 6,1649.032400152239
WA4 3,WA4 4,6174.948490879579
WA4 3,WA4 5,8103.577708260066
WA4 3,WA4 6,141.91853672111944
WA4 4,WA4 5,11482.19951998936
WA4 4,WA4 6,2577.976503192906
WA4 4,WA7 1,2223.6317302635402
WA4 4,WA7 3,10791.833188846034
WA4 5,WA4 6,4074.330510480688
WA4 6,WA5 1,618.5763262810212
WA4 6,WA5 2,4354.636398678531
WA4 6,WA7 1,1795.6984043070468
WA5 0,WA5 1,1660.4617760976519
WA5 0,WA5 9,2319.2767726212055
WA5 1,WA5 2,4897.432788908304
WA5 1,WA5 3,2346.2480895158783
WA5 1,WA5 8,311.4493221630174
WA5 1,WA5 9,265.37454873271247
WA5 2,WA5 3,1863.7622715596306
WA5 2,WA7 1,445.39820591216886
WA5 2,WA7 2,95.5977650891404
WA5 2,WA8 0,1058.769066968272
WA5 2,WA8 3,3531.940821724476
WA5 3,WA5 7,2166.444129242926
WA5 3,WA5 8,5017.658126958078
WA5 3,WA8 3,2146.617981351942
WA5 4,WA5 7,2982.7416323702796
WA5 4,WA5 9,475.05077806893587
WA5 4,WA8 3,3793.0808140134177
WA5 4,WA9 2,1108.1118364077856
WA5 4,WA9 3,716.5859407686015
WA5 4,WA9 4,2026.1982111717846
WA5 7,WA5 8,1095.3202768690915
WA5 7,WA5 9,1304.4010749495365
WA5 7,WA8 3,186.07328408209503
WA5 8,WA5 9,2640.8845024616517
WA6 0,WA6 6,609.2672161140565
WA6 0,WA6 7,2708.5128681111737
WA6 0,WA6 9,8596.647299548205
WA6 6,WA6 7,8166.770098739898
WA6 6,WA6 8,12098.432481566599
WA6 6,WA6 9,16617.120209557528
WA6 6,WA7 3,1323.3173184701222
WA6 7,WA7 3,3490.566159092572
WA6 7,WA7 4,2653.4316764943596
WA6 8,WA7 3,3429.750566959328
WA7 1,WA7 2,2554.794484716627
WA7 1,WA7 3,2012.578785841137
WA7 1,WA7 4,1957.7764955847674
WA7 1,WA7 5,1862.4473080452217
WA7 1,WA7 6,4148.873185327273
WA7 2,WA7 3,1318.406167286697
WA7 2,WA7 4,1373.314318529285
WA7 2,WA7 5,6060.320097697783
WA7 2,WA7 6,4722.681783281417
WA7 3,WA7 4,4090.05675089503
WA7 3,WA7 6,3384.261874154461
WA7 4,WA7 5,2710.2386280814408
WA8 0,WA8 3,2382.862995464072
WA8 0,WA8 6,2335.6815102146975
WA8 0,WA8 7,4118.185350973854
WA8 0,WA8 8,2193.964892142692
WA8 3,WA8 5,2717.093947505798
WA8 3,WA8 6,1024.2946939064977
WA8 3,WA8 9,2000.6747082843922
WA8 3,WA9 4,6445.40629479725
WA8 4,WA8 5,3060.342474433441
WA8 4,WA8 7,1296.8714129997268
WA8 4,WA8 8,360.81774886754147
WA8 4,WA8 9,1578.5770199645842
WA8 5,WA8 9,3925.5212942170074
WA8 6,WA8 7,2752.3928901648796
WA8 6,WA8 9,1087.971752728956
WA8 7,WA8 8,3715.131221127538
WA8 7,WA8 9,1644.666983724949
WA9 1,WA9 2,1638.7753316036594
WA9 1,WA9 3,2403.836966614966
WA9 1,WA9 5,385.41361732809605
WA9 2,WA9 3,1899.9383540909453
WA9 3,WA9 4,3285.102768655303
WA9 3,WA9 5,2667.648709425259
WA9 4,WA9 5,4168.179392812278
WC1A 1,WC1A 2,194.97081783291094
WC1A 1,WC1B 3,209.721033203786
WC1A 1,WC1B 5,91.34021791351311
WC1A 1,WC1R 4,70.61653012475392
WC1A 1,WC2B 5,109.80726579550111
WC1A 1,WC2H 8,249.11121765773166
WC1A 2,WC1R 4,187.8302323759552
WC1A 2,WC2B 5,223.1507783208495
WC1B 3,WC1B 5,411.82099478840365
WC1B 3,WC1E 6,436.82352331507775
WC1B 3,WC1E 7,1257.0747670819444
WC1B 3,WC1H 0,80.42293289799537
WC1B 3,WC1H 9,219.07058969650433
WC1B 3,WC1N 1,712.0658644766249
WC1B 3,WC1N 3,162.43549042952867
WC1B 3,WC2H 0,73.9002425031045
WC1B 3,WC2H 8,329.1823059210461
WC1B 5,WC1N 3,523.9128970497715
WC1B 5,WC1R 4,451.95223006544404
WC1E 6,WC1E 7,826.92449908397
WC1E 6,WC1H 0,395.50890279687434
WC1H 0,WC1H 9,348.80526674440745
WC1H 8,WC1H 9,637.9925630884759
WC1H 8,WC1N 1,243.948327044956
WC1H 8,WC1N 2,478.80358490147427
WC1H 8,WC1X 8,394.9622151111899
WC1H 8,WC1X 9,293.5069045569335
WC1H 9,WC1N 1,680.9294539521352
WC1N 1,WC1N 2,445.8716403579483
WC1N 1,WC1N 3,453.86510857504356
WC1N 2,WC1N 3,421.4438127962949
WC1N 2,WC1X 0,768.0092974715363
WC1N 2,WC1X 8,446.25350763828453
WC1N 2,WC1X 9,61.18174797314688
WC1N 2,WC2A 1,63.325255072819026
WC1N 3,WC1R 4,352.3554881368473
WC1N 3,WC2A 1,58.658913431544455
WC1R 4,WC2A 1,590.3535320544798
WC1R 4,WC2B 5,139.49412842794408
WC1V 7,WC2B 5,304.11493149256466
WC1V 7,WC2H 8,137.8391844762237
WC1V 7,WC2H 9,481.9263865006768
WC1X 0,WC1X 8,310.2381540645727
WC1X 0,WC1X 9,1073.3583092508993
WC1X 8,WC1X 9,126.78620448797466
WC2A 1,WC2A 2,609.2751031865671
WC2A 1,WC2B 5,523.7221975854216
WC2A 2,WC2B 5,134.92062803221697
WC2A 2,WC2E 7,232.10920687665865
WC2A 2,WC2R 1,239.32330107579497
WC2B 4,WC2B 5,542.329178231207
WC2B 5,WC2E 7,363.50559554592667
WC2B 5,WC2E 9,437.5492807071418
WC2B 5,WC2H 8,70.15254961100973
WC2B 5,WC2H 9,75.76068408384903
WC2E 7,WC2E 9,514.8147434754991
WC2E 7,WC2N 4,122.94731742312965
WC2E 7,WC2N 6,902.5515714686542
WC2E 7,WC2R 1,472.89060186675107
WC2E 9,WC2H 9,243.4726678718054
WC2E 9,WC2N 4,275.8549949624793
WC2H 0,WC2H 7,768.645584334055
WC2H 0,WC2H 8,280.14746625748853
WC2H 0,WC2H 9,647.9300057730263
WC2H 0,WC2N 4,276.8292657865623
WC2H 7,WC2H 9,88.43729056874695
WC2H 7,WC2N 4,114.60736213512934
WC2H 8,WC2H 9,168.11075057283787
WC2H 9,WC2N 4,77.54074203103234
WC2N 4,WC2N 5,294.28631599266333
WC2N 4,WC2N 6,326.56680519171977
WC2N 5,WC2N 6,167.38226950076967
WC2N 6,WC2R 1,335.6150906839997
WD17 1,WD17 2,1171.1761199390453
WD17 1,WD17 3,195.41795032583389
WD17 1,WD17 4,1619.9945791739337
WD17 1,WD18 0,927.9874684727783
WD17 1,WD24 4,103.66774245131705
WD17 1,WD24 5,960.8001139365863
WD17 2,WD18 0,1723.0062660242484
WD17 2,WD23 2,601.9481120716198
WD17 2,WD24 4,819.0133327558074
WD17 3,WD17 4,3335.529360054154
WD17 3,WD18 0,122.45856289201251
WD17 3,WD18 7,3304.173198712363
WD17 3,WD3 3,711.7324779350383
WD17 3,WD3 4,4145.817506191023
WD17 4,WD24 5,2778.354789177669
WD17 4,WD25 7,446.08619440340317
WD17 4,WD4 8,147.34692098547833
WD18 0,WD18 6,1091.5734523595963
WD18 0,WD18 7,3264.2994333707343
WD18 0,WD19 4,1360.390270856222
WD18 0,WD23 2,475.5421080136197
WD18 6,WD18 7,1687.9421191080773
WD18 6,WD18 8,1140.411750918154
WD18 6,WD19 4,1962.0801899707515
WD18 6,WD3 3,521.8470825628306
WD18 7,WD3 3,648.461018233729
WD18 8,WD3 1,1198.3235383575059
WD18 8,WD3 3,1707.8286684031768
WD19 4,WD19 5,1725.6389912401492
WD19 4,WD19 7,2115.8417300464034
WD19 4,WD23 1,975.2146779954692
WD19 4,WD23 2,1313.3712844248587
WD19 5,WD19 6,1303.5447079515839
WD19 5,WD19 7,455.94498100327064
WD19 5,WD23 1,1890.7402589559692
WD19 6,WD19 7,2628.7744716407005
WD23 1,WD23 2,599.452524926795
WD23 1,WD23 3,1575.9358978131932
WD23 1,WD23 4,4582.220923790043
WD23 1,WD6 3,376.3865762597011
WD23 2,WD23 3,2410.133447173443
WD23 2,WD24 4,1516.0453822289903
WD23 2,WD24 7,915.7068265901173
WD23 2,WD25 8,2730.5004508459842
WD23 2,WD25 9,71.99549526192523
WD23 3,WD23 4,4161.117665173945
WD23 3,WD25 8,1625.1606509420103
WD23 4,WD25 8,1201.2386597993136
WD23 4,WD6 3,3420.0168679729713
WD24 4,WD24 5,1222.2623013678833
WD24 4,WD24 6,217.08224849530552
WD24 4,WD24 7,1591.7240638174578
WD24 5,WD24 6,2691.7989684811955
WD24 5,WD25 0,510.81454161023237
WD24 5,WD25 7,583.1260504001083
WD24 6,WD24 7,1337.1788642887934
WD24 6,WD25 0,997.7446993032971
WD24 7,WD25 0,71.71103675811398
WD24 7,WD25 9,1578.9176700530406
WD25 0,WD25 7,4161.566147718901
WD25 0,WD25 9,3189.237693026625
WD25 0,WD5 0,1756.9045832764336
WD25 7,WD25 9,1346.8192358541194
WD25 7,WD4 8,2414.526761063783
WD25 7,WD5 0,2127.6961133858504
WD25 8,WD25 9,2233.3343338714094
WD25 8,WD6 3,7058.399296358997
WD25 8,WD7 8,3583.8944726087225
WD25 8,WD7 9,443.87854923449004
WD3 1,WD3 3,1228.0221236363275
WD3 1,WD3 4,1588.4118849045396
WD3 1,WD3 7,1807.2860582699473
WD3 1,WD3 8,973.5779302759198
WD3 3,WD3 4,5096.795625709855
WD3 4,WD3 5,7134.037141861117
WD3 4,WD3 6,1112.4891677406072
WD3 4,WD3 7,1915.8664711475792
WD3 4,WD3 8,101.93284365460372
WD3 4,WD4 8,3334.1544984241514
WD3 4,WD4 9,6784.40940034011
WD3 5,WD3 6,5527.269650107025
WD3 5,WD3 8,1853.2219648655098
WD3 5,WD3 9,2624.2503264323273
WD3 6,WD4 9,12803.833183684283
WD3 7,WD3 8,3656.6730961822036
WD3 8,WD3 9,1800.3649773807383
WD4 8,WD4 9,6991.874286352357
WD4 8,WD5 0,5857.60799776356
WD6 1,WD6 2,6546.4160890269195
WD6 1,WD6 3,280.8122593146611
WD6 1,WD6 4,2551.3142955057842
WD6 1,WD6 5,3555.269926048129
WD6 2,WD6 3,1158.2151419266065
WD6 2,WD6 5,397.4504987194138
WD6 3,WD6 4,1067.5526661234514
WD6 3,WD7 8,6682.902886539334
WD6 4,WD6 5,2758.37963988246
WD6 4,WD7 8,2650.5035478384934
WD6 4,WD7 9,992.2837904087007
WD6 5,WD7 9,3756.507484252478
WD7 7,WD7 8,3239.9435734436493
WD7 7,WD7 9,4065.6203151486266
WD7 8,WD7 9,1907.605183241861
WF1 1,WF1 3,669.5002604047158
WF1 1,WF1 4,1795.3979048458168
WF1 1,WF1 5,449.0462725407229
WF1 1,WF2 7,548.7103505960918
WF1 1,WF2 8,517.0308437853918
WF1 1,WF2 9,940.969257622465
WF1 2,WF1 3,6378.331079478751
WF1 2,WF2 0,5393.770256631771
WF1 2,WF2 9,1761.0192172330335
WF1 2,WF3 3,1819.2166048296951
WF1 3,WF1 4,3815.079902402647
WF1 3,WF3 3,824.5283055411776
WF1 3,WF3 4,3136.9637046120797
WF1 4,WF1 5,4834.493829593683
WF1 4,WF3 4,2682.573202653787
WF1 4,WF6 2,766.485286869394
WF1 5,WF2 6,835.4839190412754
WF1 5,WF2 7,2973.604087312213
WF1 5,WF4 1,6339.2086719901245
WF1 5,WF6 1,3453.968433463963
WF1 5,WF6 2,3041.909477400921
WF1 5,WF7 6,818.825750365264
WF10 1,WF10 2,986.8437088384799
WF10 1,WF10 4,273.92689559299095
WF10 1,WF10 5,3621.680876284166
WF10 2,WF10 3,4485.314756490325
WF10 2,WF10 4,2871.578375550988
WF10 2,WF11 8,586.8647573556987
WF10 2,WF11 9,2436.689242075971
WF10 3,WF10 4,4496.8628712324535
WF10 3,WF11 8,2184.8083334334633
WF10 3,WF8 1,903.3658719594716
WF10 3,WF8 2,683.3154048682828
WF10 4,WF10 5,4328.257670832479
WF10 4,WF8 1,210.06160245288643
WF10 4,WF8 4,2051.5386629658897
WF10 5,WF6 1,2313.0395189332926
WF10 5,WF6 2,831.7982548987354
WF10 5,WF7 6,2638.5579935361507
WF10 5,WF8 4,31.81123268289872
WF11 0,WF11 8,6431.493277751555
WF11 0,WF11 9,2298.8493786636554
WF11 0,WF8 2,1203.980433039128
WF11 0,WF8 3,4024.1180246130616
WF11 8,WF11 9,5213.159437474661
WF11 8,WF8 2,1819.353213993559
WF11 9,YO8 8,2712.158170295461
WF11 9,YO8 9,1089.7012897110085
WF12 0,WF12 9,5569.115715433743
WF12 0,WF13 3,525.2452736936475
WF12 0,WF14 8,2815.4948931607
WF12 0,WF4 4,6725.039791263992
WF12 0,WF5 8,1831.2350074031535
WF12 7,WF12 8,2611.1498284193567
WF12 7,WF12 9,235.00913058702355
WF12 7,WF13 1,2299.9449238440075
WF12 7,WF17 6,4713.275933440842
WF12 7,WF3 1,2937.432731108075
WF12 7,WF5 9,3058.2252842750872
WF12 8,WF12 9,1472.7394763737882
WF12 8,WF5 8,2560.301878066106
WF12 8,WF5 9,629.3403660583143
WF12 9,WF13 1,563.0436322293918
WF12 9,WF13 2,1024.8098994035481
WF12 9,WF13 3,1599.3963681995192
WF12 9,WF5 8,1002.6192762450665
WF13 1,WF13 2,2017.4742255367642
WF13 1,WF17 6,317.20839203583967
WF13 2,WF13 3,1074.9776422854109
WF13 2,WF13 4,2665.74270900008
WF13 2,WF17 6,613.6658685822362
WF13 2,WF17 7,602.2117039285625
WF13 3,WF13 4,2315.3379322421347
WF13 3,WF14 0,3207.670951112375
WF13 3,WF14 8,842.4536098282731
WF13 3,WF14 9,715.1918113029913
WF13 3,WF15 7,52.90887443596834
WF13 4,WF15 7,628.569428966444
WF13 4,WF16 0,2141.5995175920357
WF13 4,WF16 9,120.05492650409744
WF13 4,WF17 7,2508.484423418864
WF13 4,WF17 8,143.18577527952613
WF14 0,WF14 9,5866.951497065201
WF14 0,WF15 7,2803.7476776849808
WF14 0,WF15 8,1458.0860969454295
WF14 8,WF14 9,5166.260942400685
WF14 9,WF15 8,732.119512158712
WF15 6,WF15 7,2285.850539830975
WF15 6,WF15 8,2296.2234045059886
WF15 6,WF16 0,349.3238513290211
WF15 6,WF16 9,1923.1504595424817
WF15 7,WF15 8,3256.0368444488377
WF15 7,WF16 0,1918.8959826194912
WF16 0,WF16 9,2168.3470100913833
WF16 9,WF17 8,1380.2788675996146
WF16 9,WF17 9,1069.0343383200736
WF17 0,WF17 5,1719.542611198754
WF17 0,WF17 6,1365.4506348806897
WF17 0,WF17 8,2842.566468837851
WF17 0,WF17 9,4288.606254155473
WF17 5,WF17 6,3196.896844039048
WF17 5,WF17 7,1117.8955731560336
WF17 5,WF17 8,245.19667971045152
WF17 6,WF17 7,925.365501989759
WF17 6,WF3 1,487.86673212634184
WF17 7,WF17 8,2892.931653208959
WF17 8,WF17 9,2171.213278887297
WF2 0,WF2 9,5834.2443043791445
WF2 0,WF3 1,1940.7481946029322
WF2 0,WF3 2,1740.7743507834496
WF2 0,WF3 3,823.7006889160812
WF2 0,WF5 9,1652.4584397045007
WF2 6,WF2 7,4432.723574024265
WF2 6,WF4 1,8018.175532823832
WF2 6,WF4 2,6093.778471401262
WF2 7,WF2 8,3374.9237629687655
WF2 7,WF4 2,1380.0212247254058
WF2 7,WF4 3,6308.1140641115835
WF2 8,WF2 9,4729.470639615864
WF2 8,WF4 3,2446.155756719006
WF2 8,WF4 5,1921.7652852771348
WF2 8,WF5 0,1635.5949392566583
WF2 9,WF5 0,787.455885330749
WF2 9,WF5 9,289.6395610143842
WF3 1,WF3 2,4213.57637393307
WF3 1,WF5 9,1282.2746551050793
WF3 2,WF3 3,4230.142730898759
WF3 3,WF3 4,1291.3633343643583
WF3 4,WF6 2,7704.616655973369
WF4 1,WF4 2,3568.1089510677025
WF4 1,WF7 5,3844.131120902243
WF4 1,WF7 6,2678.9699744461864
WF4 1,WF7 7,3223.809581495608
WF4 1,WF9 5,3171.028825725406
WF4 2,WF4 3,910.7457747746271
WF4 2,WF9 5,1911.464549078607
WF4 3,WF4 4,3547.4768830538887
WF4 3,WF4 5,1259.1742408379414
WF4 4,WF4 5,2555.486650627773
WF4 4,WF4 6,976.6134774936652
WF4 4,WF5 8,827.7407583483761
WF4 5,WF4 6,5906.56501560281
WF4 5,WF5 0,292.5534411610174
WF4 5,WF5 8,1084.0204108447663
WF4 6,WF5 0,2569.17001829808
WF4 6,WF5 8,478.7524499294931
WF5 0,WF5 8,2895.7792587934655
WF5 0,WF5 9,3423.938253190677
WF5 8,WF5 9,3113.594054136036
WF6 1,WF6 2,7067.738580366973
WF6 1,WF7 6,3225.7820450675667
WF7 5,WF7 6,4919.690719629427
WF7 5,WF7 7,1443.63509400244
WF7 5,WF8 3,1678.5513026847275
WF7 5,WF8 4,1925.1384244649194
WF7 6,WF8 4,3247.277066217966
WF7 7,WF8 3,3939.9689660518707
WF7 7,WF9 1,1571.9875560825394
WF7 7,WF9 4,1315.1985033462267
WF7 7,WF9 5,1625.588675297903
WF8 1,WF8 2,6434.47186597861
WF8 1,WF8 3,71.35248486869934
WF8 1,WF8 4,4439.938811399904
WF8 2,WF8 3,4048.4215872055865
WF8 3,WF8 4,3426.156879450354
WF8 3,WF9 1,14351.39242521083
WF9 1,WF9 2,5889.215009764384
WF9 1,WF9 4,2362.90056621031
WF9 2,WF9 3,6654.418122767925
WF9 2,WF9 4,2400.938792820683
WF9 3,WF9 4,2314.9948473147488
WF9 4,WF9 5,5836.921826403356
WN1 1,WN1 2,1325.879176257111
WN1 1,WN1 3,975.446499763327
WN1 1,WN3 4,918.9630192685756
WN1 1,WN6 7,462.1357291370286
WN1 2,WN1 3,1556.42569686748
WN1 2,WN2 1,14418.090060392926
WN1 2,WN6 0,7717.336850926797
WN1 2,WN6 7,1807.630019563346
WN1 2,WN6 8,676.7299950224697
WN1 3,WN2 1,1567.2001443939198
WN1 3,WN2 2,2592.347616974815
WN1 3,WN3 4,1645.8645929796398
WN2 1,WN2 2,7598.201799906084
WN2 2,WN2 3,2903.0490163458403
WN2 2,WN2 4,1671.2877628799918
WN2 2,WN3 4,390.5352318074901
WN2 3,WN2 4,4767.776727625745
WN2 3,WN2 5,3482.6639634681605
WN2 3,WN3 4,2617.8426906481113
WN2 4,WN2 5,2452.5810058100615
WN2 4,WN7 4,1201.8983881299168
WN2 4,WN7 5,3073.4280171001406
WN2 5,WN3 4,2022.097952664961
WN2 5,WN3 5,632.3877782131038
WN2 5,WN4 0,411.2620557277181
WN2 5,WN4 8,2255.1413540156786
WN2 5,WN7 4,3681.7628530124302
WN3 4,WN3 5,5675.863953127866
WN3 4,WN6 7,242.29486366911868
WN3 5,WN3 6,2722.799069086054
WN3 5,WN4 0,1925.2883072345064
WN3 5,WN5 0,298.5303616015159
WN3 5,WN5 9,2105.5129700470493
WN3 5,WN6 7,624.3417598230296
WN3 6,WN4 0,4688.550086675298
WN3 6,WN5 7,1035.9464013947015
WN3 6,WN5 8,2339.3663923225895
WN3 6,WN5 9,1265.8352164717808
WN4 0,WN4 8,2550.5300218266716
WN4 0,WN4 9,3073.9278104557366
WN4 0,WN5 7,8820.635349094153
WN4 8,WN4 9,4913.063149907885
WN5 0,WN5 8,3726.775292661531
WN5 0,WN5 9,6446.765961549124
WN5 0,WN6 7,425.11919474031913
WN5 0,WN6 8,3042.165308148974
WN5 7,WN5 8,3037.7336985351735
WN5 7,WN8 0,1066.5039629841845
WN5 8,WN5 9,3482.7786961145507
WN5 8,WN6 8,264.2817804569496
WN5 8,WN8 0,5060.503351606081
WN5 9,WN6 7,1017.3577198012833
WN6 0,WN6 8,5058.512582664897
WN6 0,WN6 9,2913.8353957870363
WN6 7,WN6 8,2945.727223881609
WN6 8,WN6 9,5991.059865968587
WN6 8,WN8 0,1541.167975790389
WN6 9,WN8 0,1241.6178513065129
WN6 9,WN8 7,8049.86268257813
WN7 1,WN7 2,3805.6549093260833
WN7 1,WN7 3,198.5174701811951
WN7 1,WN7 4,1556.198036180747
WN7 1,WN7 5,2628.144692591662
WN7 2,WN7 3,2205.5147704519422
WN7 3,WN7 4,3401.888901461938
WN7 4,WN7 5,3590.385443947828
WN8 0,WN8 6,1552.2397790124703
WN8 0,WN8 7,2339.201754450043
WN8 0,WN8 8,1069.4408635210134
WN8 0,WN8 9,7486.72500441846
WN8 6,WN8 7,4278.699505268709
WN8 6,WN8 8,3772.308657690482
WN8 6,WN8 9,1883.689889767379
WN8 8,WN8 9,1094.6986452902197
WR1 1,WR1 2,2132.990966960442
WR1 1,WR1 3,2845.1464944837458
WR1 1,WR3 7,310.46478830033635
WR1 1,WR3 8,1757.83794617366
WR1 2,WR1 3,362.11535285243076
WR1 2,WR2 4,696.5822813322349
WR1 2,WR3 8,160.79166896632523
WR1 2,WR4 9,176.51553067765403
WR1 2,WR5 1,1966.3056947303232
WR1 2,WR5 2,290.84679219700894
WR1 2,WR5 3,1306.5064925194629
WR1 3,WR2 4,235.97299893231934
WR1 3,WR2 5,1245.84180740926
WR1 3,WR2 6,968.3206870969318
WR1 3,WR3 7,670.0645198189695
WR10 1,WR10 2,6823.734576371013
WR10 1,WR10 3,6485.351495559261
WR10 1,WR8 9,2068.997219468183
WR10 2,WR10 3,10387.305193780376
WR10 2,WR11 4,9587.980783795874
WR10 2,WR7 4,19850.2184676765
WR10 2,WR8 9,2783.77921530538
WR10 3,WR11 2,8105.275817888317
WR10 3,WR11 4,2070.081497756233
WR10 3,WR11 7,2642.6392053480486
WR10 3,WR8 9,8378.055317547787
WR11 1,WR11 2,3505.1769682945346
WR11 1,WR11 3,2919.6298239144617
WR11 1,WR11 4,1060.7758642095832
WR11 1,WR11 7,1812.7936000902032
WR11 2,WR11 4,3383.784883488281
WR11 2,WR11 7,5257.396759283719
WR11 2,WR12 7,3240.2599550682053
WR11 3,WR11 4,2401.613841666344
WR11 3,WR11 7,4442.050343272419
WR11 3,WR11 8,1857.932895472181
WR11 4,WR11 8,10359.645957641666
WR11 4,WR7 4,7823.964853995641
WR11 7,WR11 8,7353.23105833239
WR11 7,WR12 7,12411.654101003887
WR13 5,WR13 6,5034.474450075634
WR13 5,WR14 1,10141.882421012664
WR13 5,WR14 2,1326.5153991757227
WR13 5,WR14 4,3339.7827603722103
WR13 5,WR2 4,10086.536889283481
WR13 5,WR6 5,29161.020249448593
WR13 6,WR14 2,1340.618173263188
WR13 6,WR14 3,1808.311870761605
WR13 6,WR14 4,13099.500382817965
WR13 6,WR2 4,2477.555263526207
WR13 6,WR8 0,9202.506756878016
WR13 6,WR8 9,1727.7176198162933
WR14 1,WR14 2,3490.108923054762
WR14 1,WR14 4,3412.022415900553
WR14 1,WR6 5,909.5318115094574
WR14 2,WR14 3,6609.9298299607
WR14 2,WR14 4,2706.9467379743837
WR14 3,WR14 4,5042.432662197447
WR14 3,WR8 0,2228.2414939010296
WR14 4,WR8 0,2701.2243069263654
WR15 8,WR6 6,18277.786334106837
WR2 4,WR2 5,7712.467068369203
WR2 4,WR5 3,7571.0149902135245
WR2 4,WR6 5,3663.271788842586
WR2 4,WR8 9,1020.5487258200633
WR2 5,WR2 6,4803.512358642551
WR2 5,WR6 5,4909.605937174614
WR2 6,WR3 7,4105.290610208152
WR2 6,WR6 5,2303.9495450271565
WR2 6,WR6 6,15445.49342355968
WR2 6,WR9 0,1932.172753143363
WR3 7,WR3 8,8039.1174144350625
WR3 7,WR4 9,1181.3742209870552
WR3 7,WR9 0,4669.671160022399
WR3 8,WR4 0,792.5574830599624
WR3 8,WR4 9,4597.405833405655
WR3 8,WR9 0,642.2110404054008
WR3 8,WR9 7,9262.644675482388
WR4 0,WR4 9,5460.265038021914
WR4 0,WR5 1,6249.066977119488
WR4 0,WR5 2,243.33235833596314
WR4 0,WR9 7,1575.1913088294687
WR4 9,WR5 1,1519.3312635558495
WR5 1,WR5 2,12431.809348956847
WR5 1,WR5 3,198.6040968124847
WR5 1,WR7 4,9929.034523210195
WR5 1,WR9 7,3365.8834562255965
WR5 2,WR5 3,10438.59865098427
WR5 2,WR7 4,3581.136329776918
WR5 2,WR8 9,2328.852847708455
WR5 3,WR8 9,7298.972818002976
WR6 5,WR6 6,14839.26385366527
WR6 6,WR9 0,6579.554726173477
WR7 4,WR8 9,5285.449143680773
WR7 4,WR9 7,13595.366031625457
WR8 0,WR8 9,11632.552471200637
WR9 0,WR9 7,26040.14114889094
WR9 0,WR9 8,3814.5952841234184
WR9 0,WR9 9,4567.339890881141
WR9 7,WR9 8,8710.875662357977
WR9 8,WR9 9,2083.5860512268437
WS1 1,WS1 2,745.160064147122
WS1 1,WS1 3,1136.1635678599673
WS1 1,WS2 8,1376.092483062842
WS1 1,WS4 2,596.4544376240408
WS1 2,WS1 3,2104.4946499030193
WS1 2,WS4 2,2942.0876849446104
WS1 2,WS5 3,1734.1212672977497
WS1 3,WS1 4,2289.2571777150215
WS1 3,WS2 8,837.5492850904916
WS1 3,WS5 3,636.4835427267956
WS1 3,WS5 4,1536.5699252455945
WS1 4,WS10 0,1018.3237927885689
WS1 4,WS2 8,0.5725006547827027
WS1 4,WS2 9,1657.4096504653553
WS1 4,WS5 4,891.0629821123082
WS10 0,WS10 9,2598.8708505508416
WS10 0,WS5 4,1523.1144263870694
WS10 7,WS10 8,3099.060987951847
WS10 7,WS10 9,4199.258489165999
WS10 8,WS10 9,2609.290353495794
WS10 8,WS2 0,1194.1846539598778
WS10 8,WS2 9,746.753310447592
WS10 8,WV13 2,1763.6936271857087
WS10 8,WV14 7,1640.047925649799
WS10 8,WV14 8,1935.8999170762384
WS10 9,WS2 9,1415.8304789101408
WS11 0,WS11 1,4204.199347278058
WS11 0,WS11 6,133.11808725414377
WS11 0,WS11 8,2421.223481386627
WS11 0,WS6 7,1590.3975091971781
WS11 1,WS11 4,829.0403764152065
WS11 1,WS11 5,2017.89311366918
WS11 1,WS11 6,919.448692453253
WS11 1,WS12 4,1868.6749811701281
WS11 1,WS6 7,817.384896629389
WS11 1,WV10 7,6329.239246543923
WS11 4,WS11 5,3318.145036108969
WS11 4,WS12 4,2319.987693615666
WS11 5,WS11 6,2387.080323674967
WS11 5,WS12 1,569.8576329191173
WS11 5,WS12 4,1493.8847887581574
WS11 6,WS11 7,1059.0916675946198
WS11 6,WS11 8,589.0260961031179
WS11 6,WS12 1,854.1970313765462
WS11 7,WS11 9,612.6987459264535
WS11 7,WS12 1,866.0396128532607
WS11 7,WS12 2,988.9367151636172
WS11 7,WS12 3,2346.1558685765413
WS11 8,WS11 9,2498.314643857448
WS11 8,WS6 6,1337.5984980524877
WS11 8,WS6 7,157.69717593269039
WS11 9,WS12 0,1380.4529499809819
WS11 9,WS12 3,3309.1975269075897
WS11 9,WS3 5,2064.124374478393
WS11 9,WS6 6,4711.777211305754
WS11 9,WS7 3,3467.3224725372493
WS11 9,WS8 7,3423.5034342550794
WS12 0,WS12 1,2341.1359083408192
WS12 0,WS12 2,1345.8788667626861
WS12 0,WS12 3,1493.36865431291
WS12 0,WS12 4,3284.080758428918
WS12 0,WS15 2,1725.5560551154833
WS12 0,WS15 4,3888.689271150499
WS12 0,WS7 1,2593.7142791855354
WS12 0,WS7 2,74.2146986288308
WS12 1,WS12 2,2470.471059489112
WS12 1,WS12 4,4519.417093763046
WS12 2,WS12 3,2925.801676630966
WS12 4,WS15 2,6733.304117907654
WS13 6,WS13 7,4777.392246481745
WS13 6,WS13 8,3781.656947162436
WS13 6,WS14 0,679.1875536939006
WS13 6,WS14 9,4396.845810381365
WS13 7,WS13 8,6177.712779892079
WS13 7,WS7 0,4.541663201926897
WS13 8,WS14 0,3684.9031855609396
WS13 8,WS14 9,16456.146845766718
WS13 8,WS15 3,886.024667563099
WS13 8,WS15 4,12629.182122894259
WS13 8,WS7 0,3161.2995920480366
WS13 8,WS7 9,2349.16246587457
WS14 0,WS14 9,9783.966713255093
WS14 0,WS7 0,5969.47267626088
WS14 0,WS9 9,6374.999512928398
WS15 1,WS15 2,6464.067537834414
WS15 1,WS15 3,3871.8410515828486
WS15 1,WS15 4,11857.424020597782
WS15 2,WS15 3,1820.1540838352048
WS15 2,WS15 4,905.0023399310928
WS15 3,WS15 4,3001.220349588722
WS15 4,WS7 2,759.5904885037039
WS15 4,WS7 9,882.9193981591673
WS2 0,WS2 7,83.60870986386855
WS2 0,WS2 8,1060.8945260676412
WS2 0,WS2 9,893.7782294536896
WS2 0,WV12 4,1642.8211318794652
WS2 0,WV13 1,1125.5905548943415
WS2 0,WV13 2,839.4580766217964
WS2 7,WS2 8,3284.5770549097942
WS2 7,WS3 1,1660.4068954254747
WS2 7,WS3 2,2988.928068228993
WS2 7,WV12 4,258.85540085712205
WS2 7,WV12 5,1286.9488730218884
WS2 8,WS2 9,3056.140544971975
WS2 8,WS3 1,460.1970356869225
WS2 8,WS4 2,122.3422678385509
WS3 1,WS3 2,941.9294166590007
WS3 1,WS3 3,3065.0027592399733
WS3 1,WS3 4,1643.5604758404438
WS3 1,WS4 1,1301.516210475737
WS3 1,WS4 2,1080.9333827711894
WS3 2,WS3 3,4126.822128701116
WS3 2,WS6 6,280.35670214191003
WS3 2,WV11 2,2076.8944951971143
WS3 2,WV12 5,986.6224662576957
WS3 3,WS3 4,1063.9468435056842
WS3 3,WS3 5,935.8002017366465
WS3 3,WS6 6,2471.8576813310387
WS3 4,WS3 5,3279.5863108864023
WS3 4,WS4 1,1291.789505342823
WS3 4,WS8 7,2122.4366093223966
WS3 5,WS6 6,513.377981943756
WS3 5,WS8 7,410.782220287965
WS4 1,WS4 2,1870.3067052649892
WS4 1,WS8 7,49.02749518373474
WS4 1,WS9 0,1796.2759054643454
WS4 1,WS9 8,3769.8414024393064
WS4 1,WS9 9,2937.42041454216
WS4 2,WS5 3,1096.6096672095118
WS4 2,WS9 0,1582.7394947539428
WS5 3,WS5 4,1986.9043087521427
WS5 3,WS9 0,4788.281314629452
WS6 6,WS6 7,3214.5925286427073
WS6 6,WV11 2,2480.590529110455
WS6 7,WV10 7,3845.770919483611
WS6 7,WV11 2,716.4668742364225
WS7 0,WS7 4,4182.548652080198
WS7 0,WS7 9,6473.399176575801
WS7 0,WS8 6,2139.0537435218534
WS7 0,WS9 9,2223.1311575883396
WS7 1,WS7 2,1744.880589346504
WS7 1,WS7 3,1712.6653408242291
WS7 2,WS7 3,2.2593069726008976
WS7 2,WS7 4,879.0974695225405
WS7 2,WS7 9,1974.1000898592001
WS7 3,WS7 4,3290.3287269238576
WS7 3,WS8 7,2279.871085120599
WS7 4,WS7 9,15.851705933831074
WS7 4,WS8 6,105.75953662758918
WS7 4,WS8 7,960.4677917139761
WS8 6,WS8 7,5496.74436881556
WS8 6,WS9 9,2201.650997868548
WS8 7,WS9 9,6017.795035776446
WS9 0,WS9 8,5131.058562447457
WS9 8,WS9 9,5956.16989201566
WV1 1,WV1 4,654.9173181130711
WV1 1,WV10 0,2353.7662997148386
WV1 1,WV2 1,487.8011778626603
WV1 1,WV6 0,313.60622077958425
WV1 2,WV1 3,676.400203630555
WV1 2,WV10 0,2124.4552637828187
WV1 2,WV11 3,93.7889795501163
WV1 2,WV13 3,2132.036610496495
WV1 2,WV14 0,32.01624837537321
WV1 2,WV14 6,1289.901483838223
WV1 2,WV2 2,1767.7523646312534
WV1 3,WV10 0,879.3170435968774
WV1 3,WV2 1,1471.3292730367134
WV1 3,WV2 2,78.30063929520612
WV1 4,WV10 0,1193.6234509517321
WV1 4,WV2 1,767.1910127498116
WV1 4,WV2 4,181.4510396799879
WV1 4,WV3 0,894.5950951984422
WV1 4,WV3 9,1542.6690863795504
WV1 4,WV6 0,2484.446378933645
WV10 0,WV10 8,488.09751996431584
WV10 0,WV10 9,3319.068102517107
WV10 0,WV11 1,5311.139926159999
WV10 0,WV11 3,718.3887179635523
WV10 0,WV2 1,86.07675769980054
WV10 0,WV6 0,169.61463331159496
WV10 6,WV10 7,2092.403469408103
WV10 6,WV10 8,3386.499811883153
WV10 6,WV10 9,2702.605354762104
WV10 6,WV6 0,1403.2664171953575
WV10 6,WV6 9,580.0203974836509
WV10 6,WV8 1,293.3380917956844
WV10 6,WV9 5,2810.3414163388375
WV10 7,WV10 8,1091.8455926065121
WV10 7,WV11 2,5353.353420356216
WV10 7,WV9 5,8889.508506567143
WV10 8,WV10 9,3278.866780600484
WV10 8,WV11 1,2608.830595890493
WV10 8,WV11 2,4696.665483908189
WV10 9,WV6 0,1596.7254652287797
WV11 1,WV11 2,1341.8657731121568
WV11 1,WV11 3,4062.540941042266
WV11 2,WV11 3,2385.566363469578
WV11 2,WV12 5,4014.790475045051
WV11 3,WV12 4,1542.8504273923388
WV11 3,WV12 5,750.9208037046349
WV11 3,WV13 3,3095.7373169775647
WV12 4,WV12 5,4188.363118693423
WV12 4,WV13 1,2039.7702117795257
WV12 4,WV13 3,562.6153057470736
WV13 1,WV13 2,5180.5314457938985
WV13 1,WV13 3,1581.7417627787027
WV13 2,WV13 3,2209.5832902628554
WV13 2,WV14 6,370.4746301630812
WV13 2,WV14 7,920.1031154431431
WV13 3,WV14 6,2264.6464089237866
WV14 0,WV14 6,2782.5708279695205
WV14 0,WV14 7,1836.0631278744074
WV14 0,WV14 8,4474.293919763751
WV14 0,WV14 9,930.9813037942956
WV14 0,WV2 2,2664.7123823647744
WV14 0,WV4 6,510.8341265310993
WV14 6,WV14 7,1801.8855121095055
WV14 7,WV14 8,132.64255721855926
WV14 8,WV14 9,2428.309799467875
WV14 9,WV4 6,3939.804298878958
WV15 5,WV15 6,6097.0212209333085
WV15 5,WV16 4,4405.134991145517
WV15 5,WV5 7,13067.635413548474
WV15 5,WV6 7,20965.9417487591
WV15 6,WV16 4,941.613533185451
WV15 6,WV16 5,5552.740995497386
WV15 6,WV16 6,7281.061298145124
WV15 6,WV5 7,4409.639259177011
WV16 4,WV16 5,11842.11298840454
WV16 4,WV16 6,12589.331853362262
WV16 5,WV16 6,5999.479097624236
WV2 1,WV2 2,1458.7001683595636
WV2 1,WV2 3,857.4742576540816
WV2 1,WV2 4,444.85861474752755
WV2 2,WV2 3,572.385111350199
WV2 2,WV4 6,2358.392223874836
WV2 3,WV2 4,4452.716632735588
WV2 3,WV4 5,1442.6993498603567
WV2 3,WV4 6,571.9709261944274
WV2 4,WV3 0,1502.3512457373931
WV2 4,WV3 7,1.951745116475491
WV2 4,WV4 5,1387.033163144815
WV3 0,WV3 7,1965.7719268461299
WV3 0,WV3 9,2052.1613147245225
WV3 7,WV3 8,2738.2465607039057
WV3 7,WV3 9,1027.7110186808602
WV3 7,WV4 4,2099.628091671226
WV3 7,WV4 5,724.2707768315776
WV3 8,WV3 9,4049.1202486894485
WV3 8,WV4 4,2991.2131086755853
WV3 8,WV6 8,2103.3863506884786
WV3 9,WV6 0,2219.080385239294
WV3 9,WV6 8,1604.6281380027976
WV4 4,WV4 5,4718.031791873905
WV4 4,WV5 7,3486.6721755338804
WV4 4,WV5 9,4059.293438009615
WV4 4,WV6 7,3639.8208258573513
WV4 4,WV6 8,505.4236728857547
WV4 5,WV4 6,1626.1540546367132
WV4 5,WV5 9,2499.307883032351
WV5 0,WV5 8,2808.980527918418
WV5 0,WV5 9,2969.429573223198
WV5 7,WV5 8,3308.4617143241726
WV5 7,WV5 9,378.28009759144277
WV5 7,WV6 7,2020.6436315319042
WV5 8,WV5 9,3883.757391395622
WV6 0,WV6 8,585.2587766319868
WV6 0,WV6 9,1594.4119370469318
WV6 7,WV6 8,5683.925292566832
WV6 7,WV7 3,11257.371512325679
WV6 7,WV8 2,2141.924111498419
WV6 8,WV6 9,3853.0756650794365
WV6 8,WV8 2,1061.5701907259336
WV6 9,WV8 1,2516.886497241064
WV6 9,WV8 2,2571.4937802053855
WV7 3,WV8 1,1912.4956381016239
WV7 3,WV8 2,2981.664764633367
WV8 1,WV8 2,6277.71052306638
WV8 1,WV9 5,3847.8711347673684
YO1 6,YO1 7,562.552962199675
YO1 6,YO23 1,2152.9352252327744
YO1 6,YO24 4,118.03596090354918
YO1 6,YO26 4,716.7408696784568
YO1 7,YO1 8,973.4251859757194
YO1 7,YO1 9,1659.888077725792
YO1 7,YO23 1,52.52335561569956
YO1 7,YO26 4,390.97677414420656
YO1 7,YO30 7,840.0947715041066
YO1 7,YO31 7,1983.9576314876656
YO1 8,YO1 9,390.15263383247856
YO1 9,YO10 3,1923.91131590406
YO1 9,YO10 4,1017.6169464533878
YO1 9,YO10 5,12.98225269342637
YO1 9,YO23 1,153.25195556329717
YO1 9,YO31 0,425.46211688676266
YO1 9,YO31 7,796.8255522927338
YO10 3,YO10 4,191.772212340821
YO10 3,YO10 5,5932.563539949164
YO10 3,YO19 5,3000.7073293243297
YO10 3,YO31 0,2885.3634648401517
YO10 3,YO31 1,887.713600435052
YO10 4,YO10 5,4792.551657722429
YO10 4,YO19 4,3673.758594548501
YO10 4,YO23 1,2080.208020055487
YO10 4,YO23 2,469.6757071309237
YO10 5,YO19 4,7068.613765397212
YO10 5,YO19 5,3773.9397192391652
YO10 5,YO19 6,1133.8864995467786
YO10 5,YO23 1,118.1506023288765
YO10 5,YO41 4,940.5597618177436
YO10 5,YO41 5,216.217614650089
YO11 1,YO11 2,1410.2916144671187
YO11 1,YO12 5,114.58485996084828
YO11 1,YO12 7,2334.5391328634664
YO11 2,YO11 3,4791.565247379353
YO11 2,YO12 4,1270.9080628918437
YO11 2,YO12 5,459.52256869533636
YO11 3,YO12 4,12681.625064835389
YO11 3,YO14 0,6236.530409388607
YO11 3,YO14 9,3681.738695896631
YO11 3,YO25 3,3094.3017517721155
YO12 4,YO12 5,8120.887553146107
YO12 4,YO13 0,1429.2561397270008
YO12 4,YO13 9,15192.03638826662
YO12 4,YO17 8,5833.757568883859
YO12 4,YO25 3,7594.412190201061
YO12 5,YO12 6,5653.290599920694
YO12 5,YO12 7,1600.6327407060994
YO12 5,YO13 0,1698.060384191519
YO12 6,YO12 7,2945.999451348489
YO12 6,YO13 0,3120.3481527121785
YO13 0,YO13 9,27846.02727345096
YO13 0,YO18 7,1859.648795122895
YO13 0,YO22 4,13731.401762394358
YO13 9,YO17 8,15050.873854926207
YO13 9,YO18 7,14540.740709967242
YO14 0,YO14 9,17914.129408118613
YO14 0,YO16 4,996.0850845185357
YO14 0,YO25 3,8102.168059504382
YO14 9,YO15 1,3234.8715380729436
YO14 9,YO16 4,4406.2814682000435
YO15 1,YO16 4,953.9423263970759
YO15 1,YO16 6,5788.062223406246
YO15 1,YO16 7,163.90610355218033
YO15 2,YO15 3,1068.0292687993012
YO15 2,YO16 4,2786.157786968817
YO15 2,YO16 6,1097.0393378915087
YO15 2,YO16 7,1.867168819596559
YO15 3,YO16 4,4665.310652647951
YO16 4,YO16 7,8230.752149473992
YO16 4,YO25 3,2338.1492390447734
YO16 4,YO25 4,6793.936485054083
YO16 4,YO25 8,11211.699553950439
YO16 6,YO16 7,6499.402261436196
YO17 6,YO17 7,7534.394787185559
YO17 6,YO17 8,9427.631910485337
YO17 6,YO18 7,4875.725615771327
YO17 6,YO18 8,8031.232069285083
YO17 6,YO60 7,10269.705423216892
YO17 6,YO62 4,5122.314726190802
YO17 6,YO62 5,1191.2623308945772
YO17 6,YO62 6,8094.252411417903
YO17 7,YO17 8,2597.3492966275353
YO17 7,YO17 9,2325.883260482554
YO17 7,YO60 7,1010.8406878911486
YO17 8,YO17 9,14487.900950626643
YO17 8,YO18 7,10171.021161821089
YO17 8,YO25 3,22723.374421919474
YO17 9,YO25 3,4584.08839729622
YO17 9,YO25 9,5724.252631725971
YO17 9,YO41 1,20416.358316139314
YO17 9,YO42 1,1115.4628124322078
YO17 9,YO60 7,10319.564815767702
YO18 7,YO18 8,33028.029059396045
YO18 7,YO22 4,1283.0317177128852
YO18 7,YO22 5,7531.029113203558
YO18 8,YO21 1,5217.407269307125
YO18 8,YO21 2,7025.078316744867
YO18 8,YO22 5,3777.9557320864333
YO18 8,YO62 6,35514.513466620374
YO18 8,YO62 7,6662.754648906586
YO19 4,YO19 6,21337.052655317868
YO19 4,YO23 2,5990.595395199808
YO19 4,YO41 4,2334.161523015529
YO19 5,YO31 1,973.7754069041307
YO19 5,YO32 9,6893.540882270141
YO19 5,YO41 1,4565.757313746833
YO19 5,YO41 5,8456.854141480802
YO19 6,YO23 7,24.460526002906683
YO19 6,YO41 4,4870.214251246322
YO19 6,YO42 4,6578.462135165653
YO19 6,YO8 5,15576.931626881798
YO19 6,YO8 6,532.1885684553883
YO21 1,YO21 2,24222.29663964278
YO21 1,YO21 3,10575.43821843745
YO21 1,YO22 4,2069.619683662218
YO21 1,YO22 5,24052.920293052208
YO21 1,YO62 6,5547.063162603839
YO21 2,YO21 3,6961.211572171731
YO21 2,YO62 7,7368.520452350049
YO21 3,YO22 4,17.596453797890646
YO22 4,YO22 5,13358.616204964743
YO23 1,YO23 2,2225.1866511304092
YO23 1,YO24 1,4739.269475931949
YO23 1,YO24 4,474.9673768005348
YO23 2,YO23 3,6050.345596322478
YO23 2,YO23 7,3316.2289200240275
YO23 2,YO24 1,441.07965087021637
YO23 3,YO23 7,1196.8878020714903
YO23 3,YO24 1,720.1052177201146
YO23 3,YO24 2,3275.187219463901
YO23 3,YO24 3,889.1342144642798
YO23 3,YO26 5,895.2631939074622
YO23 3,YO26 6,3519.756060190228
YO23 3,YO26 7,7316.162753236306
YO23 3,YO26 8,3634.2336137565053
YO23 7,YO8 3,196.99661576325087
YO24 1,YO24 2,2735.885647734591
YO24 1,YO24 4,2352.0110281468264
YO24 2,YO24 3,3520.518656982495
YO24 2,YO24 4,1407.5439998403663
YO24 3,YO24 4,1646.6754006190436
YO24 3,YO26 5,1872.7089199342654
YO24 4,YO26 4,3810.9875659173927
YO24 4,YO26 5,583.4175851683633
YO25 3,YO25 4,26380.646726575145
YO25 3,YO25 5,1832.0556402056188
YO25 3,YO25 6,1001.6330912917691
YO25 3,YO25 9,18404.761474207593
YO25 4,YO25 5,7279.506419756826
YO25 4,YO25 8,23324.673704817815
YO25 4,YO25 9,6359.866621009162
YO25 5,YO25 6,5400.555384624312
YO25 5,YO25 9,2676.123392152712
YO25 6,YO25 9,2742.265857055639
YO25 8,YO25 9,11607.409775934
YO25 9,YO42 1,22022.898369348015
YO25 9,YO43 3,4035.0275889477734
YO26 4,YO26 5,1850.6508973041684
YO26 4,YO30 6,1120.924266141616
YO26 4,YO30 7,436.2564952187691
YO26 5,YO26 6,4905.0538270692205
YO26 5,YO30 5,734.3702573377118
YO26 5,YO30 6,270.7770213055046
YO26 6,YO26 8,8176.388037322734
YO26 6,YO30 1,3516.3625846629247
YO26 6,YO30 5,2384.6559776989143
YO26 7,YO26 8,18372.796215571714
YO26 8,YO26 9,14764.124795015625
YO26 8,YO30 1,3601.9390754595997
YO26 9,YO30 1,1461.9588146718447
YO26 9,YO30 2,6216.291014808044
YO26 9,YO51 9,8893.006965400698
YO26 9,YO61 1,4799.343810943418
YO26 9,YO61 2,1933.0882475008027
YO30 1,YO30 2,4269.580719785146
YO30 1,YO30 4,2096.401410740164
YO30 1,YO30 5,2000.749732549988
YO30 1,YO32 2,3871.6167563133677
YO30 1,YO61 1,4239.999653717843
YO30 1,YO61 3,1345.6259028915654
YO30 2,YO61 1,11631.959529036172
YO30 2,YO61 3,2417.143834747485
YO30 4,YO30 5,3130.8363557119806
YO30 4,YO30 6,1209.2410129608402
YO30 4,YO31 8,672.8296641341028
YO30 4,YO31 9,148.11678654954767
YO30 4,YO32 2,977.1069015050826
YO30 4,YO32 4,2546.1649282455037
YO30 5,YO30 6,5610.860912500887
YO30 6,YO30 7,2141.1809580974027
YO30 6,YO31 8,1035.1527613331696
YO30 7,YO31 7,656.273662174187
YO30 7,YO31 8,722.9443810153139
YO31 0,YO31 1,2969.4408670045705
YO31 0,YO31 7,3373.7922934263843
YO31 1,YO31 7,756.1577530363919
YO31 1,YO31 9,1158.9146829831736
YO31 1,YO32 9,4382.801276110815
YO31 7,YO31 8,1895.3617979937017
YO31 7,YO31 9,282.87843044733944
YO31 8,YO31 9,2241.8358061419904
YO31 9,YO32 4,1178.2555907648161
YO31 9,YO32 9,6977.48363694709
YO32 2,YO32 3,8393.245418098795
YO32 2,YO32 4,1201.3823112888915
YO32 2,YO61 1,2656.754726113662
YO32 3,YO32 4,1277.279131668877
YO32 3,YO32 5,4046.6175034055345
YO32 3,YO32 9,1792.6917662778271
YO32 3,YO61 1,3268.2545300409624
YO32 4,YO32 9,3222.1683984220167
YO32 5,YO32 9,6131.052499519512
YO32 5,YO60 6,4680.562840679072
YO32 5,YO60 7,2164.800685355421
YO32 5,YO61 1,985.2422479549346
YO32 9,YO41 1,2021.7349533629258
YO32 9,YO60 7,2752.627682505378
YO41 1,YO41 4,1521.6207749480664
YO41 1,YO41 5,16778.483897138045
YO41 1,YO42 1,12950.75353829598
YO41 1,YO60 7,27336.903780437096
YO41 4,YO41 5,10315.396663462656
YO41 4,YO42 1,251.4937823413322
YO41 4,YO42 4,10230.203592299822
YO41 5,YO42 1,12844.244805944001
YO42 1,YO42 2,13593.768701980342
YO42 1,YO42 4,8433.248959902821
YO42 1,YO43 3,9990.590040321777
YO42 2,YO42 4,7388.335988290324
YO42 4,YO43 3,1978.6602193962513
YO42 4,YO43 4,10315.955747491314
YO42 4,YO8 5,2428.5822047427346
YO42 4,YO8 6,18512.725252998353
YO43 3,YO43 4,14112.400476473225
YO43 4,YO8 6,1937.050853185187
YO51 9,YO61 2,11531.138873888853
YO51 9,YO7 3,4122.958053873016
YO60 6,YO60 7,15115.828464667396
YO60 6,YO61 1,8733.813471449974
YO60 6,YO61 4,5345.123328671682
YO60 6,YO62 4,6391.642602997139
YO60 7,YO62 4,2932.8823654799685
YO61 1,YO61 2,7018.617566513698
YO61 1,YO61 3,23782.714247849133
YO61 1,YO61 4,17582.499805451673
YO61 2,YO61 3,5853.149387370164
YO61 2,YO7 3,16153.863302129348
YO61 3,YO61 4,25105.551719268064
YO61 3,YO7 3,1685.0068622110362
YO61 4,YO62 4,19104.80563289333
YO61 4,YO7 2,27469.084787800948
YO61 4,YO7 3,4501.811630691313
YO62 4,YO62 5,22842.44277217403
YO62 5,YO62 6,8082.311494650229
YO62 5,YO62 7,26532.644741441585
YO62 5,YO7 2,24494.0861570387
YO62 6,YO62 7,25652.65766948196
YO7 1,YO7 2,17543.669323183014
YO7 1,YO7 3,9296.449358590964
YO7 1,YO7 4,5180.383160651527
YO7 2,YO7 3,4933.5915056201075
YO7 2,YO7 4,17079.74446996387
YO7 3,YO7 4,10660.521083227153
YO8 3,YO8 4,6493.883489756456
YO8 3,YO8 9,4473.394682683637
YO8 4,YO8 8,1595.1262672640803
YO8 4,YO8 9,4074.3830382113097
YO8 5,YO8 6,22399.526244997454
YO8 8,YO8 9,12097.335277187374
