sector,transaction_count,median_price,mean_price,p25_price,p75_price,ew_percentile,low_transaction_count,min_sales_threshold
AL1 1,359,525000.0,618808.0752089137,415000.0,760000.0,87.06046964350894,False,20
AL1 2,210,550000.0,600331.6904761905,436250.0,700000.0,88.66650444092954,False,20
AL1 3,387,405000.0,534402.9173126615,325000.0,576250.0,73.17191872490571,False,20
AL1 4,391,795000.0,938958.5345268542,550000.0,1200000.0,96.61759338118992,False,20
AL1 5,464,525000.0,557122.4935344828,350000.0,700500.0,87.06046964350894,False,20
AL10 0,247,339500.0,334026.1659919028,231000.0,420000.0,60.96848765056576,False,20
AL10 8,331,365000.0,380480.8942598187,315000.0,450000.0,66.10293223019832,False,20
AL10 9,279,412000.0,427796.9283154122,303500.0,505000.0,74.1635235430101,False,20
AL2 1,363,450000.0,466785.15426997247,304000.0,576500.0,80.05840126536074,False,20
AL2 2,200,565500.0,617383.025,425000.0,741250.0,89.77977856186884,False,20
AL2 3,297,665000.0,704637.2424242424,550000.0,830000.0,93.90436792797178,False,20
AL3 4,263,750000.0,840146.5551330799,550250.0,974500.0,95.92407835503103,False,20
AL3 5,342,665000.0,731467.0584795321,526292.75,858750.0,93.90436792797178,False,20
AL3 6,112,605000.0,653454.7857142857,505250.0,756250.0,91.79340552378635,False,20
AL3 7,199,585000.0,641760.4170854271,430000.0,765000.0,90.9295534736586,False,20
AL3 8,171,425000.0,503315.7894736842,349500.0,547500.0,76.45698990144787,False,20
AL4 0,388,700000.0,726063.4278350516,540000.0,892575.0,94.8473050249422,False,20
AL4 8,242,695000.0,771676.6487603306,510750.0,898750.0,94.72563572210731,False,20
AL4 9,472,561250.0,625524.0741525424,390000.0,815000.0,89.51210609563208,False,20
AL5 1,281,695000.0,755602.3629893238,550000.0,890000.0,94.72563572210731,False,20
AL5 2,245,1425000.0,1570961.8244897958,895000.0,2040000.0,99.0631463681713,False,20
AL5 3,183,894000.0,986948.4535519126,687450.0,1235500.0,97.46927850103418,False,20
AL5 4,333,705000.0,815437.5675675676,390000.0,1140000.0,94.9689743277771,False,20
AL5 5,330,695000.0,808496.1090909091,500000.0,1051500.0,94.72563572210731,False,20
AL6 0,236,755275.0,899804.2288135593,636875.0,1026250.0,96.04574765786592,False,20
AL6 9,210,652500.0,721706.9952380953,447500.0,853750.0,93.5819442754593,False,20
AL7 1,265,362500.0,341413.3962264151,232000.0,420000.0,65.65883927485096,False,20
AL7 2,238,385000.0,385339.28571428574,240000.0,488750.0,70.2214381311595,False,20
AL7 3,314,383500.0,375859.7643312102,286250.0,432500.0,69.8807640832218,False,20
AL7 4,318,415750.0,418652.6100628931,338125.0,490000.0,75.05779291884657,False,20
AL8 6,228,504500.0,534462.8684210526,320000.0,680000.0,85.4909356369388,False,20
AL8 7,228,512500.0,586295.5921052631,385000.0,728750.0,86.14794987224724,False,20
AL9 5,131,415500.0,458853.32824427483,297499.5,600000.0,75.03345905827959,False,20
AL9 6,41,625000.0,820517.731707317,475000.0,975000.0,92.6146733179219,False,20
AL9 7,206,740000.0,917337.6456310679,481250.0,1107500.0,95.72332400535345,False,20
B1 1,146,185000.0,207860.45205479453,140000.0,259334.25,18.432899379486557,False,20
B1 2,165,227995.0,240598.84848484848,185945.0,299950.0,30.952670641197226,False,20
B1 3,260,231472.5,264203.6692307692,196875.0,300500.0,32.27886604209758,False,20
B10 0,64,160000.0,163335.9375,114750.0,192750.0,11.856673561260495,False,20
B10 9,163,200000.0,198687.18404907975,165000.0,231000.0,22.885995863243703,False,20
B11 1,101,180000.0,180634.65346534652,152000.0,215000.0,16.912033094050372,False,20
B11 2,73,170000.0,169138.5890410959,145000.0,187500.0,14.296143083100135,False,20
B11 3,284,182250.0,188304.82394366196,155000.0,215500.0,17.727217423044166,False,20
B11 4,103,210000.0,226523.5145631068,169500.0,280000.0,25.6053047816036,False,20
B12 0,198,231139.0,238218.9797979798,202000.0,280000.0,32.242365251247115,False,20
B12 8,72,158750.0,158588.875,133750.0,183500.0,11.412580605913128,False,20
B12 9,201,245000.0,258141.69651741293,208000.0,320000.0,36.05061442997932,False,20
B13 0,367,232000.0,266942.44959128066,181500.0,350000.0,32.39445187979073,False,20
B13 8,221,308000.0,385214.79638009047,200000.0,500000.0,53.33373889767612,False,20
B13 9,423,240000.0,343278.94562647754,152250.0,470000.0,34.59058279596058,False,20
B14 4,411,229000.0,230794.43552311434,200000.0,265000.0,31.183842316583526,False,20
B14 5,267,222000.0,219133.2734082397,175500.0,257000.0,29.237133471225206,False,20
B14 6,387,265000.0,277582.68217054266,183750.0,345000.0,42.18274729285801,False,20
B14 7,299,308950.0,326196.11036789295,260000.0,380000.0,53.40065701423531,False,20
B15 1,41,225000.0,319439.48780487804,185000.0,288000.0,30.143569777345174,False,20
B15 2,196,226250.0,414029.5663265306,160000.0,445281.25,30.672831244676967,False,20
B15 3,206,362500.0,496368.93203883496,200000.0,668750.0,65.65883927485096,False,20
B16 0,128,280000.0,299745.6640625,172000.0,402500.0,46.40467210122886,False,20
B16 8,116,200000.0,222508.49137931035,134250.0,291250.0,22.885995863243703,False,20
B16 9,135,222500.0,292640.1111111111,154750.0,360000.0,29.413553960335808,False,20
B17 0,295,285000.0,336894.50169491523,208000.0,384500.0,47.773451758121425,False,20
B17 8,230,320000.0,399207.23913043475,184250.0,457500.0,56.54580849251734,False,20
B17 9,352,367500.0,399121.5965909091,254750.0,540000.0,66.61394330210489,False,20
B18 4,66,145250.0,148588.5606060606,120500.0,163750.0,8.559435454434846,False,20
B18 5,61,165000.0,169386.88524590165,135000.0,205000.0,13.079450054751184,False,20
B18 6,60,215000.0,221165.93333333332,167250.0,230000.0,26.998418299063147,False,20
B18 7,29,185000.0,176448.27586206896,175000.0,200000.0,18.432899379486557,False,20
B19 1,44,175000.0,183617.72727272726,140000.0,238500.0,15.500669181165591,False,20
B19 2,52,167500.0,163102.88461538462,131500.0,182500.0,13.651295778075193,False,20
B19 3,20,190834.5,174322.25,94750.0,226750.0,20.45260980654581,False,20
B2 4,6,121250.0,168750.0,115000.0,167625.0,3.8934176907166322,True,20
B2 5,5,174000.0,212900.0,172500.0,265000.0,15.080910086385204,True,20
B20 1,138,286500.0,300516.3043478261,232750.0,358750.0,48.193210852901814,False,20
B20 2,181,249999.0,253614.90607734807,130000.0,325000.0,37.14563815549337,False,20
B20 3,173,195000.0,210852.20809248555,155000.0,255000.0,21.395546903516244,False,20
B21 0,111,160000.0,169863.96396396396,140000.0,188750.0,11.856673561260495,False,20
B21 8,137,182000.0,196209.4890510949,155000.0,225000.0,17.599464655067525,False,20
B21 9,100,185000.0,191508.28,158750.0,220000.0,18.432899379486557,False,20
B23 5,455,210000.0,218777.07032967033,177250.0,260000.0,25.6053047816036,False,20
B23 6,349,180000.0,175092.7994269341,128500.0,220000.0,16.912033094050372,False,20
B23 7,455,185000.0,179486.03736263738,129500.0,220000.0,18.432899379486557,False,20
B24 0,367,255000.0,255120.50953678475,207500.0,306000.0,39.068013140284705,False,20
B24 8,159,180000.0,190131.20125786163,130000.0,222500.0,16.912033094050372,False,20
B24 9,411,238000.0,236906.7518248175,187250.0,284998.0,33.90315123494342,False,20
B25 8,366,205000.0,207616.6475409836,170000.0,237500.0,24.20610779900231,False,20
B26 1,445,245000.0,239613.24269662923,188000.0,280000.0,36.05061442997932,False,20
B26 2,394,239500.0,236230.39340101523,207500.0,265000.0,34.04307093320355,False,20
B26 3,481,235000.0,228422.19750519752,193000.0,267500.0,33.14271809222533,False,20
B27 6,264,233749.5,235542.83333333334,180000.0,275000.0,32.63170702031877,False,20
B27 7,363,207000.0,213374.53168044076,180000.0,237250.0,24.78403698746806,False,20
B28 0,493,315000.0,311512.677484787,260000.0,360000.0,55.170945370483025,False,20
B28 8,324,305500.0,304159.2469135802,247875.0,369995.0,53.029565640588885,False,20
B28 9,206,260750.0,280298.5436893204,200000.0,359000.0,41.23981019588758,False,20
B29 4,138,314000.0,348378.6231884058,263850.0,425000.0,54.82418785740357,False,20
B29 5,207,195000.0,204072.2077294686,175000.0,218750.0,21.395546903516244,False,20
B29 6,346,250000.0,262016.69075144507,205850.0,300000.0,37.717483878817376,False,20
B29 7,248,265000.0,322422.6532258064,223375.0,363661.25,42.18274729285801,False,20
B3 1,210,233250.0,252406.1,166333.75,295000.0,32.61345662489354,False,20
B3 2,4,167500.0,209500.0,155000.0,222000.0,13.651295778075193,True,20
B30 1,286,360000.0,356700.979020979,235500.0,467500.0,65.14174473780265,False,20
B30 2,460,279975.0,289738.2804347826,241125.0,333875.0,45.88757756418056,False,20
B30 3,337,222500.0,218782.83086053413,147000.0,277500.0,29.413553960335808,False,20
B31 1,324,220000.0,229455.13580246913,178000.0,273000.0,28.555785375349803,False,20
B31 2,572,250000.0,268659.99475524476,165000.0,325000.0,37.717483878817376,False,20
B31 3,362,217250.0,218536.15745856354,180000.0,250000.0,27.60676481323762,False,20
B31 4,352,220000.0,217310.9090909091,190000.0,245000.0,28.555785375349803,False,20
B31 5,495,260000.0,267025.19393939397,207750.0,320000.0,40.716632193697535,False,20
B32 1,229,247000.0,250852.31441048035,200000.0,300000.0,36.56162550188588,False,20
B32 2,339,240000.0,258344.29498525074,195000.0,307750.0,34.59058279596058,False,20
B32 3,275,188100.0,203054.1890909091,161350.0,237651.0,19.33325222046478,False,20
B32 4,97,205000.0,204417.01030927835,170000.0,237500.0,24.20610779900231,False,20
B33 0,266,200000.0,203193.98496240602,175000.0,230000.0,22.885995863243703,False,20
B33 8,222,216250.0,221302.5810810811,173125.0,257625.0,27.454678184694004,False,20
B33 9,282,190750.0,194019.0780141844,170000.0,215000.0,20.440442876262317,False,20
B34 6,281,220000.0,223416.2491103203,182000.0,260000.0,28.555785375349803,False,20
B34 7,235,210000.0,201195.53191489363,179000.0,230000.0,25.6053047816036,False,20
B35 6,111,183000.0,165110.36036036036,111000.0,213750.0,17.891470981871276,False,20
B35 7,96,218750.0,216432.85416666666,185000.0,243125.0,27.94135539603358,False,20
B36 0,392,246000.0,244628.82653061225,171375.0,310000.0,36.42778926876749,False,20
B36 8,251,215000.0,233136.89641434263,172750.0,272000.0,26.998418299063147,False,20
B36 9,332,263500.0,263952.015060241,185000.0,325000.0,41.67173622095145,False,20
B37 5,208,175000.0,178912.22115384616,150000.0,205000.0,15.500669181165591,False,20
B37 6,279,210000.0,207123.04659498206,170750.0,245000.0,25.6053047816036,False,20
B37 7,438,220000.0,255394.08447488584,170000.0,312250.0,28.555785375349803,False,20
B38 0,50,266500.0,301471.0,202850.0,347500.0,42.69375836476457,False,20
B38 8,362,250500.0,284741.71270718233,185000.0,324687.5,38.27716267185789,False,20
B38 9,291,210000.0,217565.27491408936,175000.0,250000.0,25.6053047816036,False,20
B4 6,158,309000.0,310086.5253164557,230000.0,369500.0,53.443241270227524,False,20
B4 7,23,265000.0,302776.0869565217,246012.5,371762.5,42.18274729285801,False,20
B42 1,308,220000.0,226635.4805194805,192375.0,255000.0,28.555785375349803,False,20
B42 2,495,217000.0,218060.40606060607,190500.0,245000.0,27.539846696678428,False,20
B43 5,335,232000.0,231689.81791044777,200000.0,264000.0,32.39445187979073,False,20
B43 6,222,297000.0,302906.8963963964,193500.0,385000.0,50.626596909599705,False,20
B43 7,566,250000.0,255626.27385159011,220000.0,286500.0,37.717483878817376,False,20
B44 0,370,186500.0,184542.03783783785,170000.0,205000.0,18.96216084681835,False,20
B44 8,379,210000.0,211678.99472295513,189593.5,240000.0,25.6053047816036,False,20
B44 9,408,210000.0,209483.9338235294,180000.0,236400.0,25.6053047816036,False,20
B45 0,160,180000.0,176971.875,162750.0,198250.0,16.912033094050372,False,20
B45 8,544,350000.0,428504.7113970588,218375.0,495500.0,63.219369753011314,False,20
B45 9,535,260000.0,260411.74953271027,205000.0,310000.0,40.716632193697535,False,20
B46 1,319,267500.0,273370.9968652038,200000.0,325000.0,42.84584499330819,False,20
B46 2,71,422000.0,478314.6338028169,274000.0,520000.0,75.91556150383258,False,20
B46 3,148,275000.0,301175.10135135136,198250.0,360625.0,44.84730502494221,False,20
B47 5,268,360000.0,376624.21268656716,310000.0,440000.0,65.14174473780265,False,20
B47 6,129,395000.0,415438.68217054266,313500.0,515000.0,71.68146976517824,False,20
B48 7,211,385000.0,447803.08056872035,304975.0,520000.0,70.2214381311595,False,20
B49 5,298,330000.0,367865.6644295302,272110.0,430000.0,59.15561503832583,False,20
B49 6,257,335000.0,419708.63813229575,250000.0,555500.0,60.3479742061078,False,20
B5 4,90,222134.0,226018.76666666666,154250.0,294912.0,29.297968122642658,False,20
B5 5,8,147499.5,143749.875,118125.0,156875.0,8.821024455529871,True,20
B5 6,42,256250.0,271688.1666666667,217500.0,330000.0,39.56077381676603,False,20
B5 7,147,225732.0,271663.38095238095,164975.0,319250.0,30.59982966297603,False,20
B50 4,267,310000.0,339595.94756554306,240000.0,406500.0,53.948168876992334,False,20
B6 4,10,148750.0,133500.0,90000.0,161250.0,9.009611874923957,True,20
B6 5,23,175000.0,150613.04347826086,80500.0,197500.0,15.500669181165591,False,20
B6 6,75,160000.0,170175.04,135000.0,202500.0,11.856673561260495,False,20
B6 7,44,150000.0,158290.81818181818,137500.0,172875.0,9.465871760554812,False,20
B60 1,304,365000.0,386671.07236842107,260000.0,475000.0,66.10293223019832,False,20
B60 2,371,340000.0,358994.3665768194,252500.0,450000.0,61.309161698503466,False,20
B60 3,356,265000.0,304628.71910112357,216500.0,367125.0,42.18274729285801,False,20
B60 4,160,355000.0,402157.9875,276125.0,475000.0,64.21705803625746,False,20
B61 0,492,285000.0,315452.4532520325,229250.0,390000.0,47.773451758121425,False,20
B61 7,178,265000.0,311225.393258427,210000.0,389375.0,42.18274729285801,False,20
B61 8,245,256500.0,260166.32653061225,205000.0,310000.0,39.5972746076165,False,20
B61 9,72,418750.0,480350.69444444444,320000.0,591250.0,75.2646307336659,False,20
B62 0,230,361750.0,400568.5652173913,270625.0,464500.0,65.5432534371578,False,20
B62 8,274,255000.0,283127.75547445257,198250.0,348750.0,39.068013140284705,False,20
B62 9,411,260000.0,263286.0097323601,210000.0,305000.0,40.716632193697535,False,20
B63 1,229,307500.0,327061.3799126638,275000.0,375000.0,53.26682078111692,False,20
B63 2,460,202250.0,204377.05869565217,165000.0,245000.0,23.555177028835626,False,20
B63 3,344,220500.0,227074.70639534883,172000.0,265750.0,29.078963377539846,False,20
B63 4,339,245000.0,241712.97935103244,181000.0,290000.0,36.05061442997932,False,20
B64 5,153,200000.0,206439.45751633987,170000.0,250000.0,22.885995863243703,False,20
B64 6,200,175000.0,185668.0,125000.0,230000.0,15.500669181165591,False,20
B64 7,191,239950.0,262810.8376963351,187500.0,335000.0,34.067404793770535,False,20
B65 0,205,195000.0,196166.6,163000.0,230000.0,21.395546903516244,False,20
B65 8,231,205000.0,219489.93506493507,170750.0,256750.0,24.20610779900231,False,20
B65 9,261,205000.0,212838.969348659,174000.0,247000.0,24.20610779900231,False,20
B66 1,35,160000.0,156898.57142857142,118500.0,194000.0,11.856673561260495,False,20
B66 2,27,170000.0,195740.74074074073,140000.0,271000.0,14.296143083100135,False,20
B66 3,96,183500.0,200025.52083333334,150000.0,240000.0,17.964472563572212,False,20
B66 4,131,184000.0,180815.99236641222,133500.0,220000.0,18.02530721498966,False,20
B67 5,351,234100.0,248013.75783475782,195000.0,290000.0,32.69254167173622,False,20
B67 6,214,200250.0,202557.19626168226,168112.5,231500.0,23.372673074583282,False,20
B67 7,135,195000.0,199140.0,160000.0,230000.0,21.395546903516244,False,20
B68 0,316,235000.0,238660.18670886077,186750.0,290000.0,33.14271809222533,False,20
B68 8,250,220000.0,226763.304,170625.0,268750.0,28.555785375349803,False,20
B68 9,303,227000.0,236911.43564356436,199950.0,260500.0,30.818834408078843,False,20
B69 1,344,210000.0,221903.6715116279,180000.0,253500.0,25.6053047816036,False,20
B69 2,167,202500.0,201486.7365269461,149500.0,236750.0,23.622095145394816,False,20
B69 3,186,230000.0,231506.98924731184,168000.0,285000.0,31.71918724905706,False,20
B69 4,145,185000.0,189926.89655172414,141000.0,225000.0,18.432899379486557,False,20
B7 4,9,205000.0,155800.0,110000.0,220000.0,24.20610779900231,True,20
B7 5,29,190000.0,184162.06896551725,153000.0,215000.0,19.959849130064487,False,20
B70 0,132,210000.0,215924.24242424243,180000.0,243000.0,25.6053047816036,False,20
B70 6,87,191000.0,196375.97701149425,130500.0,263000.0,20.483027132254534,False,20
B70 7,69,210000.0,206092.39130434784,175000.0,245000.0,25.6053047816036,False,20
B70 8,83,185000.0,186407.8313253012,128500.0,239000.0,18.432899379486557,False,20
B70 9,114,190000.0,184067.97368421053,145000.0,219500.0,19.959849130064487,False,20
B71 1,151,210000.0,203722.8476821192,160000.0,255000.0,25.6053047816036,False,20
B71 2,223,206000.0,207016.35874439462,180000.0,235000.0,24.619783428640954,False,20
B71 3,413,270000.0,259723.39709443098,200000.0,319995.0,43.569777345175815,False,20
B71 4,103,225000.0,239274.7572815534,177500.0,278375.0,30.143569777345174,False,20
B72 1,425,369000.0,381134.61176470586,235000.0,485000.0,66.74777953522326,False,20
B73 5,492,332750.0,340597.34349593497,224625.0,440000.0,59.86129699476822,False,20
B73 6,402,385000.0,411935.447761194,296250.0,493750.0,70.2214381311595,False,20
B74 2,374,360000.0,509165.0320855615,255000.0,626250.0,65.14174473780265,False,20
B74 3,513,365000.0,477191.80311890837,290000.0,520000.0,66.10293223019832,False,20
B74 4,509,430000.0,485067.00196463655,285000.0,600000.0,77.35125927728434,False,20
B75 5,368,399975.0,452151.4945652174,310000.0,545000.0,72.19856430222656,False,20
B75 6,323,460000.0,508806.0,387250.0,572500.0,81.13517459544957,False,20
B75 7,439,304000.0,327898.36902050115,250000.0,404375.0,52.561138824674536,False,20
B76 0,10,510000.0,507025.0,382500.0,670000.0,85.96544591799488,True,20
B76 1,440,340000.0,345624.08636363636,250000.0,425000.0,61.309161698503466,False,20
B76 2,255,318000.0,325847.58431372547,250750.0,376750.0,55.773208419515754,False,20
B76 9,126,300000.0,341419.2380952381,245000.0,386875.0,51.65470251855457,False,20
B77 1,443,260000.0,274209.2054176072,200000.0,320000.0,40.716632193697535,False,20
B77 2,469,218000.0,222305.05970149254,175000.0,255250.0,27.83185302348218,False,20
B77 3,352,231250.0,244315.15625,196750.0,275000.0,32.26061564667235,False,20
B77 4,651,265000.0,290440.77265745006,200250.0,374000.0,42.18274729285801,False,20
B77 5,376,245000.0,248473.5239361702,185000.0,300000.0,36.05061442997932,False,20
B78 1,395,240000.0,258406.08860759492,196000.0,300000.0,34.59058279596058,False,20
B78 2,168,260000.0,300245.1904761905,210000.0,324250.0,40.716632193697535,False,20
B78 3,606,275000.0,305742.8597359736,220000.0,355246.25,44.84730502494221,False,20
B79 0,326,359872.5,380363.1134969325,267812.5,449750.0,64.81323762014843,False,20
B79 7,292,185000.0,208778.29452054793,137500.0,265000.0,18.432899379486557,False,20
B79 8,380,255000.0,265895.5789473684,194246.25,319625.0,39.068013140284705,False,20
B79 9,83,430000.0,484917.3493975904,326000.0,580000.0,77.35125927728434,False,20
B8 1,81,158860.0,162283.13580246913,130000.0,184000.0,11.424747536196618,False,20
B8 2,205,195000.0,196972.88292682928,160000.0,234000.0,21.395546903516244,False,20
B8 3,155,176000.0,171142.90322580645,150000.0,200000.0,15.950845601654704,False,20
B80 7,308,290000.0,325453.1331168831,237500.0,371250.0,48.89280934420246,False,20
B9 4,62,140500.0,164046.7741935484,120000.0,198750.0,7.719917264874073,False,20
B9 5,227,189000.0,190751.12334801763,160000.0,225000.0,19.40625380216571,False,20
B90 1,675,297500.0,335393.9185185185,185000.0,395000.0,50.71784888672588,False,20
B90 2,572,345000.0,358248.24475524476,300000.0,410000.0,62.16084681834773,False,20
B90 3,499,360000.0,352850.96793587174,271500.0,430000.0,65.14174473780265,False,20
B90 4,738,345000.0,355757.26558265585,256125.0,445000.0,62.16084681834773,False,20
B90 8,178,469950.0,452040.1685393258,385625.0,539950.0,81.93819199415987,False,20
B91 1,463,555000.0,591680.9244060476,347500.0,766250.0,89.01326195400901,False,20
B91 2,505,340000.0,389940.77425742574,205000.0,530000.0,61.309161698503466,False,20
B91 3,454,425000.0,485476.5,250000.0,615000.0,76.45698990144787,False,20
B92 0,193,492500.0,521636.2694300518,325000.0,615000.0,84.34116072514904,False,20
B92 7,499,282000.0,320706.9378757515,228500.0,359625.0,47.086020197104276,False,20
B92 8,500,310000.0,310063.568,250000.0,370500.0,53.948168876992334,False,20
B92 9,313,284000.0,290367.7124600639,240000.0,330000.0,47.41452731475849,False,20
B93 0,178,400000.0,507750.28089887643,277000.0,646000.0,72.52707141988076,False,20
B93 8,363,600000.0,685295.1845730027,381500.0,840000.0,91.54398345297481,False,20
B93 9,292,591000.0,637392.6472602739,489000.0,713250.0,91.13639128847791,False,20
B94 5,118,663750.0,861097.8813559322,526250.0,1107500.0,93.86786713712131,False,20
B94 6,121,525000.0,710890.0826446281,400000.0,745000.0,87.06046964350894,False,20
B95 5,228,425000.0,543302.0701754387,283500.0,619750.0,76.45698990144787,False,20
B95 6,52,547500.0,609528.8461538461,362750.0,788750.0,88.35016425355883,False,20
B96 6,214,417500.0,454443.91588785045,275000.0,600000.0,75.18554568682322,False,20
B97 4,279,212500.0,236337.8853046595,145000.0,299972.5,26.40832218031391,False,20
B97 5,820,309500.0,325537.38902439026,235000.0,400000.0,53.50407592164497,False,20
B97 6,516,265000.0,271486.04263565893,212000.0,325500.0,42.18274729285801,False,20
B98 0,466,245000.0,256564.78111587983,200250.0,295000.0,36.05061442997932,False,20
B98 7,676,228750.0,240441.48668639053,177875.0,288500.0,31.141258060591316,False,20
B98 8,269,215000.0,238114.2565055762,176000.0,280000.0,26.998418299063147,False,20
B98 9,219,266500.0,325686.6438356164,195000.0,382750.0,42.69375836476457,False,20
BA1 1,54,415000.0,436150.0,280000.0,528750.0,74.71103540576712,False,20
BA1 2,304,450000.0,655295.5460526316,310000.0,726250.0,80.05840126536074,False,20
BA1 3,347,480000.0,528632.5734870317,335000.0,675000.0,83.24005353449326,False,20
BA1 4,207,445000.0,480708.21256038646,357500.0,567000.0,79.26146733179219,False,20
BA1 5,284,572500.0,805218.4366197183,326500.0,980000.0,90.14478647037353,False,20
BA1 6,374,420000.0,460147.7807486631,295000.0,544062.5,75.5627205256114,False,20
BA1 7,255,505000.0,669235.6352941176,375500.0,797500.0,85.6004380094902,False,20
BA1 8,48,448750.0,665327.5416666666,308750.0,850000.0,79.54739019345419,False,20
BA1 9,58,740000.0,789189.6551724138,555000.0,939000.0,95.72332400535345,False,20
BA10 0,144,349000.0,427432.875,250000.0,511875.0,62.73269254167173,False,20
BA11 1,470,325000.0,351979.7404255319,230000.0,429000.0,57.99367319625258,False,20
BA11 2,376,335000.0,390098.4308510638,262000.0,435500.0,60.3479742061078,False,20
BA11 3,224,294000.0,361686.02678571426,225000.0,416250.0,49.714077138338,False,20
BA11 4,288,351000.0,386015.75694444444,275000.0,460587.5,63.602628056941235,False,20
BA11 5,178,347475.0,425446.62921348313,280000.0,479125.0,62.531938191994165,False,20
BA11 6,77,499950.0,572167.9480519481,350000.0,672000.0,84.84608833191386,False,20
BA12 0,173,440000.0,479316.5722543353,275000.0,625000.0,78.6652877479012,False,20
BA12 6,200,373750.0,419103.83,279375.0,460000.0,67.70288356247718,False,20
BA12 7,110,402500.0,488371.36363636365,288125.0,682500.0,72.95291397980289,False,20
BA12 8,653,293000.0,309577.12098009186,237000.0,360000.0,49.653242486920554,False,20
BA12 9,321,285000.0,288652.30529595015,197000.0,350000.0,47.773451758121425,False,20
BA13 2,47,340000.0,350010.6382978723,282500.0,393500.0,61.309161698503466,False,20
BA13 3,684,255000.0,261086.5,205000.0,310000.0,39.068013140284705,False,20
BA13 4,390,315000.0,349769.1974358974,250000.0,390000.0,55.170945370483025,False,20
BA14 0,554,256500.0,266024.4657039711,218000.0,306750.0,39.5972746076165,False,20
BA14 6,291,380000.0,432491.8728522337,285000.0,562500.0,69.34541915074827,False,20
BA14 7,755,305000.0,324366.1920529801,235500.0,380000.0,52.81664436062782,False,20
BA14 8,357,215000.0,223733.57703081233,145000.0,285000.0,26.998418299063147,False,20
BA14 9,304,285000.0,322868.5789473684,240750.0,360000.0,47.773451758121425,False,20
BA15 1,453,385000.0,437700.81677704194,300000.0,540000.0,70.2214381311595,False,20
BA15 2,152,484000.0,561507.6513157894,375000.0,682500.0,83.48947560530479,False,20
BA16 0,439,275000.0,291734.4555808656,210000.0,335000.0,44.84730502494221,False,20
BA16 9,92,258250.0,265680.3804347826,215000.0,313125.0,39.93186519041246,False,20
BA2 0,201,360000.0,437664.4278606965,300000.0,520000.0,65.14174473780265,False,20
BA2 1,335,334500.0,346568.7671641791,280000.0,411000.0,59.97079936731963,False,20
BA2 2,480,380000.0,464968.1145833333,320000.0,501248.75,69.34541915074827,False,20
BA2 3,331,400000.0,445654.4410876133,314250.0,511000.0,72.52707141988076,False,20
BA2 4,302,585000.0,721437.1953642385,350000.0,833750.0,90.9295534736586,False,20
BA2 5,416,565000.0,581871.8725961539,378000.0,661750.0,89.68244311960093,False,20
BA2 6,410,740000.0,905730.8682926829,433875.0,1173750.0,95.72332400535345,False,20
BA2 7,191,640000.0,786777.387434555,473250.0,960000.0,93.16218518067892,False,20
BA2 8,303,320000.0,388180.29372937296,255000.0,447499.5,56.54580849251734,False,20
BA2 9,41,472000.0,619201.4634146341,350000.0,800000.0,82.31536683294804,False,20
BA20 1,122,151000.0,176102.50819672132,115000.0,215000.0,9.891714320476943,False,20
BA20 2,355,260000.0,285439.4338028169,210000.0,342500.0,40.716632193697535,False,20
BA21 3,676,243000.0,265976.8461538461,190000.0,330000.0,35.55177028835625,False,20
BA21 4,351,210000.0,214440.06837606838,157250.0,265000.0,25.6053047816036,False,20
BA21 5,489,205000.0,214061.75255623722,172000.0,245000.0,24.20610779900231,False,20
BA22 7,139,425000.0,479694.24460431654,288750.0,600000.0,76.45698990144787,False,20
BA22 8,527,260000.0,299331.08159392787,214995.0,345000.0,40.716632193697535,False,20
BA22 9,198,306992.5,386086.85353535356,225000.0,471750.0,53.145151478282024,False,20
BA3 2,444,310000.0,326690.51801801805,245000.0,392000.0,53.948168876992334,False,20
BA3 3,429,265000.0,274845.1282051282,235000.0,300000.0,42.18274729285801,False,20
BA3 4,312,352750.0,397844.9711538461,280000.0,460000.0,63.79121547633532,False,20
BA3 5,276,319000.0,403512.3152173913,240000.0,491250.0,55.91312811777589,False,20
BA4 4,192,318500.0,396073.1770833333,250000.0,508125.0,55.827959605791456,False,20
BA4 5,338,240000.0,263975.04142011836,185350.0,310000.0,34.59058279596058,False,20
BA4 6,158,342750.0,476621.93037974683,246125.0,543750.0,61.783671979559564,False,20
BA5 1,343,340000.0,384767.2536443149,248000.0,492500.0,61.309161698503466,False,20
BA5 2,418,313750.0,353502.05502392346,230000.0,421125.0,54.787687066553104,False,20
BA5 3,189,370000.0,432113.164021164,267000.0,500000.0,67.1067039785862,False,20
BA6 8,304,370000.0,427467.59539473685,260000.0,485000.0,67.1067039785862,False,20
BA6 9,350,255000.0,265654.9542857143,172500.0,336875.0,39.068013140284705,False,20
BA7 7,180,290000.0,359225.64444444445,213000.0,421250.0,48.89280934420246,False,20
BA8 0,203,300000.0,349689.33497536945,220000.0,417500.0,51.65470251855457,False,20
BA9 8,46,452000.0,660250.0,365750.0,737500.0,80.5268280812751,False,20
BA9 9,344,272500.0,297798.60755813954,195000.0,350000.0,44.11120574279109,False,20
BB1 1,125,115000.0,120998.8,80000.0,150000.0,3.0295656405888796,False,20
BB1 2,283,138000.0,146369.25795053004,102250.0,175000.0,6.892566005596788,False,20
BB1 3,104,138975.0,139198.65384615384,118250.0,168500.0,7.008151843289938,False,20
BB1 4,319,137500.0,150218.605015674,90000.0,195000.0,6.764813237620149,False,20
BB1 5,147,140000.0,150574.14965986394,117500.0,180000.0,7.409660542645091,False,20
BB1 6,39,125000.0,132840.33333333334,105000.0,150000.0,4.4652634140406375,False,20
BB1 7,31,140000.0,149112.90322580645,107500.0,185250.0,7.409660542645091,False,20
BB1 8,415,204250.0,216296.2168674699,154000.0,275250.0,23.88368414648984,False,20
BB1 9,474,209500.0,242330.91772151898,130250.0,305000.0,25.082126779413557,False,20
BB10 1,381,80000.0,102344.34645669292,63750.0,135000.0,0.4988441416230685,False,20
BB10 2,504,166500.0,180145.45634920636,117875.0,227125.0,13.474875288964594,False,20
BB10 3,346,139975.0,180572.76011560694,80250.0,265750.0,7.099403820416109,False,20
BB10 4,515,144000.0,182436.3359223301,92250.0,240000.0,8.030173987103053,False,20
BB11 1,26,128000.0,123220.07692307692,107000.0,165454.0,5.085776858498601,False,20
BB11 2,232,117500.0,136162.3922413793,75000.0,170575.0,3.2850711765421585,False,20
BB11 3,205,85000.0,111679.43902439025,57000.0,152000.0,0.6691811655919212,False,20
BB11 4,352,93149.5,116626.16477272728,55750.0,160000.0,1.0828567952305632,False,20
BB11 5,231,163000.0,176894.7619047619,105000.0,228975.0,12.574522447986372,False,20
BB12 0,294,170000.0,172352.7993197279,95750.0,230125.0,14.296143083100135,False,20
BB12 6,498,128000.0,148362.39156626505,87000.0,199987.5,5.085776858498601,False,20
BB12 7,369,160000.0,189273.17886178862,98000.0,227500.0,11.856673561260495,False,20
BB12 8,411,125000.0,152229.14355231143,82000.0,196750.0,4.4652634140406375,False,20
BB12 9,160,267500.0,305171.25,207250.0,382750.0,42.84584499330819,False,20
BB18 5,454,150000.0,181551.94933920706,122125.0,224625.0,9.465871760554812,False,20
BB18 6,497,155000.0,184521.7847082495,121000.0,220000.0,10.700815184328993,False,20
BB2 1,89,98000.0,103035.39325842696,80000.0,115000.0,1.435697773451758,False,20
BB2 2,192,110000.0,124259.09895833333,85000.0,145000.0,2.463803382406619,False,20
BB2 3,404,145000.0,163475.44059405942,105000.0,232996.25,8.316096848765056,False,20
BB2 4,615,130000.0,143676.67642276423,88000.0,175000.0,5.493369022995498,False,20
BB2 5,725,265000.0,273925.0027586207,190000.0,342995.0,42.18274729285801,False,20
BB2 6,275,135000.0,172336.44,100000.0,190000.0,6.3328872125562725,False,20
BB2 7,426,272950.0,303193.5305164319,217087.5,349987.5,44.208541185059005,False,20
BB3 0,395,156500.0,177874.60506329115,112250.0,223497.5,11.090156953400657,False,20
BB3 1,325,127000.0,145175.19692307693,91000.0,172500.0,4.8971894391045145,False,20
BB3 2,468,148000.0,171719.97863247863,110000.0,200000.0,8.94877722350651,False,20
BB3 3,693,197000.0,205820.95093795093,124950.0,270000.0,21.936975301131525,False,20
BB4 4,288,245250.0,266117.9513888889,180000.0,311500.0,36.33653729164132,False,20
BB4 5,252,125000.0,141807.45634920636,105000.0,155000.0,4.4652634140406375,False,20
BB4 6,311,230000.0,254408.42443729902,153250.0,335000.0,31.71918724905706,False,20
BB4 7,283,190000.0,243362.0,146100.0,288750.0,19.959849130064487,False,20
BB4 8,492,230423.0,259297.47967479675,160000.0,325000.0,32.181530599829664,False,20
BB4 9,225,165000.0,197413.12444444443,135000.0,222500.0,13.079450054751184,False,20
BB5 0,298,93500.0,107746.75838926174,67625.0,145000.0,1.095023725514053,False,20
BB5 1,96,75000.0,78543.21875,58375.0,91250.0,0.2980897919454922,False,20
BB5 2,329,170000.0,194236.88145896656,120000.0,240000.0,14.296143083100135,False,20
BB5 3,347,124950.0,140540.56195965418,97750.0,165000.0,4.215841343229103,False,20
BB5 4,379,138000.0,142135.60686015832,100000.0,175000.0,6.892566005596788,False,20
BB5 5,492,150000.0,158341.0894308943,106750.0,205000.0,9.465871760554812,False,20
BB5 6,452,121000.0,140805.77433628318,88000.0,175375.0,3.8812507604331428,False,20
BB6 7,559,140000.0,173310.42754919498,98997.5,227995.5,7.409660542645091,False,20
BB6 8,182,350000.0,418763.73626373627,227962.5,500000.0,63.219369753011314,False,20
BB7 1,488,217997.5,244878.9836065574,155000.0,302121.25,27.764934906922985,False,20
BB7 2,532,249995.0,273603.0977443609,192375.0,333875.0,37.103053899501155,False,20
BB7 3,83,429000.0,546217.469879518,317500.0,662500.0,77.04708602019711,False,20
BB7 4,198,329975.0,403023.8585858586,233125.0,524000.0,58.741939408687195,False,20
BB7 9,677,350000.0,374807.31757754803,235000.0,460000.0,63.219369753011314,False,20
BB8 0,226,118475.0,130969.47345132743,80250.0,163375.0,3.4067404793770533,False,20
BB8 7,254,237225.0,268611.2007874016,167000.0,339987.5,33.7632315366833,False,20
BB8 8,260,174750.0,188015.9,110000.0,245000.0,15.159995133227886,False,20
BB8 9,301,123000.0,143285.96013289035,95000.0,163000.0,4.063754714685485,False,20
BB9 0,468,111250.0,134100.72222222222,76875.0,168000.0,2.6402238715172164,False,20
BB9 5,264,124975.0,127845.76893939394,75875.0,163875.0,4.234091738654337,False,20
BB9 6,250,240000.0,280147.928,149962.5,350000.0,34.59058279596058,False,20
BB9 7,151,77000.0,81127.43708609272,60000.0,95500.0,0.40759216449689745,False,20
BB9 8,361,113500.0,129235.19667590028,82500.0,158000.0,2.828811290911303,False,20
BB9 9,227,80000.0,98165.11894273128,58000.0,126500.0,0.4988441416230685,False,20
BD1 1,10,46500.0,46200.0,39750.0,52000.0,0.0486677211339579,True,20
BD1 2,54,122500.0,103749.75925925926,59250.0,139625.0,3.990753132984548,False,20
BD1 3,45,95000.0,104061.08888888889,90000.0,120000.0,1.228859958632437,False,20
BD1 4,38,114000.0,100092.1052631579,48750.0,134000.0,2.8592286166200265,False,20
BD1 5,124,130000.0,114391.17741935483,64750.0,152941.0,5.493369022995498,False,20
BD10 0,440,205000.0,237822.45681818182,145000.0,295000.0,24.20610779900231,False,20
BD10 8,548,230000.0,235131.85583941606,157750.0,294237.5,31.71918724905706,False,20
BD10 9,293,166950.0,177270.24573378838,131000.0,209995.0,13.505292614673317,False,20
BD11 1,397,275000.0,289506.3753148615,220000.0,359995.0,44.84730502494221,False,20
BD11 2,299,205000.0,239176.0535117057,154250.0,277750.0,24.20610779900231,False,20
BD12 0,205,165000.0,175115.46341463414,130000.0,212000.0,13.079450054751184,False,20
BD12 7,107,180000.0,205817.28971962616,130500.0,232500.0,16.912033094050372,False,20
BD12 8,200,144400.0,164643.175,114750.0,195000.0,8.054507847670033,False,20
BD12 9,262,185000.0,195863.72900763358,125000.0,235000.0,18.432899379486557,False,20
BD13 1,204,175500.0,211115.931372549,123000.0,252750.0,15.835259763961554,False,20
BD13 2,384,185750.0,192170.11197916666,120000.0,243125.0,18.810074218274732,False,20
BD13 3,347,180000.0,189883.00864553315,130000.0,232250.0,16.912033094050372,False,20
BD13 4,197,190000.0,212373.32487309646,127000.0,265000.0,19.959849130064487,False,20
BD13 5,197,277000.0,271696.09137055837,192000.0,340000.0,45.49823579510889,False,20
BD14 6,388,172750.0,191220.65463917525,131750.0,235000.0,14.904489597274608,False,20
BD15 0,224,235000.0,265417.6339285714,181500.0,327750.0,33.14271809222533,False,20
BD15 7,213,137000.0,141796.01408450704,106000.0,166000.0,6.630977004501765,False,20
BD15 8,102,236245.0,231247.29411764705,185000.0,257245.0,33.65372916413189,False,20
BD15 9,147,190000.0,206002.72108843538,140000.0,255000.0,19.959849130064487,False,20
BD16 1,447,197000.0,232760.79865771811,148000.0,280000.0,21.936975301131525,False,20
BD16 2,190,180000.0,201604.67894736843,135000.0,230000.0,16.912033094050372,False,20
BD16 3,222,298250.0,344100.4459459459,232500.0,413750.0,50.82126779413554,False,20
BD16 4,339,198000.0,245626.7669616519,152500.0,305000.0,22.095145394816885,False,20
BD17 5,366,277475.0,302494.62841530057,177162.5,405250.0,45.57123737680983,False,20
BD17 6,304,273000.0,283034.9506578947,197750.0,350000.0,44.23895851076773,False,20
BD17 7,193,190000.0,219396.03626943004,131000.0,250000.0,19.959849130064487,False,20
BD18 1,291,179000.0,191780.37457044673,150000.0,215000.0,16.4131889524273,False,20
BD18 2,218,150000.0,146637.6146788991,122375.0,172750.0,9.465871760554812,False,20
BD18 3,206,202500.0,206743.38834951457,154250.0,254375.0,23.622095145394816,False,20
BD18 4,363,244000.0,270390.0633608815,190000.0,324000.0,35.69777345175812,False,20
BD19 3,267,155000.0,175519.23595505618,112750.0,211500.0,10.700815184328993,False,20
BD19 4,424,230000.0,257056.01650943398,175000.0,300250.0,31.71918724905706,False,20
BD19 5,142,208500.0,211906.65492957746,155500.0,247750.0,24.984791337145637,False,20
BD19 6,272,258635.5,265246.91544117645,165750.0,325000.0,40.02920063268037,False,20
BD2 1,292,166500.0,178816.55479452055,140000.0,215000.0,13.474875288964594,False,20
BD2 2,264,155000.0,166042.2159090909,119875.0,205250.0,10.700815184328993,False,20
BD2 3,584,181498.0,190594.59589041097,139222.0,237496.0,17.471711887090887,False,20
BD2 4,302,150000.0,155181.4569536424,120000.0,180000.0,9.465871760554812,False,20
BD20 0,390,230000.0,245922.3641025641,172125.0,299786.25,31.71918724905706,False,20
BD20 5,347,222500.0,250860.94812680114,172500.0,293500.0,29.413553960335808,False,20
BD20 6,418,225000.0,232771.15071770336,165000.0,279995.0,30.143569777345174,False,20
BD20 7,212,225000.0,250609.6462264151,188815.0,289362.5,30.143569777345174,False,20
BD20 8,313,272500.0,309276.6485623003,192500.0,375000.0,44.11120574279109,False,20
BD20 9,224,295000.0,312951.875,215000.0,375625.0,50.121669302834896,False,20
BD21 1,154,110000.0,114772.68831168831,83750.0,145000.0,2.463803382406619,False,20
BD21 2,137,120000.0,118504.18248175182,82000.0,140000.0,3.686579875897311,False,20
BD21 3,44,89000.0,88781.81818181818,58000.0,110000.0,0.80910086385205,False,20
BD21 4,239,135000.0,147091.60251046024,98250.0,180000.0,6.3328872125562725,False,20
BD21 5,126,122475.0,132333.57142857142,95000.0,149375.0,3.95425234213408,False,20
BD22 0,201,220000.0,263126.32835820894,165000.0,321000.0,28.555785375349803,False,20
BD22 6,282,155000.0,168482.2340425532,115000.0,200000.0,10.700815184328993,False,20
BD22 7,356,176000.0,187173.88202247192,138000.0,220000.0,15.950845601654704,False,20
BD22 8,279,182000.0,201780.0716845878,137750.0,249000.0,17.599464655067525,False,20
BD22 9,177,195000.0,231095.3502824859,140000.0,260000.0,21.395546903516244,False,20
BD23 1,395,291300.0,328015.33164556965,195000.0,417500.0,49.38557002068379,False,20
BD23 2,570,210000.0,241157.12982456142,169950.0,295000.0,25.6053047816036,False,20
BD23 3,253,300000.0,347732.59683794464,225000.0,425000.0,51.65470251855457,False,20
BD23 4,146,290000.0,338710.87671232875,195000.0,389375.0,48.89280934420246,False,20
BD23 5,152,372500.0,415522.90789473685,290000.0,527000.0,67.58729772478404,False,20
BD23 6,210,400000.0,452413.4809523809,281250.0,577148.0,72.52707141988076,False,20
BD24 0,90,364999.0,388035.3,267500.0,428625.0,65.84742669424503,False,20
BD24 9,193,275000.0,296550.7823834197,195000.0,350000.0,44.84730502494221,False,20
BD3 0,169,100000.0,103111.26627218934,74000.0,130000.0,1.648619053412824,False,20
BD3 7,137,129500.0,137164.58394160584,95000.0,177500.0,5.201362696191751,False,20
BD3 8,141,100000.0,103082.22695035461,80000.0,120000.0,1.648619053412824,False,20
BD3 9,73,90000.0,93669.97260273973,70000.0,115000.0,0.9246867015452002,False,20
BD4 0,250,163247.5,169880.676,125000.0,191750.0,12.617106703978587,False,20
BD4 6,277,155000.0,170746.82310469315,127500.0,195000.0,10.700815184328993,False,20
BD4 7,189,100000.0,107072.76190476191,77500.0,130000.0,1.648619053412824,False,20
BD4 8,173,132500.0,149196.4450867052,97500.0,175000.0,6.016547025185546,False,20
BD4 9,156,105000.0,106650.32692307692,80000.0,125000.0,1.96495924078355,False,20
BD5 0,82,96250.0,99158.0487804878,78125.0,115000.0,1.3383623311838424,False,20
BD5 7,101,98000.0,101763.9603960396,74000.0,118000.0,1.435697773451758,False,20
BD5 8,173,120000.0,137629.35838150288,90000.0,163000.0,3.686579875897311,False,20
BD5 9,206,120000.0,119035.43689320388,92375.0,145000.0,3.686579875897311,False,20
BD6 1,359,145000.0,151388.3147632312,115000.0,175750.0,8.316096848765056,False,20
BD6 2,293,157000.0,163052.67918088738,130000.0,190000.0,11.163158535101594,False,20
BD6 3,524,165000.0,171040.50763358778,130000.0,200000.0,13.079450054751184,False,20
BD7 1,36,136250.0,144833.33333333334,96125.0,200000.0,6.551891957659082,False,20
BD7 2,252,124500.0,136267.03968253967,96375.0,164995.0,4.18542401752038,False,20
BD7 3,147,92500.0,99182.92517006803,72250.0,124000.0,1.0585229346635843,False,20
BD7 4,327,155000.0,159682.51987767583,120000.0,190000.0,10.700815184328993,False,20
BD8 0,201,147500.0,154551.87562189053,110000.0,185000.0,8.863608711522083,False,20
BD8 7,39,80500.0,117076.92307692308,51000.0,160000.0,0.535344932473537,False,20
BD8 8,47,90250.0,108119.46808510639,70000.0,123750.0,0.9855213529626474,False,20
BD8 9,141,95000.0,105449.56737588653,70000.0,130000.0,1.228859958632437,False,20
BD9 4,161,135000.0,156826.70807453417,98000.0,188000.0,6.3328872125562725,False,20
BD9 5,133,158000.0,178144.96240601502,115000.0,250000.0,11.315245163645212,False,20
BD9 6,294,147250.0,172998.0918367347,120000.0,198000.0,8.80885752524638,False,20
BH1 1,162,195000.0,208396.9135802469,148500.0,245000.0,21.395546903516244,False,20
BH1 2,64,230000.0,272703.125,163125.0,342500.0,31.71918724905706,False,20
BH1 3,325,240000.0,290542.5076923077,185000.0,299950.0,34.59058279596058,False,20
BH1 4,344,215000.0,220886.125,150750.0,280000.0,26.998418299063147,False,20
BH10 4,184,320000.0,323267.98913043475,279500.0,370750.0,56.54580849251734,False,20
BH10 5,262,335000.0,349533.64885496185,300000.0,383684.75,60.3479742061078,False,20
BH10 6,187,380000.0,387668.3155080214,335000.0,447000.0,69.34541915074827,False,20
BH10 7,130,335000.0,335607.3076923077,295000.0,369500.0,60.3479742061078,False,20
BH11 8,260,292000.0,290214.03846153844,265000.0,320000.0,49.47682199780995,False,20
BH11 9,487,338000.0,350704.704312115,283250.0,410000.0,60.877235673439586,False,20
BH12 1,265,326000.0,340501.5283018868,230000.0,410000.0,58.49251733787565,False,20
BH12 2,342,320000.0,313976.69005847955,280000.0,355000.0,56.54580849251734,False,20
BH12 3,334,314500.0,301269.23652694613,263125.0,357000.0,54.89110597396277,False,20
BH12 4,283,305000.0,309632.2155477032,269000.0,350000.0,52.81664436062782,False,20
BH12 5,112,343500.0,382692.41071428574,300000.0,450625.0,61.862757026402235,False,20
BH13 6,357,368500.0,573932.0112044818,260000.0,595000.0,66.6991118140893,False,20
BH13 7,275,825000.0,1298710.6872727273,525000.0,1542775.0,96.93393356856065,False,20
BH14 0,415,310000.0,354639.686746988,220000.0,440000.0,53.948168876992334,False,20
BH14 8,548,622500.0,741665.9452554744,400000.0,895000.0,92.40175203796083,False,20
BH14 9,302,416875.0,527082.4370860927,281250.0,683000.0,75.10646063998053,False,20
BH15 1,329,232000.0,251110.40121580547,180000.0,315000.0,32.39445187979073,False,20
BH15 2,322,300000.0,305621.89130434784,220000.0,380000.0,51.65470251855457,False,20
BH15 3,423,351500.0,366972.55319148937,309307.5,427000.0,63.62696191750822,False,20
BH15 4,461,320000.0,340233.12147505424,257000.0,385000.0,56.54580849251734,False,20
BH16 5,442,309475.0,325761.66515837103,265000.0,362875.0,53.485825526219735,False,20
BH16 6,193,432500.0,474449.6062176166,325000.0,555000.0,77.69193332522205,False,20
BH17 7,405,320000.0,321730.3259259259,275000.0,362000.0,56.54580849251734,False,20
BH17 8,308,300000.0,299328.0422077922,250000.0,350500.0,51.65470251855457,False,20
BH17 9,226,350000.0,349981.00884955755,258487.5,430000.0,63.219369753011314,False,20
BH18 8,269,449950.0,504931.09293680295,350000.0,600000.0,79.62039177515513,False,20
BH18 9,290,515000.0,543787.0103448275,440000.0,610000.0,86.35478768706655,False,20
BH19 1,317,357500.0,417265.12302839116,260000.0,510000.0,64.62465020075435,False,20
BH19 2,238,370750.0,440808.0630252101,299962.5,500000.0,67.46562842194915,False,20
BH19 3,59,625000.0,825898.3050847457,465000.0,860500.0,92.6146733179219,False,20
BH2 5,276,190000.0,238591.03623188406,125000.0,291000.0,19.959849130064487,False,20
BH2 6,247,226000.0,252123.43724696356,169725.0,270000.0,30.630246988684757,False,20
BH20 4,232,348000.0,369016.8534482759,275000.0,426250.0,62.68402482053778,False,20
BH20 5,121,570000.0,592162.0661157025,400000.0,685000.0,89.97444944640466,False,20
BH20 6,186,340000.0,362402.1505376344,270000.0,403750.0,61.309161698503466,False,20
BH20 7,150,388500.0,424430.0,304375.0,507500.0,70.61686336537292,False,20
BH21 1,534,413750.0,417844.5561797753,290000.0,520000.0,74.35211096240418,False,20
BH21 2,498,404375.0,466865.1084337349,335000.0,530000.0,73.0624163523543,False,20
BH21 3,370,385000.0,427622.7027027027,320000.0,500000.0,70.2214381311595,False,20
BH21 4,254,427500.0,472269.5,351250.0,564375.0,76.94366711278744,False,20
BH21 5,43,470000.0,547068.6046511628,377500.0,675000.0,82.10852901812873,False,20
BH21 6,62,415000.0,456362.9032258064,345625.0,491250.0,74.71103540576712,False,20
BH21 7,87,557400.0,650406.8965517242,425000.0,845000.0,89.11059739627692,False,20
BH21 8,14,437500.0,483767.85714285716,398750.0,608750.0,78.31244676968001,True,20
BH22 0,386,390000.0,411292.0725388601,325000.0,470000.0,70.97578780873586,False,20
BH22 8,542,450000.0,484156.721402214,325000.0,581500.0,80.05840126536074,False,20
BH22 9,580,380000.0,402891.3896551724,285000.0,501250.0,69.34541915074827,False,20
BH23 1,295,356250.0,393624.30508474575,216750.0,475000.0,64.49689743277771,False,20
BH23 2,499,420000.0,431730.6733466934,315000.0,527500.0,75.5627205256114,False,20
BH23 3,403,345000.0,393261.3523573201,266000.0,475000.0,62.16084681834773,False,20
BH23 4,577,475000.0,550656.9272097053,370000.0,620000.0,82.6621243460275,False,20
BH23 5,547,415000.0,449781.5393053017,261250.0,575000.0,74.71103540576712,False,20
BH23 6,5,485000.0,535000.0,465000.0,540000.0,83.62331183842316,True,20
BH23 7,161,380000.0,419710.099378882,300000.0,495000.0,69.34541915074827,False,20
BH23 8,186,482250.0,564419.4623655914,392500.0,634750.0,83.42255748874558,False,20
BH24 1,449,365000.0,390028.53897550114,275000.0,470000.0,66.10293223019832,False,20
BH24 2,297,662500.0,693695.7104377104,520000.0,790000.0,93.85570020683781,False,20
BH24 3,124,446000.0,587146.4274193548,344875.0,692500.0,79.43180435576103,False,20
BH24 4,50,877500.0,940859.0,542500.0,1336250.0,97.38410998904976,False,20
BH25 5,490,374500.0,426969.4081632653,265000.0,520000.0,67.72721742304417,False,20
BH25 6,364,321250.0,350535.7912087912,230000.0,425000.0,57.12982114612484,False,20
BH25 7,370,530000.0,555554.2972972973,400000.0,697862.5,87.43156101715537,False,20
BH3 7,204,582500.0,627481.7990196078,268750.0,866250.0,90.78355031025673,False,20
BH31 6,463,400000.0,413651.57019438443,314250.0,490000.0,72.52707141988076,False,20
BH31 7,209,414000.0,418435.96172248805,280000.0,535000.0,74.38252828811291,False,20
BH4 8,376,294300.0,376309.6728723404,239875.0,386250.0,49.738410998904975,False,20
BH4 9,244,242250.0,357018.8524590164,177750.0,326875.0,35.35101593867867,False,20
BH5 1,355,200000.0,252038.11549295776,155000.0,270000.0,22.885995863243703,False,20
BH5 2,171,367000.0,447235.6432748538,227500.0,515000.0,66.52877479012045,False,20
BH6 3,413,325000.0,431396.7554479419,230000.0,623000.0,57.99367319625258,False,20
BH6 4,209,615000.0,621997.8708133971,380000.0,805000.0,92.18883075799975,False,20
BH6 5,429,396000.0,399135.6107226107,286000.0,500000.0,71.89439104513932,False,20
BH7 6,304,330000.0,370420.7105263158,220000.0,488170.0,59.15561503832583,False,20
BH7 7,137,500000.0,523631.2189781022,411000.0,630000.0,85.14417812385935,False,20
BH8 0,233,330000.0,355770.1716738197,290000.0,389950.0,59.15561503832583,False,20
BH8 8,444,225000.0,265308.07657657657,180000.0,335000.0,30.143569777345174,False,20
BH8 9,330,400000.0,428336.1818181818,250000.0,580000.0,72.52707141988076,False,20
BH9 1,411,330000.0,323322.18248175184,250000.0,385000.0,59.15561503832583,False,20
BH9 2,307,350000.0,340327.5016286645,204500.0,442500.0,63.219369753011314,False,20
BH9 3,379,359000.0,365200.00527704484,305000.0,425000.0,64.78282029443972,False,20
BL0 0,272,241750.0,287992.2536764706,190000.0,325062.5,35.2597639615525,False,20
BL0 9,512,265000.0,292717.78125,198750.0,340312.5,42.18274729285801,False,20
BL1 1,18,90750.0,141636.11111111112,65000.0,263750.0,0.997688283246137,True,20
BL1 2,45,112000.0,128051.11111111111,89500.0,158500.0,2.6888915926511743,False,20
BL1 3,215,122500.0,129071.33023255815,104750.0,148800.0,3.990753132984548,False,20
BL1 4,291,134000.0,158011.18900343642,94500.0,184000.0,6.15038325830393,False,20
BL1 5,463,250000.0,324544.34989200864,159475.0,450000.0,37.717483878817376,False,20
BL1 6,360,189500.0,221669.875,145000.0,250000.0,19.467088453583163,False,20
BL1 7,386,217500.0,241040.51554404144,147625.0,300487.5,27.661515999513327,False,20
BL1 8,348,165500.0,175623.0775862069,110000.0,227125.0,13.347122520987956,False,20
BL2 1,82,175000.0,184935.36585365853,130750.0,218750.0,15.500669181165591,False,20
BL2 2,239,152000.0,157821.15062761508,125000.0,183500.0,9.952548971894391,False,20
BL2 3,421,250000.0,261597.73871733967,185000.0,317000.0,37.717483878817376,False,20
BL2 4,209,278000.0,312708.0717703349,232500.0,350000.0,45.759824796203915,False,20
BL2 5,282,185000.0,201716.32269503546,147125.0,228746.25,18.432899379486557,False,20
BL2 6,359,180250.0,189881.69359331476,143000.0,227400.0,17.337875653972503,False,20
BL3 1,384,200000.0,202488.86197916666,152125.0,248000.0,22.885995863243703,False,20
BL3 2,231,142000.0,155500.8225108225,110000.0,190000.0,7.829419637425477,False,20
BL3 3,398,167500.0,188732.87939698494,132250.0,225000.0,13.651295778075193,False,20
BL3 4,396,180000.0,210977.94696969696,127000.0,275000.0,16.912033094050372,False,20
BL3 5,86,140000.0,141739.53488372092,111956.5,165000.0,7.409660542645091,False,20
BL3 6,60,115000.0,129532.5,92375.0,150000.0,3.0295656405888796,False,20
BL4 0,289,182000.0,190573.9965397924,151000.0,220000.0,17.599464655067525,False,20
BL4 7,210,140000.0,150732.48571428572,110000.0,181500.0,7.409660542645091,False,20
BL4 8,282,185000.0,189515.76241134753,160000.0,219500.0,18.432899379486557,False,20
BL4 9,216,161500.0,163222.71296296295,125000.0,190000.0,12.349434237741818,False,20
BL5 1,102,275000.0,286001.90196078434,235000.0,304750.0,44.84730502494221,False,20
BL5 2,428,210000.0,243825.57476635513,175000.0,285625.0,25.6053047816036,False,20
BL5 3,831,240000.0,252005.5487364621,165000.0,318000.0,34.59058279596058,False,20
BL6 4,431,319995.0,366287.5290023202,246995.5,405000.0,56.03479742061078,False,20
BL6 5,495,225000.0,238349.10303030303,165000.0,291000.0,30.143569777345174,False,20
BL6 6,317,210000.0,233411.85488958991,162500.0,275000.0,25.6053047816036,False,20
BL6 7,292,193750.0,237799.49657534246,150000.0,271250.0,20.896702761893174,False,20
BL7 0,132,317750.0,402424.92424242425,228750.0,470000.0,55.736707628665286,False,20
BL7 8,29,245000.0,306935.5172413793,200000.0,385000.0,36.05061442997932,False,20
BL7 9,603,260000.0,306489.35986733,197266.0,376101.0,40.716632193697535,False,20
BL8 1,555,235000.0,243940.25585585585,170000.0,300000.0,33.14271809222533,False,20
BL8 2,384,257750.0,266766.3619791667,176875.0,320250.0,39.83452974814454,False,20
BL8 3,317,216000.0,266502.429022082,175000.0,295000.0,27.412093928701786,False,20
BL8 4,196,347475.0,387698.137755102,266875.0,441750.0,62.531938191994165,False,20
BL9 0,86,145500.0,167965.05813953487,125000.0,188996.25,8.595936245285314,False,20
BL9 5,193,240000.0,280129.83937823836,175000.0,330000.0,34.59058279596058,False,20
BL9 6,449,200000.0,217646.37861915366,152000.0,280000.0,22.885995863243703,False,20
BL9 7,291,155000.0,181375.70790378007,130000.0,200000.0,10.700815184328993,False,20
BL9 8,363,282500.0,292826.2479338843,220000.0,370000.0,47.20160603479742,False,20
BL9 9,373,200000.0,215206.98927613941,160000.0,250000.0,22.885995863243703,False,20
BN1 1,33,405000.0,418075.75757575757,272000.0,512500.0,73.17191872490571,False,20
BN1 2,195,330000.0,353525.25641025644,252500.0,408750.0,59.15561503832583,False,20
BN1 3,531,362000.0,455166.39924670436,275000.0,521456.0,65.56758729772478,False,20
BN1 4,328,356292.5,395804.881097561,255000.0,510000.0,64.5090643630612,False,20
BN1 5,466,585000.0,606036.7746781115,340500.0,758750.0,90.9295534736586,False,20
BN1 6,782,472500.0,574289.0818414323,300000.0,775000.0,82.40053534493246,False,20
BN1 7,224,457500.0,467003.70535714284,393750.0,535000.0,80.91616985034675,False,20
BN1 8,528,465000.0,491473.7803030303,395000.0,570500.0,81.53059982966298,False,20
BN1 9,77,385000.0,391936.6493506493,350000.0,435000.0,70.2214381311595,False,20
BN10 7,423,340000.0,343632.59574468085,275500.0,410000.0,61.309161698503466,False,20
BN10 8,510,349950.0,353933.7862745098,290000.0,410000.0,62.83002798393965,False,20
BN11 1,236,220000.0,287048.9322033898,168187.5,339250.0,28.555785375349803,False,20
BN11 2,436,340000.0,369776.8027522936,237375.0,450000.0,61.309161698503466,False,20
BN11 3,336,276000.0,344083.5,201615.0,414213.25,45.388733422557486,False,20
BN11 4,468,240000.0,269026.7521367521,184750.0,303500.0,34.59058279596058,False,20
BN11 5,375,340000.0,386336.25333333336,240000.0,481500.0,61.309161698503466,False,20
BN12 4,398,495000.0,502701.80904522614,350000.0,625000.0,84.52366467940139,False,20
BN12 5,319,515000.0,547090.4764890282,386500.0,668750.0,86.35478768706655,False,20
BN12 6,441,365000.0,373810.71428571426,300000.0,455000.0,66.10293223019832,False,20
BN13 1,357,367000.0,362408.2268907563,250000.0,431250.0,66.52877479012045,False,20
BN13 2,432,350000.0,360464.18055555556,305000.0,408125.0,63.219369753011314,False,20
BN13 3,517,375000.0,413086.4429400387,315000.0,470000.0,68.18956077381677,False,20
BN14 0,261,510000.0,529183.4329501915,415000.0,625000.0,85.96544591799488,False,20
BN14 7,456,385000.0,388562.9495614035,279000.0,478125.0,70.2214381311595,False,20
BN14 8,284,347500.0,349174.00352112675,272743.75,425000.0,62.611023238836836,False,20
BN14 9,327,397500.0,452229.1896024465,273750.0,561250.0,72.0160603479742,False,20
BN15 0,331,361000.0,377539.39879154076,320000.0,431500.0,65.4885022508821,False,20
BN15 8,396,318000.0,323505.6186868687,237875.0,376000.0,55.773208419515754,False,20
BN15 9,527,362500.0,367704.1992409867,318250.0,420000.0,65.65883927485096,False,20
BN16 1,399,393000.0,504808.7293233083,312500.0,572500.0,71.41988076408322,False,20
BN16 2,482,462000.0,533738.653526971,305250.0,668750.0,81.34809587541064,False,20
BN16 3,436,305500.0,331762.5894495413,245000.0,410000.0,53.029565640588885,False,20
BN16 4,577,439995.0,463448.2409012132,355000.0,540000.0,78.42194914223141,False,20
BN17 5,372,210000.0,268070.48387096776,142875.0,359375.0,25.6053047816036,False,20
BN17 6,561,320000.0,323783.2210338681,265000.0,375000.0,56.54580849251734,False,20
BN17 7,441,280000.0,288990.410430839,240000.0,335000.0,46.40467210122886,False,20
BN18 0,830,395000.0,426248.16626506025,320000.0,499995.0,71.68146976517824,False,20
BN18 9,237,455000.0,564105.9451476793,314000.0,710000.0,80.72149896581092,False,20
BN2 0,222,402500.0,477798.4414414414,306250.0,544500.0,72.95291397980289,False,20
BN2 1,424,350000.0,439486.20047169813,262250.0,475000.0,63.219369753011314,False,20
BN2 2,2,199500.0,199500.0,189250.0,209750.0,22.247232023360507,True,20
BN2 3,460,337000.0,380250.6608695652,255000.0,486125.0,60.74948290546295,False,20
BN2 4,330,364500.0,356933.97878787876,310000.0,401687.5,65.81700936853632,False,20
BN2 5,294,383750.0,491263.6836734694,305625.0,555250.0,69.92334833921402,False,20
BN2 6,282,410000.0,437654.06028368796,345750.0,500000.0,73.84109989049763,False,20
BN2 7,230,608750.0,654698.9739130435,420000.0,784750.0,91.94549215232996,False,20
BN2 8,401,450000.0,477193.99501246883,370000.0,565000.0,80.05840126536074,False,20
BN2 9,452,457250.0,450268.32522123895,364250.0,539625.0,80.87358559435455,False,20
BN20 0,52,685000.0,779188.8076923077,550000.0,966250.0,94.41537899987833,False,20
BN20 7,396,310000.0,386098.69696969696,219500.0,475625.0,53.948168876992334,False,20
BN20 8,260,377500.0,425395.4923076923,304375.0,467625.0,68.87090886969217,False,20
BN20 9,239,418000.0,472459.2719665272,335000.0,565000.0,75.22812994281543,False,20
BN21 1,437,300000.0,323132.18077803205,199950.0,410000.0,51.65470251855457,False,20
BN21 2,447,250000.0,317694.3422818792,180000.0,397000.0,37.717483878817376,False,20
BN21 3,291,162500.0,177667.5945017182,127750.0,220000.0,12.471103540576713,False,20
BN21 4,241,225000.0,256003.35269709543,169000.0,300000.0,30.143569777345174,False,20
BN22 0,522,334995.0,365548.72222222225,285150.0,429995.0,60.01946708845358,False,20
BN22 7,260,253900.0,253378.27692307692,189987.5,307125.0,38.605669789512106,False,20
BN22 8,402,265000.0,275113.10696517414,225000.0,332750.0,42.18274729285801,False,20
BN22 9,233,260000.0,275879.6137339056,230000.0,300000.0,40.716632193697535,False,20
BN23 5,437,285000.0,329046.60640732263,225000.0,400000.0,47.773451758121425,False,20
BN23 6,283,320000.0,304596.8409893993,245000.0,361000.0,56.54580849251734,False,20
BN23 7,381,280000.0,273136.19947506563,244000.0,310000.0,46.40467210122886,False,20
BN23 8,245,285000.0,300115.2775510204,250000.0,355000.0,47.773451758121425,False,20
BN24 5,409,372995.0,375981.1173594132,310000.0,437995.0,67.6237985156345,False,20
BN24 6,168,325000.0,354664.4285714286,244750.0,407500.0,57.99367319625258,False,20
BN25 1,248,262250.0,309253.21774193546,207250.0,373125.0,41.4466480107069,False,20
BN25 2,358,395000.0,398620.9497206704,290000.0,495000.0,71.68146976517824,False,20
BN25 3,349,375000.0,387065.11747851,321125.0,435000.0,68.18956077381677,False,20
BN25 4,219,485000.0,511651.70319634705,406997.5,609997.5,83.62331183842316,False,20
BN26 5,260,356000.0,436164.0653846154,296875.0,445500.0,64.46039664192725,False,20
BN26 6,349,315000.0,336513.0802292264,268000.0,365000.0,55.170945370483025,False,20
BN27 1,433,335000.0,352313.6674364896,272500.0,385000.0,60.3479742061078,False,20
BN27 2,228,264185.5,289074.2543859649,221477.5,341250.0,41.7325708723689,False,20
BN27 3,586,322500.0,350776.6075085324,280000.0,403375.0,57.26974084438496,False,20
BN27 4,349,365000.0,421135.770773639,300000.0,500000.0,66.10293223019832,False,20
BN3 1,662,342500.0,406850.51359516615,268000.0,460000.0,61.747171188709096,False,20
BN3 2,435,420000.0,528129.1586206896,315000.0,595000.0,75.5627205256114,False,20
BN3 3,777,362000.0,425535.28185328183,275000.0,505000.0,65.56758729772478,False,20
BN3 4,426,470000.0,661209.9671361502,330000.0,875000.0,82.10852901812873,False,20
BN3 5,500,535250.0,576112.526,345000.0,707750.0,87.78440199537657,False,20
BN3 6,499,816000.0,876255.9899799599,426500.0,1200000.0,96.81226426572576,False,20
BN3 7,337,535000.0,532338.0415430267,395000.0,665000.0,87.71140041367563,False,20
BN3 8,252,472250.0,470660.15476190473,390000.0,566250.0,82.33361722837329,False,20
BN41 1,253,370000.0,401835.32411067194,280000.0,445000.0,67.1067039785862,False,20
BN41 2,518,353250.0,371708.5733590734,317550.0,411500.0,63.827716267185785,False,20
BN42 4,364,425000.0,440980.0576923077,355000.0,505537.5,76.45698990144787,False,20
BN43 5,548,430000.0,486472.85401459853,310000.0,593125.0,77.35125927728434,False,20
BN43 6,469,397500.0,405322.87846481876,315000.0,476000.0,72.0160603479742,False,20
BN44 3,412,430000.0,488902.6868932039,320000.0,600000.0,77.35125927728434,False,20
BN45 7,17,477000.0,581862.0588235294,435000.0,770000.0,82.9480472076895,True,20
BN5 9,319,540000.0,620586.855799373,385000.0,720000.0,88.00340674047938,False,20
BN6 8,489,510000.0,580017.8875255624,405000.0,660000.0,85.96544591799488,False,20
BN6 9,434,550000.0,652486.5852534563,435000.0,750000.0,88.66650444092954,False,20
BN7 1,362,590000.0,643771.9198895028,425000.0,783000.0,91.08772356734396,False,20
BN7 2,414,384500.0,441229.8309178744,290000.0,525000.0,69.96593259520623,False,20
BN7 3,110,705000.0,774634.8545454545,504750.0,907500.0,94.9689743277771,False,20
BN8 4,271,495000.0,606594.8007380074,387750.0,727500.0,84.52366467940139,False,20
BN8 5,223,450000.0,493303.3811659193,369386.0,575000.0,80.05840126536074,False,20
BN8 6,126,550000.0,607152.7777777778,420625.0,690000.0,88.66650444092954,False,20
BN9 0,169,310000.0,320636.20710059174,260000.0,378000.0,53.948168876992334,False,20
BN9 9,351,290000.0,297982.396011396,244500.0,325000.0,48.89280934420246,False,20
BR1 1,99,335000.0,351560.6060606061,281500.0,411250.0,60.3479742061078,False,20
BR1 2,415,660000.0,785285.9855421687,490000.0,975000.0,93.78269862513687,False,20
BR1 3,539,405000.0,484904.3784786642,311250.0,612500.0,73.17191872490571,False,20
BR1 4,430,432775.0,510915.19534883724,360000.0,595375.0,77.74668451149776,False,20
BR1 5,364,420000.0,446922.44505494507,375000.0,515000.0,75.5627205256114,False,20
BR2 0,546,470000.0,558919.2802197802,335000.0,715375.0,82.10852901812873,False,20
BR2 6,110,920000.0,1350192.4454545456,611250.0,1427500.0,97.62744859471955,False,20
BR2 7,282,693625.0,711172.9113475177,572750.0,804500.0,94.67088453583162,False,20
BR2 8,289,560000.0,600234.5570934257,480000.0,715000.0,89.33568560652148,False,20
BR2 9,562,481500.0,517206.153024911,345000.0,600000.0,83.39214016303687,False,20
BR3 1,473,418250.0,529986.9006342494,310000.0,690000.0,75.25246380338241,False,20
BR3 3,533,690000.0,749499.7016885553,560000.0,875000.0,94.59179948898893,False,20
BR3 4,587,526000.0,547724.9216354344,367500.0,667250.0,87.23689013261954,False,20
BR3 5,402,415250.0,513415.06218905473,330000.0,600000.0,75.0091251977126,False,20
BR3 6,278,677500.0,746313.3129496403,410000.0,1053750.0,94.23287504562599,False,20
BR4 0,274,637500.0,635729.6897810219,550000.0,753750.0,93.07093320355274,False,20
BR4 9,344,665000.0,641100.1395348837,537250.0,785250.0,93.90436792797178,False,20
BR5 1,434,690000.0,733892.7004608295,560000.0,860000.0,94.59179948898893,False,20
BR5 2,416,425000.0,431624.6274038461,355000.0,500000.0,76.45698990144787,False,20
BR5 3,273,375000.0,373911.35164835164,314999.0,427500.0,68.18956077381677,False,20
BR5 4,339,407000.0,405386.7256637168,350000.0,462250.0,73.33008881859107,False,20
BR6 0,390,460000.0,551425.7743589743,370000.0,692500.0,81.13517459544957,False,20
BR6 6,233,610000.0,681212.0128755365,467500.0,737500.0,92.03674412945614,False,20
BR6 7,301,553000.0,628645.9634551496,425000.0,715000.0,88.94026037230806,False,20
BR6 8,332,640000.0,775682.9668674698,469250.0,815625.0,93.16218518067892,False,20
BR6 9,546,587500.0,604884.7802197802,500000.0,700750.0,91.04513931135175,False,20
BR7 5,368,639500.0,845604.4429347826,429375.0,1112500.0,93.08918359897798,False,20
BR7 6,413,595000.0,685416.0532687651,475000.0,750000.0,91.2823944518798,False,20
BR8 7,546,395000.0,397782.42307692306,330000.0,450000.0,71.68146976517824,False,20
BR8 8,327,425000.0,424524.26911314984,360000.0,482250.0,76.45698990144787,False,20
BS1 1,22,225000.0,217913.63636363635,150000.0,250000.0,30.143569777345174,False,20
BS1 2,27,310000.0,318535.18518518517,260250.0,397500.0,53.948168876992334,False,20
BS1 3,53,260000.0,264981.641509434,230000.0,325500.0,40.716632193697535,False,20
BS1 4,30,277500.0,401950.0,215000.0,496000.0,45.63815549336902,False,20
BS1 5,159,325000.0,350806.2893081761,239750.0,394500.0,57.99367319625258,False,20
BS1 6,279,320000.0,347705.1971326165,243750.0,413375.0,56.54580849251734,False,20
BS10 5,242,343500.0,370451.20661157026,278500.0,462500.0,61.862757026402235,False,20
BS10 6,414,320000.0,330353.09420289856,270000.0,385000.0,56.54580849251734,False,20
BS10 7,550,365000.0,383163.33454545453,279625.0,431875.0,66.10293223019832,False,20
BS11 0,280,282500.0,288744.0857142857,245750.0,320000.0,47.20160603479742,False,20
BS11 9,288,293725.0,294504.69097222225,242000.0,342225.0,49.68974327777102,False,20
BS13 0,265,240000.0,239536.75094339624,210000.0,261350.0,34.59058279596058,False,20
BS13 7,400,330000.0,326546.015,280000.0,382537.5,59.15561503832583,False,20
BS13 8,221,280500.0,292274.8733031674,235000.0,335000.0,46.885265847426695,False,20
BS13 9,118,257500.0,252648.2627118644,230875.0,278750.0,39.76761163158535,False,20
BS14 0,430,311750.0,319510.8604651163,265250.0,370000.0,54.5017642048911,False,20
BS14 8,277,287500.0,292184.8050541516,250000.0,340000.0,48.290546295169726,False,20
BS14 9,403,305000.0,313379.4342431762,260000.0,355000.0,52.81664436062782,False,20
BS15 1,481,290000.0,284757.6902286902,241000.0,325500.0,48.89280934420246,False,20
BS15 3,357,360000.0,380643.1680672269,315000.0,447000.0,65.14174473780265,False,20
BS15 4,502,296000.0,293420.5657370518,260000.0,328375.0,50.49276067648132,False,20
BS15 8,372,295000.0,299412.4489247312,238750.0,340000.0,50.121669302834896,False,20
BS15 9,320,300000.0,309212.71875,262000.0,353125.0,51.65470251855457,False,20
BS16 1,561,355000.0,395084.91087344027,267000.0,480000.0,64.21705803625746,False,20
BS16 2,523,360000.0,358469.034416826,250000.0,450000.0,65.14174473780265,False,20
BS16 3,322,306750.0,296102.1149068323,210625.0,369500.0,53.120817617715055,False,20
BS16 4,328,314297.0,303249.3780487805,270000.0,345250.0,54.848521717970556,False,20
BS16 5,442,332500.0,330776.7511312217,230000.0,406125.0,59.806545808492515,False,20
BS16 6,387,425000.0,436436.7338501292,340000.0,510000.0,76.45698990144787,False,20
BS16 7,756,362997.5,367007.06746031746,280000.0,440000.0,65.72575739141014,False,20
BS16 9,389,320000.0,344615.8329048843,268000.0,399000.0,56.54580849251734,False,20
BS2 0,204,248500.0,253959.2205882353,210000.0,282125.0,36.85363182868962,False,20
BS2 8,180,270000.0,317094.3222222222,189375.0,373125.0,43.569777345175815,False,20
BS2 9,217,392500.0,380688.33640552993,307000.0,445000.0,71.34687918238228,False,20
BS20 0,166,361000.0,391149.6987951807,300000.0,435000.0,65.4885022508821,False,20
BS20 6,428,354000.0,360493.3644859813,265000.0,427750.0,63.91288477917022,False,20
BS20 7,700,385000.0,423684.77714285714,275000.0,495000.0,70.2214381311595,False,20
BS20 8,251,490000.0,520251.15537848603,375000.0,638250.0,84.0917386543375,False,20
BS21 5,225,299950.0,310920.1688888889,254000.0,360000.0,50.98552135296265,False,20
BS21 6,423,343000.0,389251.43498817965,282800.0,450000.0,61.82625623555177,False,20
BS21 7,508,410000.0,476286.50196850393,281625.0,622875.0,73.84109989049763,False,20
BS22 6,342,250000.0,253150.35087719298,220375.0,285000.0,37.717483878817376,False,20
BS22 7,473,265000.0,281312.866807611,220000.0,325000.0,42.18274729285801,False,20
BS22 8,541,266000.0,269353.73567467654,230000.0,307500.0,42.620756783063634,False,20
BS22 9,423,332000.0,350166.5130023641,270000.0,400000.0,59.721377296508095,False,20
BS23 1,266,170000.0,183798.6015037594,121250.0,225000.0,14.296143083100135,False,20
BS23 2,583,193500.0,232250.14579759864,152750.0,285000.0,20.86628543618445,False,20
BS23 3,370,205000.0,207702.6945945946,148862.5,252750.0,24.20610779900231,False,20
BS23 4,384,290000.0,303287.2786458333,188962.5,385000.0,48.89280934420246,False,20
BS24 0,81,443000.0,453968.7037037037,350000.0,535000.0,79.0728799123981,False,20
BS24 6,13,550000.0,468115.3846153846,270000.0,650000.0,88.66650444092954,True,20
BS24 7,718,273997.5,282350.8844011142,216750.0,330000.0,44.311960092468674,False,20
BS24 8,390,279997.5,290047.6846153846,245000.0,321500.0,45.93624528531451,False,20
BS24 9,283,307500.0,324909.71378091874,240000.0,381000.0,53.26682078111692,False,20
BS25 1,238,447497.5,455952.4537815126,332125.0,570000.0,79.48655554203674,False,20
BS25 5,113,445000.0,504793.80530973454,352000.0,632500.0,79.26146733179219,False,20
BS26 2,177,345200.0,413280.5197740113,255000.0,520000.0,62.41635235430101,False,20
BS27 3,455,364000.0,379778.8153846154,285000.0,464500.0,65.79267550796935,False,20
BS28 4,135,590000.0,612711.5111111111,450000.0,732500.0,91.08772356734396,False,20
BS29 6,352,331000.0,340242.4034090909,285750.0,382625.0,59.64229224966541,False,20
BS3 1,629,375000.0,399659.60731319553,280000.0,512500.0,68.18956077381677,False,20
BS3 2,310,396500.0,418114.0967741936,303500.0,513750.0,71.92480837084804,False,20
BS3 3,473,390000.0,370644.6427061311,280000.0,442500.0,70.97578780873586,False,20
BS3 4,547,367000.0,358044.78427787934,265000.0,437500.0,66.52877479012045,False,20
BS3 5,388,355000.0,359032.6701030928,280000.0,425000.0,64.21705803625746,False,20
BS30 5,163,375000.0,432247.8834355828,305750.0,495000.0,68.18956077381677,False,20
BS30 6,142,400000.0,437564.3521126761,310000.0,498750.0,72.52707141988076,False,20
BS30 7,139,312500.0,329100.93525179854,286000.0,367500.0,54.63560043800949,False,20
BS30 8,351,290000.0,304854.1737891738,260000.0,350000.0,48.89280934420246,False,20
BS30 9,321,332500.0,353698.48286604363,285000.0,420000.0,59.806545808492515,False,20
BS31 1,497,370000.0,397030.523138833,260000.0,512000.0,67.1067039785862,False,20
BS31 2,470,340000.0,382312.8617021277,280000.0,445000.0,61.309161698503466,False,20
BS31 3,156,547500.0,602954.9230769231,459500.0,675000.0,88.35016425355883,False,20
BS32 0,286,314750.0,339331.2062937063,269000.0,410000.0,54.92152329967149,False,20
BS32 4,129,580000.0,611734.8449612403,390000.0,770000.0,90.64971407713833,False,20
BS32 8,289,365000.0,387998.5605536332,279995.0,485000.0,66.10293223019832,False,20
BS32 9,199,295000.0,331416.3115577889,241000.0,392500.0,50.121669302834896,False,20
BS34 4,122,353750.0,384288.48360655736,247850.0,505000.0,63.88246745346149,False,20
BS34 5,490,280000.0,282015.3,240000.0,330000.0,46.40467210122886,False,20
BS34 6,233,320000.0,336726.1716738197,290000.0,370000.0,56.54580849251734,False,20
BS34 7,260,305000.0,302533.09230769234,244000.0,354750.0,52.81664436062782,False,20
BS34 8,655,407500.0,405930.8839694656,319250.0,475000.0,73.39700693515027,False,20
BS35 1,415,360000.0,410342.8626506024,287250.0,480000.0,65.14174473780265,False,20
BS35 2,353,350000.0,366660.4589235127,261000.0,435000.0,63.219369753011314,False,20
BS35 3,160,472500.0,475981.25,358500.0,573500.0,82.40053534493246,False,20
BS35 4,190,311000.0,358148.4210526316,262625.0,410000.0,54.422679158048425,False,20
BS35 5,29,499950.0,515048.275862069,425000.0,620000.0,84.84608833191386,False,20
BS36 1,243,398000.0,434253.46502057614,350000.0,492500.0,72.08906192967515,False,20
BS36 2,386,412500.0,461831.8160621762,350000.0,524500.0,74.23652512471104,False,20
BS37 4,403,270950.0,280050.95781637717,243250.0,319975.0,43.94086871882224,False,20
BS37 5,321,285000.0,310654.07165109034,245000.0,345000.0,47.773451758121425,False,20
BS37 6,412,375000.0,427161.4781553398,300000.0,526750.0,68.18956077381677,False,20
BS37 7,523,375000.0,384338.4321223709,285000.0,472497.5,68.18956077381677,False,20
BS37 8,264,275000.0,290876.4318181818,257437.5,295000.0,44.84730502494221,False,20
BS37 9,32,560000.0,609834.28125,345500.0,752500.0,89.33568560652148,False,20
BS39 4,62,576250.0,573604.8225806452,356250.0,736250.0,90.44287626231902,False,20
BS39 5,134,400000.0,456277.8358208955,336125.0,523750.0,72.52707141988076,False,20
BS39 6,115,405000.0,445957.40869565215,300000.0,520500.0,73.17191872490571,False,20
BS39 7,280,283750.0,295866.48214285716,239625.0,338487.5,47.37194305876628,False,20
BS4 1,386,260500.0,254635.74870466322,226500.0,290000.0,41.2154763353206,False,20
BS4 2,406,395000.0,419054.3275862069,300125.0,525000.0,71.68146976517824,False,20
BS4 3,488,365000.0,350476.3094262295,269250.0,420000.0,66.10293223019832,False,20
BS4 4,559,315000.0,320828.45080500894,240250.0,380000.0,55.170945370483025,False,20
BS4 5,124,330000.0,344514.5887096774,261125.0,415750.0,59.15561503832583,False,20
BS40 5,197,415000.0,466320.86294416245,310000.0,537000.0,74.71103540576712,False,20
BS40 6,67,600000.0,622530.5970149253,420500.0,745000.0,91.54398345297481,False,20
BS40 7,53,550000.0,623443.3962264151,390000.0,740000.0,88.66650444092954,False,20
BS40 8,158,592500.0,652058.3860759494,426250.0,812750.0,91.19114247475362,False,20
BS40 9,23,430000.0,480543.47826086957,377500.0,555000.0,77.35125927728434,False,20
BS41 8,33,556000.0,571166.6363636364,390000.0,695000.0,89.07409660542646,False,20
BS41 9,200,517500.0,588677.975,375000.0,720000.0,86.50687431561018,False,20
BS48 1,207,400000.0,476174.8357487923,282625.0,647500.0,72.52707141988076,False,20
BS48 2,380,340500.0,361906.9210526316,287375.0,415000.0,61.60725149044895,False,20
BS48 3,256,650000.0,653007.8984375,463750.0,789995.0,93.44810804234092,False,20
BS48 4,374,400896.0,447014.5855614973,327125.0,511500.0,72.831244676968,False,20
BS49 4,464,350000.0,374367.2413793103,279712.5,454500.0,63.219369753011314,False,20
BS49 5,181,450000.0,467995.00552486186,342500.0,575000.0,80.05840126536074,False,20
BS5 0,214,315500.0,303623.2476635514,235000.0,365000.0,55.42036744129456,False,20
BS5 6,537,355000.0,353747.77467411547,300000.0,419000.0,64.21705803625746,False,20
BS5 7,587,325000.0,321836.2402044293,270000.0,371629.5,57.99367319625258,False,20
BS5 8,483,320000.0,320245.3374741201,250000.0,380250.0,56.54580849251734,False,20
BS5 9,420,340000.0,330665.89523809525,289750.0,376125.0,61.309161698503466,False,20
BS6 5,513,365000.0,464176.60038986354,262000.0,602000.0,66.10293223019832,False,20
BS6 6,548,421000.0,532750.1587591241,330000.0,636250.0,75.84255992213164,False,20
BS6 7,385,685000.0,711194.0727272728,433400.0,890000.0,94.41537899987833,False,20
BS7 0,491,360000.0,357970.67413441953,270000.0,428277.5,65.14174473780265,False,20
BS7 8,402,580000.0,601768.1268656716,426250.0,724375.0,90.64971407713833,False,20
BS7 9,668,410000.0,449662.28143712576,315000.0,572750.0,73.84109989049763,False,20
BS8 1,135,356375.0,418506.55555555556,295000.0,485000.0,64.5212312933447,False,20
BS8 2,301,430000.0,500883.75747508305,320000.0,585000.0,77.35125927728434,False,20
BS8 3,287,576000.0,770180.1358885018,421350.0,902250.0,90.4002920063268,False,20
BS8 4,421,445000.0,542448.3752969122,325000.0,620000.0,79.26146733179219,False,20
BS9 1,316,605500.0,746006.8481012658,399987.5,950000.0,91.86032364034554,False,20
BS9 2,214,422500.0,526299.7242990654,328125.0,687500.0,76.00073001581701,False,20
BS9 3,332,580250.0,612717.2620481928,385000.0,799625.0,90.753132984548,False,20
BS9 4,366,635000.0,629486.0683060109,392250.0,794000.0,93.02834894756053,False,20
CA1 1,80,230500.0,246635.0,113750.0,313250.0,32.193697530113155,False,20
CA1 2,586,124000.0,140931.83959044368,95000.0,170375.0,4.142839761528166,False,20
CA1 3,545,149995.0,164002.88073394494,115000.0,200000.0,9.106947317191873,False,20
CA10 1,301,300000.0,322727.0598006644,230000.0,399000.0,51.65470251855457,False,20
CA10 2,177,295000.0,323211.11299435026,211000.0,400000.0,50.121669302834896,False,20
CA10 3,193,245000.0,272301.1968911917,160000.0,340000.0,36.05061442997932,False,20
CA11 0,212,370000.0,415607.78301886795,275000.0,499000.0,67.1067039785862,False,20
CA11 7,217,180000.0,231526.35023041474,145000.0,275000.0,16.912033094050372,False,20
CA11 8,632,255000.0,264608.1914556962,182875.0,331250.0,39.068013140284705,False,20
CA11 9,303,200000.0,222417.7095709571,145000.0,265000.0,22.885995863243703,False,20
CA12 4,217,390000.0,413820.73732718895,274000.0,499000.0,70.97578780873586,False,20
CA12 5,152,380000.0,485118.99342105264,285000.0,581250.0,69.34541915074827,False,20
CA13 0,471,231500.0,264381.46496815287,156000.0,340000.0,32.29711643752281,False,20
CA13 9,370,272500.0,294285.8081081081,180000.0,390000.0,44.11120574279109,False,20
CA14 1,353,199950.0,215879.447592068,140000.0,289950.0,22.314150139919697,False,20
CA14 2,283,95000.0,103885.16254416961,75000.0,130000.0,1.228859958632437,False,20
CA14 3,352,132010.0,139469.0,95000.0,170250.0,5.973962769193332,False,20
CA14 4,473,220000.0,244104.37209302327,160000.0,319950.0,28.555785375349803,False,20
CA14 5,231,138000.0,154624.65367965368,99975.0,195000.0,6.892566005596788,False,20
CA15 6,202,156997.5,169802.0,115000.0,195000.0,11.13274120939287,False,20
CA15 7,344,172000.0,177447.8488372093,117572.0,226250.0,14.75240296873099,False,20
CA15 8,147,102000.0,112226.04081632652,79975.0,130000.0,1.8067891470981872,False,20
CA16 6,253,230000.0,268036.8577075099,171300.0,320000.0,31.71918724905706,False,20
CA17 4,216,281000.0,304388.09722222225,179625.0,398120.0,46.933933568560654,False,20
CA18 1,9,223000.0,231897.22222222222,215000.0,250000.0,29.49263900717849,True,20
CA19 1,38,305000.0,352282.8947368421,199437.5,455000.0,52.81664436062782,False,20
CA2 4,478,137200.0,159627.06066945606,105000.0,185000.0,6.679644725635722,False,20
CA2 5,442,115000.0,126166.9479638009,90000.0,145750.0,3.0295656405888796,False,20
CA2 6,596,155000.0,182044.6023489933,124987.5,232125.0,10.700815184328993,False,20
CA2 7,547,145000.0,155499.53016453382,110000.0,195000.0,8.316096848765056,False,20
CA20 1,176,195000.0,221215.1875,155000.0,270000.0,21.395546903516244,False,20
CA21 2,32,250000.0,251268.75,196000.0,292750.0,37.717483878817376,False,20
CA22 2,331,125000.0,157478.20241691842,100000.0,186500.0,4.4652634140406375,False,20
CA23 3,72,123500.0,160577.70833333334,84500.0,192500.0,4.100255505535953,False,20
CA24 3,43,92000.0,130833.72093023256,75000.0,182500.0,1.0402725392383503,False,20
CA25 5,240,129995.0,173169.10416666666,90000.0,235000.0,5.219613091616985,False,20
CA26 3,201,129000.0,177854.8457711443,81950.0,260000.0,5.170945370483027,False,20
CA27 0,85,220000.0,257399.23529411765,169950.0,295000.0,28.555785375349803,False,20
CA28 6,416,170000.0,187627.70913461538,138937.5,235000.0,14.296143083100135,False,20
CA28 7,167,139950.0,140023.7365269461,80000.0,186250.0,7.068986494707385,False,20
CA28 8,322,130000.0,160102.04658385093,105000.0,170000.0,5.493369022995498,False,20
CA28 9,438,181500.0,186582.94292237444,113500.0,235000.0,17.496045747657867,False,20
CA3 0,476,213995.0,216548.76260504202,164995.0,260000.0,26.596909599707995,False,20
CA3 8,12,100750.0,144375.0,91500.0,122250.0,1.7520379608224845,True,20
CA3 9,410,196500.0,215914.41707317074,132000.0,269500.0,21.89439104513931,False,20
CA4 0,83,250000.0,297948.7951807229,180000.0,352500.0,37.717483878817376,False,20
CA4 8,357,280000.0,314628.64145658264,200000.0,379000.0,46.40467210122886,False,20
CA4 9,37,275000.0,329675.6756756757,195000.0,390000.0,44.84730502494221,False,20
CA5 6,211,299950.0,296414.94312796206,208500.0,375000.0,50.98552135296265,False,20
CA5 7,123,279950.0,324219.10569105693,191500.0,397500.0,45.869327168755326,False,20
CA6 4,161,280000.0,298789.44720496895,217750.0,380000.0,46.40467210122886,False,20
CA6 5,142,161997.5,187122.5,115000.0,225250.0,12.373768098308796,False,20
CA6 6,41,280000.0,316267.0487804878,200000.0,402000.0,46.40467210122886,False,20
CA7 0,45,295000.0,301192.22222222225,205000.0,385000.0,50.121669302834896,False,20
CA7 1,51,230000.0,280060.7843137255,150000.0,370000.0,31.71918724905706,False,20
CA7 2,111,255000.0,252385.9189189189,164000.0,315000.0,39.068013140284705,False,20
CA7 3,150,172497.5,176288.79333333333,101250.0,222625.0,14.80715415500669,False,20
CA7 4,226,180000.0,200989.24778761063,138500.0,246873.75,16.912033094050372,False,20
CA7 5,59,230000.0,230902.6779661017,166000.0,290000.0,31.71918724905706,False,20
CA7 8,46,350000.0,373565.2173913043,252500.0,470500.0,63.219369753011314,False,20
CA7 9,360,192500.0,191008.2111111111,130000.0,245500.0,20.68986494707385,False,20
CA8 1,225,180000.0,220010.11555555556,127400.0,270000.0,16.912033094050372,False,20
CA8 2,68,288750.0,323092.5,175000.0,418125.0,48.430465993429856,False,20
CA8 7,65,185000.0,215440.76923076922,130000.0,280000.0,18.432899379486557,False,20
CA8 9,87,330000.0,369204.0229885057,249500.0,462000.0,59.15561503832583,False,20
CA9 3,87,200000.0,216543.66666666666,131000.0,293500.0,22.885995863243703,False,20
CB1 1,70,531287.5,539046.0714285715,303537.5,686250.0,87.57756418055725,False,20
CB1 2,273,505000.0,625621.4285714285,400000.0,695000.0,85.6004380094902,False,20
CB1 3,706,485000.0,494507.3555240793,391500.0,599998.75,83.62331183842316,False,20
CB1 7,143,755000.0,907433.1888111888,570000.0,1179000.0,96.00924686701545,False,20
CB1 8,156,565000.0,614819.4358974359,421500.0,786343.75,89.68244311960093,False,20
CB1 9,301,435000.0,446240.8073089701,370000.0,520000.0,77.95960579145881,False,20
CB10 1,239,489950.0,569304.4518828451,349000.0,650000.0,83.93965202579389,False,20
CB10 2,361,480000.0,548766.8060941828,365000.0,655000.0,83.24005353449326,False,20
CB11 3,525,455000.0,508497.4780952381,325000.0,634995.0,80.72149896581092,False,20
CB11 4,342,520000.0,577482.6228070175,340250.0,750000.0,86.67721133957902,False,20
CB2 0,46,436500.0,596833.9347826086,398500.0,821250.0,78.19077746684512,False,20
CB2 1,65,595000.0,675457.9384615384,445000.0,780000.0,91.2823944518798,False,20
CB2 7,12,2475000.0,2256500.0833333335,627000.0,3175000.75,99.69582674291276,True,20
CB2 8,154,497500.0,839962.5064935065,365250.0,1247500.0,84.7426694245042,False,20
CB2 9,432,528000.0,592002.0185185185,395000.0,725000.0,87.26122399318652,False,20
CB21 4,308,412500.0,471357.6883116883,320000.0,571250.0,74.23652512471104,False,20
CB21 5,237,531000.0,575217.2151898735,425000.0,700000.0,87.56539725027376,False,20
CB21 6,64,585000.0,663573.828125,383125.0,805750.0,90.9295534736586,False,20
CB22 3,324,425000.0,468958.60185185185,344250.0,565000.0,76.45698990144787,False,20
CB22 4,151,440000.0,490212.178807947,302500.0,617500.0,78.6652877479012,False,20
CB22 5,338,615000.0,749703.0088757396,418250.0,863750.0,92.18883075799975,False,20
CB22 6,42,603000.0,617666.6666666666,452500.0,698750.0,91.72040394208541,False,20
CB22 7,161,585000.0,630381.0559006211,450000.0,700000.0,90.9295534736586,False,20
CB23 1,98,575000.0,639948.9489795918,405185.25,763750.0,90.29687309891715,False,20
CB23 2,69,550000.0,618385.2173913043,365000.0,875000.0,88.66650444092954,False,20
CB23 3,178,338000.0,374846.91011235956,255000.0,450000.0,60.877235673439586,False,20
CB23 4,40,585000.0,600296.75,385125.0,732500.0,90.9295534736586,False,20
CB23 5,120,368750.0,403518.75,277250.0,516250.0,66.71127874437279,False,20
CB23 6,530,392125.0,397818.08679245284,315000.0,495000.0,71.28604453096484,False,20
CB23 7,394,500000.0,544338.1751269036,390000.0,660000.0,85.14417812385935,False,20
CB23 8,194,334250.0,391948.58762886596,265500.0,420000.0,59.922131646185676,False,20
CB24 1,348,388750.0,393833.275862069,299812.5,476996.25,70.6290302956564,False,20
CB24 3,163,385000.0,417544.9079754601,301250.0,520000.0,70.2214381311595,False,20
CB24 4,119,375000.0,466587.81512605044,299750.0,545000.0,68.18956077381677,False,20
CB24 5,318,390000.0,428185.6037735849,322000.0,521875.0,70.97578780873586,False,20
CB24 6,153,425000.0,438710.7254901961,337000.0,525000.0,76.45698990144787,False,20
CB24 8,341,415000.0,440605.02932551317,325000.0,550000.0,74.71103540576712,False,20
CB24 9,286,455000.0,511672.7027972028,370312.5,629000.0,80.72149896581092,False,20
CB25 0,300,357500.0,409396.8333333333,285000.0,490000.0,64.62465020075435,False,20
CB25 9,445,415000.0,458049.83820224716,340000.0,540000.0,74.71103540576712,False,20
CB3 0,304,600000.0,682554.7828947369,412246.25,735000.0,91.54398345297481,False,20
CB3 1,195,548000.0,683615.4205128205,415700.5,959976.0,88.40491543983453,False,20
CB3 8,1,1370000.0,1370000.0,1370000.0,1370000.0,99.00231171675387,True,20
CB3 9,100,971000.0,1195939.4,612022.75,1356250.0,97.95595571237376,False,20
CB4 1,474,470102.5,528630.3248945147,342000.0,650000.0,82.27278257695583,False,20
CB4 2,362,383500.0,423742.51657458564,295250.0,488000.0,69.8807640832218,False,20
CB4 3,339,490000.0,528048.820058997,364000.0,642500.0,84.0917386543375,False,20
CB5 8,492,520000.0,565190.0853658536,390000.0,696237.5,86.67721133957902,False,20
CB5 9,1,400000.0,400000.0,400000.0,400000.0,72.52707141988076,True,20
CB6 1,635,308750.0,332084.66456692916,260000.0,380000.0,53.38849008395182,False,20
CB6 2,717,370000.0,383134.41841004184,290000.0,460000.0,67.1067039785862,False,20
CB6 3,545,362500.0,397096.86788990826,295995.0,475000.0,65.65883927485096,False,20
CB7 4,469,330000.0,354538.6247334755,250000.0,416000.0,59.15561503832583,False,20
CB7 5,651,300000.0,332547.8970814132,230000.0,390000.0,51.65470251855457,False,20
CB7 6,144,366250.0,375851.7361111111,313750.0,425000.0,66.42535588271079,False,20
CB7 7,21,425000.0,442571.4285714286,375000.0,550000.0,76.45698990144787,False,20
CB8 0,375,270000.0,302605.2106666667,232750.0,343500.0,43.569777345175815,False,20
CB8 7,424,371500.0,411665.9716981132,256875.0,520000.0,67.50212921279962,False,20
CB8 8,421,330000.0,390792.6722090261,242500.0,458000.0,59.15561503832583,False,20
CB8 9,241,470000.0,547058.4647302905,350000.0,657000.0,82.10852901812873,False,20
CB9 0,229,280000.0,284640.9650655022,225000.0,325000.0,46.40467210122886,False,20
CB9 7,574,348750.0,371699.5331010453,270250.0,432123.75,62.72052561138825,False,20
CB9 8,174,235000.0,244310.67816091955,210000.0,272000.0,33.14271809222533,False,20
CB9 9,309,269995.0,271700.71197411005,225000.0,320000.0,43.241270227521596,False,20
CF10 1,61,175000.0,177959.868852459,130000.0,228000.0,15.500669181165591,False,20
CF10 2,54,158500.0,168902.75925925927,145000.0,178250.0,11.38824674534615,False,20
CF10 3,54,157121.5,233696.35185185185,146886.5,241000.0,11.205742791093808,False,20
CF10 4,247,185000.0,202425.68421052632,162250.0,220000.0,18.432899379486557,False,20
CF10 5,278,176750.0,199656.09712230216,153500.0,230000.0,16.03601411363913,False,20
CF11 0,157,170000.0,202235.50955414012,135000.0,250000.0,14.296143083100135,False,20
CF11 6,307,220000.0,216301.38436482084,176500.0,243000.0,28.555785375349803,False,20
CF11 7,298,201250.0,210920.41946308725,148250.0,265000.0,23.476091981992944,False,20
CF11 8,229,260000.0,263737.3362445415,215000.0,312000.0,40.716632193697535,False,20
CF11 9,428,333750.0,386804.95560747664,232375.0,500000.0,59.89779778561869,False,20
CF14 0,458,542995.0,557782.8493449781,440000.0,635000.0,88.13724297359776,False,20
CF14 1,384,350000.0,354884.5703125,258875.0,430000.0,63.219369753011314,False,20
CF14 2,374,277500.0,321554.8983957219,226287.5,345000.0,45.63815549336902,False,20
CF14 3,264,295000.0,301702.19696969696,245000.0,358000.0,50.121669302834896,False,20
CF14 4,360,383500.0,374810.0722222222,289750.0,460000.0,69.8807640832218,False,20
CF14 5,398,272750.0,270360.61557788943,173000.0,329500.0,44.178123859350286,False,20
CF14 6,408,385000.0,393936.7794117647,295000.0,499250.0,70.2214381311595,False,20
CF14 7,154,350000.0,363407.1558441558,284725.0,428750.0,63.219369753011314,False,20
CF14 9,315,270000.0,307457.2825396825,222500.0,375000.0,43.569777345175815,False,20
CF15 7,204,236000.0,252720.8480392157,190000.0,293125.0,33.62331183842316,False,20
CF15 8,366,381250.0,411773.8306010929,279995.0,530000.0,69.68000973354422,False,20
CF15 9,175,360000.0,380404.5714285714,276250.0,459000.0,65.14174473780265,False,20
CF23 5,399,440000.0,438498.0200501253,243975.0,550000.0,78.6652877479012,False,20
CF23 6,340,402500.0,473715.90588235296,259375.0,630000.0,72.95291397980289,False,20
CF23 7,263,214950.0,220816.65019011407,165000.0,260000.0,26.69424504197591,False,20
CF23 8,286,294750.0,302783.43356643355,235000.0,364500.0,49.787078720038934,False,20
CF23 9,355,225000.0,273445.65915492957,180000.0,349975.0,30.143569777345174,False,20
CF24 0,85,194000.0,190388.49411764706,135500.0,235000.0,20.94537048302713,False,20
CF24 1,201,202000.0,196310.0248756219,155000.0,230000.0,23.530843168268646,False,20
CF24 2,458,210000.0,254790.4519650655,173000.0,245000.0,25.6053047816036,False,20
CF24 3,357,243000.0,252635.0112044818,200000.0,270000.0,35.55177028835625,False,20
CF24 4,350,260000.0,257252.2257142857,220000.0,300000.0,40.716632193697535,False,20
CF24 5,5,115000.0,112980.0,99950.0,129950.0,3.0295656405888796,True,20
CF3 0,417,231000.0,240064.83213429258,190000.0,285000.0,32.22411485582188,False,20
CF3 1,114,208000.0,212913.15789473685,185000.0,235000.0,24.905706290302955,False,20
CF3 2,107,400000.0,435441.1214953271,325000.0,503500.0,72.52707141988076,False,20
CF3 3,360,265000.0,257658.81944444444,215000.0,310000.0,42.18274729285801,False,20
CF3 4,234,242750.0,246995.5128205128,180000.0,311500.0,35.44835138094658,False,20
CF3 5,233,225000.0,243533.08154506437,185000.0,265000.0,30.143569777345174,False,20
CF3 6,349,292995.0,332729.1203438395,249995.0,345995.0,49.62890862635357,False,20
CF31 1,322,210000.0,213982.9844720497,169000.0,250000.0,25.6053047816036,False,20
CF31 2,521,198000.0,214645.93666026872,156000.0,255000.0,22.095145394816885,False,20
CF31 3,209,241000.0,274630.5263157895,188000.0,326000.0,35.16242851928458,False,20
CF31 4,609,222000.0,239817.2068965517,180000.0,280000.0,29.237133471225206,False,20
CF31 5,232,284997.5,302138.7284482759,228375.0,360000.0,47.47536196617593,False,20
CF32 0,170,317500.0,360541.31176470587,206250.0,489250.0,55.66978951210609,False,20
CF32 7,244,120000.0,135681.94262295082,100750.0,155000.0,3.686579875897311,False,20
CF32 8,229,120000.0,147093.36244541485,100000.0,150000.0,3.686579875897311,False,20
CF32 9,569,190000.0,210609.02460456942,157500.0,250000.0,19.959849130064487,False,20
CF33 4,260,186625.0,199023.1923076923,145000.0,234250.0,18.98041124224358,False,20
CF33 6,238,174000.0,188795.2731092437,143250.0,214650.0,15.080910086385204,False,20
CF34 0,365,119000.0,129839.2904109589,95000.0,155000.0,3.4371578050857767,False,20
CF34 9,306,149997.5,176171.1732026144,120000.0,205000.0,9.125197712617107,False,20
CF35 5,215,245000.0,294412.98139534885,195000.0,363750.0,36.05061442997932,False,20
CF35 6,603,245000.0,270087.1194029851,206000.0,315000.0,36.05061442997932,False,20
CF36 3,511,330000.0,350314.5440313112,247000.0,428750.0,59.15561503832583,False,20
CF36 5,298,310000.0,329059.76510067115,247500.0,400000.0,53.948168876992334,False,20
CF37 1,378,140000.0,160698.74338624338,120000.0,177500.0,7.409660542645091,False,20
CF37 2,238,136500.0,167459.84453781514,110250.0,213750.0,6.576225818226061,False,20
CF37 3,235,130000.0,155721.7319148936,105000.0,170500.0,5.493369022995498,False,20
CF37 4,302,146000.0,156388.88410596026,125000.0,175000.0,8.644603966419274,False,20
CF37 5,282,182125.0,191268.195035461,148125.0,222625.0,17.678549701910207,False,20
CF38 1,315,260000.0,279744.95238095237,204500.0,333000.0,40.716632193697535,False,20
CF38 2,527,229995.0,247482.1442125237,178475.0,295000.0,31.26901082856795,False,20
CF39 0,182,127500.0,138185.86813186813,100000.0,158500.0,4.9762744859471955,False,20
CF39 8,540,165497.5,191208.4111111111,125875.0,250000.0,13.322788660420976,False,20
CF39 9,272,120000.0,129735.375,92000.0,151250.0,3.686579875897311,False,20
CF40 1,304,125000.0,134561.8519736842,95000.0,157625.0,4.4652634140406375,False,20
CF40 2,371,112500.0,118069.88948787062,90000.0,135000.0,2.755809709210366,False,20
CF41 7,360,125000.0,138879.01944444445,97000.0,159248.75,4.4652634140406375,False,20
CF42 5,244,105000.0,116960.84426229508,80750.0,131250.0,1.96495924078355,False,20
CF42 6,287,125000.0,143370.7142857143,95750.0,169475.0,4.4652634140406375,False,20
CF43 3,197,85000.0,90980.66497461929,67000.0,107500.0,0.6691811655919212,False,20
CF43 4,223,94000.0,105486.83856502242,75000.0,125000.0,1.1193575860810319,False,20
CF44 0,330,197500.0,220234.01212121212,135250.0,275375.0,22.00389341769072,False,20
CF44 6,417,125000.0,153105.7721822542,97000.0,185000.0,4.4652634140406375,False,20
CF44 7,151,118000.0,132371.65562913907,81000.0,155500.0,3.36415622338484,False,20
CF44 8,372,150000.0,166818.15322580645,115750.0,200000.0,9.465871760554812,False,20
CF44 9,260,166000.0,191114.13461538462,128996.25,243000.0,13.414040637547147,False,20
CF45 3,314,109500.0,115700.73248407643,84625.0,130000.0,2.3360506144299795,False,20
CF45 4,293,130000.0,151628.27645051194,105000.0,165000.0,5.493369022995498,False,20
CF46 5,202,133500.0,173591.06435643564,110000.0,210000.0,6.119965932595206,False,20
CF46 6,290,160000.0,183764.89655172414,115000.0,230000.0,11.856673561260495,False,20
CF47 0,273,152500.0,175672.80586080585,106000.0,220000.0,10.074218274729285,False,20
CF47 8,111,170000.0,201102.45945945947,117000.0,260000.0,14.296143083100135,False,20
CF47 9,212,128000.0,139088.49056603774,102375.0,160000.0,5.085776858498601,False,20
CF48 1,225,193000.0,210138.22222222222,144000.0,250000.0,20.817617715050492,False,20
CF48 2,202,180000.0,205517.18811881187,125250.0,260000.0,16.912033094050372,False,20
CF48 3,127,110000.0,123446.06299212598,90000.0,137750.0,2.463803382406619,False,20
CF48 4,246,124500.0,136898.53658536586,99000.0,161750.0,4.18542401752038,False,20
CF5 1,601,317000.0,335770.5324459235,255000.0,373000.0,55.56637060469644,False,20
CF5 2,619,325000.0,373178.1260096931,230000.0,450000.0,57.99367319625258,False,20
CF5 3,476,250000.0,240250.16806722688,179500.0,295000.0,37.717483878817376,False,20
CF5 4,368,208000.0,224950.0,172375.0,270000.0,24.905706290302955,False,20
CF5 5,312,205000.0,204835.89102564103,169750.0,235000.0,24.20610779900231,False,20
CF5 6,418,349497.5,423393.95693779906,275000.0,493750.0,62.757026402238715,False,20
CF61 1,154,295000.0,338816.7792207792,255500.0,375000.0,50.121669302834896,False,20
CF61 2,167,250000.0,277235.8982035928,195000.0,333000.0,37.717483878817376,False,20
CF62 3,258,300000.0,352360.25581395347,228500.0,391875.0,51.65470251855457,False,20
CF62 4,285,259000.0,263912.7543859649,168500.0,325995.0,40.13870300523178,False,20
CF62 5,277,230000.0,249938.42599277978,190000.0,292000.0,31.71918724905706,False,20
CF62 6,264,297250.0,310782.2310606061,201875.0,399962.5,50.65093077016669,False,20
CF62 7,234,240000.0,253795.10683760684,202750.0,301500.0,34.59058279596058,False,20
CF62 8,252,245000.0,249513.50793650793,185000.0,285000.0,36.05061442997932,False,20
CF62 9,206,212500.0,230575.29126213593,180000.0,254500.0,26.40832218031391,False,20
CF63 1,291,210000.0,235380.84536082475,160000.0,290000.0,25.6053047816036,False,20
CF63 2,176,182200.0,188176.10795454544,160000.0,216250.0,17.6907166321937,False,20
CF63 3,48,195000.0,195560.41666666666,176462.5,221250.0,21.395546903516244,False,20
CF63 4,350,185000.0,196690.73142857142,157850.0,232875.0,18.432899379486557,False,20
CF64 1,380,277500.0,321225.89210526313,196750.0,378112.5,45.63815549336902,False,20
CF64 2,336,320000.0,354630.9583333333,250000.0,436250.0,56.54580849251734,False,20
CF64 3,313,389950.0,507632.81469648564,280000.0,650000.0,70.72028227278257,False,20
CF64 4,318,323000.0,397192.6257861635,252750.0,467250.0,57.367076286652875,False,20
CF64 5,356,390000.0,440712.13764044945,255000.0,525000.0,70.97578780873586,False,20
CF71 7,440,466500.0,498441.67727272725,325750.0,621250.0,81.7252707141988,False,20
CF72 4,367,270000.0,290429.05722070846,229995.0,325997.5,43.569777345175815,False,20
CF72 8,368,267250.0,300556.95652173914,202125.0,370000.0,42.778926876749,False,20
CF72 9,595,235000.0,259970.9781512605,185000.0,300000.0,33.14271809222533,False,20
CF81 8,260,146247.5,155887.88461538462,119540.0,175000.0,8.675021292127996,False,20
CF81 9,219,136000.0,154851.66210045663,110650.0,179000.0,6.527558097092104,False,20
CF82 6,90,244750.0,233449.44444444444,156000.0,290000.0,35.74644117289208,False,20
CF82 7,408,178975.0,200130.8161764706,147375.0,232750.0,16.376688161576833,False,20
CF82 8,188,200000.0,203822.04787234042,147875.0,250000.0,22.885995863243703,False,20
CF83 1,479,234000.0,256807.94154488517,193500.0,296250.0,32.6621243460275,False,20
CF83 2,492,240000.0,255725.5223577236,194625.0,299995.0,34.59058279596058,False,20
CF83 3,483,195000.0,222738.82194616977,159000.0,250000.0,21.395546903516244,False,20
CF83 4,254,145500.0,161891.51181102364,127375.0,178750.0,8.595936245285314,False,20
CF83 8,444,243000.0,255493.17567567568,187875.0,298496.25,35.55177028835625,False,20
CH1 1,62,206000.0,272297.9032258064,173375.0,293625.0,24.619783428640954,False,20
CH1 2,89,300625.0,366238.98876404495,200000.0,470000.0,52.22046477673683,False,20
CH1 3,258,172375.0,181296.18217054263,130000.0,220000.0,14.794987224723203,False,20
CH1 4,318,198975.0,207190.38993710693,153875.0,250000.0,22.168146976517825,False,20
CH1 5,400,190000.0,220299.1025,162000.0,256000.0,19.959849130064487,False,20
CH1 6,177,345000.0,385705.3672316384,255000.0,457000.0,62.16084681834773,False,20
CH2 1,415,320000.0,347090.4578313253,242500.0,429000.0,56.54580849251734,False,20
CH2 2,340,262750.0,280960.7705882353,191875.0,346250.0,41.543983452974814,False,20
CH2 3,481,274000.0,315349.5717255717,215000.0,370000.0,44.34237741817739,False,20
CH2 4,248,223750.0,285968.3548387097,171000.0,335750.0,29.596057914588147,False,20
CH3 5,615,290000.0,309528.6162601626,217750.0,375000.0,48.89280934420246,False,20
CH3 6,344,316900.0,373699.4098837209,236075.0,443500.0,55.52986981384597,False,20
CH3 7,244,430000.0,485808.54098360654,308875.0,645650.0,77.35125927728434,False,20
CH3 8,181,340000.0,421954.9723756906,265000.0,528000.0,61.309161698503466,False,20
CH3 9,199,405000.0,476246.256281407,247500.0,667500.0,73.17191872490571,False,20
CH4 0,538,235000.0,261717.9089219331,188125.0,321875.0,33.14271809222533,False,20
CH4 7,600,371489.5,406664.44666666666,269875.0,500000.0,67.48996228251613,False,20
CH4 8,409,220000.0,301247.77750611247,175000.0,317500.0,28.555785375349803,False,20
CH4 9,126,308500.0,408683.5317460318,245000.0,512500.0,53.36415622338484,False,20
CH41 0,143,150000.0,146429.65734265733,115000.0,173000.0,9.465871760554812,False,20
CH41 1,17,110000.0,142335.64705882352,92500.0,195000.0,2.463803382406619,True,20
CH41 2,44,112000.0,125750.02272727272,90000.0,138125.0,2.6888915926511743,False,20
CH41 3,10,109975.0,105990.0,92000.0,124212.5,2.348217544713469,True,20
CH41 4,83,90000.0,102211.3373493976,75000.0,125000.0,0.9246867015452002,False,20
CH41 5,49,114000.0,107894.63265306123,87000.0,121000.0,2.8592286166200265,False,20
CH41 6,37,111000.0,107000.0,90000.0,115000.0,2.6037230806667475,False,20
CH41 7,51,113000.0,119450.6862745098,80000.0,128000.0,2.7923105000608346,False,20
CH41 8,116,152500.0,155569.62068965516,110000.0,194807.5,10.074218274729285,False,20
CH41 9,55,108000.0,105695.45454545454,82500.0,126750.0,2.2569655675872977,False,20
CH42 0,99,112500.0,113171.35353535354,85000.0,135500.0,2.755809709210366,False,20
CH42 1,64,125000.0,142986.09375,89375.0,162437.5,4.4652634140406375,False,20
CH42 2,94,132500.0,135775.86170212767,100750.0,163000.0,6.016547025185546,False,20
CH42 3,43,117500.0,123305.81395348837,82500.0,140000.0,3.2850711765421585,False,20
CH42 4,124,145000.0,169140.03225806452,119750.0,202750.0,8.316096848765056,False,20
CH42 5,108,106500.0,111108.33333333333,89462.5,125000.0,2.1474631950358924,False,20
CH42 6,163,180000.0,187328.9263803681,156250.0,212750.0,16.912033094050372,False,20
CH42 7,95,155000.0,172874.52631578947,115000.0,223000.0,10.700815184328993,False,20
CH42 8,93,280000.0,331623.82795698923,170000.0,420000.0,46.40467210122886,False,20
CH42 9,170,150000.0,176613.8705882353,128125.0,184250.0,9.465871760554812,False,20
CH43 0,180,248680.0,259474.22222222222,218750.0,299962.5,36.877965689256605,False,20
CH43 1,119,160000.0,193170.58823529413,110000.0,236000.0,11.856673561260495,False,20
CH43 2,204,195000.0,227227.28431372548,157750.0,251500.0,21.395546903516244,False,20
CH43 3,111,203000.0,205135.76576576577,179000.0,227000.0,23.749847913371454,False,20
CH43 4,64,170000.0,175538.125,117050.0,216250.0,14.296143083100135,False,20
CH43 5,160,195000.0,245576.1375,127000.0,281500.0,21.395546903516244,False,20
CH43 6,102,160000.0,266982.59803921566,128500.0,295250.0,11.856673561260495,False,20
CH43 7,178,183500.0,278862.6404494382,130000.0,356250.0,17.964472563572212,False,20
CH43 8,69,187500.0,214738.33333333334,115000.0,285000.0,19.175082126779415,False,20
CH43 9,248,220000.0,257594.11290322582,154750.0,296250.0,28.555785375349803,False,20
CH44 0,96,147750.0,152723.4375,127250.0,172125.0,8.906192967514297,False,20
CH44 1,100,155000.0,153783.95,120000.0,175500.0,10.700815184328993,False,20
CH44 2,146,221000.0,220468.96575342465,160625.0,274250.0,29.13979802895729,False,20
CH44 3,112,210000.0,208843.1875,179250.0,245000.0,25.6053047816036,False,20
CH44 4,170,127250.0,123994.40588235293,107750.0,144750.0,4.927606764813238,False,20
CH44 5,110,155250.0,154411.81818181818,135000.0,180000.0,10.998904976274487,False,20
CH44 6,58,111000.0,113197.3275862069,97750.0,128096.25,2.6037230806667475,False,20
CH44 7,69,89995.0,93119.49275362318,75500.0,100000.0,0.8638520501277528,False,20
CH44 8,84,144800.0,151904.16666666666,110000.0,164375.0,8.078841708237011,False,20
CH44 9,138,127500.0,132509.10144927536,110000.0,148750.0,4.9762744859471955,False,20
CH45 0,76,301500.0,358302.63157894736,193875.0,469750.0,52.28738289329602,False,20
CH45 1,152,220000.0,229591.6447368421,172000.0,275250.0,28.555785375349803,False,20
CH45 2,121,177500.0,180291.40495867768,140000.0,208000.0,16.169850346757514,False,20
CH45 3,124,225000.0,225054.39516129033,150750.0,295750.0,30.143569777345174,False,20
CH45 4,172,180000.0,181489.06976744186,132875.0,226250.0,16.912033094050372,False,20
CH45 5,178,192500.0,201498.8202247191,150000.0,245000.0,20.68986494707385,False,20
CH45 6,75,285000.0,271552.0,207500.0,320000.0,47.773451758121425,False,20
CH45 7,157,190000.0,223647.35668789808,150000.0,278750.0,19.959849130064487,False,20
CH45 8,134,240000.0,248360.5223880597,180250.0,307500.0,34.59058279596058,False,20
CH45 9,98,194250.0,225012.193877551,146875.0,309750.0,20.975787808735856,False,20
CH46 0,161,234000.0,239069.90062111802,195000.0,270000.0,32.6621243460275,False,20
CH46 1,99,180000.0,191678.0404040404,152500.0,222500.0,16.912033094050372,False,20
CH46 2,60,142250.0,163025.0,125000.0,215500.0,7.872003893417691,False,20
CH46 3,106,172500.0,180634.38679245283,135000.0,208750.0,14.849738410998906,False,20
CH46 4,2,174000.0,174000.0,172000.0,176000.0,15.080910086385204,True,20
CH46 5,18,305000.0,294222.22222222225,228750.0,348750.0,52.81664436062782,True,20
CH46 6,207,205000.0,213724.67149758455,174350.0,240000.0,24.20610779900231,False,20
CH46 7,84,161250.0,169542.5,140000.0,186250.0,12.331183842316582,False,20
CH46 8,218,265362.0,252777.08256880735,197246.25,319995.0,42.55992213164619,False,20
CH46 9,115,185000.0,192313.0,155500.0,222500.0,18.432899379486557,False,20
CH47 0,55,417000.0,429735.45454545453,323500.0,528725.0,75.13079450054751,False,20
CH47 1,46,353750.0,454923.9130434783,179250.0,594625.0,63.88246745346149,False,20
CH47 2,138,230000.0,280940.52898550726,185500.0,334250.0,31.71918724905706,False,20
CH47 3,96,300000.0,324535.9270833333,240000.0,409675.0,51.65470251855457,False,20
CH47 4,35,535000.0,557814.2857142857,235000.0,820000.0,87.71140041367563,False,20
CH47 5,30,410000.0,390180.0,208750.0,533750.0,73.84109989049763,False,20
CH47 6,31,470000.0,487961.29032258067,405000.0,587500.0,82.10852901812873,False,20
CH47 7,37,420000.0,414905.4054054054,315000.0,460000.0,75.5627205256114,False,20
CH47 8,16,316000.0,328905.9375,292250.0,357000.0,55.48728555785375,True,20
CH47 9,47,335000.0,338148.93617021275,278750.0,387750.0,60.3479742061078,False,20
CH48 0,74,297500.0,336232.7702702703,232962.5,417206.25,50.71784888672588,False,20
CH48 1,50,862500.0,957554.9,730125.0,1125000.0,97.28677454678186,False,20
CH48 2,42,772000.0,862554.7619047619,442500.0,1175000.0,96.24041854240176,False,20
CH48 3,89,400000.0,449413.52808988764,257500.0,585000.0,72.52707141988076,False,20
CH48 4,90,325000.0,346302.4555555555,206250.0,469987.5,57.99367319625258,False,20
CH48 5,130,291500.0,366970.1769230769,197750.0,451250.0,49.40382041610902,False,20
CH48 6,84,271250.0,292317.2619047619,225000.0,346875.0,43.983452974814455,False,20
CH48 7,38,503750.0,555438.6052631579,336250.0,701250.0,85.46051831123008,False,20
CH48 8,53,533000.0,513291.5094339623,450000.0,590000.0,87.6262319016912,False,20
CH48 9,91,327500.0,326247.25274725276,257500.0,385000.0,58.62635357099404,False,20
CH49 0,95,210000.0,228293.86315789472,172216.0,262500.0,25.6053047816036,False,20
CH49 1,173,330000.0,342732.6705202312,280000.0,399495.0,59.15561503832583,False,20
CH49 2,130,254000.0,272074.56923076924,225000.0,309000.0,38.642170580362574,False,20
CH49 3,165,255000.0,255751.56363636363,200000.0,325000.0,39.068013140284705,False,20
CH49 4,228,205500.0,214592.09649122806,165562.5,250000.0,24.522447986373038,False,20
CH49 5,62,199750.0,195019.4516129032,144375.0,227250.0,22.27764934906923,False,20
CH49 6,156,279750.0,298371.60256410256,215000.0,365000.0,45.857160238471835,False,20
CH49 7,68,149500.0,144940.4411764706,129750.0,162750.0,9.058279596057915,False,20
CH49 8,31,150000.0,150643.38709677418,132500.0,163250.0,9.465871760554812,False,20
CH49 9,55,145000.0,150257.0909090909,130000.0,166500.0,8.316096848765056,False,20
CH5 1,274,159225.0,163760.48175182482,127625.0,191150.0,11.449081396763598,False,20
CH5 2,343,204000.0,212253.38483965016,157000.0,266497.5,23.853266820781116,False,20
CH5 3,411,265000.0,291259.7688564477,200000.0,352500.0,42.18274729285801,False,20
CH5 4,603,185000.0,200461.74461028192,155000.0,235000.0,18.432899379486557,False,20
CH6 5,453,175000.0,197901.06181015453,144000.0,235000.0,15.500669181165591,False,20
CH6 6,135,172500.0,191598.85925925925,145000.0,220000.0,14.849738410998906,False,20
CH60 0,65,280000.0,352936.1538461539,180000.0,445000.0,46.40467210122886,False,20
CH60 1,71,410000.0,406319.78873239434,311250.0,472500.0,73.84109989049763,False,20
CH60 2,68,480000.0,500624.26470588235,400000.0,585000.0,83.24005353449326,False,20
CH60 3,41,622700.0,620578.8536585366,540000.0,665000.0,92.42000243338606,False,20
CH60 4,51,558500.0,612135.568627451,447900.0,700000.0,89.19576590826135,False,20
CH60 5,70,310000.0,329475.5714285714,245000.0,402375.0,53.948168876992334,False,20
CH60 6,62,611000.0,678571.3225806452,452500.0,822250.0,92.10366224601533,False,20
CH60 7,78,251750.0,260884.35897435897,173910.0,309000.0,38.34408078841708,False,20
CH60 8,47,722000.0,728436.1702127659,580000.0,865000.0,95.31573184085656,False,20
CH60 9,51,540000.0,573074.5098039216,472500.0,682500.0,88.00340674047938,False,20
CH61 0,23,440000.0,520913.04347826086,401250.0,510000.0,78.6652877479012,False,20
CH61 1,62,322500.0,395349.1935483871,275750.0,543750.0,57.26974084438496,False,20
CH61 2,17,390000.0,385566.0,280000.0,413000.0,70.97578780873586,True,20
CH61 3,84,276500.0,300111.6785714286,210000.0,361500.0,45.4313176785497,False,20
CH61 4,111,295000.0,311263.0540540541,230000.0,375000.0,50.121669302834896,False,20
CH61 5,80,237750.0,250509.375,210000.0,300000.0,33.84840004866772,False,20
CH61 6,98,305000.0,324791.8367346939,245250.0,370250.0,52.81664436062782,False,20
CH61 7,66,278250.0,281252.2727272727,230000.0,317625.0,45.80240905219613,False,20
CH61 8,110,220000.0,226558.8818181818,197750.0,250000.0,28.555785375349803,False,20
CH61 9,99,240000.0,252966.66666666666,213750.0,288500.0,34.59058279596058,False,20
CH62 0,77,224000.0,239738.05194805196,180000.0,275000.0,29.65080910086385,False,20
CH62 1,109,135000.0,142240.04587155965,112000.0,175000.0,6.3328872125562725,False,20
CH62 2,121,230000.0,250184.11570247935,162000.0,300000.0,31.71918724905706,False,20
CH62 3,64,179000.0,176034.625,149500.0,198500.0,16.4131889524273,False,20
CH62 4,138,210000.0,206555.6884057971,175000.0,245000.0,25.6053047816036,False,20
CH62 5,98,193750.0,192967.24489795917,166375.0,221875.0,20.896702761893174,False,20
CH62 6,134,253750.0,265739.0671641791,183125.0,313250.0,38.58741939408687,False,20
CH62 7,210,217500.0,241345.64285714287,170000.0,308187.5,27.661515999513327,False,20
CH62 8,243,225000.0,225826.8230452675,189500.0,259000.0,30.143569777345174,False,20
CH62 9,113,183000.0,183414.7168141593,160000.0,200000.0,17.891470981871276,False,20
CH63 0,158,310000.0,328358.91139240505,240000.0,413000.0,53.948168876992334,False,20
CH63 1,12,377500.0,366791.6666666667,298750.0,424375.0,68.87090886969217,True,20
CH63 2,167,248000.0,255396.8622754491,209250.0,295000.0,36.768463316705194,False,20
CH63 3,158,261305.0,270891.4240506329,215000.0,308750.0,41.33106217301375,False,20
CH63 4,6,762500.0,738333.3333333334,658750.0,817500.0,96.11266577442511,True,20
CH63 5,153,249950.0,284112.4836601307,190000.0,339000.0,37.04830271322545,False,20
CH63 6,11,500000.0,533636.3636363636,477500.0,635000.0,85.14417812385935,True,20
CH63 7,171,196000.0,201551.29824561405,157500.0,240600.0,21.80313906801314,False,20
CH63 8,144,233250.0,232050.93055555556,184750.0,271625.0,32.61345662489354,False,20
CH63 9,198,288250.0,300737.2474747475,230000.0,360000.0,48.37571480715416,False,20
CH64 0,96,274000.0,274925.46875,237375.0,310000.0,44.34237741817739,False,20
CH64 1,63,435000.0,472400.79365079367,331250.0,530000.0,77.95960579145881,False,20
CH64 2,79,335000.0,359272.15189873416,280000.0,425000.0,60.3479742061078,False,20
CH64 3,86,291750.0,325146.511627907,195000.0,411250.0,49.422070811534255,False,20
CH64 4,101,362500.0,405783.4653465347,235000.0,510000.0,65.65883927485096,False,20
CH64 5,35,625000.0,676860.0,411000.0,852500.0,92.6146733179219,False,20
CH64 6,153,382000.0,414035.54901960783,277500.0,510000.0,69.76517824552866,False,20
CH64 7,9,805000.0,833577.7777777778,548000.0,935000.0,96.73926268402482,True,20
CH64 8,7,836000.0,743285.7142857143,646000.0,857500.0,97.01910208054508,True,20
CH64 9,182,220000.0,253673.35164835164,169625.0,305750.0,28.555785375349803,False,20
CH65 0,22,137000.0,143386.36363636365,125750.0,165125.0,6.630977004501765,False,20
CH65 1,2,228000.0,228000.0,224000.0,232000.0,31.007421827472932,True,20
CH65 2,86,125000.0,125290.69767441861,107125.0,142500.0,4.4652634140406375,False,20
CH65 3,99,228495.0,221637.68686868687,165000.0,288517.5,31.07433994403212,False,20
CH65 4,76,120000.0,143697.36842105264,105000.0,197250.0,3.686579875897311,False,20
CH65 5,115,152000.0,147317.38260869565,112500.0,175000.0,9.952548971894391,False,20
CH65 6,169,250000.0,268723.3846153846,220000.0,308500.0,37.717483878817376,False,20
CH65 7,112,175000.0,175950.89285714287,147375.0,195000.0,15.500669181165591,False,20
CH65 8,155,126000.0,140317.30967741937,112000.0,163750.0,4.793770531694854,False,20
CH65 9,172,205000.0,209366.56395348837,155000.0,250000.0,24.20610779900231,False,20
CH66 0,2,845000.0,845000.0,842500.0,847500.0,97.08602019710428,True,20
CH66 1,340,190000.0,203532.18235294116,160000.0,240000.0,19.959849130064487,False,20
CH66 2,477,226500.0,245684.57023060796,195000.0,290000.0,30.71541550066918,False,20
CH66 3,172,158000.0,165114.81976744186,136000.0,180000.0,11.315245163645212,False,20
CH66 4,461,260000.0,286505.09327548806,217500.0,343000.0,40.716632193697535,False,20
CH66 5,24,355000.0,381077.5,287875.0,474375.0,64.21705803625746,False,20
CH66 6,6,390000.0,384000.0,365500.0,406250.0,70.97578780873586,True,20
CH66 7,69,354950.0,348516.6231884058,260000.0,424950.0,63.973719430587664,False,20
CH66 8,2,515000.0,515000.0,477500.0,552500.0,86.35478768706655,True,20
CH66 9,4,536687.5,532093.75,513785.0,554996.25,87.82090278622704,True,20
CH7 1,432,200000.0,221652.22916666666,156875.0,275000.0,22.885995863243703,False,20
CH7 2,348,188000.0,202090.1379310345,156500.0,235000.0,19.272417569047327,False,20
CH7 3,343,225000.0,247389.7055393586,181250.0,310000.0,30.143569777345174,False,20
CH7 4,185,197500.0,249655.16216216216,155000.0,310000.0,22.00389341769072,False,20
CH7 5,244,280000.0,311434.01639344264,200000.0,386250.0,46.40467210122886,False,20
CH7 6,453,240000.0,268804.3156732892,197000.0,300000.0,34.59058279596058,False,20
CH8 7,310,156000.0,182921.3,130000.0,226625.0,11.041489232266699,False,20
CH8 8,226,258750.0,297976.08407079644,175000.0,386625.0,40.06570142353084,False,20
CH8 9,225,173000.0,219876.66666666666,138000.0,255000.0,14.95924078355031,False,20
CM0 7,336,350000.0,388949.7916666667,297250.0,442750.0,63.219369753011314,False,20
CM0 8,485,360000.0,400490.07835051545,292500.0,499999.0,65.14174473780265,False,20
CM1 1,352,275000.0,285692.7727272727,210000.0,346000.0,44.84730502494221,False,20
CM1 2,484,375000.0,410215.2231404959,310000.0,475000.0,68.18956077381677,False,20
CM1 3,327,400000.0,450631.33639143733,255000.0,535000.0,72.52707141988076,False,20
CM1 4,448,426500.0,462762.15401785716,335000.0,551625.0,76.89499939165349,False,20
CM1 6,918,433747.5,466276.91394335515,338498.75,564250.0,77.79535223263171,False,20
CM1 7,342,400000.0,429542.49122807017,325000.0,491750.0,72.52707141988076,False,20
CM11 1,244,733750.0,841614.7663934426,475000.0,1080000.0,95.5955712373768,False,20
CM11 2,513,430000.0,461682.84600389865,365000.0,535000.0,77.35125927728434,False,20
CM12 0,542,461000.0,491778.9298892989,350000.0,594250.0,81.31767854970191,False,20
CM12 9,372,515000.0,571978.3602150538,400000.0,690000.0,86.35478768706655,False,20
CM13 1,384,475250.0,537727.3151041666,407750.0,610000.0,82.85679523056334,False,20
CM13 2,420,576250.0,873753.1547619047,415000.0,1080000.0,90.44287626231902,False,20
CM13 3,358,500000.0,549972.7625698324,340250.0,650000.0,85.14417812385935,False,20
CM14 4,672,375000.0,430445.9583333333,270000.0,520000.0,68.18956077381677,False,20
CM14 5,437,460000.0,520753.56979405036,338000.0,651000.0,81.13517459544957,False,20
CM15 0,303,550000.0,603034.0198019802,450000.0,680000.0,88.66650444092954,False,20
CM15 8,290,714000.0,803899.6931034483,488750.0,983750.0,95.16972867745469,False,20
CM15 9,404,429750.0,468682.82425742573,314000.0,555000.0,77.08967027618931,False,20
CM16 4,195,490000.0,615319.4615384615,350000.0,762500.0,84.0917386543375,False,20
CM16 5,171,610000.0,661022.0292397661,500000.0,745000.0,92.03674412945614,False,20
CM16 6,301,513000.0,557681.8471760798,405000.0,660000.0,86.17836719795595,False,20
CM16 7,276,745000.0,808724.8731884058,548750.0,950000.0,95.83282637790485,False,20
CM17 0,359,410000.0,444459.4066852368,300000.0,507500.0,73.84109989049763,False,20
CM17 9,797,392000.0,402506.8067754078,320500.0,475000.0,71.2677941355396,False,20
CM18 6,380,320000.0,319026.8947368421,285000.0,360000.0,56.54580849251734,False,20
CM18 7,343,304000.0,310276.5597667638,250000.0,355000.0,52.561138824674536,False,20
CM19 4,305,335000.0,349401.9868852459,285000.0,406450.0,60.3479742061078,False,20
CM19 5,264,335000.0,382467.7272727273,295375.0,398500.0,60.3479742061078,False,20
CM2 0,381,330000.0,354738.1286089239,220000.0,435000.0,59.15561503832583,False,20
CM2 5,2,347500.0,347500.0,338750.0,356250.0,62.611023238836836,True,20
CM2 6,692,340500.0,369897.4436416185,245000.0,450000.0,61.60725149044895,False,20
CM2 7,348,400000.0,441738.0718390805,310000.0,521250.0,72.52707141988076,False,20
CM2 8,485,395000.0,446815.787628866,335000.0,500000.0,71.68146976517824,False,20
CM2 9,591,390000.0,409383.45854483923,311250.0,475000.0,70.97578780873586,False,20
CM20 1,228,291500.0,291271.6403508772,208125.0,347750.0,49.40382041610902,False,20
CM20 2,345,305000.0,313361.53623188403,225000.0,352500.0,52.81664436062782,False,20
CM20 3,294,315000.0,311405.80272108846,289250.0,340000.0,55.170945370483025,False,20
CM21 0,278,548125.0,590321.0899280575,425000.0,685000.0,88.41708237011801,False,20
CM21 9,331,375000.0,427265.1933534743,263750.0,513750.0,68.18956077381677,False,20
CM22 6,567,475000.0,516876.7160493827,395000.0,600000.0,82.6621243460275,False,20
CM22 7,206,620000.0,680913.6601941747,440000.0,850000.0,92.35308431682687,False,20
CM23 0,48,507500.0,497042.5,380000.0,570000.0,85.75252463803382,False,20
CM23 1,127,570000.0,627441.9291338583,471000.0,717500.0,89.97444944640466,False,20
CM23 2,522,465000.0,528470.346743295,323125.0,638750.0,81.53059982966298,False,20
CM23 3,509,355000.0,366814.64833005896,270000.0,418000.0,64.21705803625746,False,20
CM23 4,612,485000.0,513124.31045751635,395000.0,600000.0,83.62331183842316,False,20
CM23 5,356,461000.0,529080.834269663,360000.0,621812.5,81.31767854970191,False,20
CM24 8,333,425000.0,478662.9129129129,345000.0,570000.0,76.45698990144787,False,20
CM3 1,157,485000.0,594773.8853503185,370000.0,740000.0,83.62331183842316,False,20
CM3 2,339,490000.0,529361.6165191741,394997.5,625497.5,84.0917386543375,False,20
CM3 3,338,485000.0,538423.275147929,390000.0,611500.0,83.62331183842316,False,20
CM3 4,335,545000.0,614367.6089552239,411875.0,706575.5,88.21632802044044,False,20
CM3 5,606,360000.0,367390.45379537955,266250.0,450000.0,65.14174473780265,False,20
CM3 6,394,457500.0,529510.5710659899,359996.25,645000.0,80.91616985034675,False,20
CM3 7,58,422500.0,488652.3275862069,331250.0,582500.0,76.00073001581701,False,20
CM3 8,101,485500.0,577693.8613861386,350000.0,721500.0,83.75714807154155,False,20
CM4 0,230,670000.0,865367.3913043478,500000.0,990000.0,94.01995376566492,False,20
CM4 9,312,728697.5,801001.0705128205,516250.0,906250.0,95.46173500425843,False,20
CM5 0,151,497500.0,620235.9271523178,391000.0,750000.0,84.7426694245042,False,20
CM5 9,247,499950.0,570620.7287449393,375000.0,618000.0,84.84608833191386,False,20
CM6 1,600,402250.0,451340.765,319125.0,535000.0,72.91641318895242,False,20
CM6 2,262,436000.0,518505.70229007635,357750.0,585000.0,78.12385935028591,False,20
CM6 3,402,523500.0,638615.828358209,400000.0,799750.0,86.83538143326439,False,20
CM6 4,327,457995.0,494097.69418960245,414648.0,565495.0,80.95875410633897,False,20
CM7 1,385,297000.0,292397.9220779221,247000.0,340000.0,50.626596909599705,False,20
CM7 2,385,332500.0,339495.12987012987,243000.0,420000.0,59.806545808492515,False,20
CM7 3,453,265000.0,264988.0706401766,180000.0,317500.0,42.18274729285801,False,20
CM7 4,181,529950.0,581202.364640884,385000.0,735000.0,87.30989171432047,False,20
CM7 5,439,364000.0,384984.9840546697,295000.0,450000.0,65.79267550796935,False,20
CM7 9,385,326000.0,341313.2961038961,270000.0,395000.0,58.49251733787565,False,20
CM77 6,113,335000.0,371474.9469026549,300000.0,390000.0,60.3479742061078,False,20
CM77 7,230,415000.0,436124.0086956522,335000.0,532750.0,74.71103540576712,False,20
CM77 8,322,396000.0,449185.34161490685,340000.0,499995.0,71.89439104513932,False,20
CM8 1,801,332000.0,354501.07490636705,260000.0,430000.0,59.721377296508095,False,20
CM8 2,550,310000.0,322242.12363636366,260000.0,385000.0,53.948168876992334,False,20
CM8 3,340,390000.0,461656.83235294116,312500.0,533125.0,70.97578780873586,False,20
CM9 4,421,362500.0,385796.5866983373,302500.0,450000.0,65.65883927485096,False,20
CM9 5,212,290000.0,299669.2216981132,231500.0,355250.0,48.89280934420246,False,20
CM9 6,753,410000.0,440718.33598937583,330000.0,520000.0,73.84109989049763,False,20
CM9 8,307,397500.0,458206.9218241042,313750.0,537500.0,72.0160603479742,False,20
CO1 1,311,230000.0,249701.79421221864,170000.0,302500.0,31.71918724905706,False,20
CO1 2,495,230000.0,237196.45656565655,180000.0,284000.0,31.71918724905706,False,20
CO10 0,647,310000.0,344080.05564142193,250000.0,397500.0,53.948168876992334,False,20
CO10 1,346,280000.0,300631.5,223000.0,355000.0,46.40467210122886,False,20
CO10 2,250,265000.0,279735.268,199250.0,330000.0,42.18274729285801,False,20
CO10 5,74,425000.0,509478.3783783784,320250.0,589625.0,76.45698990144787,False,20
CO10 7,293,320000.0,380611.8566552901,260000.0,427500.0,56.54580849251734,False,20
CO10 8,281,367500.0,412702.4733096085,295000.0,472000.0,66.61394330210489,False,20
CO10 9,402,382000.0,433851.3084577114,300000.0,510000.0,69.76517824552866,False,20
CO11 1,393,325000.0,339222.0941475827,248000.0,410000.0,57.99367319625258,False,20
CO11 2,648,392250.0,432800.10802469135,315000.0,500000.0,71.29821146124833,False,20
CO12 3,320,217750.0,231816.1375,158976.0,287500.0,27.728434116072513,False,20
CO12 4,528,246250.0,255198.88257575757,192000.0,300000.0,36.47645698990144,False,20
CO12 5,187,320000.0,347885.2887700535,265250.0,420000.0,56.54580849251734,False,20
CO13 0,610,337747.5,359484.59016393445,280000.0,427125.0,60.822484487163884,False,20
CO13 9,305,352500.0,412730.5573770492,250000.0,550000.0,63.736464290059615,False,20
CO14 8,339,265000.0,272736.64896755165,212500.0,310000.0,42.18274729285801,False,20
CO15 1,323,210000.0,223483.27863777088,133750.0,294500.0,25.6053047816036,False,20
CO15 2,358,190000.0,181209.17039106146,107000.0,240000.0,19.959849130064487,False,20
CO15 3,329,210000.0,207178.26443768997,165000.0,250000.0,25.6053047816036,False,20
CO15 4,446,247500.0,254331.89237668162,220000.0,285000.0,36.67112787443728,False,20
CO15 5,389,315000.0,320990.28277634963,260000.0,375000.0,55.170945370483025,False,20
CO15 6,292,190000.0,241726.0102739726,145000.0,328500.0,19.959849130064487,False,20
CO16 0,152,467500.0,479852.7631578947,364375.0,576250.0,81.78002190047451,False,20
CO16 7,148,228750.0,236127.51351351352,175000.0,290000.0,31.141258060591316,False,20
CO16 8,514,260000.0,282671.9319066148,217625.0,330000.0,40.716632193697535,False,20
CO16 9,348,310000.0,346544.6925287356,265000.0,387625.0,53.948168876992334,False,20
CO2 0,160,387500.0,465931.66875,300000.0,595625.0,70.56819564423897,False,20
CO2 7,479,261000.0,278999.05010438414,220000.0,330000.0,41.264144056454555,False,20
CO2 8,463,265000.0,259480.7494600432,179000.0,315000.0,42.18274729285801,False,20
CO2 9,375,325000.0,337250.56,272750.0,390000.0,57.99367319625258,False,20
CO3 0,350,354750.0,353816.67714285717,286250.0,420000.0,63.96155250030417,False,20
CO3 3,385,336750.0,418808.82857142854,219000.0,520000.0,60.73731597517946,False,20
CO3 4,322,380000.0,407801.5714285714,325000.0,459500.0,69.34541915074827,False,20
CO3 8,240,352806.0,358623.1125,300000.0,410100.0,63.803382406618816,False,20
CO3 9,316,375000.0,397847.90189873416,303750.0,480000.0,68.18956077381677,False,20
CO4 0,244,320000.0,321512.9139344262,266843.75,375625.0,56.54580849251734,False,20
CO4 3,329,282500.0,319417.66565349547,247500.0,345000.0,47.20160603479742,False,20
CO4 5,628,330000.0,363673.0127388535,247500.0,430000.0,59.15561503832583,False,20
CO4 6,301,386000.0,407437.2026578073,320000.0,475000.0,70.50127752767976,False,20
CO4 7,14,457500.0,443571.4285714286,330000.0,545000.0,80.91616985034675,True,20
CO4 9,400,288750.0,316475.49,221500.0,380000.0,48.430465993429856,False,20
CO5 0,578,365000.0,391811.71280276816,317100.0,450000.0,66.10293223019832,False,20
CO5 7,213,350000.0,402871.6901408451,275000.0,460000.0,63.219369753011314,False,20
CO5 8,365,440000.0,475741.48493150686,330000.0,600000.0,78.6652877479012,False,20
CO5 9,352,400000.0,436925.88920454547,322250.0,520000.0,72.52707141988076,False,20
CO6 1,414,385000.0,431741.9202898551,305000.0,515000.0,70.2214381311595,False,20
CO6 2,320,390997.5,442605.10625,295000.0,540000.0,71.22520987954739,False,20
CO6 3,236,397500.0,452063.53813559323,316875.0,541250.0,72.0160603479742,False,20
CO6 4,249,415000.0,498357.2248995984,319500.0,565000.0,74.71103540576712,False,20
CO6 5,16,500000.0,563281.25,400000.0,663750.0,85.14417812385935,True,20
CO7 0,439,275000.0,286699.83599088836,216250.0,350000.0,44.84730502494221,False,20
CO7 6,291,468000.0,531572.1134020619,335500.0,630000.0,81.8469400170337,False,20
CO7 7,455,410000.0,452390.021978022,319495.0,541000.0,73.84109989049763,False,20
CO7 8,411,375000.0,409704.9124087591,324000.0,495000.0,68.18956077381677,False,20
CO7 9,341,330000.0,369916.6129032258,280000.0,415000.0,59.15561503832583,False,20
CO8 5,83,400000.0,473255.421686747,319750.0,586000.0,72.52707141988076,False,20
CO9 1,471,325000.0,348231.32059447985,262000.0,410000.0,57.99367319625258,False,20
CO9 2,326,332500.0,371437.8834355828,265000.0,450000.0,59.806545808492515,False,20
CO9 3,223,335000.0,404526.9058295964,267500.0,461000.0,60.3479742061078,False,20
CO9 4,141,415000.0,444500.70921985817,300000.0,560000.0,74.71103540576712,False,20
CR0 0,212,380000.0,378787.2405660377,345000.0,421750.0,69.34541915074827,False,20
CR0 1,320,331250.0,331576.328125,249740.0,388500.0,59.67879304051588,False,20
CR0 2,501,300000.0,314065.0259481038,238000.0,380000.0,51.65470251855457,False,20
CR0 3,317,375000.0,363341.3249211357,320000.0,415000.0,68.18956077381677,False,20
CR0 4,504,357000.0,370422.73214285716,264987.5,460000.0,64.55164861905341,False,20
CR0 5,396,385000.0,467782.4015151515,246000.0,575000.0,70.2214381311595,False,20
CR0 6,692,399000.0,391221.4826589595,300000.0,461500.0,72.15598004623433,False,20
CR0 7,434,485000.0,485557.64976958523,401250.0,565750.0,83.62331183842316,False,20
CR0 8,331,541000.0,510947.59516616317,366250.0,625000.0,88.09465871760554,False,20
CR0 9,358,325000.0,325268.93854748603,236000.0,379337.5,57.99367319625258,False,20
CR2 0,369,560000.0,580092.7181571815,371566.0,740000.0,89.33568560652148,False,20
CR2 6,441,335000.0,365983.07029478456,267000.0,429000.0,60.3479742061078,False,20
CR2 7,386,409000.0,493167.0725388601,294250.0,640000.0,73.52475970312689,False,20
CR2 8,376,475125.5,498542.1808510638,397875.0,560000.0,82.84462830027984,False,20
CR2 9,252,577500.0,590958.4761904762,476875.0,675000.0,90.49154398345297,False,20
CR3 0,197,315000.0,362361.8375634518,243000.0,465000.0,55.170945370483025,False,20
CR3 5,569,475000.0,512576.98945518455,370000.0,625000.0,82.6621243460275,False,20
CR3 6,427,430000.0,512409.093676815,297500.0,608750.0,77.35125927728434,False,20
CR3 7,60,1127050.0,1206574.5,647500.0,1642065.0,98.47913371456382,False,20
CR4 1,316,450000.0,430172.4240506329,364375.0,500000.0,80.05840126536074,False,20
CR4 2,297,460000.0,460383.8922558923,375000.0,545000.0,81.13517459544957,False,20
CR4 3,363,400000.0,397403.6225895317,273125.0,500000.0,72.52707141988076,False,20
CR4 4,233,345000.0,364320.58369098714,265000.0,465000.0,62.16084681834773,False,20
CR5 1,358,535000.0,549346.0614525139,450000.0,633750.0,87.71140041367563,False,20
CR5 2,354,560100.0,566567.906779661,392500.0,720000.0,89.4756053047816,False,20
CR5 3,391,555000.0,642985.746803069,441000.0,742000.0,89.01326195400901,False,20
CR6 9,396,510000.0,596442.1338383838,405750.0,700000.0,85.96544591799488,False,20
CR7 6,135,435000.0,415504.34814814816,355500.0,480000.0,77.95960579145881,False,20
CR7 7,348,400000.0,385844.2557471264,310000.0,457000.0,72.52707141988076,False,20
CR7 8,404,390000.0,390051.26485148515,305000.0,460000.0,70.97578780873586,False,20
CR8 1,189,620000.0,628621.0052910052,505000.0,750000.0,92.35308431682687,False,20
CR8 2,348,440000.0,465919.7586206897,289643.25,597000.0,78.6652877479012,False,20
CR8 3,220,667500.0,808114.3181818182,424650.0,991875.0,93.97128604453097,False,20
CR8 4,237,510000.0,549208.9493670886,360000.0,710000.0,85.96544591799488,False,20
CR8 5,362,500000.0,546874.4392265193,380000.0,696875.0,85.14417812385935,False,20
CT1 1,333,275000.0,301760.9159159159,228995.0,360000.0,44.84730502494221,False,20
CT1 2,258,265000.0,306193.9069767442,198500.0,343750.0,42.18274729285801,False,20
CT1 3,580,334500.0,370070.98793103447,255000.0,470000.0,59.97079936731963,False,20
CT10 1,388,405000.0,453814.8402061856,292875.0,556250.0,73.17191872490571,False,20
CT10 2,443,340000.0,360747.5711060948,270000.0,430000.0,61.309161698503466,False,20
CT10 3,345,370000.0,459412.6782608696,275000.0,550000.0,67.1067039785862,False,20
CT11 0,351,300000.0,326165.3418803419,255000.0,367750.0,51.65470251855457,False,20
CT11 7,320,239000.0,243878.046875,200000.0,277650.0,33.98223628178611,False,20
CT11 8,271,253000.0,291869.63837638375,179000.0,382500.0,38.52658474266942,False,20
CT11 9,300,264750.0,298412.6666666667,170000.0,384250.0,41.79340552378635,False,20
CT12 4,174,315000.0,340505.9942528736,268625.0,374375.0,55.170945370483025,False,20
CT12 5,202,337497.5,350483.8910891089,285750.0,386875.0,60.785983696313416,False,20
CT12 6,364,255000.0,257180.15934065933,220000.0,300000.0,39.068013140284705,False,20
CT13 0,286,325000.0,361508.48251748254,269250.0,415750.0,57.99367319625258,False,20
CT13 9,184,346750.0,423289.54347826086,282250.0,468625.0,62.4832704708602,False,20
CT14 0,124,375000.0,415078.62096774194,306347.0,463500.0,68.18956077381677,False,20
CT14 6,291,310000.0,363401.05498281785,238000.0,427750.0,53.948168876992334,False,20
CT14 7,512,335000.0,403320.388671875,271500.0,475000.0,60.3479742061078,False,20
CT14 8,102,445000.0,529794.3627450981,340500.0,628750.0,79.26146733179219,False,20
CT14 9,662,285500.0,311000.6404833837,240000.0,367812.5,48.108042340917386,False,20
CT15 4,131,309000.0,340710.679389313,260000.0,390000.0,53.443241270227524,False,20
CT15 5,88,322500.0,385888.63636363635,260000.0,442500.0,57.26974084438496,False,20
CT15 6,94,403750.0,505555.12765957444,297000.0,653750.0,73.0502494220708,False,20
CT15 7,153,429000.0,455133.9869281046,320000.0,550000.0,77.04708602019711,False,20
CT16 1,152,225500.0,249120.57894736843,168750.0,310000.0,30.56332887212556,False,20
CT16 2,331,220000.0,222865.7250755287,188750.0,255000.0,28.555785375349803,False,20
CT16 3,527,317000.0,345234.6717267552,284996.0,392123.0,55.56637060469644,False,20
CT17 0,387,210000.0,243614.1472868217,173000.0,305000.0,25.6053047816036,False,20
CT17 9,328,215000.0,220128.6006097561,180000.0,259250.0,26.998418299063147,False,20
CT18 7,540,345000.0,376289.4185185185,295000.0,430000.0,62.16084681834773,False,20
CT18 8,155,392000.0,449196.7419354839,328725.0,511250.0,71.2677941355396,False,20
CT19 4,322,282500.0,286736.0652173913,242125.0,335000.0,47.20160603479742,False,20
CT19 5,459,295000.0,346401.35076252726,226000.0,382000.0,50.121669302834896,False,20
CT19 6,295,257000.0,287913.6644067797,220000.0,323500.0,39.66419272417569,False,20
CT2 0,310,336123.0,370521.1548387097,280000.0,404696.0,60.72514904489598,False,20
CT2 7,309,310000.0,374942.05501618126,250000.0,430000.0,53.948168876992334,False,20
CT2 8,299,300000.0,352465.6153846154,245750.0,420000.0,51.65470251855457,False,20
CT2 9,115,407500.0,440199.1304347826,350000.0,512500.0,73.39700693515027,False,20
CT20 1,246,189000.0,234988.41463414635,134625.0,270000.0,19.40625380216571,False,20
CT20 2,515,245000.0,303654.386407767,180000.0,346500.0,36.05061442997932,False,20
CT20 3,624,309997.5,345150.38141025644,260000.0,371245.0,53.570994038204155,False,20
CT21 4,307,365000.0,417822.6058631922,277500.0,487500.0,66.10293223019832,False,20
CT21 5,365,380000.0,432625.4383561644,262500.0,570000.0,69.34541915074827,False,20
CT21 6,284,319500.0,356504.8133802817,258000.0,408500.0,55.96787930405159,False,20
CT3 1,238,415500.0,503993.7394957983,316250.0,622500.0,75.03345905827959,False,20
CT3 2,144,375000.0,395802.8125,296500.0,444750.0,68.18956077381677,False,20
CT3 3,360,275000.0,282298.3416666667,240000.0,308033.75,44.84730502494221,False,20
CT3 4,187,427000.0,468429.39572192513,320000.0,527500.0,76.91933325222047,False,20
CT4 5,146,463765.5,535065.1027397261,330000.0,644800.0,81.3845966662611,False,20
CT4 6,146,465000.0,553785.698630137,350000.0,698998.75,81.53059982966298,False,20
CT4 7,219,355000.0,421604.79452054796,275000.0,501250.0,64.21705803625746,False,20
CT4 8,59,505000.0,567656.6949152543,370000.0,676750.0,85.6004380094902,False,20
CT5 1,352,393000.0,419315.94886363635,307737.5,490625.0,71.41988076408322,False,20
CT5 2,380,430525.0,501197.3657894737,319500.0,610000.0,77.60068134809588,False,20
CT5 3,329,390000.0,445284.4285714286,307500.0,550000.0,70.97578780873586,False,20
CT5 4,394,396000.0,465325.38578680204,338500.0,510000.0,71.89439104513932,False,20
CT6 5,465,302000.0,317041.0774193548,195000.0,425000.0,52.360384474996955,False,20
CT6 6,505,349500.0,377444.2693069307,310000.0,432500.0,62.7813602628057,False,20
CT6 7,515,320000.0,351892.2737864078,280000.0,400000.0,56.54580849251734,False,20
CT6 8,401,325000.0,346574.8354114713,262000.0,410000.0,57.99367319625258,False,20
CT7 0,168,312500.0,333738.9285714286,267625.0,376250.0,54.63560043800949,False,20
CT7 9,413,330000.0,352558.25181598065,252000.0,435000.0,59.15561503832583,False,20
CT8 8,388,270000.0,279020.81701030926,185000.0,346625.0,43.569777345175815,False,20
CT9 1,308,215500.0,242446.2012987013,145000.0,310000.0,27.333008881859104,False,20
CT9 2,464,245000.0,278294.7909482759,157000.0,360000.0,36.05061442997932,False,20
CT9 3,356,330000.0,351602.4157303371,260000.0,425000.0,59.15561503832583,False,20
CT9 4,197,270000.0,260303.2233502538,211000.0,305000.0,43.569777345175815,False,20
CT9 5,367,325000.0,358923.5068119891,245000.0,439000.0,57.99367319625258,False,20
CV1 1,11,160000.0,183263.63636363635,144500.0,235000.0,11.856673561260495,True,20
CV1 2,90,175000.0,179693.6222222222,147000.0,200000.0,15.500669181165591,False,20
CV1 3,65,140000.0,151335.38461538462,117500.0,178000.0,7.409660542645091,False,20
CV1 4,154,152500.0,176262.5,129250.0,199875.0,10.074218274729285,False,20
CV1 5,74,145250.0,148024.32432432432,120000.0,168750.0,8.559435454434846,False,20
CV10 0,643,240000.0,258954.14463452567,200000.0,292500.0,34.59058279596058,False,20
CV10 7,423,210000.0,208017.23877068557,165000.0,240000.0,25.6053047816036,False,20
CV10 8,389,185000.0,194013.1850899743,158000.0,228000.0,18.432899379486557,False,20
CV10 9,732,216000.0,224878.52459016393,174562.5,261562.5,27.412093928701786,False,20
CV11 4,447,210000.0,230141.6577181208,170000.0,275000.0,25.6053047816036,False,20
CV11 5,261,170000.0,173867.0459770115,140000.0,205000.0,14.296143083100135,False,20
CV11 6,972,320150.0,341651.82818930043,270000.0,393246.25,57.03856916899866,False,20
CV11 7,207,310000.0,329050.98067632853,253838.5,377497.5,53.948168876992334,False,20
CV11 8,96,300000.0,310987.5833333333,279375.0,350000.0,51.65470251855457,False,20
CV12 0,463,240995.0,246883.5010799136,185000.0,298725.0,35.125927728434114,False,20
CV12 8,354,220750.0,215867.40677966102,180000.0,250000.0,29.103297238106823,False,20
CV12 9,522,255000.0,268283.97318007663,200000.0,306875.0,39.068013140284705,False,20
CV13 0,280,354250.0,424020.9928571429,244750.0,500000.0,63.93721863973719,False,20
CV13 6,253,364800.0,408513.7351778656,290000.0,480000.0,65.83525976396155,False,20
CV2 1,290,192232.5,194140.32068965517,155750.0,232375.0,20.574279109380704,False,20
CV2 2,451,230000.0,231504.1906873614,190000.0,270000.0,31.71918724905706,False,20
CV2 3,466,215000.0,217910.9957081545,185000.0,245000.0,26.998418299063147,False,20
CV2 4,304,175000.0,194689.38157894736,144750.0,225250.0,15.500669181165591,False,20
CV2 5,356,225500.0,224793.0393258427,198000.0,250500.0,30.56332887212556,False,20
CV21 1,504,261500.0,276201.89087301586,201500.0,335625.0,41.367562963864216,False,20
CV21 2,312,186000.0,195558.6826923077,145000.0,232750.0,18.88915926511741,False,20
CV21 3,405,223000.0,246981.55802469136,175000.0,295000.0,29.49263900717849,False,20
CV21 4,322,260000.0,277037.84161490685,222000.0,322250.0,40.716632193697535,False,20
CV22 5,715,358995.0,382055.0853146853,277500.0,460000.0,64.76456989901448,False,20
CV22 6,415,285000.0,328330.0674698795,231000.0,385000.0,47.773451758121425,False,20
CV22 7,774,280000.0,309702.22868217056,215000.0,381500.0,46.40467210122886,False,20
CV23 0,522,310000.0,346185.8563218391,250537.5,399987.5,53.948168876992334,False,20
CV23 1,546,369995.0,399520.22710622713,314996.25,484998.75,66.79036379121548,False,20
CV23 5,1,380000.0,380000.0,380000.0,380000.0,69.34541915074827,True,20
CV23 8,184,365000.0,429333.875,299250.0,523043.25,66.10293223019832,False,20
CV23 9,401,312000.0,373349.4264339152,243000.0,430000.0,54.556515391166805,False,20
CV3 1,330,209960.0,226736.76666666666,175000.0,274750.0,25.112544105122275,False,20
CV3 2,649,265000.0,285707.54545454547,205000.0,340000.0,42.18274729285801,False,20
CV3 3,187,196000.0,204568.1550802139,163500.0,235000.0,21.80313906801314,False,20
CV3 4,190,180250.0,178192.62631578947,120000.0,230000.0,17.337875653972503,False,20
CV3 5,413,268300.0,283270.00968523003,220000.0,340000.0,43.03443241270227,False,20
CV3 6,435,345500.0,360962.0689655172,275000.0,425000.0,62.428519284584496,False,20
CV31 1,531,322000.0,371111.1638418079,256500.0,430000.0,57.202822727825776,False,20
CV31 2,467,312000.0,326646.53533190576,270800.0,372000.0,54.556515391166805,False,20
CV31 3,240,265000.0,297726.425,202875.0,328275.0,42.18274729285801,False,20
CV32 4,187,315000.0,374216.4705882353,205000.0,421250.0,55.170945370483025,False,20
CV32 5,448,376850.0,458518.12053571426,262125.0,551250.0,68.71882224114856,False,20
CV32 6,447,426100.0,517468.8120805369,275000.0,675000.0,76.88283246137,False,20
CV32 7,554,370000.0,395770.5667870036,300500.0,462250.0,67.1067039785862,False,20
CV33 8,232,370500.0,363920.1681034483,294500.0,429399.0,67.44737802652391,False,20
CV33 9,392,390000.0,421308.22959183675,308300.0,491250.0,70.97578780873586,False,20
CV34 0,152,429997.5,442599.63157894736,370000.0,502700.0,77.10792067161455,False,20
CV34 4,354,240000.0,303523.8672316384,165000.0,343875.0,34.59058279596058,False,20
CV34 5,684,305850.0,320533.45760233916,245000.0,385000.0,53.0599829662976,False,20
CV34 6,532,402500.0,442911.992481203,308000.0,545000.0,72.95291397980289,False,20
CV34 7,118,390000.0,397862.28813559323,301250.0,447375.0,70.97578780873586,False,20
CV34 8,231,400000.0,429985.12987012987,324995.0,584997.5,72.52707141988076,False,20
CV35 0,289,405000.0,512348.5155709343,295000.0,605000.0,73.17191872490571,False,20
CV35 7,250,472500.0,504805.804,325000.0,628750.0,82.40053534493246,False,20
CV35 8,298,438750.0,550433.3724832215,339250.0,654000.0,78.36719795595572,False,20
CV35 9,402,358012.5,420928.67910447763,275000.0,460000.0,64.71590217788052,False,20
CV36 4,381,375000.0,415078.79002624674,264000.0,490000.0,68.18956077381677,False,20
CV36 5,121,577500.0,770765.8429752066,400000.0,840000.0,90.49154398345297,False,20
CV37 0,360,330000.0,409575.0833333333,239250.0,450000.0,59.15561503832583,False,20
CV37 5,174,444972.5,454139.6666666667,332450.0,552962.5,79.14588149409903,False,20
CV37 6,407,350000.0,412772.8574938575,227500.0,500000.0,63.219369753011314,False,20
CV37 7,539,415000.0,509629.5417439703,315000.0,613414.0,74.71103540576712,False,20
CV37 8,626,378747.5,475091.9488817891,275000.0,589995.0,68.97432777710183,False,20
CV37 9,854,380000.0,412807.5398126464,292000.0,490000.0,69.34541915074827,False,20
CV4 7,99,498000.0,546322.3636363636,349500.0,682500.0,84.78525368049641,False,20
CV4 8,256,295000.0,350188.25390625,190000.0,481250.0,50.121669302834896,False,20
CV4 9,620,215750.0,235312.73387096773,174425.0,280000.0,27.369509672709576,False,20
CV47 0,134,280000.0,315441.49253731343,230000.0,360750.0,46.40467210122886,False,20
CV47 1,234,307000.0,327806.94444444444,236375.0,385750.0,53.1816522691325,False,20
CV47 2,358,310200.0,366655.07262569835,254250.0,403750.0,54.337510646064004,False,20
CV47 7,33,704500.0,715530.303030303,450000.0,880000.0,94.9142231415014,False,20
CV47 8,96,367500.0,419928.1875,267500.0,502500.0,66.61394330210489,False,20
CV47 9,96,377500.0,400315.1041666667,265000.0,515000.0,68.87090886969217,False,20
CV5 6,614,236000.0,297375.37133550487,182000.0,358750.0,33.62331183842316,False,20
CV5 7,533,275000.0,279784.74671669793,217500.0,330000.0,44.84730502494221,False,20
CV5 8,487,235000.0,225349.45585215607,195000.0,260000.0,33.14271809222533,False,20
CV5 9,566,275000.0,304912.66254416964,218250.0,365000.0,44.84730502494221,False,20
CV6 1,455,222500.0,219931.47252747254,180000.0,256500.0,29.413553960335808,False,20
CV6 2,501,240000.0,254488.33133732536,210000.0,281000.0,34.59058279596058,False,20
CV6 3,312,195000.0,197577.99679487178,171875.0,220000.0,21.395546903516244,False,20
CV6 4,739,210000.0,221117.3247631935,175000.0,265050.0,25.6053047816036,False,20
CV6 5,210,160000.0,169027.55714285714,130000.0,187000.0,11.856673561260495,False,20
CV6 6,420,211000.0,220484.69047619047,165000.0,251500.0,26.11631585351016,False,20
CV6 7,322,190000.0,193589.7142857143,165000.0,220000.0,19.959849130064487,False,20
CV7 7,413,440000.0,491557.3220338983,310000.0,616000.0,78.6652877479012,False,20
CV7 8,550,311750.0,333925.54,207750.0,400000.0,54.5017642048911,False,20
CV7 9,414,236000.0,254279.74637681158,191423.75,289987.5,33.62331183842316,False,20
CV8 1,498,400000.0,442401.0361445783,290000.0,515000.0,72.52707141988076,False,20
CV8 2,772,415000.0,449676.9585492228,300000.0,580000.0,74.71103540576712,False,20
CV8 3,288,337777.5,368797.28125,246375.0,451250.0,60.83465141744738,False,20
CV9 1,217,215000.0,248346.31797235023,160000.0,300000.0,26.998418299063147,False,20
CV9 2,381,247500.0,271527.17322834645,193500.0,315000.0,36.67112787443728,False,20
CV9 3,226,358750.0,408656.3495575221,253987.5,490000.0,64.74631950358925,False,20
CW1 2,48,111250.0,106932.29166666667,91875.0,123500.0,2.6402238715172164,False,20
CW1 3,538,150000.0,156246.5148698885,110500.0,185000.0,9.465871760554812,False,20
CW1 4,585,205000.0,206661.1965811966,150000.0,252000.0,24.20610779900231,False,20
CW1 5,593,237000.0,261602.9258010118,180000.0,325000.0,33.75106460639981,False,20
CW1 6,72,156000.0,170786.11111111112,134375.0,181250.0,11.041489232266699,False,20
CW10 0,416,223250.0,235506.85096153847,175000.0,270808.75,29.516972867745466,False,20
CW10 9,354,206750.0,250352.06214689265,155000.0,304875.0,24.759703126901083,False,20
CW11 1,394,260000.0,309762.1751269036,200000.0,390000.0,40.716632193697535,False,20
CW11 2,88,327500.0,385309.0909090909,233750.0,481250.0,58.62635357099404,False,20
CW11 3,598,258000.0,288542.6772575251,210000.0,349000.0,39.87711400413676,False,20
CW11 4,344,266000.0,287698.3895348837,200000.0,340000.0,42.620756783063634,False,20
CW12 1,290,225000.0,247219.6379310345,144250.0,339375.0,30.143569777345174,False,20
CW12 2,508,360000.0,365692.2283464567,270000.0,427625.0,65.14174473780265,False,20
CW12 3,469,285000.0,324054.45415778254,200000.0,412500.0,47.773451758121425,False,20
CW12 4,863,290000.0,315941.96987253765,215000.0,386000.0,48.89280934420246,False,20
CW2 5,676,269995.0,298998.60355029587,210000.0,335561.25,43.241270227521596,False,20
CW2 6,372,191000.0,242227.61559139786,134500.0,331875.0,20.483027132254534,False,20
CW2 7,297,137000.0,144980.80808080808,112500.0,173000.0,6.630977004501765,False,20
CW2 8,599,206000.0,227664.63939899832,166250.0,275000.0,24.619783428640954,False,20
CW3 0,120,390000.0,440399.5833333333,321500.0,498750.0,70.97578780873586,False,20
CW3 9,276,255000.0,297688.3224637681,175000.0,380500.0,39.068013140284705,False,20
CW4 7,405,319995.0,330279.9012345679,260000.0,405000.0,56.03479742061078,False,20
CW4 8,196,472500.0,590876.525510204,332875.0,666250.0,82.40053534493246,False,20
CW5 5,495,210000.0,230649.13737373738,147875.0,282750.0,25.6053047816036,False,20
CW5 6,785,335000.0,353331.0662420382,250000.0,423000.0,60.3479742061078,False,20
CW5 7,449,310000.0,367552.4855233853,240000.0,425000.0,53.948168876992334,False,20
CW5 8,161,435000.0,469825.5714285714,335000.0,540000.0,77.95960579145881,False,20
CW6 0,297,410000.0,493807.7239057239,302000.0,610000.0,73.84109989049763,False,20
CW6 9,324,472500.0,543439.0,331875.0,676250.0,82.40053534493246,False,20
CW7 1,397,185000.0,206442.35516372795,154000.0,245000.0,18.432899379486557,False,20
CW7 2,511,223995.0,234562.89823874756,168000.0,287500.0,29.61430831001338,False,20
CW7 3,362,172750.0,184807.97790055248,125250.0,235000.0,14.904489597274608,False,20
CW7 4,122,222000.0,260836.0655737705,159250.0,306875.0,29.237133471225206,False,20
CW8 1,566,317500.0,336036.52473498235,160000.0,470745.0,55.66978951210609,False,20
CW8 2,435,390000.0,437116.67586206895,270000.0,532500.0,70.97578780873586,False,20
CW8 3,291,220000.0,278539.4501718213,180000.0,325000.0,28.555785375349803,False,20
CW8 4,820,241750.0,247084.13170731708,178000.0,290995.0,35.2597639615525,False,20
CW9 5,189,150000.0,173253.2486772487,110000.0,225000.0,9.465871760554812,False,20
CW9 6,282,320000.0,411978.5354609929,265248.75,409998.75,56.54580849251734,False,20
CW9 7,503,203000.0,229622.18091451292,152000.0,279995.0,23.749847913371454,False,20
CW9 8,728,295000.0,305163.99313186813,181500.0,383625.0,50.121669302834896,False,20
DA1 1,450,335000.0,342740.9711111111,295249.75,383061.25,60.3479742061078,False,20
DA1 2,330,370000.0,382801.3939393939,260000.0,460000.0,67.1067039785862,False,20
DA1 3,397,430000.0,439757.03274559195,365000.0,501000.0,77.35125927728434,False,20
DA1 4,387,352000.0,336146.02067183465,265000.0,400000.0,63.65737924321694,False,20
DA1 5,598,330500.0,326288.2508361204,247625.0,391750.0,59.581457598247965,False,20
DA10 0,237,307000.0,315983.10126582277,269000.0,357000.0,53.1816522691325,False,20
DA10 1,713,381995.0,396910.5596072931,294500.0,499995.0,69.72867745467819,False,20
DA11 0,277,225000.0,268986.9277978339,169000.0,345000.0,30.143569777345174,False,20
DA11 7,310,340500.0,369865.18709677417,284995.0,407125.0,61.60725149044895,False,20
DA11 8,350,355000.0,357677.11142857146,312125.0,407250.0,64.21705803625746,False,20
DA11 9,292,304997.5,309460.5787671233,235000.0,385000.0,52.62197347609197,False,20
DA12 1,185,330000.0,350946.1081081081,250000.0,425000.0,59.15561503832583,False,20
DA12 2,235,280000.0,277717.3361702128,213000.0,339000.0,46.40467210122886,False,20
DA12 3,71,550000.0,610133.8028169014,431750.0,736250.0,88.66650444092954,False,20
DA12 4,411,372000.0,371762.0072992701,322000.0,419500.0,67.52037960822484,False,20
DA12 5,458,340000.0,349978.92358078604,300000.0,386250.0,61.309161698503466,False,20
DA13 0,330,530000.0,549829.5303030303,396250.0,676875.0,87.43156101715537,False,20
DA13 9,192,487500.0,538134.0625,425000.0,600000.0,83.89706776980168,False,20
DA14 4,478,440125.0,474017.87447698746,305500.0,587750.0,78.89037595814577,False,20
DA14 5,137,405000.0,419946.102189781,340000.0,490000.0,73.17191872490571,False,20
DA14 6,352,330000.0,374815.23295454547,280000.0,452187.5,59.15561503832583,False,20
DA15 7,272,445000.0,504277.9375,313625.0,665000.0,79.26146733179219,False,20
DA15 8,575,455000.0,477459.7704347826,400000.0,530500.0,80.72149896581092,False,20
DA15 9,317,440000.0,484113.261829653,383000.0,590000.0,78.6652877479012,False,20
DA16 1,431,450000.0,449375.00928074244,405000.0,500000.0,80.05840126536074,False,20
DA16 2,435,470000.0,481786.45057471265,415000.0,547500.0,82.10852901812873,False,20
DA16 3,306,441000.0,415051.7156862745,336250.0,500000.0,78.93904367927972,False,20
DA17 5,374,370000.0,362968.66577540105,270000.0,425000.0,67.1067039785862,False,20
DA17 6,238,354500.0,338630.40336134454,247625.0,419250.0,63.94938557002069,False,20
DA18 4,31,312000.0,299774.1935483871,233750.0,360000.0,54.556515391166805,False,20
DA2 6,412,352500.0,353377.03155339806,275000.0,425000.0,63.736464290059615,False,20
DA2 7,380,445000.0,510455.7763157895,365750.0,569250.0,79.26146733179219,False,20
DA2 8,46,360000.0,361736.95652173914,315000.0,388750.0,65.14174473780265,False,20
DA3 7,343,545000.0,555374.4110787172,410000.0,660000.0,88.21632802044044,False,20
DA3 8,370,370000.0,460715.7108108108,307750.0,537500.0,67.1067039785862,False,20
DA4 0,124,560000.0,588432.7016129033,398750.0,730000.0,89.33568560652148,False,20
DA4 9,273,332500.0,347493.0402930403,235000.0,425000.0,59.806545808492515,False,20
DA5 1,262,502500.0,514886.0305343511,365000.0,620000.0,85.41793405523786,False,20
DA5 2,205,538000.0,593351.0,435000.0,675000.0,87.91823822849494,False,20
DA5 3,321,530000.0,557560.0280373832,425000.0,630000.0,87.43156101715537,False,20
DA6 7,340,376750.0,383410.12941176473,288125.0,445625.0,68.70057184572332,False,20
DA6 8,208,450000.0,469766.77403846156,335000.0,560000.0,80.05840126536074,False,20
DA7 4,428,475000.0,458934.7920560748,350000.0,550000.0,82.6621243460275,False,20
DA7 5,392,487000.0,500396.0943877551,440000.0,561375.0,83.85448351380947,False,20
DA7 6,429,429500.0,432960.11655011657,345000.0,520000.0,77.07750334590582,False,20
DA8 1,383,355000.0,345630.38120104437,261250.0,410000.0,64.21705803625746,False,20
DA8 2,183,336000.0,340865.737704918,285000.0,400000.0,60.706898649470745,False,20
DA8 3,270,380000.0,375750.3,300000.0,436500.0,69.34541915074827,False,20
DA9 9,851,330000.0,338470.3078730905,245000.0,425000.0,59.15561503832583,False,20
DE1 1,118,135865.0,145708.22033898305,110125.0,169500.0,6.509307701666869,False,20
DE1 2,249,184950.0,181791.5060240964,155750.0,205000.0,18.104392261832338,False,20
DE1 3,242,166000.0,187614.85950413224,130000.0,223750.0,13.414040637547147,False,20
DE11 0,708,215475.0,225754.2838983051,175000.0,265625.0,27.302591556150386,False,20
DE11 7,650,252475.0,259003.05692307692,190500.0,303712.5,38.39883197469279,False,20
DE11 8,351,228000.0,243574.90313390314,180000.0,285000.0,31.007421827472932,False,20
DE11 9,733,207302.0,218392.8553888131,162000.0,261900.0,24.80837084803504,False,20
DE12 6,304,235000.0,265359.7302631579,185000.0,320000.0,33.14271809222533,False,20
DE12 7,400,250000.0,293879.34,193375.0,340000.0,37.717483878817376,False,20
DE12 8,113,275000.0,345336.42477876105,225000.0,395000.0,44.84730502494221,False,20
DE13 0,747,215000.0,234939.50200803214,160500.0,285500.0,26.998418299063147,False,20
DE13 7,221,385000.0,442276.3122171946,288500.0,547500.0,70.2214381311595,False,20
DE13 8,359,360000.0,433128.3704735376,270000.0,528095.0,65.14174473780265,False,20
DE13 9,836,310000.0,343500.5909090909,243748.75,391059.5,53.948168876992334,False,20
DE14 1,192,145000.0,158833.921875,118000.0,190000.0,8.316096848765056,False,20
DE14 2,557,160000.0,170867.3788150808,120000.0,205000.0,11.856673561260495,False,20
DE14 3,812,200000.0,208943.3657635468,135000.0,273500.0,22.885995863243703,False,20
DE15 0,340,230000.0,282933.63823529414,170000.0,348000.0,31.71918724905706,False,20
DE15 9,699,215000.0,242014.51502145923,160000.0,310497.5,26.998418299063147,False,20
DE21 2,490,226750.0,253288.32653061225,185000.0,312000.0,30.75191629151965,False,20
DE21 4,503,183000.0,202242.14512922466,160000.0,220000.0,17.891470981871276,False,20
DE21 5,102,383500.0,414923.48039215687,298862.5,483000.0,69.8807640832218,False,20
DE21 6,507,180000.0,192285.73372781064,160000.0,220000.0,16.912033094050372,False,20
DE21 7,483,220000.0,226719.30641821946,180000.0,259500.0,28.555785375349803,False,20
DE22 1,317,300000.0,323929.0378548896,205000.0,415000.0,51.65470251855457,False,20
DE22 2,745,315000.0,346179.0308724832,262500.0,400000.0,55.170945370483025,False,20
DE22 3,572,155000.0,178987.8916083916,126875.0,220000.0,10.700815184328993,False,20
DE22 4,352,218000.0,229405.49431818182,175000.0,261375.0,27.83185302348218,False,20
DE22 5,26,840000.0,949403.8461538461,718750.0,1160000.0,97.03735247597032,False,20
DE23 1,281,225000.0,232983.8256227758,190000.0,265000.0,30.143569777345174,False,20
DE23 2,117,190000.0,216430.7863247863,163000.0,251000.0,19.959849130064487,False,20
DE23 3,253,290000.0,308730.5296442688,225000.0,375000.0,48.89280934420246,False,20
DE23 4,75,300000.0,354293.32,212500.0,421000.0,51.65470251855457,False,20
DE23 6,427,214000.0,250719.65573770492,132500.0,290000.0,26.615159995133226,False,20
DE23 8,299,138000.0,146061.38795986623,113400.0,175000.0,6.892566005596788,False,20
DE24 0,668,191000.0,205448.4266467066,169750.0,233000.0,20.483027132254534,False,20
DE24 1,78,187500.0,190080.76923076922,117125.0,225000.0,19.175082126779415,False,20
DE24 3,374,240000.0,248132.47593582887,190237.5,300000.0,34.59058279596058,False,20
DE24 5,231,266000.0,263971.95238095237,220673.0,298997.5,42.620756783063634,False,20
DE24 8,478,167500.0,175199.24476987447,135000.0,219995.0,13.651295778075193,False,20
DE24 9,370,194000.0,197961.24054054054,160000.0,227750.0,20.94537048302713,False,20
DE3 0,716,304000.0,320252.2765363128,235000.0,399612.5,52.561138824674536,False,20
DE3 9,496,285000.0,307281.83467741933,240987.5,350000.0,47.773451758121425,False,20
DE4 2,448,320000.0,347784.77008928574,225750.0,408500.0,56.54580849251734,False,20
DE4 3,514,250000.0,283170.29182879376,193500.0,335000.0,37.717483878817376,False,20
DE4 4,305,285000.0,327652.7049180328,213000.0,377500.0,47.773451758121425,False,20
DE4 5,340,382475.0,419690.4617647059,260750.0,505000.0,69.80167903637911,False,20
DE45 1,357,380000.0,459348.15406162466,285000.0,560000.0,69.34541915074827,False,20
DE5 3,780,229975.0,235321.25384615385,165000.0,284950.0,31.256843898284465,False,20
DE5 8,192,230000.0,255890.02604166666,180000.0,298487.5,31.71918724905706,False,20
DE5 9,190,183000.0,208993.68421052632,150000.0,240000.0,17.891470981871276,False,20
DE55 1,373,240000.0,260301.28954423591,179000.0,323000.0,34.59058279596058,False,20
DE55 2,359,180000.0,201251.12813370474,135000.0,263750.0,16.912033094050372,False,20
DE55 3,141,222000.0,235636.87943262412,172500.0,290000.0,29.237133471225206,False,20
DE55 4,333,160000.0,176601.93993993994,125000.0,202500.0,11.856673561260495,False,20
DE55 5,375,172000.0,190457.43733333334,136000.0,226250.0,14.75240296873099,False,20
DE55 6,393,255000.0,287469.45801526716,173000.0,379995.0,39.068013140284705,False,20
DE55 7,490,201250.0,232779.65918367347,150000.0,262000.0,23.476091981992944,False,20
DE56 0,451,235000.0,270125.70288248337,182750.0,330000.0,33.14271809222533,False,20
DE56 1,726,237725.0,247556.9655647383,190000.0,290000.0,33.824066188100744,False,20
DE56 2,493,295000.0,341899.1967545639,226714.0,400000.0,50.121669302834896,False,20
DE56 4,243,475000.0,522432.012345679,297475.0,652500.0,82.6621243460275,False,20
DE6 1,473,296000.0,331084.5496828753,215000.0,400000.0,50.49276067648132,False,20
DE6 2,154,367500.0,426589.83766233764,250000.0,578750.0,66.61394330210489,False,20
DE6 3,182,380000.0,468745.3956043956,280000.0,545000.0,69.34541915074827,False,20
DE6 4,114,448995.0,474176.7631578947,337496.25,587123.75,79.57172405402117,False,20
DE6 5,144,420000.0,451417.22222222225,270000.0,566250.0,75.5627205256114,False,20
DE65 5,799,240000.0,259189.7722152691,199975.0,319972.5,34.59058279596058,False,20
DE65 6,490,340000.0,396973.9693877551,250000.0,490000.0,61.309161698503466,False,20
DE7 4,493,188000.0,210852.20486815416,158750.0,230000.0,19.272417569047327,False,20
DE7 5,442,167500.0,185336.4819004525,130000.0,214375.0,13.651295778075193,False,20
DE7 6,495,270000.0,303099.2444444444,209250.0,358250.0,43.569777345175815,False,20
DE7 8,477,157500.0,170388.63522012578,127000.0,200000.0,11.230076651660786,False,20
DE7 9,126,226777.5,239073.8492063492,181000.0,289250.0,30.770166686944883,False,20
DE72 2,199,315000.0,345397.216080402,235062.5,425000.0,55.170945370483025,False,20
DE72 3,713,260000.0,304787.8793828892,206000.0,365000.0,40.716632193697535,False,20
DE73 1,1,935000.0,935000.0,935000.0,935000.0,97.70045017642049,True,20
DE73 5,192,275500.0,309719.5833333333,229375.0,382750.0,45.333982236281784,False,20
DE73 6,389,275000.0,277131.8791773779,217500.0,325000.0,44.84730502494221,False,20
DE73 7,63,375000.0,426738.6984126984,275000.0,532500.0,68.18956077381677,False,20
DE73 8,324,334997.5,390185.6913580247,249500.0,501000.0,60.043800949020564,False,20
DE74 0,82,344997.5,353410.18292682926,313113.0,397964.0,61.90534128239445,False,20
DE74 2,747,295000.0,316987.5689424364,242250.0,375000.0,50.121669302834896,False,20
DE75 7,844,205000.0,231619.02132701423,152875.0,283498.75,24.20610779900231,False,20
DH1 1,333,186000.0,211178.7837837838,155000.0,238000.0,18.88915926511741,False,20
DH1 2,353,210000.0,238945.69688385268,160000.0,287995.0,25.6053047816036,False,20
DH1 3,157,347500.0,422435.3949044586,260000.0,535000.0,62.611023238836836,False,20
DH1 4,218,350000.0,410639.7981651376,280312.5,500000.0,63.219369753011314,False,20
DH1 5,646,199225.0,219931.0572755418,145000.0,260000.0,22.204647767368293,False,20
DH2 1,479,167500.0,179148.83298538622,119975.0,220000.0,13.651295778075193,False,20
DH2 2,472,163497.5,182049.0783898305,117500.0,230748.75,12.641440564545563,False,20
DH2 3,364,150000.0,180211.05494505496,99987.5,240500.0,9.465871760554812,False,20
DH3 1,355,187000.0,197679.68732394365,110037.5,280500.0,19.041245893661028,False,20
DH3 2,273,185000.0,196307.9304029304,140000.0,249000.0,18.432899379486557,False,20
DH3 3,368,125750.0,164435.72282608695,89987.5,207750.0,4.726852415135661,False,20
DH3 4,279,239950.0,282721.4551971326,175000.0,358125.0,34.067404793770535,False,20
DH4 4,411,174950.0,183244.8710462287,116500.0,241997.5,15.172162063511378,False,20
DH4 5,214,124500.0,136574.29439252336,90000.0,160000.0,4.18542401752038,False,20
DH4 6,502,196975.0,203815.53386454182,125000.0,261462.5,21.912641440564546,False,20
DH4 7,391,167000.0,194380.95396419437,109997.5,283495.0,13.53570994038204,False,20
DH5 0,247,107000.0,118531.68825910932,75000.0,150000.0,2.190047451028106,False,20
DH5 8,251,140000.0,157801.7689243028,98000.0,192000.0,7.409660542645091,False,20
DH5 9,401,153000.0,174266.8204488778,105000.0,214995.0,10.19588757756418,False,20
DH6 1,320,140000.0,161366.240625,107750.0,195500.0,7.409660542645091,False,20
DH6 2,392,103000.0,121674.96683673469,72875.0,147237.5,1.8493734030904003,False,20
DH6 3,229,96999.0,129642.80349344978,70000.0,147500.0,1.3505292614673319,False,20
DH6 4,376,160000.0,171496.94680851063,101500.0,220000.0,11.856673561260495,False,20
DH6 5,407,159950.0,176146.59705159705,115000.0,228975.0,11.47949872247232,False,20
DH7 0,265,175000.0,216251.3358490566,130000.0,268000.0,15.500669181165591,False,20
DH7 6,376,142250.0,162159.61968085106,100000.0,209962.5,7.872003893417691,False,20
DH7 7,329,139950.0,156575.2887537994,95000.0,195695.0,7.068986494707385,False,20
DH7 8,339,138000.0,166682.61061946902,97500.0,205000.0,6.892566005596788,False,20
DH7 9,421,130000.0,164248.37529691213,90000.0,220000.0,5.493369022995498,False,20
DH8 0,310,185000.0,217298.80322580645,124237.5,289937.5,18.432899379486557,False,20
DH8 5,442,159950.0,170781.9479638009,114623.75,213750.0,11.47949872247232,False,20
DH8 6,290,125000.0,147241.22068965517,92750.0,160000.0,4.4652634140406375,False,20
DH8 7,492,140000.0,160654.84959349592,92500.0,197245.0,7.409660542645091,False,20
DH8 8,226,120000.0,131321.75663716815,90000.0,153750.0,3.686579875897311,False,20
DH8 9,90,170000.0,257322.3111111111,135000.0,329500.0,14.296143083100135,False,20
DH9 0,197,115782.0,152042.2233502538,76000.0,182500.0,3.1512349434237743,False,20
DH9 6,337,102000.0,119301.99703264095,80000.0,140000.0,1.8067891470981872,False,20
DH9 7,352,75000.0,84607.48295454546,52375.0,103487.5,0.2980897919454922,False,20
DH9 8,309,112000.0,128591.38511326861,78000.0,159000.0,2.6888915926511743,False,20
DH9 9,322,137500.0,174353.63354037268,106625.0,232375.0,6.764813237620149,False,20
DL1 1,275,147500.0,147526.81454545454,120000.0,173250.0,8.863608711522083,False,20
DL1 2,352,140000.0,145745.17897727274,108812.5,175000.0,7.409660542645091,False,20
DL1 3,580,180000.0,201502.6896551724,140000.0,249575.75,16.912033094050372,False,20
DL1 4,453,118000.0,119198.71964679912,87000.0,140000.0,3.36415622338484,False,20
DL1 5,183,110000.0,131240.05464480876,90000.0,145000.0,2.463803382406619,False,20
DL10 4,243,215000.0,252536.7695473251,165000.0,300000.0,26.998418299063147,False,20
DL10 5,147,260000.0,322818.1088435374,222500.0,345000.0,40.716632193697535,False,20
DL10 6,106,322500.0,400548.679245283,216237.5,498750.0,57.26974084438496,False,20
DL10 7,240,249000.0,278711.37916666665,180000.0,325000.0,36.94488380581579,False,20
DL11 6,110,300000.0,371637.05454545456,235000.0,475000.0,51.65470251855457,False,20
DL11 7,98,393000.0,412595.51020408166,277462.5,510000.0,71.41988076408322,False,20
DL12 0,87,220000.0,279332.5977011494,152500.0,350000.0,28.555785375349803,False,20
DL12 8,372,235000.0,261171.70698924732,160750.0,351311.25,33.14271809222533,False,20
DL12 9,161,285000.0,313961.12422360247,214995.0,360000.0,47.773451758121425,False,20
DL13 1,91,190000.0,224227.5934065934,137000.0,303000.0,19.959849130064487,False,20
DL13 2,119,166000.0,205456.16806722688,117500.0,261725.5,13.414040637547147,False,20
DL13 3,120,255000.0,272595.3416666667,152950.0,340653.25,39.068013140284705,False,20
DL13 4,113,97500.0,157446.78761061947,72500.0,186000.0,1.3991969826012898,False,20
DL13 5,139,125000.0,162795.10791366905,89500.0,191750.0,4.4652634140406375,False,20
DL14 0,316,152500.0,187034.19303797468,104375.0,259950.0,10.074218274729285,False,20
DL14 6,428,120000.0,136266.6331775701,75000.0,180000.0,3.686579875897311,False,20
DL14 7,217,125000.0,151375.7465437788,80000.0,190000.0,4.4652634140406375,False,20
DL14 8,473,87999.0,117088.6913319239,50000.0,170995.0,0.7665166078598369,False,20
DL14 9,381,110000.0,118521.92650918635,76500.0,155000.0,2.463803382406619,False,20
DL15 0,390,130000.0,155015.4153846154,83000.0,204995.0,5.493369022995498,False,20
DL15 8,204,106000.0,147884.23039215687,84375.0,195748.75,2.086628543618445,False,20
DL15 9,360,112250.0,134496.3361111111,78375.0,170000.0,2.7253923835016427,False,20
DL16 6,452,135000.0,157275.93584070797,92646.25,180000.0,6.3328872125562725,False,20
DL16 7,556,155000.0,159344.25539568346,104000.0,194995.0,10.700815184328993,False,20
DL17 0,255,107000.0,133969.96078431373,64400.0,182000.0,2.190047451028106,False,20
DL17 8,379,84000.0,100893.71767810026,60500.0,123750.0,0.6083465141744738,False,20
DL17 9,177,102000.0,122436.47457627118,75999.0,147000.0,1.8067891470981872,False,20
DL2 1,520,243250.0,257258.90192307692,169828.5,301500.0,35.612604939773696,False,20
DL2 2,763,248000.0,266909.0222804718,189952.0,305470.0,36.768463316705194,False,20
DL2 3,154,235000.0,277739.4155844156,174250.0,361250.0,33.14271809222533,False,20
DL3 0,543,145000.0,148164.7532228361,107500.0,181000.0,8.316096848765056,False,20
DL3 6,341,95000.0,107293.2991202346,75500.0,126000.0,1.228859958632437,False,20
DL3 7,220,202500.0,231583.39545454545,112375.0,340000.0,23.622095145394816,False,20
DL3 8,331,295000.0,323099.501510574,240000.0,376000.0,50.121669302834896,False,20
DL3 9,397,195000.0,204404.7128463476,130000.0,249950.0,21.395546903516244,False,20
DL4 1,197,76999.0,95448.78680203046,54600.0,115000.0,0.3771748387881737,False,20
DL4 2,236,76250.0,95372.59322033898,56000.0,116250.0,0.36500790850468423,False,20
DL5 4,424,162750.0,179770.79481132075,117000.0,221250.0,12.525854726852415,False,20
DL5 5,178,114500.0,118762.3595505618,93125.0,137875.0,2.8896459423287504,False,20
DL5 6,181,250000.0,247785.91160220993,190000.0,295000.0,37.717483878817376,False,20
DL5 7,361,142000.0,148001.28531855956,90000.0,200000.0,7.829419637425477,False,20
DL6 1,284,223750.0,256642.95774647887,170000.0,325000.0,29.596057914588147,False,20
DL6 2,404,249972.5,287996.09653465345,200000.0,319961.25,37.08480350407592,False,20
DL6 3,93,330000.0,395126.0752688172,220000.0,482500.0,59.15561503832583,False,20
DL7 0,105,335000.0,372972.0857142857,256000.0,460000.0,60.3479742061078,False,20
DL7 8,414,226500.0,237945.3309178744,175000.0,283375.0,30.71541550066918,False,20
DL7 9,140,270000.0,321863.6928571428,205250.0,387375.0,43.569777345175815,False,20
DL8 1,308,292497.5,327484.6006493507,234500.0,370745.0,49.53157318408565,False,20
DL8 2,229,285000.0,344371.10043668124,227000.0,400000.0,47.773451758121425,False,20
DL8 3,117,310000.0,344086.7521367521,225000.0,420000.0,53.948168876992334,False,20
DL8 4,140,331000.0,363776.15714285715,249250.0,451250.0,59.64229224966541,False,20
DL8 5,172,290000.0,327544.761627907,230000.0,375625.0,48.89280934420246,False,20
DL9 3,101,184000.0,182452.64356435643,135000.0,211000.0,18.02530721498966,False,20
DL9 4,331,185000.0,193727.88217522658,145000.0,229995.0,18.432899379486557,False,20
DN1 1,5,62500.0,65500.0,60000.0,70000.0,0.18250395425234212,True,20
DN1 2,210,100000.0,128650.64761904762,76500.0,160000.0,1.648619053412824,False,20
DN1 3,31,106000.0,105058.06451612903,90750.0,119250.0,2.086628543618445,False,20
DN10 4,244,252500.0,282976.6106557377,176875.0,360000.0,38.46575009125198,False,20
DN10 5,79,375000.0,413647.9746835443,280000.0,490000.0,68.18956077381677,False,20
DN10 6,257,250000.0,296201.4552529183,185000.0,365000.0,37.717483878817376,False,20
DN11 0,627,180000.0,192468.48644338117,135000.0,233500.0,16.912033094050372,False,20
DN11 8,721,180000.0,196629.73231622746,155000.0,232745.0,16.912033094050372,False,20
DN11 9,299,275000.0,316288.1237458194,210000.0,366750.0,44.84730502494221,False,20
DN12 1,272,120000.0,119478.7794117647,80000.0,146125.0,3.686579875897311,False,20
DN12 2,211,150000.0,165807.18009478672,123000.0,190000.0,9.465871760554812,False,20
DN12 3,211,140000.0,160881.1421800948,111000.0,180000.0,7.409660542645091,False,20
DN12 4,94,140000.0,162473.78723404257,112750.0,169998.75,7.409660542645091,False,20
DN14 0,345,232000.0,256789.3188405797,181000.0,320000.0,32.39445187979073,False,20
DN14 5,297,152500.0,177404.54545454544,110000.0,210000.0,10.074218274729285,False,20
DN14 6,604,165000.0,173441.88741721853,115000.0,215000.0,13.079450054751184,False,20
DN14 7,558,275000.0,289909.270609319,198248.75,363757.5,44.84730502494221,False,20
DN14 8,169,195000.0,219976.2721893491,145000.0,270000.0,21.395546903516244,False,20
DN14 9,360,266750.0,284256.4166666667,201500.0,352375.0,42.73025915561504,False,20
DN15 0,50,256000.0,269327.66,192500.0,325000.75,39.51818956077381,False,20
DN15 6,107,87000.0,92335.16822429906,70000.0,115000.0,0.7482662124346028,False,20
DN15 7,235,130000.0,136493.92340425533,95000.0,160000.0,5.493369022995498,False,20
DN15 8,455,155000.0,168792.8879120879,132500.0,189995.0,10.700815184328993,False,20
DN15 9,494,200500.0,223165.24089068826,155000.0,264750.0,23.40917386543375,False,20
DN16 1,254,125000.0,124176.1811023622,105000.0,142750.0,4.4652634140406375,False,20
DN16 2,333,142000.0,143916.84684684683,120000.0,167500.0,7.829419637425477,False,20
DN16 3,707,168000.0,179775.09193776522,137250.0,207500.0,13.766881615768343,False,20
DN17 1,387,152500.0,166285.7881136951,126000.0,194950.0,10.074218274729285,False,20
DN17 2,447,157000.0,169463.7941834452,129225.0,190000.0,11.163158535101594,False,20
DN17 3,272,199975.0,217320.42279411765,138750.0,281250.0,22.362817861053657,False,20
DN17 4,255,210000.0,244132.72549019608,162750.0,330000.0,25.6053047816036,False,20
DN18 5,518,186750.0,203819.58687258686,140000.0,252875.0,18.998661637668814,False,20
DN18 6,105,190000.0,214650.46666666667,160000.0,265000.0,19.959849130064487,False,20
DN19 7,309,224950.0,241296.13915857606,155000.0,315000.0,29.72381068256479,False,20
DN2 4,354,173500.0,189597.2288135593,135000.0,235000.0,15.013991969826012,False,20
DN2 5,343,190008.0,206512.0058309038,162500.0,235000.0,20.355274364277893,False,20
DN2 6,192,140000.0,153247.88541666666,127625.0,171000.0,7.409660542645091,False,20
DN20 0,287,182000.0,225118.86759581883,155000.0,260000.0,17.599464655067525,False,20
DN20 8,372,189000.0,209025.68548387097,145000.0,260500.0,19.40625380216571,False,20
DN20 9,295,253000.0,270678.0406779661,182750.0,330000.0,38.52658474266942,False,20
DN21 1,694,158000.0,161837.59365994236,110200.0,209995.0,11.315245163645212,False,20
DN21 2,317,115000.0,118918.11356466878,79500.0,149000.0,3.0295656405888796,False,20
DN21 3,296,240000.0,256362.7162162162,182750.0,315625.0,34.59058279596058,False,20
DN21 4,245,199995.0,232685.97959183675,152000.0,285000.0,22.393235186762382,False,20
DN21 5,249,230000.0,252041.33333333334,165000.0,315000.0,31.71918724905706,False,20
DN22 0,153,275000.0,305281.7843137255,180000.0,400000.0,44.84730502494221,False,20
DN22 4,15,515000.0,540900.0,497500.0,585000.0,86.35478768706655,True,20
DN22 5,37,385995.0,380905.13513513515,330995.0,455495.0,70.48302713225453,False,20
DN22 6,390,200000.0,216439.18205128206,132750.0,286496.25,22.885995863243703,False,20
DN22 7,685,180000.0,205502.8102189781,140000.0,240000.0,16.912033094050372,False,20
DN22 8,311,275000.0,327436.7813504823,223747.5,355000.0,44.84730502494221,False,20
DN22 9,116,327500.0,343604.4913793103,215000.0,442500.0,58.62635357099404,False,20
DN3 1,381,187500.0,202376.63254593176,160000.0,230000.0,19.175082126779415,False,20
DN3 2,569,190000.0,208168.05623901583,150000.0,255000.0,19.959849130064487,False,20
DN3 3,530,194000.0,222040.83018867925,160000.0,260000.0,20.94537048302713,False,20
DN31 1,64,76000.0,72852.328125,51500.0,88500.0,0.3345905827959606,False,20
DN31 2,309,77000.0,86276.89644012945,60000.0,101000.0,0.40759216449689745,False,20
DN32 0,223,155000.0,184670.15695067265,105000.0,248725.0,10.700815184328993,False,20
DN32 7,135,57000.0,60170.74074074074,48250.0,70500.0,0.13383623311838425,False,20
DN32 8,324,119000.0,146771.39197530865,84498.5,184250.0,3.4371578050857767,False,20
DN32 9,267,89950.0,105312.53932584269,69475.0,136000.0,0.833434724419029,False,20
DN33 1,114,101500.0,107963.87719298246,82625.0,125000.0,1.7763718213894637,False,20
DN33 2,255,190000.0,209275.09019607844,160000.0,239975.0,19.959849130064487,False,20
DN33 3,502,186750.0,198581.31075697212,153487.5,240000.0,18.998661637668814,False,20
DN34 4,371,130000.0,138480.77897574124,102500.0,157500.0,5.493369022995498,False,20
DN34 5,374,137250.0,143624.63101604278,108875.0,170000.0,6.703978586202701,False,20
DN35 0,369,236950.0,249485.9159891599,183500.0,300000.0,33.738897676116316,False,20
DN35 7,425,100000.0,113762.46352941176,80000.0,145000.0,1.648619053412824,False,20
DN35 8,371,130000.0,145867.74393530996,110000.0,172700.0,5.493369022995498,False,20
DN35 9,246,170000.0,178380.5487804878,145875.0,197462.5,14.296143083100135,False,20
DN36 4,728,225625.0,248409.11813186813,180000.0,293250.0,30.587662732692543,False,20
DN36 5,364,232000.0,275756.22252747254,180000.0,341250.0,32.39445187979073,False,20
DN37 0,433,242950.0,281878.7713625866,185000.0,349950.0,35.47876870665531,False,20
DN37 7,165,195000.0,218320.12121212122,155000.0,270000.0,21.395546903516244,False,20
DN37 8,6,260250.0,265416.6666666667,172000.0,366875.0,41.19114247475362,True,20
DN37 9,287,168000.0,172184.63414634147,130000.0,208500.0,13.766881615768343,False,20
DN38 6,112,206500.0,240809.375,162250.0,290000.0,24.723202336050615,False,20
DN39 6,135,217000.0,247388.64444444445,160000.0,316500.0,27.539846696678428,False,20
DN4 0,300,110000.0,115042.16333333333,76562.5,140000.0,2.463803382406619,False,20
DN4 5,346,195000.0,200928.48554913295,135000.0,259496.25,21.395546903516244,False,20
DN4 6,412,200000.0,240741.06310679612,150875.0,280000.0,22.885995863243703,False,20
DN4 7,401,250000.0,269714.60349127185,195000.0,320000.0,37.717483878817376,False,20
DN4 8,325,155000.0,166010.31076923077,100000.0,210000.0,10.700815184328993,False,20
DN4 9,363,165000.0,173471.87052341597,140000.0,196750.0,13.079450054751184,False,20
DN40 1,163,130000.0,136890.68711656443,110000.0,157000.0,5.493369022995498,False,20
DN40 2,249,173000.0,177750.50200803214,135000.0,217950.0,14.95924078355031,False,20
DN40 3,111,154000.0,190714.81981981982,133500.0,221500.0,10.335807275824308,False,20
DN41 7,175,287120.0,278499.2571428571,209950.0,324950.0,48.22971164375228,False,20
DN41 8,143,192500.0,214493.006993007,153000.0,256750.0,20.68986494707385,False,20
DN5 0,282,126000.0,138822.39716312056,91625.0,171500.0,4.793770531694854,False,20
DN5 7,424,290500.0,314270.03301886795,207875.0,395000.0,49.28823457841587,False,20
DN5 8,432,180000.0,189516.0625,149712.5,225000.0,16.912033094050372,False,20
DN5 9,395,147000.0,152292.8759493671,118090.5,177000.0,8.760189804112423,False,20
DN6 0,238,134500.0,158088.9411764706,102125.0,175000.0,6.186884049154398,False,20
DN6 7,324,150500.0,158462.6851851852,116125.0,184250.0,9.824796203917751,False,20
DN6 8,246,145000.0,163929.78455284552,117625.0,194312.5,8.316096848765056,False,20
DN6 9,212,190000.0,245468.77358490566,151875.0,311250.0,19.959849130064487,False,20
DN7 4,302,168750.0,187678.27152317882,123500.0,225000.0,13.845966662611023,False,20
DN7 5,229,130000.0,157761.20524017466,110000.0,160000.0,5.493369022995498,False,20
DN7 6,490,200500.0,229302.92857142858,168995.0,265750.0,23.40917386543375,False,20
DN8 4,320,143000.0,247102.790625,115750.0,182125.0,7.963255870543861,False,20
DN8 5,328,140000.0,162591.85975609755,115000.0,190000.0,7.409660542645091,False,20
DN9 1,344,270000.0,284653.7063953488,190000.0,355000.0,43.569777345175815,False,20
DN9 2,172,279250.0,300216.6453488372,213750.0,357500.0,45.84499330818834,False,20
DN9 3,378,244997.5,265296.1111111111,185750.0,330000.0,35.77077503345906,False,20
DT1 1,377,257000.0,284469.3103448276,170000.0,355000.0,39.66419272417569,False,20
DT1 2,462,325000.0,345474.2186147186,265000.0,400000.0,57.99367319625258,False,20
DT1 3,419,440000.0,473082.8711217184,277500.0,597500.0,78.6652877479012,False,20
DT10 1,341,318000.0,364263.2140762463,252000.0,420000.0,55.773208419515754,False,20
DT10 2,265,370000.0,414504.3924528302,270000.0,520000.0,67.1067039785862,False,20
DT11 0,223,400000.0,439631.9058295964,325000.0,507500.0,72.52707141988076,False,20
DT11 7,467,260000.0,288522.80513918627,197000.0,351905.0,40.716632193697535,False,20
DT11 8,212,425000.0,497764.4811320755,325000.0,575000.0,76.45698990144787,False,20
DT11 9,351,345000.0,380057.48148148146,291997.5,423750.0,62.16084681834773,False,20
DT2 0,146,372500.0,417978.7465753425,275750.0,513750.0,67.58729772478404,False,20
DT2 7,201,415000.0,464833.92039800994,312000.0,592500.0,74.71103540576712,False,20
DT2 8,369,370000.0,401596.0840108401,300000.0,460000.0,67.1067039785862,False,20
DT2 9,379,395000.0,426254.8997361478,285000.0,520000.0,71.68146976517824,False,20
DT3 4,328,366000.0,389226.01524390245,286500.0,450000.0,66.38885509186032,False,20
DT3 5,503,330000.0,349795.6143141153,240000.0,425000.0,59.15561503832583,False,20
DT3 6,437,370000.0,395540.52402745996,275000.0,480000.0,67.1067039785862,False,20
DT4 0,656,265000.0,266971.34603658534,210000.0,311000.0,42.18274729285801,False,20
DT4 7,455,215000.0,239498.1054945055,152750.0,282500.0,26.998418299063147,False,20
DT4 8,280,258250.0,299425.89285714284,184500.0,340000.0,39.93186519041246,False,20
DT4 9,531,295000.0,321623.10169491527,240000.0,365000.0,50.121669302834896,False,20
DT5 1,279,228000.0,238026.53046594982,175000.0,280000.0,31.007421827472932,False,20
DT5 2,342,240000.0,254136.9269005848,202500.0,290750.0,34.59058279596058,False,20
DT6 3,310,320000.0,361805.4193548387,225000.0,444875.0,56.54580849251734,False,20
DT6 4,329,460000.0,484404.52887537994,352500.0,570000.0,81.13517459544957,False,20
DT6 5,240,282500.0,346625.3333333333,212625.0,420000.0,47.20160603479742,False,20
DT6 6,143,490000.0,560761.6503496503,350000.0,715000.0,84.0917386543375,False,20
DT7 3,296,479750.0,546956.597972973,330000.0,670000.0,83.10621730137487,False,20
DT8 3,302,349850.0,396084.53973509936,260875.5,478750.0,62.817861053656166,False,20
DT9 3,194,360000.0,424654.75257731957,249962.5,530250.0,65.14174473780265,False,20
DT9 4,287,325000.0,420949.17770034843,249975.0,496250.0,57.99367319625258,False,20
DT9 5,223,300000.0,355408.1793721973,248750.0,450000.0,51.65470251855457,False,20
DT9 6,308,345000.0,387840.1525974026,235000.0,470625.0,62.16084681834773,False,20
DY1 1,18,124999.5,133880.5,85125.0,171187.5,4.246258668937827,True,20
DY1 2,342,210000.0,219761.3596491228,170000.0,265000.0,25.6053047816036,False,20
DY1 3,263,207000.0,214538.0988593156,163750.0,254000.0,24.78403698746806,False,20
DY1 4,167,195000.0,210566.20958083833,167500.0,250000.0,21.395546903516244,False,20
DY10 1,292,180000.0,203231.7705479452,141500.0,260000.0,16.912033094050372,False,20
DY10 2,443,227000.0,234062.37020316027,174500.0,278500.0,30.818834408078843,False,20
DY10 3,602,279975.0,318430.18438538205,220000.0,365746.25,45.88757756418056,False,20
DY10 4,232,296500.0,312826.7025862069,202375.0,370000.0,50.57792918846575,False,20
DY11 5,359,255000.0,288504.28969359334,216250.0,314500.0,39.068013140284705,False,20
DY11 6,557,215000.0,249527.54398563734,165000.0,297000.0,26.998418299063147,False,20
DY11 7,248,240250.0,275359.06048387097,191750.0,325000.0,35.10159386786714,False,20
DY12 1,200,295000.0,334478.075,232750.0,390625.0,50.121669302834896,False,20
DY12 2,256,281500.0,330026.7578125,225000.0,381250.0,46.98260128969461,False,20
DY12 3,24,510000.0,521833.3333333333,306250.0,727500.0,85.96544591799488,False,20
DY13 0,216,242250.0,288029.2083333333,203000.0,320000.0,35.35101593867867,False,20
DY13 8,473,263000.0,266420.15644820296,215000.0,315000.0,41.598734639250516,False,20
DY13 9,413,250000.0,272949.81598062953,197500.0,323500.0,37.717483878817376,False,20
DY14 0,33,465000.0,474466.6666666667,350000.0,590000.0,81.53059982966298,False,20
DY14 8,117,249950.0,308832.905982906,200000.0,390000.0,37.04830271322545,False,20
DY14 9,69,412000.0,466905.7971014493,280000.0,645000.0,74.1635235430101,False,20
DY2 0,242,190000.0,201921.90082644628,170000.0,226750.0,19.959849130064487,False,20
DY2 7,117,173000.0,194180.88034188034,143000.0,235000.0,14.95924078355031,False,20
DY2 8,183,180500.0,188808.71584699454,145500.0,220000.0,17.37437644482297,False,20
DY2 9,285,187500.0,188096.10175438598,150000.0,220000.0,19.175082126779415,False,20
DY3 1,300,210000.0,225427.33333333334,175000.0,256250.0,25.6053047816036,False,20
DY3 2,381,210000.0,216436.44881889762,172000.0,250000.0,25.6053047816036,False,20
DY3 3,377,275000.0,285022.14588859415,235000.0,320950.0,44.84730502494221,False,20
DY3 4,106,320000.0,374196.22641509434,255000.0,463750.0,56.54580849251734,False,20
DY4 0,289,218000.0,216877.42906574396,177000.0,253000.0,27.83185302348218,False,20
DY4 7,262,180000.0,183029.54198473282,120000.0,227500.0,16.912033094050372,False,20
DY4 8,416,212000.0,209464.59375,161000.0,253986.25,26.23190169120331,False,20
DY4 9,217,188000.0,184290.76958525347,130000.0,225000.0,19.272417569047327,False,20
DY5 1,192,175975.0,180296.08333333334,141500.0,206250.0,15.902177880520746,False,20
DY5 2,412,217750.0,220779.85436893205,178000.0,255000.0,27.728434116072513,False,20
DY5 3,412,180000.0,201910.28883495147,137000.0,247000.0,16.912033094050372,False,20
DY5 4,252,190000.0,202961.30952380953,165000.0,232750.0,19.959849130064487,False,20
DY6 0,114,320000.0,342098.9736842105,260000.0,407500.0,56.54580849251734,False,20
DY6 7,285,258000.0,255171.4456140351,224950.0,293500.0,39.87711400413676,False,20
DY6 8,402,239250.0,250209.0696517413,200000.0,290000.0,34.00048667721134,False,20
DY6 9,328,305000.0,324832.89634146343,255000.0,375625.0,52.81664436062782,False,20
DY7 5,36,507500.0,551756.8055555555,329500.0,772700.0,85.75252463803382,False,20
DY7 6,258,385000.0,430680.7170542636,281250.0,558750.0,70.2214381311595,False,20
DY8 1,295,210000.0,230935.54237288135,155000.0,260000.0,25.6053047816036,False,20
DY8 2,192,435000.0,507118.28125,340000.0,585000.0,77.95960579145881,False,20
DY8 3,478,299975.0,307883.29916317994,235250.0,369375.0,51.02810560895487,False,20
DY8 4,774,242500.0,258353.5400516796,195000.0,320000.0,35.38751672952914,False,20
DY8 5,514,237750.0,243055.93385214006,192500.0,275000.0,33.84840004866772,False,20
DY9 0,541,420000.0,487587.1719038817,305000.0,595000.0,75.5627205256114,False,20
DY9 7,154,210000.0,242510.37012987013,175000.0,280000.0,25.6053047816036,False,20
DY9 8,106,170000.0,192210.14150943398,141075.0,239987.5,14.296143083100135,False,20
DY9 9,224,240000.0,354786.96875,197250.0,402196.5,34.59058279596058,False,20
E1 0,112,438500.0,491888.22321428574,351500.0,624850.0,78.35503102567223,False,20
E1 1,86,485875.0,508157.67441860464,368750.0,587500.0,83.76931500182503,False,20
E1 2,264,568640.0,564493.3901515151,434647.5,674837.5,89.85278014356977,False,20
E1 3,138,403000.0,463809.4202898551,350000.0,537500.0,73.00158170093685,False,20
E1 4,243,425000.0,450506.8765432099,325000.0,500000.0,76.45698990144787,False,20
E1 5,119,472000.0,531778.756302521,387500.0,596250.0,82.31536683294804,False,20
E1 6,125,685000.0,853706.0,523000.0,850000.0,94.41537899987833,False,20
E1 7,60,522500.0,648016.6666666666,402000.0,665000.0,86.79888064241392,False,20
E1 8,168,560000.0,609754.9702380953,431000.0,683875.0,89.33568560652148,False,20
E10 5,494,460000.0,487046.9068825911,365000.0,592375.0,81.13517459544957,False,20
E10 6,537,515000.0,560151.7877094973,425000.0,680000.0,86.35478768706655,False,20
E10 7,302,431000.0,465841.64238410594,365000.0,569500.0,77.62501520866284,False,20
E11 1,387,450000.0,588820.7131782946,375500.0,723000.0,80.05840126536074,False,20
E11 2,459,695000.0,767185.5424836602,420000.0,1000000.0,94.72563572210731,False,20
E11 3,402,600000.0,632826.355721393,406250.0,804375.0,91.54398345297481,False,20
E11 4,406,554750.0,569160.8768472907,420499.75,729750.0,88.9585107677333,False,20
E12 5,214,490000.0,622710.1495327103,367000.0,887500.0,84.0917386543375,False,20
E12 6,202,455000.0,430913.94554455444,318250.0,520000.0,80.72149896581092,False,20
E13 0,157,412500.0,409271.1401273885,325000.0,483000.0,74.23652512471104,False,20
E13 8,161,405000.0,394127.39130434784,336000.0,450000.0,73.17191872490571,False,20
E13 9,238,415000.0,411388.2983193277,345000.0,477250.0,74.71103540576712,False,20
E14 0,729,494700.0,537834.6268861454,427500.0,625000.0,84.42632923713347,False,20
E14 2,52,433750.0,459626.92307692306,350500.0,490000.0,77.81968609319868,False,20
E14 3,419,470000.0,502524.3126491647,375000.0,600000.0,82.10852901812873,False,20
E14 4,18,560500.0,581736.1111111111,440000.0,702062.5,89.49385570020684,True,20
E14 5,29,610000.0,625155.1724137932,555000.0,660000.0,92.03674412945614,False,20
E14 6,221,405000.0,436790.1538461539,321000.0,525000.0,73.17191872490571,False,20
E14 7,257,425000.0,465273.29961089493,360000.0,550000.0,76.45698990144787,False,20
E14 8,308,542750.0,629737.7435064935,439375.0,730143.75,88.12507604331428,False,20
E14 9,1341,625000.0,717528.2774049217,438000.0,840000.0,92.6146733179219,False,20
E15 1,396,477008.0,486715.1565656566,355000.0,616375.0,82.96629760311474,False,20
E15 2,274,390000.0,409061.2408759124,325250.0,490000.0,70.97578780873586,False,20
E15 3,145,475000.0,475491.4896551724,347500.0,575000.0,82.6621243460275,False,20
E15 4,252,460000.0,460146.17063492065,370000.0,535000.0,81.13517459544957,False,20
E16 1,801,441750.0,434309.02372034953,360000.0,500000.0,78.9633775398467,False,20
E16 2,1068,498875.0,521033.9372659176,400000.0,618225.0,84.80350407592164,False,20
E16 3,131,410000.0,389435.786259542,337500.0,450000.0,73.84109989049763,False,20
E16 4,242,491592.5,505517.8884297521,425000.0,589262.5,84.30465993429857,False,20
E17 3,396,485000.0,559708.6085858586,365000.0,719361.0,83.62331183842316,False,20
E17 4,606,546500.0,551374.4141914191,352400.0,702375.0,88.28324613699964,False,20
E17 5,520,500000.0,508133.5096153846,435000.0,580000.0,85.14417812385935,False,20
E17 6,675,530000.0,552973.1925925926,387000.0,679500.0,87.43156101715537,False,20
E17 7,430,521750.0,555244.7465116279,425000.0,690000.0,86.76237985156345,False,20
E17 8,441,520000.0,548785.5419501134,424250.0,663000.0,86.67721133957902,False,20
E17 9,522,578250.0,656038.0766283525,435000.0,835000.0,90.5341282394452,False,20
E18 1,291,594580.0,600430.7422680412,395000.0,761500.0,91.22764326560409,False,20
E18 2,477,470000.0,617331.7819706498,360000.0,780000.0,82.10852901812873,False,20
E1W 1,105,707000.0,882142.3047619048,482000.0,1015000.0,95.0237255140528,False,20
E1W 2,406,817425.0,907278.6231527093,516250.0,1177250.0,96.82443119600924,False,20
E1W 3,181,544000.0,634753.9281767956,420000.0,732000.0,88.17374376444823,False,20
E2 0,236,437500.0,477987.9533898305,365000.0,546250.0,78.31244676968001,False,20
E2 6,202,560000.0,589250.8861386139,431750.0,690812.5,89.33568560652148,False,20
E2 7,206,572500.0,685516.495145631,461250.0,834000.0,90.14478647037353,False,20
E2 8,238,550000.0,594590.5210084034,440937.5,693750.0,88.66650444092954,False,20
E2 9,172,476750.0,537452.0697674418,410750.0,602500.0,82.92979681226427,False,20
E20 1,156,566750.0,599662.5,460000.0,706250.0,89.80411242243582,False,20
E20 3,28,728750.0,658151.7857142857,583750.0,776750.0,95.47390193454191,False,20
E22 2,244,730290.0,761321.9262295082,588287.5,847225.0,95.54690351624285,False,20
E3 2,635,445000.0,472711.2818897638,350000.0,553750.0,79.26146733179219,False,20
E3 3,403,385000.0,387396.91066997516,318000.0,450000.0,70.2214381311595,False,20
E3 4,355,437500.0,483715.9943661972,361250.0,558000.0,78.31244676968001,False,20
E3 5,345,570000.0,682268.2463768116,432500.0,915000.0,89.97444944640466,False,20
E4 6,505,482000.0,529628.396039604,364000.0,665000.0,83.40430709332036,False,20
E4 7,427,560000.0,601069.1803278689,425000.0,695000.0,89.33568560652148,False,20
E4 8,369,505000.0,469729.5392953929,400000.0,560000.0,85.6004380094902,False,20
E4 9,612,565000.0,570018.475490196,410000.0,690000.0,89.68244311960093,False,20
E5 0,394,777500.0,831089.1269035533,519575.0,1081875.0,96.34992091495316,False,20
E5 8,373,555000.0,633344.7050938337,425000.0,740000.0,89.01326195400901,False,20
E5 9,264,430000.0,528339.196969697,327750.0,564375.0,77.35125927728434,False,20
E6 1,124,407500.0,390346.5887096774,296000.0,466250.0,73.39700693515027,False,20
E6 2,167,420000.0,405890.34730538924,349140.0,470000.0,75.5627205256114,False,20
E6 3,282,439000.0,441116.4893617021,400000.0,482000.75,78.39153181652269,False,20
E6 5,210,395500.0,389214.4380952381,283250.0,475000.0,71.86397371943059,False,20
E6 6,111,400000.0,386675.36936936935,320000.0,445000.0,72.52707141988076,False,20
E6 7,3,455000.0,418333.3333333333,375000.0,480000.0,80.72149896581092,True,20
E7 0,293,607000.0,655845.0034129693,440000.0,850000.0,91.88465750091251,False,20
E7 8,172,450000.0,437184.47093023255,338250.0,510250.0,80.05840126536074,False,20
E7 9,267,505000.0,506502.6104868914,363750.0,608500.0,85.6004380094902,False,20
E8 1,271,560000.0,665426.1660516605,449500.0,753750.0,89.33568560652148,False,20
E8 2,241,565000.0,633116.1867219917,450000.0,750000.0,89.68244311960093,False,20
E8 3,507,675000.0,789742.5128205129,542500.0,858697.5,94.12945613821633,False,20
E8 4,214,605000.0,757469.6308411215,450000.0,900000.0,91.79340552378635,False,20
E9 5,262,465500.0,546921.2938931298,380000.0,650000.0,81.6826864582066,False,20
E9 6,224,480000.0,538455.34375,381500.0,625000.0,83.24005353449326,False,20
E9 7,312,687500.0,832490.1730769231,483750.0,1026218.75,94.51879790728799,False,20
EC1A 4,18,657125.0,881541.6666666666,572500.0,727500.0,93.69753011315245,True,20
EC1A 7,41,975000.0,1102653.0487804879,630000.0,1420000.0,97.98637303808249,False,20
EC1A 9,11,530000.0,615227.2727272727,491250.0,557500.0,87.43156101715537,True,20
EC1M 3,4,770000.0,803750.0,507500.0,1066250.0,96.21000121669303,True,20
EC1M 4,5,850000.0,899300.0,811500.0,1100000.0,97.14077138337997,True,20
EC1M 5,50,799000.0,951210.02,623125.0,975000.0,96.65409417204039,False,20
EC1M 6,19,320000.0,710268.4210526316,245000.0,582550.0,56.54580849251734,True,20
EC1M 7,1,550000.0,550000.0,550000.0,550000.0,88.66650444092954,True,20
EC1N 2,7,1360000.0,1362857.142857143,1267500.0,1430000.0,98.97797785618688,True,20
EC1N 7,20,542500.0,633234.0,472250.0,605000.0,88.11290911303078,False,20
EC1N 8,26,670000.0,758063.8461538461,577000.0,918750.0,94.01995376566492,False,20
EC1R 0,40,1028750.0,1268871.675,745000.0,1481250.0,98.19929431804356,False,20
EC1R 1,32,907750.0,1024873.09375,718125.0,1023750.0,97.55444701301862,False,20
EC1R 3,4,495000.0,536250.0,446250.0,585000.0,84.52366467940139,True,20
EC1R 4,28,717500.0,823053.5714285715,618750.0,987500.0,95.20622946830515,False,20
EC1R 5,26,640000.0,834461.5384615385,537500.0,1050000.0,93.16218518067892,False,20
EC1V 0,36,855000.0,1161748.138888889,560000.0,1663500.0,97.18335563937218,False,20
EC1V 1,126,886500.0,910309.7222222222,634825.0,1121500.0,97.4571115707507,False,20
EC1V 2,270,995725.0,1070368.7592592593,868695.0,1178625.0,98.10195887577564,False,20
EC1V 3,80,686250.0,745854.275,559375.0,800000.0,94.48838058157926,False,20
EC1V 4,68,710000.0,857397.0294117647,576250.0,911250.0,95.07239323518675,False,20
EC1V 7,65,660000.0,721109.1692307693,519500.0,785000.0,93.78269862513687,False,20
EC1V 8,73,975350.0,928152.4246575342,709700.0,1149480.0,98.01679036379122,False,20
EC1V 9,14,525000.0,590607.1428571428,451500.0,644375.0,87.06046964350894,True,20
EC1Y 0,18,681500.0,637455.2777777778,523548.75,745000.0,94.31804355761042,True,20
EC1Y 1,5,768000.0,1042800.0,545000.0,946000.0,96.1795838909843,True,20
EC1Y 2,12,805000.0,797125.0,700500.0,840000.0,96.73926268402482,True,20
EC1Y 8,37,620000.0,761822.972972973,525000.0,870000.0,92.35308431682687,False,20
EC2A 1,1,940000.0,940000.0,940000.0,940000.0,97.75520136269618,True,20
EC2A 2,54,1237810.0,1367895.8148148148,998437.5,1518187.5,98.7224723202336,False,20
EC2A 3,98,820000.0,963802.1734693878,711360.0,1029325.0,96.86701545200145,False,20
EC2A 4,21,640000.0,716642.8571428572,415000.0,915000.0,93.16218518067892,False,20
EC2M 1,1,720000.0,720000.0,720000.0,720000.0,95.26706411972259,True,20
EC2M 4,2,2142000.0,2142000.0,2113000.0,2171000.0,99.61065823092834,True,20
EC2R 7,2,1440000.0,1440000.0,1235000.0,1645000.0,99.08748022873829,True,20
EC2Y 5,5,820000.0,974999.8,650000.0,980000.0,96.86701545200145,True,20
EC2Y 8,220,910000.0,1047392.2863636364,719500.0,1138250.0,97.5666139433021,False,20
EC2Y 9,18,685000.0,960055.5555555555,531250.0,1092500.0,94.41537899987833,True,20
EC3A 7,31,1918200.0,1932438.7096774194,1402900.0,2126500.0,99.5376566492274,False,20
EC3N 1,65,795625.0,967766.3076923077,727500.0,1224000.0,96.6419272417569,False,20
EC3N 2,7,515000.0,523571.4285714286,490000.0,547500.0,86.35478768706655,True,20
EC3N 4,2,975000.0,975000.0,962500.0,987500.0,97.98637303808249,True,20
EC3R 6,4,1162500.0,1137500.0,1000000.0,1300000.0,98.57646915683173,True,20
EC3R 8,7,578000.0,572214.2857142857,498750.0,640000.0,90.5219613091617,True,20
EC4A 1,12,615000.0,673125.0,497500.0,725000.0,92.18883075799975,True,20
EC4A 2,2,420000.0,420000.0,405000.0,435000.0,75.5627205256114,True,20
EC4A 3,7,565000.0,544471.4285714285,516250.0,568150.0,89.68244311960093,True,20
EC4M 7,6,680000.0,677766.0,633750.0,737500.0,94.28762623190168,True,20
EC4M 9,1,475000.0,475000.0,475000.0,475000.0,82.6621243460275,True,20
EC4R 2,2,625000.0,625000.0,625000.0,625000.0,92.6146733179219,True,20
EC4V 3,25,610000.0,677320.0,445000.0,720000.0,92.03674412945614,False,20
EC4V 5,5,474579.0,687631.8,455000.0,878580.0,82.47962039177516,True,20
EC4V 6,1,1820000.0,1820000.0,1820000.0,1820000.0,99.45248813724298,True,20
EC4Y 0,6,957500.0,1010000.0,928750.0,1087500.0,97.89512106095633,True,20
EC4Y 1,2,1192500.0,1192500.0,938750.0,1446250.0,98.65555420367441,True,20
EN1 1,345,465000.0,446345.1971014493,345000.0,525000.0,81.53059982966298,False,20
EN1 2,291,550000.0,544279.5979381443,375000.0,659600.0,88.66650444092954,False,20
EN1 3,311,525000.0,506724.55305466236,402000.0,600000.0,87.06046964350894,False,20
EN1 4,274,401250.0,391382.46350364963,285000.0,479500.0,72.8859958632437,False,20
EN10 6,382,385000.0,387328.28534031415,255000.0,470000.0,70.2214381311595,False,20
EN10 7,353,655000.0,687005.8441926346,469995.0,850000.0,93.63061199659326,False,20
EN11 0,254,388997.5,400251.07086614176,325875.0,464375.0,70.6411972259399,False,20
EN11 8,400,377250.0,402877.1075,252500.0,494250.0,68.77357342742427,False,20
EN11 9,301,450000.0,463000.4219269103,400000.0,530000.0,80.05840126536074,False,20
EN2 0,326,495997.5,484079.7607361963,362341.25,585750.0,84.64533398223628,False,20
EN2 6,116,600000.0,578544.0172413794,435000.0,710000.0,91.54398345297481,False,20
EN2 7,291,650000.0,648531.3402061856,440000.0,800000.0,93.44810804234092,False,20
EN2 8,315,465000.0,511012.14603174606,341250.0,627500.0,81.53059982966298,False,20
EN2 9,41,695000.0,757634.1463414634,580000.0,897500.0,94.72563572210731,False,20
EN3 3,1,480000.0,480000.0,480000.0,480000.0,83.24005353449326,True,20
EN3 4,161,380000.0,359716.28571428574,270000.0,445000.0,69.34541915074827,False,20
EN3 5,235,420000.0,396499.91489361704,370000.0,460000.0,75.5627205256114,False,20
EN3 6,346,410000.0,387283.0867052023,285000.0,457875.0,73.84109989049763,False,20
EN3 7,159,400000.0,382808.10062893084,275000.0,465000.0,72.52707141988076,False,20
EN4 0,222,1197500.0,1254061.027027027,685924.25,1684500.0,98.67380459909964,False,20
EN4 8,371,600000.0,571557.9703504043,435000.0,690000.0,91.54398345297481,False,20
EN4 9,283,600000.0,629957.9081272085,434000.0,777500.0,91.54398345297481,False,20
EN5 1,232,556500.0,642660.0215517242,375000.0,821250.0,89.09843046599343,False,20
EN5 2,321,600000.0,628581.1557632398,450000.0,740000.0,91.54398345297481,False,20
EN5 3,91,640000.0,903366.4285714285,498750.0,1037500.0,93.16218518067892,False,20
EN5 4,233,675000.0,759427.660944206,450000.0,924000.0,94.12945613821633,False,20
EN5 5,349,490000.0,579059.5272206303,365000.0,740000.0,84.0917386543375,False,20
EN6 1,249,600000.0,682026.1767068274,357500.0,880000.0,91.54398345297481,False,20
EN6 2,239,575000.0,566490.6234309623,442500.0,674725.0,90.29687309891715,False,20
EN6 3,121,530000.0,519351.30578512396,430000.0,620000.0,87.43156101715537,False,20
EN6 4,259,755000.0,952384.0077220077,600000.0,1055000.0,96.00924686701545,False,20
EN6 5,137,527500.0,499338.7299270073,330000.0,625000.0,87.24905706290303,False,20
EN7 5,392,565000.0,602866.6887755102,465000.0,698125.0,89.68244311960093,False,20
EN7 6,564,465000.0,530407.7819148937,390000.0,611250.0,81.53059982966298,False,20
EN8 0,365,413000.0,407304.8109589041,330000.0,470000.0,74.31561017155371,False,20
EN8 7,276,353000.0,334783.45652173914,234375.0,423125.0,63.8155493369023,False,20
EN8 8,318,397500.0,370750.4811320755,263875.0,461887.5,72.0160603479742,False,20
EN8 9,325,415000.0,403865.0369230769,313000.0,470000.0,74.71103540576712,False,20
EN9 1,312,370000.0,371437.0288461539,299998.75,430000.0,67.1067039785862,False,20
EN9 2,184,535000.0,604638.7554347826,427577.75,646250.0,87.71140041367563,False,20
EN9 3,345,390000.0,417873.7971014493,320000.0,482500.0,70.97578780873586,False,20
EX1 1,61,270000.0,388322.9672131148,190000.0,520000.0,43.569777345175815,False,20
EX1 2,329,292500.0,301502.6018237082,231500.0,362500.0,49.57415744007787,False,20
EX1 3,821,325000.0,338098.6065773447,263000.0,395000.0,57.99367319625258,False,20
EX1 4,317,369995.0,395733.50157728704,305000.0,469995.0,66.79036379121548,False,20
EX10 0,182,375000.0,443806.86813186813,270625.0,485000.0,68.18956077381677,False,20
EX10 8,339,415000.0,514171.587020649,275000.0,701000.0,74.71103540576712,False,20
EX10 9,500,430000.0,455532.336,305000.0,567750.0,77.35125927728434,False,20
EX11 1,438,384500.0,460134.17351598176,285000.0,565000.0,69.96593259520623,False,20
EX12 2,462,310000.0,319809.9891774892,215250.0,380000.0,53.948168876992334,False,20
EX12 3,70,365000.0,507978.1,285000.0,548750.0,66.10293223019832,False,20
EX12 4,14,469000.0,496464.28571428574,357500.0,623750.0,81.9016912033094,True,20
EX13 5,399,267500.0,302039.60401002504,195000.0,360000.0,42.84584499330819,False,20
EX13 7,123,490000.0,527118.6991869919,366000.0,627500.0,84.0917386543375,False,20
EX13 8,24,491500.0,588875.0,363750.0,696250.0,84.28640953887334,False,20
EX14 1,363,255000.0,265393.0578512397,180000.0,325000.0,39.068013140284705,False,20
EX14 2,284,300000.0,324280.36971830984,245000.0,388125.0,51.65470251855457,False,20
EX14 3,207,342800.0,399828.73913043475,261250.0,512500.0,61.79583890984305,False,20
EX14 4,100,225000.0,287442.25,190000.0,311250.0,30.143569777345174,False,20
EX14 9,68,508750.0,546703.5588235294,375000.0,691250.0,85.78902542888429,False,20
EX15 1,681,275000.0,289965.68428781204,225000.0,340000.0,44.84730502494221,False,20
EX15 2,245,330000.0,374283.32653061225,272500.0,430000.0,59.15561503832583,False,20
EX15 3,266,370500.0,409019.93984962406,260000.0,520325.0,67.44737802652391,False,20
EX16 4,350,332500.0,350386.84857142856,250000.0,431500.0,59.806545808492515,False,20
EX16 5,195,256000.0,279562.92307692306,212500.0,322500.0,39.51818956077381,False,20
EX16 6,362,223500.0,239893.52762430938,173500.0,290000.0,29.54739019345419,False,20
EX16 7,166,419500.0,460454.8253012048,289237.5,593000.0,75.31329845479985,False,20
EX16 8,124,330700.0,435112.51612903224,245000.0,528587.5,59.60579145881494,False,20
EX16 9,123,390000.0,433649.51219512196,282000.0,524250.0,70.97578780873586,False,20
EX17 1,82,268500.0,313580.6219512195,240000.0,371500.0,43.07701666869449,False,20
EX17 2,99,280000.0,307934.9090909091,212500.0,398675.0,46.40467210122886,False,20
EX17 3,200,255500.0,283239.85,176750.0,336250.0,39.46952183963986,False,20
EX17 4,107,374500.0,438883.78504672897,275000.0,575000.0,67.72721742304417,False,20
EX17 5,121,300000.0,384786.1570247934,263000.0,462500.0,51.65470251855457,False,20
EX17 6,148,318750.0,359902.36486486485,240000.0,391250.0,55.864460396641924,False,20
EX18 7,130,300000.0,331468.5153846154,231250.0,403750.0,51.65470251855457,False,20
EX19 8,190,324995.0,337788.06842105265,250000.0,389248.75,57.51307945005475,False,20
EX2 0,169,339995.0,333655.7159763314,301146.0,374537.0,61.023238836841465,False,20
EX2 4,307,375000.0,446979.8469055375,270000.0,491250.0,68.18956077381677,False,20
EX2 5,306,290500.0,303710.29411764705,234250.0,358750.0,49.28823457841587,False,20
EX2 6,196,292500.0,378511.98979591834,233625.0,540000.0,49.57415744007787,False,20
EX2 7,417,335000.0,390493.64508393285,280000.0,433000.0,60.3479742061078,False,20
EX2 8,429,299995.0,321267.5337995338,230000.0,390000.0,51.058522934663586,False,20
EX2 9,321,298000.0,340182.4953271028,247500.0,377000.0,50.8030173987103,False,20
EX20 1,644,275000.0,294574.9145962733,213684.5,375000.0,44.84730502494221,False,20
EX20 2,215,292500.0,329463.8697674419,234500.0,395000.0,49.57415744007787,False,20
EX20 3,220,275000.0,320984.36818181816,209500.0,366250.0,44.84730502494221,False,20
EX20 4,114,386250.0,423125.2192982456,260000.0,545000.0,70.519527923105,False,20
EX21 5,181,320000.0,357474.8453038674,237500.0,450000.0,56.54580849251734,False,20
EX22 6,262,280000.0,305221.8969465649,215000.0,348750.0,46.40467210122886,False,20
EX22 7,169,350000.0,396000.47337278107,255000.0,508500.0,63.219369753011314,False,20
EX23 0,156,425000.0,462982.3717948718,322250.0,557250.0,76.45698990144787,False,20
EX23 8,418,363500.0,376589.53349282296,273000.0,465000.0,65.76225818226061,False,20
EX23 9,239,345000.0,379140.50627615064,240000.0,460000.0,62.16084681834773,False,20
EX24 6,159,450000.0,484470.75471698114,334000.0,598500.0,80.05840126536074,False,20
EX3 0,426,550000.0,626969.661971831,399050.0,800000.0,88.66650444092954,False,20
EX31 1,198,245000.0,262265.7525252525,166568.75,331500.0,36.05061442997932,False,20
EX31 2,363,330000.0,338047.0055096419,265000.0,396250.0,59.15561503832583,False,20
EX31 3,576,320000.0,341029.6545138889,265000.0,383125.0,56.54580849251734,False,20
EX31 4,230,320000.0,371406.49565217394,243125.0,474250.0,56.54580849251734,False,20
EX32 0,171,320000.0,348716.63157894736,247250.0,394000.0,56.54580849251734,False,20
EX32 7,228,222250.0,273410.7105263158,180000.0,275750.0,29.322301983209638,False,20
EX32 8,261,224000.0,231678.05747126436,170000.0,278000.0,29.65080910086385,False,20
EX32 9,231,243620.0,292107.10822510824,200000.0,365000.0,35.649105730624164,False,20
EX33 1,240,432500.0,512700.7,335000.0,557500.0,77.69193332522205,False,20
EX33 2,194,380000.0,414992.1649484536,299962.5,488750.0,69.34541915074827,False,20
EX34 0,106,309000.0,316948.11320754717,224750.0,383750.0,53.443241270227524,False,20
EX34 7,91,510000.0,621292.3846153846,311250.0,775000.0,85.96544591799488,False,20
EX34 8,262,259000.0,278442.32824427483,195000.0,336875.0,40.13870300523178,False,20
EX34 9,319,235000.0,266082.7554858934,170000.0,318750.0,33.14271809222533,False,20
EX35 6,90,325000.0,377889.27777777775,230000.0,470396.5,57.99367319625258,False,20
EX36 3,197,330000.0,341675.1319796954,235000.0,399995.0,59.15561503832583,False,20
EX36 4,311,270000.0,297795.06752411573,215000.0,345000.0,43.569777345175815,False,20
EX37 9,129,335000.0,414142.63565891475,240000.0,475000.0,60.3479742061078,False,20
EX38 7,196,255000.0,273176.8316326531,209500.0,301250.0,39.068013140284705,False,20
EX38 8,178,258500.0,290710.2528089888,181250.0,353750.0,39.992699841829904,False,20
EX39 1,750,334475.0,360843.03866666666,248487.5,449995.0,59.946465506752645,False,20
EX39 2,202,213500.0,269031.1386138614,151500.0,335000.0,26.51782455286531,False,20
EX39 3,534,250000.0,274748.2078651685,195000.0,325750.0,37.717483878817376,False,20
EX39 4,355,245000.0,309199.6535211268,198975.0,364500.0,36.05061442997932,False,20
EX39 5,321,330000.0,354620.9906542056,260000.0,420000.0,59.15561503832583,False,20
EX39 6,69,250000.0,329234.768115942,210000.0,365000.0,37.717483878817376,False,20
EX4 0,10,377500.0,405500.0,307500.0,447500.0,68.87090886969217,True,20
EX4 1,335,272000.0,279625.60895522387,232750.0,315000.0,44.044287626231906,False,20
EX4 2,289,250000.0,279399.1384083045,207500.0,310000.0,37.717483878817376,False,20
EX4 3,69,175000.0,200855.21739130435,130000.0,225000.0,15.500669181165591,False,20
EX4 4,218,289450.0,391285.97247706424,188125.0,568750.0,48.44871638885509,False,20
EX4 5,143,330000.0,353628.3216783217,271250.0,420750.0,59.15561503832583,False,20
EX4 6,182,326000.0,381768.12637362635,210000.0,493750.0,58.49251733787565,False,20
EX4 7,142,285000.0,283585.92253521126,241250.0,325000.0,47.773451758121425,False,20
EX4 8,319,300000.0,317186.9749216301,242000.0,359950.0,51.65470251855457,False,20
EX4 9,147,275000.0,336454.07482993195,226000.0,362000.0,44.84730502494221,False,20
EX5 1,136,412500.0,466336.39705882355,299250.0,591250.0,74.23652512471104,False,20
EX5 2,165,420000.0,457391.14545454545,290000.0,550000.0,75.5627205256114,False,20
EX5 3,56,275000.0,341592.53571428574,240000.0,400000.0,44.84730502494221,False,20
EX5 4,229,292000.0,350700.48034934496,230000.0,400000.0,49.47682199780995,False,20
EX5 5,111,430000.0,482234.23423423426,284000.0,621500.0,77.35125927728434,False,20
EX5 7,596,280000.0,285206.24328859063,240000.0,320000.0,46.40467210122886,False,20
EX6 6,82,397500.0,471492.8292682927,311250.0,600000.0,72.0160603479742,False,20
EX6 7,94,412500.0,498899.1170212766,321250.0,638750.0,74.23652512471104,False,20
EX6 8,305,315000.0,341059.01639344264,250000.0,400000.0,55.170945370483025,False,20
EX7 0,433,320000.0,332453.79445727484,245000.0,410000.0,56.54580849251734,False,20
EX7 9,371,240000.0,259818.19946091645,166750.0,320000.0,34.59058279596058,False,20
EX8 1,322,248975.0,287294.7888198758,180000.0,350000.0,36.914466480107066,False,20
EX8 2,537,355000.0,409787.58845437615,247500.0,560000.0,64.21705803625746,False,20
EX8 3,206,375000.0,409494.1941747573,320000.0,478750.0,68.18956077381677,False,20
EX8 4,365,320500.0,334299.6547945205,265000.0,400000.0,57.0568195644239,False,20
EX8 5,293,365000.0,434813.9590443686,290000.0,500000.0,66.10293223019832,False,20
EX9 6,299,425000.0,511729.9531772575,285000.0,665000.0,76.45698990144787,False,20
EX9 7,60,467500.0,539049.1666666666,361250.0,701250.0,81.78002190047451,False,20
FY1 1,8,93000.0,93000.0,65000.0,119750.0,1.070689864947074,True,20
FY1 2,251,100000.0,113249.55776892431,76500.0,139975.0,1.648619053412824,False,20
FY1 3,113,89950.0,90839.61061946902,73500.0,107500.0,0.833434724419029,False,20
FY1 4,212,100000.0,113465.06132075471,76875.0,147000.0,1.648619053412824,False,20
FY1 5,212,105000.0,108348.5141509434,75000.0,130000.0,1.96495924078355,False,20
FY1 6,320,106000.0,111400.48125,82375.0,132750.0,2.086628543618445,False,20
FY2 0,635,140000.0,150792.57637795276,120000.0,167500.0,7.409660542645091,False,20
FY2 9,491,164950.0,165207.46435845213,124950.0,195000.0,12.823944518797909,False,20
FY3 0,81,243000.0,260158.64197530865,190750.0,320000.0,35.55177028835625,False,20
FY3 7,353,126000.0,133434.45892351275,99000.0,160000.0,4.793770531694854,False,20
FY3 8,390,130000.0,164100.63076923077,102250.0,179712.5,5.493369022995498,False,20
FY3 9,506,140000.0,151890.6422924901,110000.0,174987.5,7.409660542645091,False,20
FY4 1,307,160000.0,169226.0390879479,113750.0,214500.0,11.856673561260495,False,20
FY4 2,351,157500.0,164542.86324786325,120000.0,190000.0,11.230076651660786,False,20
FY4 3,418,125000.0,130664.82057416267,104000.0,150000.0,4.4652634140406375,False,20
FY4 4,596,126500.0,140297.62416107382,101000.0,165000.0,4.854605183112301,False,20
FY4 5,330,212500.0,228450.85757575757,140000.0,288000.0,26.40832218031391,False,20
FY5 1,478,170000.0,178850.73640167364,138000.0,215000.0,14.296143083100135,False,20
FY5 2,644,180000.0,197276.61801242235,150875.0,220000.0,16.912033094050372,False,20
FY5 3,748,164862.5,180973.43983957218,135000.0,221246.25,12.799610658230929,False,20
FY5 4,475,163000.0,177034.21263157894,134000.0,201250.0,12.574522447986372,False,20
FY5 5,345,185000.0,215649.115942029,157000.0,262500.0,18.432899379486557,False,20
FY6 0,426,199950.0,220875.92253521126,155000.0,270000.0,22.314150139919697,False,20
FY6 7,885,239950.0,262719.41694915254,176500.0,315000.0,34.067404793770535,False,20
FY6 8,257,265000.0,309090.5408560311,195000.0,360000.0,42.18274729285801,False,20
FY6 9,220,242975.0,269509.9590909091,202950.0,302487.5,35.4909356369388,False,20
FY7 6,295,105000.0,118127.57966101695,84475.0,138000.0,1.96495924078355,False,20
FY7 7,271,122500.0,128732.33210332104,96250.0,146000.0,3.990753132984548,False,20
FY7 8,351,177500.0,192821.4814814815,140000.0,231000.0,16.169850346757514,False,20
FY8 1,499,203000.0,257909.80961923848,127750.0,343500.0,23.749847913371454,False,20
FY8 2,565,200000.0,216707.71327433627,140000.0,275000.0,22.885995863243703,False,20
FY8 3,700,250000.0,262037.61857142858,177875.0,327500.0,37.717483878817376,False,20
FY8 4,507,305000.0,339482.1124260355,228750.0,400000.0,52.81664436062782,False,20
FY8 5,307,338104.0,394808.19218241045,229000.0,462635.0,60.91981992943181,False,20
GL1 1,120,165000.0,180815.375,119987.5,215000.0,13.079450054751184,False,20
GL1 2,205,154000.0,181700.73170731709,135000.0,217000.0,10.335807275824308,False,20
GL1 3,313,157000.0,230751.85942492014,130000.0,307000.0,11.163158535101594,False,20
GL1 4,331,180000.0,182077.2658610272,150000.0,212250.0,16.912033094050372,False,20
GL1 5,473,234000.0,244905.43974630022,180000.0,290000.0,32.6621243460275,False,20
GL10 2,256,268000.0,293430.859375,225000.0,326237.5,42.99184815671006,False,20
GL10 3,573,375000.0,402410.9860383944,299999.0,474950.0,68.18956077381677,False,20
GL11 4,365,275000.0,291014.09315068496,220995.0,350000.0,44.84730502494221,False,20
GL11 5,474,349500.0,392443.5970464135,273250.0,450000.0,62.7813602628057,False,20
GL11 6,105,322000.0,396151.89523809525,272500.0,425000.0,57.202822727825776,False,20
GL12 7,226,347750.0,404436.80530973454,260000.0,470000.0,62.6596909599708,False,20
GL12 8,332,407500.0,442798.2530120482,325000.0,535000.0,73.39700693515027,False,20
GL13 9,288,340000.0,382761.9548611111,256000.0,480000.0,61.309161698503466,False,20
GL14 1,148,330000.0,366879.72297297296,258750.0,435000.0,59.15561503832583,False,20
GL14 2,230,200497.5,222927.65652173912,160000.0,257315.0,23.38484000486677,False,20
GL14 3,186,240500.0,262750.9247311828,190250.0,298750.0,35.11376079815063,False,20
GL15 4,185,315000.0,337735.1027027027,235000.0,416000.0,55.170945370483025,False,20
GL15 5,545,250000.0,258684.74678899083,208500.0,295000.0,37.717483878817376,False,20
GL15 6,212,325000.0,371769.9433962264,241500.0,476250.0,57.99367319625258,False,20
GL16 7,277,310000.0,329948.7364620939,250000.0,386995.0,53.948168876992334,False,20
GL16 8,306,245000.0,265244.9705882353,185000.0,325000.0,36.05061442997932,False,20
GL17 0,167,275000.0,347091.5628742515,225500.0,425000.0,44.84730502494221,False,20
GL17 9,247,300000.0,320894.08906882594,220000.0,397500.0,51.65470251855457,False,20
GL18 1,387,285295.0,328273.9896640827,235500.0,397000.0,48.07154155006692,False,20
GL18 2,39,415000.0,430306.41025641025,297500.0,527500.0,74.71103540576712,False,20
GL19 3,185,430000.0,479918.7081081081,317500.0,590000.0,77.35125927728434,False,20
GL19 4,109,495000.0,564009.0825688073,380000.0,620000.0,84.52366467940139,False,20
GL2 0,494,313500.0,322374.6153846154,255000.0,377250.0,54.757269740844386,False,20
GL2 2,450,270000.0,277249.34444444446,230000.0,325000.0,43.569777345175815,False,20
GL2 3,17,300000.0,377470.5882352941,225000.0,545000.0,51.65470251855457,True,20
GL2 4,949,250000.0,267484.6354056902,202000.0,317500.0,37.717483878817376,False,20
GL2 5,222,270000.0,308893.41441441444,196250.0,400000.0,43.569777345175815,False,20
GL2 7,149,390000.0,444460.19463087246,297000.0,580000.0,70.97578780873586,False,20
GL2 8,151,470000.0,486271.4768211921,357000.0,587500.0,82.10852901812873,False,20
GL2 9,581,352000.0,381478.45438898454,275000.0,450000.0,63.65737924321694,False,20
GL20 5,295,220000.0,235784.02711864407,167500.0,277500.0,28.555785375349803,False,20
GL20 6,99,455000.0,494209.35353535356,337500.0,625000.0,80.72149896581092,False,20
GL20 7,401,315000.0,375475.0224438903,260000.0,449300.0,55.170945370483025,False,20
GL20 8,455,290000.0,344657.0857142857,235000.0,407475.0,48.89280934420246,False,20
GL3 1,602,320000.0,328797.5365448505,261996.25,401995.0,56.54580849251734,False,20
GL3 2,326,305000.0,335347.00306748465,233500.0,407500.0,52.81664436062782,False,20
GL3 3,402,290000.0,295121.0199004975,242500.0,343000.0,48.89280934420246,False,20
GL3 4,741,295000.0,306110.5964912281,245000.0,350000.0,50.121669302834896,False,20
GL3 5,43,394995.0,404333.37209302327,327995.0,511995.0,71.50504927606764,False,20
GL4 0,558,255000.0,268369.22401433694,210000.0,295000.0,39.068013140284705,False,20
GL4 3,178,298750.0,314940.0224719101,210625.0,389750.0,50.869935515269496,False,20
GL4 4,409,253000.0,275279.82885085576,220000.0,310000.0,38.52658474266942,False,20
GL4 5,359,298000.0,312436.8913649025,246000.0,380000.0,50.8030173987103,False,20
GL4 6,369,240000.0,246956.0406504065,200000.0,286000.0,34.59058279596058,False,20
GL4 8,92,506875.0,593413.3913043478,427500.0,675000.0,85.72819077746685,False,20
GL5 1,355,310000.0,336002.1746478873,235000.0,407500.0,53.948168876992334,False,20
GL5 2,203,369000.0,415204.61083743843,280000.0,510000.0,66.74777953522326,False,20
GL5 3,201,300000.0,336529.12935323385,246500.0,375000.0,51.65470251855457,False,20
GL5 4,430,280000.0,294590.7744186047,220000.0,345125.0,46.40467210122886,False,20
GL5 5,207,457000.0,611381.9855072463,342500.0,765000.0,80.86141866407105,False,20
GL50 1,80,321500.0,521495.6125,230000.0,640625.0,57.148071541550074,False,20
GL50 2,507,402000.0,535966.9132149902,270000.0,627500.0,72.90424625866893,False,20
GL50 3,293,245000.0,314576.51535836176,182500.0,355000.0,36.05061442997932,False,20
GL50 4,397,275000.0,328713.6876574307,225000.0,355000.0,44.84730502494221,False,20
GL51 0,396,255000.0,278699.3232323232,218125.0,290000.0,39.068013140284705,False,20
GL51 3,464,320000.0,349568.025862069,270000.0,390000.0,56.54580849251734,False,20
GL51 4,89,410000.0,523561.23595505615,318000.0,595000.0,73.84109989049763,False,20
GL51 6,419,365000.0,401441.55369928404,275000.0,449000.0,66.10293223019832,False,20
GL51 7,201,252000.0,261845.65174129352,165000.0,318500.0,38.37449811412581,False,20
GL51 8,306,300000.0,302497.57189542486,250000.0,352687.5,51.65470251855457,False,20
GL51 9,225,248000.0,277071.64444444445,185000.0,321000.0,36.768463316705194,False,20
GL52 2,370,293750.0,364568.2891891892,215000.0,435000.0,49.70191020805451,False,20
GL52 3,328,401000.0,517218.8841463415,275000.0,625125.0,72.85557853753498,False,20
GL52 5,375,301500.0,359302.61333333334,250000.0,428875.0,52.28738289329602,False,20
GL52 6,498,425000.0,533922.5281124498,275000.0,664500.0,76.45698990144787,False,20
GL52 7,270,360750.0,373326.84814814816,290000.0,446875.0,65.47025185545688,False,20
GL52 8,609,317500.0,335860.3382594417,253000.0,400000.0,55.66978951210609,False,20
GL52 9,166,510000.0,568981.3493975904,417499.5,657500.0,85.96544591799488,False,20
GL53 0,293,595000.0,636538.4129692833,432500.0,810000.0,91.2823944518798,False,20
GL53 7,287,400000.0,469595.99303135887,285000.0,588000.0,72.52707141988076,False,20
GL53 8,233,493000.0,565423.4549356223,365000.0,670000.0,84.36549458571602,False,20
GL53 9,211,678640.0,793355.8199052133,430000.0,990000.0,94.25720890619297,False,20
GL54 1,153,485000.0,689607.7908496732,370000.0,760000.0,83.62331183842316,False,20
GL54 2,350,425000.0,530336.7428571428,320000.0,647500.0,76.45698990144787,False,20
GL54 3,104,500250.0,763913.4615384615,340000.0,841250.0,85.36318286896216,False,20
GL54 4,104,560000.0,754326.8365384615,348750.0,980250.0,89.33568560652148,False,20
GL54 5,358,458750.0,534698.751396648,320000.0,648750.0,80.97092103662246,False,20
GL55 6,298,546250.0,656486.5201342282,371250.0,775000.0,88.25891227643265,False,20
GL56 0,392,415000.0,542692.3826530612,299375.0,616000.0,74.71103540576712,False,20
GL56 9,184,500000.0,642878.7989130435,350000.0,736250.0,85.14417812385935,False,20
GL6 0,257,360000.0,424786.4785992218,249000.0,552500.0,65.14174473780265,False,20
GL6 6,225,492500.0,621359.7866666666,350000.0,750000.0,84.34116072514904,False,20
GL6 7,126,631000.0,727885.1587301587,431250.0,800000.0,92.93709697043437,False,20
GL6 8,286,377497.5,425513.26573426573,273875.0,520000.0,68.80399075313298,False,20
GL6 9,159,510000.0,595272.8301886793,381500.0,745000.0,85.96544591799488,False,20
GL7 0,30,557500.0,545370.2666666667,437499.75,633749.0,89.14709818712738,False,20
GL7 1,600,340000.0,376111.2366666667,250000.0,438000.0,61.309161698503466,False,20
GL7 2,259,359000.0,420121.3745173745,270000.0,517500.0,64.78282029443972,False,20
GL7 3,197,540000.0,671246.2081218275,360000.0,730000.0,88.00340674047938,False,20
GL7 4,194,410250.0,485041.58762886596,305625.0,601250.0,74.0966054264509,False,20
GL7 5,346,568000.0,699872.7774566474,380000.0,807075.0,89.82844628300279,False,20
GL7 6,275,533000.0,664512.1818181818,402475.0,733750.0,87.6262319016912,False,20
GL7 7,55,580000.0,707616.6181818182,401725.0,872500.0,90.64971407713833,False,20
GL8 8,451,425000.0,539831.8048780488,320000.0,597750.0,76.45698990144787,False,20
GL9 1,54,497250.0,573083.8888888889,378125.0,732500.0,84.69400170337023,False,20
GU1 1,428,430500.0,489942.41588785045,304250.0,545000.0,77.58851441781238,False,20
GU1 2,395,625000.0,771645.8632911392,407500.0,980000.0,92.6146733179219,False,20
GU1 3,231,570000.0,845345.8095238095,380500.0,1160000.0,89.97444944640466,False,20
GU1 4,312,449000.0,445942.11858974356,285000.0,578125.0,79.58389098430466,False,20
GU10 1,373,460000.0,569541.5683646112,377500.0,600000.0,81.13517459544957,False,20
GU10 2,82,1115000.0,1243273.756097561,775500.0,1487500.0,98.44871638885509,False,20
GU10 3,141,940000.0,1024347.9503546099,640000.0,1225000.0,97.75520136269618,False,20
GU10 4,336,725000.0,762447.8601190476,475000.0,951250.0,95.376566492274,False,20
GU10 5,154,712500.0,827937.6623376623,466250.0,1040000.0,95.12714442146246,False,20
GU11 1,172,180000.0,207978.40697674418,140000.0,275000.0,16.912033094050372,False,20
GU11 2,58,625000.0,594569.0344827586,553750.0,763737.5,92.6146733179219,False,20
GU11 3,490,360000.0,366738.9102040816,260000.0,450000.0,65.14174473780265,False,20
GU11 4,341,415000.0,404502.01173020527,280000.0,515000.0,74.71103540576712,False,20
GU12 4,574,340000.0,324354.66376306623,278125.0,385000.0,61.309161698503466,False,20
GU12 5,373,395000.0,408435.39946380694,320000.0,482500.0,71.68146976517824,False,20
GU12 6,513,415000.0,442486.2475633528,350000.0,505000.0,74.71103540576712,False,20
GU14 0,322,385000.0,389629.03726708074,325000.0,455000.0,70.2214381311595,False,20
GU14 6,446,330000.0,347941.36771300447,222125.0,431875.0,59.15561503832583,False,20
GU14 7,445,310000.0,350051.22696629213,232500.0,410000.0,53.948168876992334,False,20
GU14 8,436,385000.0,393744.3532110092,295000.0,450000.0,70.2214381311595,False,20
GU14 9,541,385000.0,392127.3493530499,328500.0,450000.0,70.2214381311595,False,20
GU15 1,389,625000.0,621538.1902313625,405000.0,780000.0,92.6146733179219,False,20
GU15 2,409,480000.0,584720.511002445,288000.0,840000.0,83.24005353449326,False,20
GU15 3,332,301500.0,384251.4909638554,206500.0,485000.0,52.28738289329602,False,20
GU15 4,184,392500.0,400048.7826086957,357250.0,436250.0,71.34687918238228,False,20
GU16 6,573,470000.0,473400.25828970334,365000.0,575000.0,82.10852901812873,False,20
GU16 7,66,436000.0,435575.9090909091,390625.0,487875.0,78.12385935028591,False,20
GU16 8,259,466000.0,481714.66795366793,402750.0,560000.0,81.70702031877357,False,20
GU16 9,160,430000.0,480618.4375,320000.0,585625.0,77.35125927728434,False,20
GU17 0,254,420000.0,443646.6535433071,375000.0,495000.0,75.5627205256114,False,20
GU17 9,243,420000.0,420909.97530864197,290000.0,525000.0,75.5627205256114,False,20
GU18 5,328,512500.0,546939.5274390244,384375.0,685000.0,86.14794987224724,False,20
GU19 5,296,425000.0,435184.58445945947,329375.0,500000.0,76.45698990144787,False,20
GU2 4,176,650000.0,762336.2159090909,393750.0,1025000.0,93.44810804234092,False,20
GU2 7,225,594000.0,663619.4177777778,475000.0,810000.0,91.2154763353206,False,20
GU2 8,146,384000.0,390294.94520547945,331250.0,448750.0,69.94768219978099,False,20
GU2 9,472,450000.0,452557.3771186441,375000.0,540000.0,80.05840126536074,False,20
GU20 6,174,657500.0,726706.867816092,466250.0,800000.0,93.72186397371944,False,20
GU21 1,3,510000.0,550000.0,500000.0,580000.0,85.96544591799488,True,20
GU21 2,546,423500.0,445285.7545787546,350000.0,534750.0,76.05548120209271,False,20
GU21 3,422,353500.0,371328.836492891,272125.0,429250.0,63.85205012775277,False,20
GU21 4,363,741000.0,788578.0082644628,527250.0,977500.0,95.79024212191264,False,20
GU21 5,260,332500.0,422864.01153846155,235000.0,465000.0,59.806545808492515,False,20
GU21 6,146,300000.0,345570.3904109589,265000.0,400000.0,51.65470251855457,False,20
GU21 7,86,507500.0,550801.6744186047,346958.5,672500.0,85.75252463803382,False,20
GU21 8,125,465000.0,459111.2,355000.0,575000.0,81.53059982966298,False,20
GU22 0,236,750000.0,917383.3983050848,513750.0,1106250.0,95.92407835503103,False,20
GU22 7,448,306000.0,483138.90848214284,246500.0,521250.0,53.08431682686459,False,20
GU22 8,313,675000.0,763032.3514376996,450000.0,960000.0,94.12945613821633,False,20
GU22 9,400,465000.0,489639.2525,381000.0,570500.0,81.53059982966298,False,20
GU23 6,179,670000.0,744842.1787709497,538750.0,895000.0,94.01995376566492,False,20
GU23 7,142,685000.0,810933.1830985915,527500.0,918750.0,94.41537899987833,False,20
GU24 0,107,560000.0,667426.3457943925,460000.0,825000.0,89.33568560652148,False,20
GU24 8,164,600000.0,795114.0243902439,463750.0,892500.0,91.54398345297481,False,20
GU24 9,341,540000.0,581796.284457478,425000.0,685000.0,88.00340674047938,False,20
GU25 4,210,843750.0,1507782.519047619,509962.5,1350000.0,97.05560287139555,False,20
GU26 6,328,650000.0,697672.0731707317,370000.0,942500.0,93.44810804234092,False,20
GU27 1,286,497000.0,637167.2167832168,348875.0,775000.0,84.675751307945,False,20
GU27 2,222,500000.0,691070.1936936937,328500.0,907500.0,85.14417812385935,False,20
GU27 3,260,697500.0,821127.9615384615,448750.0,1023500.0,94.78647037352475,False,20
GU28 0,116,535000.0,689774.698275862,373750.0,786762.5,87.71140041367563,False,20
GU28 9,83,700000.0,864985.0843373494,422500.0,1165000.0,94.8473050249422,False,20
GU29 0,136,690000.0,784778.4485294118,407500.0,1000000.0,94.59179948898893,False,20
GU29 9,329,395000.0,460465.63221884496,290000.0,550000.0,71.68146976517824,False,20
GU3 1,57,660000.0,879280.701754386,540000.0,910000.0,93.78269862513687,False,20
GU3 2,94,547650.0,654801.5957446808,461250.0,711250.0,88.39274850955104,False,20
GU3 3,255,497000.0,599325.1607843137,425000.0,641250.0,84.675751307945,False,20
GU30 7,463,490000.0,581354.8725701944,371250.0,662500.0,84.0917386543375,False,20
GU31 4,361,515000.0,591127.2409972299,363000.0,725000.0,86.35478768706655,False,20
GU31 5,141,555000.0,734257.4609929078,425000.0,830000.0,89.01326195400901,False,20
GU32 1,79,690000.0,963993.4556962026,527000.0,1127500.0,94.59179948898893,False,20
GU32 2,116,611500.0,668700.0,430000.0,854675.0,92.11582917629883,False,20
GU32 3,221,335000.0,375741.592760181,228000.0,450000.0,60.3479742061078,False,20
GU33 6,61,628000.0,927466.4098360656,505000.0,1000000.0,92.82151113274121,False,20
GU33 7,243,465000.0,554133.4897119341,352500.0,650000.0,81.53059982966298,False,20
GU34 1,541,385000.0,412377.43438077637,285000.0,555000.0,70.2214381311595,False,20
GU34 2,417,360000.0,379311.6810551559,275000.0,451500.0,65.14174473780265,False,20
GU34 3,69,745000.0,925291.6521739131,500000.0,930000.0,95.83282637790485,False,20
GU34 4,161,605000.0,714652.0434782609,392000.0,865000.0,91.79340552378635,False,20
GU34 5,333,585000.0,623035.960960961,415000.0,750000.0,90.9295534736586,False,20
GU35 0,609,325000.0,347708.27750410506,270000.0,405000.0,57.99367319625258,False,20
GU35 8,174,575000.0,651132.2183908046,355250.0,773750.0,90.29687309891715,False,20
GU35 9,299,345000.0,403864.5551839465,280000.0,475000.0,62.16084681834773,False,20
GU4 7,466,515000.0,605220.4678111587,311250.0,770625.0,86.35478768706655,False,20
GU4 8,240,627500.0,780553.8041666667,408000.0,950000.0,92.80326073731598,False,20
GU46 6,421,435000.0,469864.00950118765,372000.0,530000.0,77.95960579145881,False,20
GU46 7,184,447500.0,478217.5706521739,344375.0,590000.0,79.51697286774547,False,20
GU47 0,399,415000.0,421869.649122807,330000.0,506750.0,74.71103540576712,False,20
GU47 8,171,480000.0,507488.29824561405,415000.0,605000.0,83.24005353449326,False,20
GU47 9,152,396750.0,438500.0,331250.0,500000.0,71.94305876627327,False,20
GU5 0,250,733275.0,827342.44,492487.5,1085000.0,95.58340430709332,False,20
GU5 9,103,800000.0,973534.9708737864,585000.0,1172500.0,96.67842803260737,False,20
GU51 1,214,440000.0,477235.04672897194,315125.0,587500.0,78.6652877479012,False,20
GU51 2,138,350000.0,395676.4492753623,235125.0,524687.5,63.219369753011314,False,20
GU51 3,505,490000.0,498054.1524752475,326000.0,650000.0,84.0917386543375,False,20
GU51 4,228,349750.0,561076.3596491228,241875.0,751250.0,62.80569412337267,False,20
GU51 5,246,479500.0,530386.6016260163,380500.0,649500.0,83.08796690594963,False,20
GU52 0,191,435000.0,447104.3507853403,320000.0,535000.0,77.95960579145881,False,20
GU52 6,271,505000.0,546554.704797048,425000.0,628750.0,85.6004380094902,False,20
GU52 7,151,555500.0,583551.8278145696,461000.0,680000.0,89.06192967514296,False,20
GU52 8,191,450000.0,452103.86387434555,325000.0,552500.0,80.05840126536074,False,20
GU6 7,339,579950.0,669002.4365781711,426250.0,832500.0,90.54629516972868,False,20
GU6 8,554,580000.0,615451.5523465704,450000.0,726500.0,90.64971407713833,False,20
GU7 1,512,513750.0,580368.677734375,325000.0,710000.0,86.20270105852293,False,20
GU7 2,376,585000.0,642839.7393617021,439250.0,782000.0,90.9295534736586,False,20
GU7 3,381,465000.0,472277.6719160105,365000.0,565000.0,81.53059982966298,False,20
GU8 4,178,760000.0,1129383.7865168538,557000.0,1313750.0,96.09441537899987,False,20
GU8 5,325,563800.0,673639.0276923077,415000.0,785000.0,89.58510767733301,False,20
GU8 6,127,705000.0,956230.7716535433,491250.0,980000.0,94.9689743277771,False,20
GU9 0,309,476000.0,534799.8381877022,345000.0,622000.0,82.8932960214138,False,20
GU9 7,382,409975.0,495734.36387434555,316250.0,615750.0,73.57342742426086,False,20
GU9 8,386,652500.0,775742.3549222798,395000.0,1000000.0,93.5819442754593,False,20
GU9 9,372,450000.0,464697.1182795699,361000.0,552970.0,80.05840126536074,False,20
HA0 1,432,502500.0,487205.2199074074,380180.0,578687.5,85.41793405523786,False,20
HA0 2,176,411500.0,448823.5681818182,326875.0,546250.0,74.13918968244312,False,20
HA0 3,161,585000.0,561377.3229813664,387000.0,700000.0,90.9295534736586,False,20
HA0 4,144,580000.0,523924.6666666667,375000.0,651250.0,90.64971407713833,False,20
HA1 1,159,390000.0,437096.8238993711,331250.0,575000.0,70.97578780873586,False,20
HA1 2,226,402750.0,431073.7743362832,312750.0,475000.0,72.98941477065335,False,20
HA1 3,229,498000.0,649187.5589519651,350000.0,825000.0,84.78525368049641,False,20
HA1 4,444,426640.0,451143.21846846846,327832.5,545000.0,76.90716632193697,False,20
HA2 0,226,440000.0,441848.11504424777,303500.0,571875.0,78.6652877479012,False,20
HA2 6,139,625000.0,602945.6834532374,495000.0,737500.0,92.6146733179219,False,20
HA2 7,192,660000.0,623033.1145833334,577250.0,750000.0,93.78269862513687,False,20
HA2 8,227,490000.0,437122.2907488987,307500.0,568500.0,84.0917386543375,False,20
HA2 9,236,543000.0,514947.07627118647,440000.0,605966.25,88.15549336902299,False,20
HA3 0,200,657500.0,614965.335,346750.0,840500.0,93.72186397371944,False,20
HA3 5,148,421000.0,392530.0675675676,260000.0,512000.0,75.84255992213164,False,20
HA3 6,162,530000.0,578943.1851851852,430000.0,640000.0,87.43156101715537,False,20
HA3 7,171,510000.0,476066.44444444444,329250.0,565000.0,85.96544591799488,False,20
HA3 8,171,605000.0,588420.6257309942,507500.0,682500.0,91.79340552378635,False,20
HA3 9,143,560000.0,533912.8321678322,428543.0,620000.0,89.33568560652148,False,20
HA4 0,341,537500.0,530748.4428152493,467000.0,619000.0,87.88782090278623,False,20
HA4 6,396,500000.0,497774.8712121212,365000.0,606250.0,85.14417812385935,False,20
HA4 7,337,625000.0,652077.0267062314,425750.0,820000.0,92.6146733179219,False,20
HA4 8,328,666500.0,651343.4085365854,412837.5,820625.0,93.95303564910573,False,20
HA4 9,367,565000.0,565245.21253406,490000.0,650000.0,89.68244311960093,False,20
HA5 1,262,755000.0,776654.8816793893,625000.0,910000.0,96.00924686701545,False,20
HA5 2,310,600000.0,650357.1935483871,451250.0,808750.0,91.54398345297481,False,20
HA5 3,321,730000.0,846180.800623053,490000.0,1140000.0,95.51040272539238,False,20
HA5 4,276,750000.0,740904.1884057971,415000.0,966250.0,95.92407835503103,False,20
HA5 5,214,687500.0,679335.9766355141,565000.0,813750.0,94.51879790728799,False,20
HA6 1,238,646250.0,639719.025210084,510000.0,765000.0,93.30818834408079,False,20
HA6 2,251,880000.0,1105242.4900398406,491000.0,1542500.0,97.40236038447499,False,20
HA6 3,187,950000.0,979066.5882352941,535000.0,1265000.0,97.8525368049641,False,20
HA7 1,143,490000.0,480887.4195804196,330000.0,614250.0,84.0917386543375,False,20
HA7 2,172,618000.0,633396.8546511628,547125.0,710000.0,92.28616620026767,False,20
HA7 3,213,687000.0,912393.8779342723,550000.0,1075000.0,94.50054751186275,False,20
HA7 4,336,565000.0,648563.5148809524,385000.0,840000.0,89.68244311960093,False,20
HA8 0,138,425000.0,388408.32608695654,330000.0,463750.0,76.45698990144787,False,20
HA8 5,162,540000.0,517446.60493827163,380000.0,625000.0,88.00340674047938,False,20
HA8 6,155,550000.0,528631.3483870968,395000.0,624997.5,88.66650444092954,False,20
HA8 7,90,550000.0,741519.3777777777,375000.0,926250.0,88.66650444092954,False,20
HA8 8,346,560000.0,588718.9335260115,376125.0,730000.0,89.33568560652148,False,20
HA8 9,234,580000.0,601029.4829059829,450000.0,717500.0,90.64971407713833,False,20
HA9 0,280,465300.0,473211.65,349500.0,587875.0,81.66443606278136,False,20
HA9 6,106,530000.0,496763.679245283,421250.0,583750.0,87.43156101715537,False,20
HA9 7,95,520000.0,504086.83157894737,332500.0,625000.0,86.67721133957902,False,20
HA9 8,208,508500.0,480400.8028846154,340000.0,618875.0,85.7768584986008,False,20
HA9 9,133,650000.0,647513.8646616541,345000.0,822000.0,93.44810804234092,False,20
HD1 1,2,150000.0,150000.0,135000.0,165000.0,9.465871760554812,True,20
HD1 3,106,100000.0,113732.2924528302,80875.0,140000.0,1.648619053412824,False,20
HD1 4,250,150000.0,178914.008,110000.0,213750.0,9.465871760554812,False,20
HD1 5,68,138500.0,196365.0,112750.0,263750.0,6.995984913006449,False,20
HD1 6,47,98300.0,105187.23404255319,76750.0,129000.0,1.4721985643022266,False,20
HD2 1,499,158000.0,177083.12224448897,119999.5,226000.0,11.315245163645212,False,20
HD2 2,559,300000.0,320169.2146690519,165000.0,431395.5,51.65470251855457,False,20
HD3 2,16,250000.0,249612.5,211762.5,301750.0,37.717483878817376,True,20
HD3 3,715,225000.0,244840.88531468532,160000.0,285000.0,30.143569777345174,False,20
HD3 4,589,170000.0,181962.5314091681,127500.0,220000.0,14.296143083100135,False,20
HD4 5,521,155000.0,173912.226487524,112500.0,224995.0,10.700815184328993,False,20
HD4 6,297,150000.0,203690.7239057239,112000.0,230000.0,9.465871760554812,False,20
HD4 7,378,246000.0,265682.6402116402,185000.0,315000.0,36.42778926876749,False,20
HD5 0,248,210000.0,233711.26612903227,162981.25,270450.0,25.6053047816036,False,20
HD5 8,539,177500.0,195783.95176252318,133250.0,244750.0,16.169850346757514,False,20
HD5 9,355,158000.0,165463.99154929578,131000.0,185000.0,11.315245163645212,False,20
HD6 1,145,148000.0,159064.97931034482,110000.0,187500.0,8.94877722350651,False,20
HD6 2,356,220000.0,234191.5393258427,141125.0,282125.0,28.555785375349803,False,20
HD6 3,510,219500.0,235685.66470588234,158000.0,287875.0,28.032607373159752,False,20
HD6 4,221,185000.0,214067.9411764706,140000.0,258000.0,18.432899379486557,False,20
HD7 1,1,90000.0,90000.0,90000.0,90000.0,0.9246867015452002,True,20
HD7 3,1,762500.0,762500.0,762500.0,762500.0,96.11266577442511,True,20
HD7 4,342,200000.0,246719.16666666666,165162.5,278750.0,22.885995863243703,False,20
HD7 5,508,210275.0,240019.67716535434,150000.0,285000.0,26.085898527801437,False,20
HD7 6,193,210000.0,258624.05699481865,175000.0,300000.0,25.6053047816036,False,20
HD8 0,481,245000.0,291043.74844074843,177000.0,345000.0,36.05061442997932,False,20
HD8 8,553,300000.0,342293.3019891501,215000.0,400000.0,51.65470251855457,False,20
HD8 9,721,270950.0,288728.439667129,205000.0,345000.0,43.94086871882224,False,20
HD9 1,314,245000.0,286790.9458598726,180000.0,368930.0,36.05061442997932,False,20
HD9 2,261,275000.0,316808.2835249042,185000.0,385000.0,44.84730502494221,False,20
HD9 3,159,325000.0,387082.42767295596,241428.0,501250.0,57.99367319625258,False,20
HD9 4,154,274000.0,312994.5974025974,215625.0,369375.0,44.34237741817739,False,20
HD9 5,261,255000.0,276165.77394636016,171000.0,330000.0,39.068013140284705,False,20
HD9 6,407,285000.0,320753.66830466833,203400.0,420000.0,47.773451758121425,False,20
HD9 7,261,280000.0,326639.86590038316,187000.0,400000.0,46.40467210122886,False,20
HG1 1,63,360000.0,380531.61904761905,200000.0,477500.0,65.14174473780265,False,20
HG1 2,444,280500.0,443630.46846846846,220000.0,495000.0,46.885265847426695,False,20
HG1 3,306,273250.0,293733.98039215687,240000.0,325875.0,44.275459301618206,False,20
HG1 4,783,260000.0,302181.90038314176,210000.0,340000.0,40.716632193697535,False,20
HG1 5,372,249500.0,358196.8602150538,175750.0,421250.0,36.999634992091494,False,20
HG2 0,498,347500.0,403976.9397590361,237750.0,514375.0,62.611023238836836,False,20
HG2 7,454,268975.0,286077.5792951542,210000.0,320000.0,43.180435576104145,False,20
HG2 8,431,495000.0,571709.8723897912,345000.0,750000.0,84.52366467940139,False,20
HG2 9,303,610000.0,645097.1188118812,425000.0,789600.0,92.03674412945614,False,20
HG3 1,249,574995.0,658240.670682731,400000.0,765000.0,90.19345419150748,False,20
HG3 2,670,345000.0,398131.42686567164,245125.0,503000.0,62.16084681834773,False,20
HG3 3,200,517500.0,569769.945,358750.0,726250.0,86.50687431561018,False,20
HG3 4,67,350000.0,383874.10447761195,240000.0,452375.0,63.219369753011314,False,20
HG3 5,143,319000.0,386648.986013986,247250.0,484000.0,55.91312811777589,False,20
HG4 1,337,233000.0,289914.79525222554,179950.0,340000.0,32.58303929918482,False,20
HG4 2,383,325000.0,342194.5274151436,215000.0,410000.0,57.99367319625258,False,20
HG4 3,111,470000.0,532072.0360360361,303750.0,692500.0,82.10852901812873,False,20
HG4 4,126,390000.0,431787.9682539682,268500.0,550000.0,70.97578780873586,False,20
HG4 5,79,375000.0,480880.8101265823,286750.0,652500.0,68.18956077381677,False,20
HG5 0,581,320000.0,346534.8967297762,255000.0,423495.0,56.54580849251734,False,20
HG5 8,241,394000.0,446982.1991701245,295000.0,535000.0,71.46854848521717,False,20
HG5 9,214,425000.0,494470.64953271026,306250.0,594500.0,76.45698990144787,False,20
HP1 1,409,435000.0,467334.00488997553,285000.0,605000.0,77.95960579145881,False,20
HP1 2,306,415766.0,442360.48039215687,350125.0,511500.0,75.06995984913006,False,20
HP1 3,262,410000.0,461481.5496183206,355000.0,480000.0,73.84109989049763,False,20
HP10 0,248,462500.0,503994.78225806454,350000.0,582000.0,81.36026280569413,False,20
HP10 8,170,775000.0,987617.2823529412,571250.0,1140000.0,96.28300279839397,False,20
HP10 9,492,528750.0,542793.3394308944,372875.0,660000.0,87.27339092347,False,20
HP11 1,392,340625.0,417261.568877551,243437.5,552210.0,61.637668816157685,False,20
HP11 2,174,296500.0,339661.6379310345,215000.0,475000.0,50.57792918846575,False,20
HP12 3,310,292500.0,308968.7419354839,200000.0,393375.0,49.57415744007787,False,20
HP12 4,347,392500.0,407936.72622478387,325000.0,497500.0,71.34687918238228,False,20
HP13 5,534,405008.0,427149.40449438203,322625.0,511500.0,73.26925416717363,False,20
HP13 6,389,350000.0,374241.68894601543,260000.0,425000.0,63.219369753011314,False,20
HP13 7,545,370000.0,356250.21834862384,240000.0,430000.0,67.1067039785862,False,20
HP14 3,400,444500.0,489294.5375,353750.0,556745.0,79.13371456381554,False,20
HP14 4,275,600000.0,654428.0363636364,470500.0,733750.0,91.54398345297481,False,20
HP15 6,319,580000.0,623568.6677115988,440000.0,747500.0,90.64971407713833,False,20
HP15 7,417,475000.0,500846.9184652278,377500.0,610000.0,82.6621243460275,False,20
HP16 0,272,598000.0,667931.5404411765,420000.0,815725.0,91.37364642900596,False,20
HP16 9,179,737000.0,816859.2960893855,501000.0,1025000.0,95.65640588879425,False,20
HP17 0,45,810000.0,806488.8888888889,510000.0,1150000.0,96.77576347487529,False,20
HP17 8,519,525000.0,546174.4547206166,400000.0,655475.0,87.06046964350894,False,20
HP17 9,31,600000.0,673887.7419354839,490510.0,770000.0,91.54398345297481,False,20
HP18 0,458,381000.0,419931.4279475983,320000.0,450000.0,69.6495924078355,False,20
HP18 1,101,310000.0,327089.1089108911,255000.0,390000.0,53.948168876992334,False,20
HP18 9,260,556250.0,618131.8423076923,399250.0,767500.0,89.08626353570995,False,20
HP19 0,131,345000.0,370622.0610687023,252500.0,420000.0,62.16084681834773,False,20
HP19 7,315,310000.0,307417.38095238095,257000.0,365000.0,53.948168876992334,False,20
HP19 8,261,280000.0,277533.75478927203,200000.0,345000.0,46.40467210122886,False,20
HP19 9,383,302000.0,286329.1671018277,243750.0,340000.0,52.360384474996955,False,20
HP2 4,338,420000.0,420539.3461538461,295000.0,497625.0,75.5627205256114,False,20
HP2 5,415,365000.0,369913.9277108434,271750.0,430000.0,66.10293223019832,False,20
HP2 6,206,356500.0,366546.354368932,318875.0,390750.0,64.53339822362818,False,20
HP2 7,308,380000.0,359990.8214285714,205000.0,460000.0,69.34541915074827,False,20
HP20 1,406,309500.0,329997.20443349757,238112.5,405000.0,53.50407592164497,False,20
HP20 2,246,260000.0,262647.4593495935,195000.0,310000.0,40.716632193697535,False,20
HP21 7,338,350000.0,352341.7159763314,210000.0,435000.0,63.219369753011314,False,20
HP21 8,356,285000.0,286640.71629213484,214750.0,340000.0,47.773451758121425,False,20
HP21 9,451,350000.0,361387.86031042127,275000.0,425000.0,63.219369753011314,False,20
HP22 0,75,520000.0,557760.0,492500.0,600000.0,86.67721133957902,False,20
HP22 3,197,475000.0,495685.45177664974,437000.0,560000.0,82.6621243460275,False,20
HP22 4,251,524995.0,572976.0956175299,375000.0,699975.0,86.90229954982358,False,20
HP22 5,565,486000.0,539159.4778761062,370000.0,663000.0,83.79364886239202,False,20
HP22 6,244,541000.0,606315.881147541,413750.0,711750.0,88.09465871760554,False,20
HP22 7,609,430000.0,436026.1871921182,380000.0,495000.0,77.35125927728434,False,20
HP23 4,358,631000.0,652286.8715083799,463950.0,795000.0,92.93709697043437,False,20
HP23 5,341,482500.0,593213.9149560117,375000.0,735000.0,83.44689134931257,False,20
HP23 6,162,602500.0,706196.8456790124,410000.0,823750.0,91.70215354666018,False,20
HP27 0,254,474000.0,552224.905511811,370000.0,703750.0,82.46745346149167,False,20
HP27 9,385,500000.0,585644.5012987013,396000.0,689995.0,85.14417812385935,False,20
HP3 0,324,560000.0,676779.0185185185,430000.0,776250.0,89.33568560652148,False,20
HP3 8,263,490000.0,539646.4106463878,372500.0,675000.0,84.0917386543375,False,20
HP3 9,617,374800.0,382090.58995137765,280000.0,470000.0,67.75763474875289,False,20
HP4 1,261,630000.0,748081.8390804598,360000.0,890000.0,92.87626231901692,False,20
HP4 2,405,605000.0,745311.0765432098,430000.0,880000.0,91.79340552378635,False,20
HP4 3,463,680000.0,785991.9308855291,487500.0,950000.0,94.28762623190168,False,20
HP5 1,299,420000.0,463987.0668896321,305000.0,537500.0,75.5627205256114,False,20
HP5 2,379,475000.0,539972.5883905013,372500.0,627500.0,82.6621243460275,False,20
HP5 3,262,450000.0,522918.8244274809,358500.0,652500.0,80.05840126536074,False,20
HP6 5,238,730000.0,815186.2226890756,383750.0,1100000.0,95.51040272539238,False,20
HP6 6,333,725000.0,769223.3213213213,505000.0,950000.0,95.376566492274,False,20
HP7 0,169,661000.0,801731.3609467456,455000.0,905000.0,93.83744981141258,False,20
HP7 9,218,705000.0,720777.1972477065,550000.0,840750.0,94.9689743277771,False,20
HP8 4,239,820000.0,1034590.0878661087,590000.0,1355500.0,96.86701545200145,False,20
HP9 1,368,950000.0,1185278.3885869565,615000.0,1450000.0,97.8525368049641,False,20
HP9 2,410,975000.0,1186079.2609756098,695000.0,1478750.0,97.98637303808249,False,20
HR1 1,617,305000.0,328014.66612641816,240000.0,377500.0,52.81664436062782,False,20
HR1 2,261,235000.0,252303.0459770115,170000.0,290000.0,33.14271809222533,False,20
HR1 3,242,375000.0,418122.13223140495,272750.0,500000.0,68.18956077381677,False,20
HR1 4,249,377000.0,417172.0602409639,272500.0,525000.0,68.74315610171554,False,20
HR2 0,125,300000.0,349902.328,220000.0,448000.0,51.65470251855457,False,20
HR2 6,281,242500.0,265771.4483985765,187500.0,280000.0,35.38751672952914,False,20
HR2 7,445,214000.0,230363.38202247192,181000.0,272500.0,26.615159995133226,False,20
HR2 8,181,450000.0,469340.83425414364,311000.0,585000.0,80.05840126536074,False,20
HR2 9,315,310000.0,352877.6793650794,245000.0,447500.0,53.948168876992334,False,20
HR3 5,172,330000.0,381784.70930232556,249500.0,450000.0,59.15561503832583,False,20
HR3 6,105,389000.0,437788.6666666667,275000.0,555000.0,70.66553108650687,False,20
HR4 0,517,265000.0,273827.3133462282,211000.0,325000.0,42.18274729285801,False,20
HR4 7,235,361500.0,394537.23829787236,280000.0,462500.0,65.53108650687432,False,20
HR4 8,215,340000.0,398561.0465116279,259000.0,500000.0,61.309161698503466,False,20
HR4 9,479,240000.0,249637.05427974949,180000.0,297250.0,34.59058279596058,False,20
HR5 3,169,260000.0,298493.65680473374,188000.0,370000.0,40.716632193697535,False,20
HR6 0,162,419250.0,463809.64197530865,299625.0,578750.0,75.30113152451636,False,20
HR6 8,433,210000.0,232230.75519630485,160000.0,295000.0,25.6053047816036,False,20
HR6 9,201,370000.0,400696.7064676617,225000.0,500000.0,67.1067039785862,False,20
HR7 4,253,275000.0,322150.1976284585,200000.0,380000.0,44.84730502494221,False,20
HR8 1,213,345000.0,384089.3098591549,210000.0,525000.0,62.16084681834773,False,20
HR8 2,493,300000.0,333342.59229208925,235000.0,400000.0,51.65470251855457,False,20
HR9 5,289,290000.0,334457.9826989619,205000.0,420000.0,48.89280934420246,False,20
HR9 6,210,450000.0,504219.7761904762,318500.0,628750.0,80.05840126536074,False,20
HR9 7,584,315750.0,363655.98630136985,245000.0,457000.0,55.45686823214503,False,20
HU1 1,65,115000.0,126544.61538461539,72000.0,165000.0,3.0295656405888796,False,20
HU1 2,51,137250.0,137024.50980392157,95000.0,176500.0,6.703978586202701,False,20
HU1 3,77,115000.0,123996.93506493507,100000.0,141544.0,3.0295656405888796,False,20
HU10 6,497,212000.0,219633.1146881288,153000.0,280000.0,26.23190169120331,False,20
HU10 7,593,320000.0,339118.12310286675,250000.0,404995.0,56.54580849251734,False,20
HU11 4,326,185000.0,218213.9509202454,152250.0,240000.0,18.432899379486557,False,20
HU11 5,137,242000.0,256348.57664233577,177000.0,325000.0,35.3145151478282,False,20
HU12 0,190,192500.0,231592.1052631579,140000.0,300000.0,20.68986494707385,False,20
HU12 8,555,178000.0,198176.13513513515,142500.0,240000.0,16.303686579875897,False,20
HU12 9,375,180000.0,205831.144,149999.5,240500.0,16.912033094050372,False,20
HU13 0,524,258472.5,270428.7786259542,182875.0,336300.0,39.956199050979436,False,20
HU13 9,324,165000.0,169692.91975308643,140000.0,194000.0,13.079450054751184,False,20
HU14 3,422,321000.0,371392.95023696683,235000.0,441875.0,57.09940382041611,False,20
HU15 1,913,251750.0,282667.8510405257,189995.0,333000.0,38.34408078841708,False,20
HU15 2,562,247500.0,285321.4039145908,179962.5,365750.0,36.67112787443728,False,20
HU16 4,345,230000.0,243524.76811594202,168000.0,300000.0,31.71918724905706,False,20
HU16 5,558,263000.0,283192.8853046595,195250.0,360000.0,41.598734639250516,False,20
HU17 0,948,259950.0,262782.10970464133,185000.0,320000.0,40.236038447499695,False,20
HU17 5,204,257500.0,280788.48039215687,197500.0,325000.0,39.76761163158535,False,20
HU17 7,392,277750.0,342149.1658163265,215000.0,400000.0,45.711157075069956,False,20
HU17 8,590,310000.0,337777.8101694915,230000.0,395000.0,53.948168876992334,False,20
HU17 9,384,215000.0,239865.73177083334,177500.0,280000.0,26.998418299063147,False,20
HU18 1,575,219000.0,232732.1008695652,167750.0,290000.0,27.971772721742305,False,20
HU19 2,331,140000.0,153716.55287009064,110000.0,180000.0,7.409660542645091,False,20
HU2 0,17,98000.0,101703.82352941176,92000.0,110000.0,1.435697773451758,True,20
HU2 8,49,89000.0,91224.79591836735,64000.0,116028.0,0.80910086385205,False,20
HU2 9,18,95000.0,98500.0,80750.0,113750.0,1.228859958632437,True,20
HU20 3,23,359950.0,358042.60869565216,274750.0,438500.0,64.82540455043193,False,20
HU3 1,100,95000.0,114939.67,75000.0,140500.0,1.228859958632437,False,20
HU3 2,93,77000.0,81431.23655913978,62500.0,104000.0,0.40759216449689745,False,20
HU3 3,81,76000.0,82116.04938271605,65000.0,97500.0,0.3345905827959606,False,20
HU3 4,3,60000.0,65500.0,48250.0,80000.0,0.17033702396885267,True,20
HU3 5,154,156995.0,149674.72077922078,128197.0,180000.0,11.12057427910938,False,20
HU3 6,290,124000.0,126089.8172413793,97812.5,155000.0,4.142839761528166,False,20
HU4 6,558,155000.0,166223.80465949822,124625.0,210000.0,10.700815184328993,False,20
HU4 7,349,156000.0,163047.14613180514,125000.0,190000.0,11.041489232266699,False,20
HU5 1,137,100000.0,104949.81751824818,82000.0,125000.0,1.648619053412824,False,20
HU5 2,247,115000.0,138849.19028340082,90000.0,140000.0,3.0295656405888796,False,20
HU5 3,414,130000.0,159732.22946859902,98375.0,180000.0,5.493369022995498,False,20
HU5 4,349,165000.0,173591.12607449858,140000.0,203000.0,13.079450054751184,False,20
HU5 5,750,132000.0,139129.20133333333,115000.0,155000.0,5.931378513201119,False,20
HU6 0,21,240000.0,254547.61904761905,210000.0,275000.0,34.59058279596058,False,20
HU6 7,398,150000.0,153990.9447236181,118000.0,180000.0,9.465871760554812,False,20
HU6 8,210,122750.0,130824.26666666666,100000.0,155750.0,4.033337388976761,False,20
HU6 9,189,110000.0,118260.62962962964,89500.0,139995.0,2.463803382406619,False,20
HU7 0,63,123000.0,133361.6349206349,98250.0,145500.0,4.063754714685485,False,20
HU7 3,939,200000.0,205545.22470713526,160000.0,242997.5,22.885995863243703,False,20
HU7 4,483,133000.0,140619.55900621117,96250.0,165000.0,6.071298211461248,False,20
HU7 5,79,140000.0,152297.46835443037,94500.0,185000.0,7.409660542645091,False,20
HU7 6,135,132000.0,133393.62962962964,110000.0,157000.0,5.931378513201119,False,20
HU8 0,325,177500.0,181786.4923076923,149000.0,216000.0,16.169850346757514,False,20
HU8 7,69,90000.0,99426.0,67000.0,125000.0,0.9246867015452002,False,20
HU8 8,335,130000.0,138176.50746268657,95000.0,166500.0,5.493369022995498,False,20
HU8 9,444,133250.0,148402.1891891892,109987.5,170000.0,6.107799002311717,False,20
HU9 1,199,130500.0,152933.66834170854,96500.0,190000.0,5.773208419515756,False,20
HU9 2,191,78200.0,86480.94764397906,69250.0,102750.0,0.43800949020562113,False,20
HU9 3,271,130000.0,135157.56457564575,118000.0,153000.0,5.493369022995498,False,20
HU9 4,296,120000.0,127018.53378378379,98375.0,140000.0,3.686579875897311,False,20
HU9 5,284,160750.0,154694.55633802817,93575.0,200000.0,12.227764934906924,False,20
HX1 1,14,107250.0,100288.07142857143,59375.0,133875.0,2.2143813115950843,True,20
HX1 2,219,160000.0,178982.9223744292,112750.0,210000.0,11.856673561260495,False,20
HX1 3,222,106500.0,116263.94144144144,82000.0,130000.0,2.1474631950358924,False,20
HX1 4,144,79000.0,89269.09722222222,65000.0,100000.0,0.4562598856308554,False,20
HX1 5,47,76000.0,95746.8085106383,66750.0,119000.0,0.3345905827959606,False,20
HX2 0,423,155000.0,167989.44208037824,120000.0,195000.0,10.700815184328993,False,20
HX2 6,198,205000.0,237160.33333333334,146750.0,268750.0,24.20610779900231,False,20
HX2 7,264,203750.0,247268.04924242425,158750.0,268500.0,23.822849495072393,False,20
HX2 8,277,145000.0,157592.18772563178,105000.0,189995.0,8.316096848765056,False,20
HX2 9,298,182000.0,192249.54697986576,142625.0,220750.0,17.599464655067525,False,20
HX3 0,360,236250.0,278432.8694444444,165750.0,330000.0,33.67197955955712,False,20
HX3 5,266,130000.0,148062.3872180451,95500.0,185000.0,5.493369022995498,False,20
HX3 6,241,128800.0,150479.29875518673,100000.0,170000.0,5.158778440199538,False,20
HX3 7,423,230000.0,265080.63356973993,164500.0,305000.0,31.71918724905706,False,20
HX3 8,361,275000.0,290348.9972299169,190000.0,350000.0,44.84730502494221,False,20
HX3 9,311,155000.0,185795.54340836013,125000.0,203000.0,10.700815184328993,False,20
HX4 0,71,300000.0,395108.59154929576,205000.0,539600.0,51.65470251855457,False,20
HX4 8,297,220000.0,251954.82154882155,150000.0,320000.0,28.555785375349803,False,20
HX4 9,206,205000.0,249659.46116504853,155000.0,285000.0,24.20610779900231,False,20
HX5 0,228,181750.0,203165.13157894736,125000.0,255250.0,17.520379608224847,False,20
HX5 9,183,178000.0,188532.14207650273,133750.0,236000.0,16.303686579875897,False,20
HX6 1,147,190000.0,220675.91156462586,140000.0,252500.0,19.959849130064487,False,20
HX6 2,359,147000.0,180714.3008356546,120000.0,220000.0,8.760189804112423,False,20
HX6 3,162,200000.0,237742.7901234568,135000.0,294875.0,22.885995863243703,False,20
HX6 4,253,250000.0,285913.0118577075,160000.0,398000.0,37.717483878817376,False,20
HX7 5,238,210000.0,252688.35714285713,151625.0,300000.0,25.6053047816036,False,20
HX7 6,157,257500.0,279834.3949044586,185000.0,325000.0,39.76761163158535,False,20
HX7 7,109,297500.0,332222.5137614679,200000.0,415000.0,50.71784888672588,False,20
HX7 8,188,238000.0,265062.8882978723,190375.0,310000.0,33.90315123494342,False,20
IG1 1,137,425000.0,393934.40145985404,270000.0,490000.0,76.45698990144787,False,20
IG1 2,246,400000.0,381699.76422764227,295000.0,470000.0,72.52707141988076,False,20
IG1 3,202,600000.0,551115.4405940594,350000.0,723750.0,91.54398345297481,False,20
IG1 4,128,450000.0,466965.6171875,281875.0,592500.0,80.05840126536074,False,20
IG10 1,303,680000.0,757420.3498349835,500000.0,936250.0,94.28762623190168,False,20
IG10 2,298,457500.0,483184.932885906,390500.0,527125.0,80.91616985034675,False,20
IG10 3,636,440500.0,473954.68396226416,365000.0,530000.0,78.91470981871274,False,20
IG10 4,192,778888.5,840531.4583333334,420000.0,1062500.0,96.37425477552014,False,20
IG11 0,378,334450.0,332099.7380952381,259772.0,412995.0,59.93429857646916,False,20
IG11 7,381,346500.0,341743.77952755906,275000.0,415500.0,62.45893661029322,False,20
IG11 8,137,250000.0,270113.1386861314,200000.0,325000.0,37.717483878817376,False,20
IG11 9,335,490000.0,464653.3432835821,363750.0,558750.0,84.0917386543375,False,20
IG2 6,207,530000.0,505444.87922705314,402500.0,611900.0,87.43156101715537,False,20
IG2 7,184,492500.0,446010.17391304346,298500.0,575000.0,84.34116072514904,False,20
IG3 8,269,425000.0,439170.0223048327,358000.0,525000.0,76.45698990144787,False,20
IG3 9,277,530000.0,509850.4476534296,435000.0,595000.0,87.43156101715537,False,20
IG4 5,160,591750.0,544692.1875,428750.0,692750.0,91.15464168390315,False,20
IG5 0,321,557500.0,551772.8473520249,420000.0,680000.0,89.14709818712738,False,20
IG6 1,209,510000.0,497572.7272727273,375000.0,610000.0,85.96544591799488,False,20
IG6 2,296,486000.0,480309.2702702703,390000.0,570000.0,83.79364886239202,False,20
IG6 3,170,450000.0,439255.3823529412,360500.0,515000.0,80.05840126536074,False,20
IG7 4,263,400000.0,397706.4410646388,310000.0,449999.5,72.52707141988076,False,20
IG7 5,249,733000.0,857314.0522088354,435000.0,975000.0,95.57123737680982,False,20
IG7 6,132,625000.0,786396.7121212122,461875.0,927000.0,92.6146733179219,False,20
IG8 0,318,720000.0,846411.8710691824,440000.0,1185625.0,95.26706411972259,False,20
IG8 7,269,570000.0,552720.6059479554,425000.0,670000.0,89.97444944640466,False,20
IG8 8,288,523750.0,552555.0763888889,430000.0,616250.0,86.85363182868963,False,20
IG8 9,317,718000.0,668706.189274448,377500.0,860000.0,95.21839639858864,False,20
IG9 5,331,640000.0,722411.1933534744,408500.0,950000.0,93.16218518067892,False,20
IG9 6,210,591000.0,571358.9904761905,463866.0,695000.0,91.13639128847791,False,20
IP1 1,39,170000.0,164364.10256410256,121750.0,211000.0,14.296143083100135,False,20
IP1 2,137,150000.0,150778.46715328467,102500.0,180000.0,9.465871760554812,False,20
IP1 3,147,242500.0,356428.8639455782,162500.0,450000.0,35.38751672952914,False,20
IP1 4,316,252500.0,273198.89556962025,187000.0,315250.0,38.46575009125198,False,20
IP1 5,351,212500.0,213338.46153846153,175000.0,245000.0,26.40832218031391,False,20
IP1 6,454,295000.0,310408.8303964758,259250.0,349995.0,50.121669302834896,False,20
IP10 0,124,420000.0,499084.02419354836,325000.0,539962.5,75.5627205256114,False,20
IP11 0,265,277500.0,299634.4528301887,235000.0,345000.0,45.63815549336902,False,20
IP11 2,285,240000.0,242350.49122807017,190000.0,285000.0,34.59058279596058,False,20
IP11 6,105,340000.0,330956.3333333333,263000.0,390000.0,61.309161698503466,False,20
IP11 7,341,325000.0,344123.5718475073,200000.0,435000.0,57.99367319625258,False,20
IP11 9,570,323750.0,346101.22631578945,260000.0,406875.0,57.44616133349556,False,20
IP12 1,400,350000.0,415939.375,250000.0,510000.0,63.219369753011314,False,20
IP12 2,267,316409.0,378478.1947565543,240000.0,427500.0,55.51770288356248,False,20
IP12 3,161,345000.0,391216.12422360247,272000.0,450000.0,62.16084681834773,False,20
IP12 4,348,425000.0,493262.5747126437,309250.0,600000.0,76.45698990144787,False,20
IP13 0,216,325000.0,368375.8796296296,250000.0,416250.0,57.99367319625258,False,20
IP13 6,204,477500.0,540864.5049019608,324750.0,687500.0,83.02104878939043,False,20
IP13 7,133,420000.0,467319.8872180451,275000.0,570000.0,75.5627205256114,False,20
IP13 8,118,365000.0,418168.4152542373,272750.0,535000.0,66.10293223019832,False,20
IP13 9,218,330175.0,386987.1651376147,250000.0,440000.0,59.56929066796447,False,20
IP14 1,746,270000.0,274526.36997319036,200000.0,330000.0,43.569777345175815,False,20
IP14 2,250,260000.0,330894.236,220000.0,400000.0,40.716632193697535,False,20
IP14 3,173,315000.0,369077.9768786127,250000.0,430000.0,55.170945370483025,False,20
IP14 4,411,330000.0,359091.90267639904,268750.0,425000.0,59.15561503832583,False,20
IP14 5,519,284000.0,312040.0597302505,233500.0,349747.5,47.41452731475849,False,20
IP14 6,153,365000.0,418708.50326797384,275000.0,495000.0,66.10293223019832,False,20
IP15 5,147,540000.0,693465.612244898,385000.0,793750.0,88.00340674047938,False,20
IP16 4,288,240000.0,297528.1875,182250.0,328125.0,34.59058279596058,False,20
IP17 1,322,310500.0,345928.88198757765,230000.0,400000.0,54.36792797177272,False,20
IP17 2,100,420000.0,461091.71,273750.0,520500.0,75.5627205256114,False,20
IP17 3,112,390000.0,459494.1964285714,298750.0,591250.0,70.97578780873586,False,20
IP18 6,244,506500.0,617287.0983606557,334500.0,756250.0,85.71602384718335,False,20
IP19 0,92,476250.0,498592.39130434784,324375.0,641250.0,82.91762988198079,False,20
IP19 8,386,292500.0,324421.0492227979,229962.5,380000.0,49.57415744007787,False,20
IP19 9,92,392500.0,412554.347826087,265000.0,507000.0,71.34687918238228,False,20
IP2 0,265,220000.0,215328.23773584905,190000.0,240000.0,28.555785375349803,False,20
IP2 8,269,195000.0,211051.37918215615,143000.0,250000.0,21.395546903516244,False,20
IP2 9,404,250000.0,260184.4183168317,214500.0,300000.0,37.717483878817376,False,20
IP20 0,81,345000.0,415009.25925925927,243000.0,507500.0,62.16084681834773,False,20
IP20 9,301,268500.0,306280.83720930235,220000.0,348000.0,43.07701666869449,False,20
IP21 4,230,297500.0,349388.0869565217,232125.0,425000.0,50.71784888672588,False,20
IP21 5,209,385000.0,429497.7320574163,303000.0,520000.0,70.2214381311595,False,20
IP22 1,258,409655.0,426305.27131782944,285000.0,543750.0,73.54909356369387,False,20
IP22 2,212,415000.0,425405.82547169813,298750.0,500000.0,74.71103540576712,False,20
IP22 4,407,255000.0,274314.9238329238,195500.0,339000.0,39.068013140284705,False,20
IP22 5,74,318750.0,361196.7297297297,255000.0,420375.0,55.864460396641924,False,20
IP23 7,257,350000.0,380015.99221789883,255000.0,450000.0,63.219369753011314,False,20
IP23 8,106,376500.0,412017.21698113205,275250.0,503750.0,68.67623798515635,False,20
IP24 1,305,225000.0,260542.48196721313,180000.0,305000.0,30.143569777345174,False,20
IP24 2,558,259000.0,270828.63799283153,201812.5,317875.0,40.13870300523178,False,20
IP24 3,193,192500.0,216290.41450777202,165000.0,242500.0,20.68986494707385,False,20
IP25 5,17,365000.0,352235.29411764705,315000.0,400000.0,66.10293223019832,True,20
IP25 6,695,240000.0,259979.96258992807,193500.0,300000.0,34.59058279596058,False,20
IP25 7,299,300000.0,350331.6856187291,231000.0,397500.0,51.65470251855457,False,20
IP26 4,258,268500.0,290358.9379844961,225000.0,350000.0,43.07701666869449,False,20
IP26 5,150,261000.0,322211.0333333333,225250.0,365000.0,41.264144056454555,False,20
IP27 0,532,220000.0,234937.72556390977,182750.0,270000.0,28.555785375349803,False,20
IP27 9,273,250000.0,266733.967032967,217995.0,290000.0,37.717483878817376,False,20
IP28 1,24,316000.0,324166.6666666667,288750.0,385000.0,55.48728555785375,False,20
IP28 2,5,325000.0,397700.0,303500.0,510000.0,57.99367319625258,True,20
IP28 3,20,294476.5,303100.55,259325.0,386237.5,49.750577929188466,False,20
IP28 6,191,399000.0,452584.39790575916,290250.0,546500.0,72.15598004623433,False,20
IP28 7,342,242750.0,263066.9649122807,193000.0,303750.0,35.44835138094658,False,20
IP28 8,550,275000.0,290860.67272727273,225000.0,333750.0,44.84730502494221,False,20
IP29 4,163,440000.0,496469.79754601227,316750.0,622500.0,78.6652877479012,False,20
IP29 5,181,378000.0,425146.7569060773,305000.0,495000.0,68.94999391653485,False,20
IP3 0,304,235000.0,232813.54934210525,189375.0,280000.0,33.14271809222533,False,20
IP3 8,542,270000.0,299913.5959409594,200000.0,360000.0,43.569777345175815,False,20
IP3 9,383,247500.0,251443.59007832897,207500.0,280000.0,36.67112787443728,False,20
IP30 0,195,390000.0,431741.39487179485,277500.0,515000.0,70.97578780873586,False,20
IP30 9,643,373000.0,401869.55054432346,270000.0,491000.0,67.64204891105973,False,20
IP31 1,126,330000.0,386166.626984127,270625.0,433000.0,59.15561503832583,False,20
IP31 2,286,350000.0,415834.5909090909,265000.0,468750.0,63.219369753011314,False,20
IP31 3,515,365000.0,400952.8213592233,285000.0,477497.5,66.10293223019832,False,20
IP32 6,482,292000.0,298861.0269709544,220000.0,359995.0,49.47682199780995,False,20
IP32 7,409,320000.0,339253.58679706603,250000.0,401000.0,56.54580849251734,False,20
IP33 1,311,285000.0,353973.6752411575,196500.0,419000.0,47.773451758121425,False,20
IP33 2,406,288000.0,360666.33990147786,240000.0,401500.0,48.35746441172893,False,20
IP33 3,571,304000.0,336430.6567425569,232500.0,396250.0,52.561138824674536,False,20
IP4 1,187,215000.0,217716.20320855614,162000.0,259200.0,26.998418299063147,False,20
IP4 2,341,225500.0,282528.3548387097,165000.0,325000.0,30.56332887212556,False,20
IP4 3,154,320000.0,361330.06493506493,275000.0,408750.0,56.54580849251734,False,20
IP4 4,323,270000.0,273652.7739938081,209000.0,325050.0,43.569777345175815,False,20
IP4 5,451,285000.0,316385.60975609755,226000.0,382250.0,47.773451758121425,False,20
IP5 1,223,327000.0,365547.0852017937,275000.0,410000.0,58.541185059009614,False,20
IP5 2,446,314000.0,332233.18834080716,250000.0,414250.0,54.82418785740357,False,20
IP5 3,165,332000.0,348656.3333333333,272000.0,395000.0,59.721377296508095,False,20
IP5 4,44,410812.5,419993.7727272727,350312.5,476187.5,74.10877235673439,False,20
IP6 0,334,275000.0,307775.2844311377,230000.0,355000.0,44.84730502494221,False,20
IP6 8,464,285000.0,322620.2306034483,224625.0,391250.0,47.773451758121425,False,20
IP6 9,171,410000.0,456805.1754385965,294000.0,560000.0,73.84109989049763,False,20
IP7 5,273,320000.0,381565.6007326007,252500.0,425000.0,56.54580849251734,False,20
IP7 6,241,370000.0,408808.9294605809,305000.0,490000.0,67.1067039785862,False,20
IP7 7,120,394000.0,466566.25,280000.0,550000.0,71.46854848521717,False,20
IP8 3,348,295000.0,336529.5057471264,225000.0,381250.0,50.121669302834896,False,20
IP8 4,266,319997.5,358777.8157894737,269996.25,410000.0,56.05304781603601,False,20
IP9 1,210,319500.0,367366.1904761905,240000.0,437375.0,55.96787930405159,False,20
IP9 2,272,366500.0,407822.5257352941,302375.0,460000.0,66.45577320841952,False,20
KT1 1,41,566500.0,606120.731707317,440000.0,700000.0,89.79194549215232,False,20
KT1 2,483,645000.0,664781.7950310559,436000.0,800000.0,93.28993794865555,False,20
KT1 3,286,592500.0,629616.8496503497,432000.0,824375.0,91.19114247475362,False,20
KT1 4,135,487500.0,627832.7555555556,380000.0,778250.0,83.89706776980168,False,20
KT10 0,405,880000.0,921797.2098765433,585000.0,1237500.0,97.40236038447499,False,20
KT10 8,264,950000.0,1118225.803030303,546875.0,1531250.0,97.8525368049641,False,20
KT10 9,243,1030000.0,1352271.4074074074,661625.0,1682500.0,98.2175447134688,False,20
KT11 1,170,575000.0,710502.4117647059,440625.0,873125.0,90.29687309891715,False,20
KT11 2,435,1260000.0,1631417.816091954,840975.0,1920000.0,98.75288964594233,False,20
KT11 3,119,895000.0,1040773.9495798319,638500.0,1332500.0,97.48752889645942,False,20
KT12 1,280,385000.0,707245.6714285715,290750.0,873375.0,70.2214381311595,False,20
KT12 2,490,519000.0,551472.2775510204,396237.5,665000.0,86.57987589731111,False,20
KT12 3,313,570000.0,639739.4568690095,425000.0,810000.0,89.97444944640466,False,20
KT12 4,226,512500.0,570596.6814159292,425750.0,610625.0,86.14794987224724,False,20
KT12 5,320,643250.0,967593.646875,478750.0,945000.0,93.23518676237985,False,20
KT13 0,351,670000.0,1285952.9800569802,438750.0,1277500.0,94.01995376566492,False,20
KT13 8,371,575000.0,702880.4986522911,382500.0,872500.0,90.29687309891715,False,20
KT13 9,466,576250.0,724937.7489270386,380000.0,973750.0,90.44287626231902,False,20
KT14 6,363,520000.0,746810.1239669422,309000.0,1045000.0,86.67721133957902,False,20
KT14 7,322,450000.0,444053.72981366457,371250.0,520000.0,80.05840126536074,False,20
KT15 1,396,450000.0,457101.12373737374,368000.0,550000.0,80.05840126536074,False,20
KT15 2,401,375000.0,382986.927680798,250000.0,485000.0,68.18956077381677,False,20
KT15 3,315,525000.0,579408.5714285715,418500.0,675000.0,87.06046964350894,False,20
KT16 0,391,560000.0,611699.9514066497,432000.0,730000.0,89.33568560652148,False,20
KT16 8,284,400000.0,434444.6408450704,289987.5,507250.0,72.52707141988076,False,20
KT16 9,367,415000.0,431769.1825613079,270000.0,550000.0,74.71103540576712,False,20
KT17 1,311,440000.0,515080.1800643087,304500.0,665000.0,78.6652877479012,False,20
KT17 2,277,657500.0,647391.963898917,475000.0,772500.0,93.72186397371944,False,20
KT17 3,168,860000.0,910858.9285714285,657500.0,1121250.0,97.2259398953644,False,20
KT17 4,323,418800.0,489150.7027863777,321250.0,582500.0,75.2767976639494,False,20
KT18 5,326,568150.0,604956.4049079755,371250.0,774243.75,89.84061321328629,False,20
KT18 6,70,625000.0,710315.0,550000.0,723750.0,92.6146733179219,False,20
KT18 7,368,520000.0,605626.375,394375.0,750000.0,86.67721133957902,False,20
KT19 0,335,625000.0,604068.5910447761,530000.0,705000.0,92.6146733179219,False,20
KT19 7,55,570000.0,674391.8181818182,475000.0,853750.0,89.97444944640466,False,20
KT19 8,336,502500.0,554736.3482142857,375000.0,690625.0,85.41793405523786,False,20
KT19 9,538,483750.0,484579.0278810409,366496.25,575000.0,83.47730867502129,False,20
KT2 5,500,755000.0,799044.948,468750.0,1052500.0,96.00924686701545,False,20
KT2 6,326,677575.0,696927.6687116565,388875.0,950000.0,94.24504197590949,False,20
KT2 7,255,755350.0,1171586.0784313725,377500.0,1587500.0,96.0579145881494,False,20
KT20 5,434,460000.0,572646.1175115207,350625.0,753750.0,81.13517459544957,False,20
KT20 6,250,712500.0,1060219.044,453500.0,1398750.0,95.12714442146246,False,20
KT20 7,142,607500.0,764501.2746478873,495000.0,881212.5,91.90290789633775,False,20
KT21 1,191,765000.0,841421.6178010472,623500.0,907500.0,96.15525003041732,False,20
KT21 2,336,656250.0,718172.9285714285,468750.0,872625.0,93.68536318286897,False,20
KT22 0,228,1057500.0,1647560.1973684211,610625.0,1862500.0,98.33313055116194,False,20
KT22 7,342,330000.0,379248.0058479532,268500.0,443750.0,59.15561503832583,False,20
KT22 8,242,486500.0,650889.5454545454,270000.0,850625.0,83.84231658352597,False,20
KT22 9,369,735000.0,804648.3821138211,540000.0,1040000.0,95.61990509794379,False,20
KT23 3,195,675000.0,774300.9692307692,494975.0,913563.0,94.12945613821633,False,20
KT23 4,256,700000.0,728546.94921875,563750.0,860000.0,94.8473050249422,False,20
KT24 5,185,935000.0,1129139.1621621621,635000.0,1445000.0,97.70045017642049,False,20
KT24 6,233,895000.0,932083.9184549357,665000.0,1150000.0,97.48752889645942,False,20
KT3 3,384,600000.0,657263.5520833334,417375.0,821250.0,91.54398345297481,False,20
KT3 4,266,644750.0,778238.0451127819,446250.0,949000.0,93.27168755323032,False,20
KT3 5,259,660000.0,702869.193050193,551500.0,800000.0,93.78269862513687,False,20
KT3 6,305,650000.0,655508.3147540983,550000.0,770000.0,93.44810804234092,False,20
KT4 7,384,630000.0,621531.3958333334,414750.0,779400.0,92.87626231901692,False,20
KT4 8,693,535000.0,544531.0966810967,428000.0,650000.0,87.71140041367563,False,20
KT5 8,382,498900.0,610842.5497382199,365000.0,808750.0,84.81567100620514,False,20
KT5 9,325,650000.0,631436.2615384615,475000.0,780000.0,93.44810804234092,False,20
KT6 4,412,440000.0,523152.6941747573,364500.0,559250.0,78.6652877479012,False,20
KT6 5,294,651798.0,778569.0442176871,446250.0,983750.0,93.56369388003407,False,20
KT6 6,359,425000.0,612116.0250696379,350000.0,600000.0,76.45698990144787,False,20
KT6 7,324,590000.0,588476.6388888889,450000.0,713125.0,91.08772356734396,False,20
KT7 0,440,830000.0,874580.1568181819,531125.0,1148875.0,96.97651782455287,False,20
KT8 0,112,845000.0,902920.8303571428,502500.0,1202500.0,97.08602019710428,False,20
KT8 1,190,561750.0,558005.6631578947,446250.0,648875.0,89.54860688648255,False,20
KT8 2,302,450000.0,478481.15562913904,380000.0,560750.0,80.05840126536074,False,20
KT8 9,215,722500.0,934588.423255814,475000.0,1157500.0,95.32789877114004,False,20
KT9 1,331,469950.0,470197.6525679758,413250.0,535000.0,81.93819199415987,False,20
KT9 2,422,467500.0,460440.7345971564,370000.0,530000.0,81.78002190047451,False,20
L1 0,203,154950.0,146554.39408866994,112950.0,189950.0,10.390558462100012,False,20
L1 1,1,85000.0,85000.0,85000.0,85000.0,0.6691811655919212,True,20
L1 2,16,145975.0,140651.4375,123337.5,157500.0,8.614186640710548,True,20
L1 3,13,190000.0,173153.84615384616,105000.0,230000.0,19.959849130064487,True,20
L1 4,164,179450.0,167402.30487804877,105000.0,206375.0,16.44968974327777,False,20
L1 5,87,171500.0,183025.28735632185,139500.0,210975.0,14.679401387030053,False,20
L1 6,38,94750.0,89978.02631578948,45750.0,122875.0,1.1436914466480108,False,20
L1 7,13,175000.0,220884.61538461538,150500.0,277500.0,15.500669181165591,True,20
L1 8,158,164950.0,189883.81012658228,139836.0,234200.0,12.823944518797909,False,20
L1 9,14,277500.0,422607.14285714284,207000.0,600000.0,45.63815549336902,True,20
L10 0,25,200000.0,191120.0,160000.0,225000.0,22.885995863243703,False,20
L10 1,53,180000.0,183665.94339622642,115000.0,230000.0,16.912033094050372,False,20
L10 2,52,229500.0,230507.86538461538,214250.0,247875.0,31.232510037717482,False,20
L10 3,54,216000.0,210618.5185185185,186000.0,240000.0,27.412093928701786,False,20
L10 4,104,131000.0,136100.375,110000.0,155750.0,5.834043070933204,False,20
L10 6,60,217000.0,211840.75,190625.0,233125.0,27.539846696678428,False,20
L10 7,41,130000.0,129975.48780487805,120000.0,140000.0,5.493369022995498,False,20
L10 8,73,238500.0,246564.31506849316,225000.0,265000.0,33.95181895607738,False,20
L10 9,36,141250.0,152925.38888888888,120000.0,158625.0,7.78075191629152,False,20
L11 0,15,120000.0,114100.0,84000.0,142500.0,3.686579875897311,True,20
L11 1,96,175000.0,185596.77083333334,149500.0,230500.0,15.500669181165591,False,20
L11 2,72,139975.0,159153.47222222222,120000.0,206250.0,7.099403820416109,False,20
L11 3,69,130000.0,129457.95652173914,112000.0,150000.0,5.493369022995498,False,20
L11 4,66,147500.0,159683.31818181818,120000.0,180000.0,8.863608711522083,False,20
L11 5,24,150000.0,143500.0,124000.0,160250.0,9.465871760554812,False,20
L11 6,18,125000.0,122427.88888888889,115000.0,137250.0,4.4652634140406375,True,20
L11 7,45,140000.0,137136.66666666666,117000.0,152000.0,7.409660542645091,False,20
L11 8,45,164000.0,159320.02222222224,136500.0,185000.0,12.732692541671737,False,20
L11 9,46,127500.0,124336.95652173914,105000.0,147375.0,4.9762744859471955,False,20
L12 0,297,202500.0,225089.77104377103,165000.0,280000.0,23.622095145394816,False,20
L12 1,28,400000.0,455374.8214285714,263750.0,651375.0,72.52707141988076,False,20
L12 2,33,270000.0,319631.30303030304,175000.0,435000.0,43.569777345175815,False,20
L12 3,28,250000.0,253275.0,238750.0,291250.0,37.717483878817376,False,20
L12 4,102,170000.0,181512.85294117648,130000.0,211500.0,14.296143083100135,False,20
L12 5,110,245000.0,250597.72727272726,185000.0,301500.0,36.05061442997932,False,20
L12 6,43,130000.0,135395.3488372093,110000.0,156000.0,5.493369022995498,False,20
L12 7,79,185000.0,205177.21518987342,142750.0,240000.0,18.432899379486557,False,20
L12 8,93,195000.0,211592.688172043,167500.0,256000.0,21.395546903516244,False,20
L12 9,128,230000.0,229109.375,171875.0,276875.0,31.71918724905706,False,20
L13 0,59,155000.0,162137.2711864407,123500.0,185000.0,10.700815184328993,False,20
L13 1,47,109000.0,116063.82978723405,95000.0,127250.0,2.311716753863,False,20
L13 2,81,120000.0,123419.13580246913,102000.0,140000.0,3.686579875897311,False,20
L13 3,88,155500.0,154855.45454545456,120000.0,170000.0,11.011071906557977,False,20
L13 4,91,168000.0,173809.73626373627,140000.0,189250.0,13.766881615768343,False,20
L13 5,169,133000.0,133201.10059171598,109000.0,155500.0,6.071298211461248,False,20
L13 6,132,160000.0,164702.01515151514,137250.0,190000.0,11.856673561260495,False,20
L13 7,87,145000.0,149102.24137931035,111000.0,175000.0,8.316096848765056,False,20
L13 8,96,120500.0,125359.375,98375.0,145000.0,3.8690838301496533,False,20
L13 9,72,152500.0,152188.19444444444,119000.0,181250.0,10.074218274729285,False,20
L14 0,127,150000.0,152455.51181102364,124000.0,179000.0,9.465871760554812,False,20
L14 1,45,172000.0,169000.77777777778,142000.0,187000.0,14.75240296873099,False,20
L14 2,49,135000.0,141020.4081632653,123000.0,159000.0,6.3328872125562725,False,20
L14 3,77,222000.0,233344.22077922078,197500.0,267000.0,29.237133471225206,False,20
L14 4,37,115000.0,112594.5945945946,95000.0,125000.0,3.0295656405888796,False,20
L14 5,36,181475.0,209050.0,132500.0,297250.0,17.459544956807395,False,20
L14 6,85,212000.0,203442.88235294117,180000.0,225000.0,26.23190169120331,False,20
L14 7,132,215000.0,237785.60606060605,170750.0,280500.0,26.998418299063147,False,20
L14 8,93,168995.0,179509.8924731183,123000.0,239995.0,13.85813359289451,False,20
L14 9,99,165000.0,172768.60606060605,131000.0,219995.0,13.079450054751184,False,20
L15 0,96,118000.0,122049.47916666667,89750.0,150000.0,3.36415622338484,False,20
L15 1,63,114000.0,122950.0,86500.0,148025.0,2.8592286166200265,False,20
L15 2,58,140000.0,137353.44827586206,118500.0,165000.0,7.409660542645091,False,20
L15 3,97,196000.0,197091.80412371134,155000.0,225000.0,21.80313906801314,False,20
L15 4,161,138000.0,146468.39130434784,110000.0,173000.0,6.892566005596788,False,20
L15 5,74,246250.0,242452.7027027027,219250.0,261125.0,36.47645698990144,False,20
L15 6,88,300000.0,341016.8181818182,264500.0,360000.0,51.65470251855457,False,20
L15 7,117,265000.0,262615.3846153846,200000.0,312000.0,42.18274729285801,False,20
L15 8,127,185000.0,203187.75590551182,120000.0,250000.0,18.432899379486557,False,20
L15 9,66,263500.0,275229.75757575757,230000.0,323750.0,41.67173622095145,False,20
L16 0,21,550000.0,568727.1428571428,480000.0,632500.0,88.66650444092954,False,20
L16 1,52,256000.0,266830.76923076925,230000.0,285000.0,39.51818956077381,False,20
L16 2,105,295000.0,312281.4761904762,255000.0,373995.0,50.121669302834896,False,20
L16 3,68,245500.0,267378.67647058825,220000.0,296250.0,36.366954617350046,False,20
L16 4,28,319000.0,338676.14285714284,274987.5,390750.0,55.91312811777589,False,20
L16 5,46,291250.0,309382.60869565216,263125.0,348500.0,49.367319625258546,False,20
L16 6,39,250000.0,257525.64102564103,214250.0,291500.0,37.717483878817376,False,20
L16 7,50,375322.5,386676.88,333125.0,440000.0,68.60931986859715,False,20
L16 8,42,307000.0,302707.14285714284,162000.0,409000.0,53.1816522691325,False,20
L16 9,38,398750.0,411671.05263157893,297000.0,501500.0,72.12556272052562,False,20
L17 0,186,289750.0,293900.623655914,220000.0,350000.0,48.47305024942207,False,20
L17 1,13,116000.0,184002.23076923078,87000.0,300000.0,3.1755688039907533,True,20
L17 2,52,261250.0,298822.57692307694,146875.0,457850.0,41.30672831244677,False,20
L17 3,60,195000.0,260060.38333333333,150000.0,269750.0,21.395546903516244,False,20
L17 4,84,245000.0,237940.47619047618,180000.0,295000.0,36.05061442997932,False,20
L17 5,32,430000.0,476859.375,354000.0,512000.0,77.35125927728434,False,20
L17 6,144,282500.0,312052.24305555556,181500.0,421250.0,47.20160603479742,False,20
L17 7,247,250000.0,258648.57894736843,220000.0,288750.0,37.717483878817376,False,20
L17 8,150,192500.0,203666.6,149625.0,241750.0,20.68986494707385,False,20
L17 9,63,270000.0,267341.55555555556,222000.0,315000.0,43.569777345175815,False,20
L18 0,50,330000.0,365050.0,276250.0,405750.0,59.15561503832583,False,20
L18 1,241,270000.0,271843.58921161824,233000.0,300000.0,43.569777345175815,False,20
L18 2,82,367500.0,434237.64634146343,290000.0,588750.0,66.61394330210489,False,20
L18 3,146,472500.0,452158.8561643836,205750.0,621375.0,82.40053534493246,False,20
L18 4,74,415000.0,404675.36486486485,350625.0,449250.0,74.71103540576712,False,20
L18 5,105,290000.0,305746.6666666667,240000.0,357000.0,48.89280934420246,False,20
L18 6,70,472500.0,536617.5,346250.0,615000.0,82.40053534493246,False,20
L18 7,71,355000.0,349625.3521126761,288500.0,404500.0,64.21705803625746,False,20
L18 8,70,257500.0,321806.2,198125.0,397500.0,39.76761163158535,False,20
L18 9,116,379000.0,389192.2413793103,278750.0,493625.0,68.99866163766882,False,20
L19 0,93,290000.0,413533.65591397847,190000.0,580000.0,48.89280934420246,False,20
L19 1,133,200000.0,200239.2105263158,161000.0,238000.0,22.885995863243703,False,20
L19 2,135,162000.0,178041.7925925926,114500.0,209000.0,12.40418542401752,False,20
L19 3,105,325000.0,307649.6476190476,163500.0,400000.0,57.99367319625258,False,20
L19 4,106,236500.0,259599.1603773585,210000.0,269500.0,33.70239688526585,False,20
L19 5,39,205000.0,215620.76923076922,186750.0,250000.0,24.20610779900231,False,20
L19 6,32,223500.0,235456.25,192000.0,270500.0,29.54739019345419,False,20
L19 7,52,317000.0,329936.53846153844,280000.0,365000.0,55.56637060469644,False,20
L19 8,80,154500.0,162088.125,120000.0,192500.0,10.372308066674778,False,20
L19 9,113,385000.0,387524.18584070797,315000.0,460000.0,70.2214381311595,False,20
L2 0,9,101000.0,118916.66666666667,80000.0,150000.0,1.7642048911059738,True,20
L2 2,26,113250.0,117820.0,79155.0,166875.0,2.8105608954860686,False,20
L2 3,3,124000.0,131316.66666666666,112000.0,146975.0,4.142839761528166,True,20
L2 5,8,83250.0,88687.5,77500.0,110000.0,0.5840126536074949,True,20
L2 7,5,110000.0,126300.0,100000.0,125000.0,2.463803382406619,True,20
L2 8,6,111250.0,109583.33333333333,85000.0,128125.0,2.6402238715172164,True,20
L2 9,3,145000.0,146000.0,144000.0,147500.0,8.316096848765056,True,20
L20 0,64,135000.0,143551.75,120000.0,158500.0,6.3328872125562725,False,20
L20 2,52,95000.0,99817.30769230769,81125.0,120000.0,1.228859958632437,False,20
L20 3,51,96000.0,101176.4705882353,65000.0,131250.0,1.326195400900353,False,20
L20 4,121,90000.0,96071.20661157025,70000.0,115000.0,0.9246867015452002,False,20
L20 5,61,110000.0,104013.44262295082,90000.0,120000.0,2.463803382406619,False,20
L20 6,198,175000.0,176195.398989899,150000.0,200000.0,15.500669181165591,False,20
L20 7,58,127625.0,126211.72413793103,80500.0,160000.0,5.024942207081153,False,20
L20 8,2,112500.0,112500.0,96250.0,128750.0,2.755809709210366,True,20
L20 9,173,130000.0,144567.86705202312,112000.0,175000.0,5.493369022995498,False,20
L21 0,49,128000.0,130592.85714285714,110500.0,154000.0,5.085776858498601,False,20
L21 1,75,139950.0,148602.66666666666,121250.0,173750.0,7.068986494707385,False,20
L21 2,33,152500.0,150490.9090909091,130000.0,178000.0,10.074218274729285,False,20
L21 3,15,105000.0,127102.66666666667,78500.0,162020.0,1.96495924078355,True,20
L21 4,28,106750.0,108532.14285714286,91000.0,127000.0,2.1657135904611264,False,20
L21 5,60,213000.0,212940.83333333334,181875.0,243500.0,26.487407227156588,False,20
L21 6,29,130000.0,120224.4827586207,112500.0,140000.0,5.493369022995498,False,20
L21 7,64,165000.0,165640.625,147500.0,185750.0,13.079450054751184,False,20
L21 8,187,193996.0,196565.17112299465,108000.0,268495.0,20.914953157318408,False,20
L21 9,162,165000.0,177508.53086419753,137625.0,203750.0,13.079450054751184,False,20
L22 0,96,167975.0,177853.3125,126750.0,222375.0,13.712130429492639,False,20
L22 1,54,117500.0,158987.03703703705,102125.0,186875.0,3.2850711765421585,False,20
L22 2,74,260000.0,264386.75675675675,236250.0,291500.0,40.716632193697535,False,20
L22 3,66,194000.0,223135.60606060605,150000.0,250000.0,20.94537048302713,False,20
L22 4,72,210000.0,228333.70833333334,175750.0,252500.0,25.6053047816036,False,20
L22 5,37,160000.0,189087.83783783784,125000.0,215000.0,11.856673561260495,False,20
L22 6,63,220000.0,234961.19047619047,201250.0,272777.5,28.555785375349803,False,20
L22 7,35,230000.0,257451.57142857142,169000.0,326000.0,31.71918724905706,False,20
L22 8,40,237500.0,282425.0,160000.0,323750.0,33.79364886239202,False,20
L22 9,43,230000.0,225818.37209302327,205000.0,251000.0,31.71918724905706,False,20
L23 0,196,262250.0,272119.79591836734,224000.0,312750.0,41.4466480107069,False,20
L23 1,138,248000.0,258294.4927536232,205500.0,289172.5,36.768463316705194,False,20
L23 2,134,320000.0,342740.25373134325,250000.0,376875.0,56.54580849251734,False,20
L23 3,105,276000.0,286375.73333333334,200000.0,360000.0,45.388733422557486,False,20
L23 4,96,399995.0,388793.4895833333,329998.75,455625.0,72.22289816279353,False,20
L23 5,92,215000.0,241442.66304347827,179500.0,273625.0,26.998418299063147,False,20
L23 6,172,225000.0,294189.24418604653,167000.0,321250.0,30.143569777345174,False,20
L23 7,118,373750.0,394723.22033898305,310750.0,457250.0,67.70288356247718,False,20
L23 8,83,520000.0,500134.0963855422,189650.0,688000.0,86.67721133957902,False,20
L23 9,174,275000.0,275837.8333333333,210000.0,331500.0,44.84730502494221,False,20
L24 0,50,155000.0,152121.5,120000.0,188750.0,10.700815184328993,False,20
L24 1,58,212500.0,201793.0172413793,172000.0,236875.0,26.40832218031391,False,20
L24 2,67,136000.0,136533.58208955225,117625.0,155625.0,6.527558097092104,False,20
L24 3,58,137000.0,131567.8620689655,110500.0,160000.0,6.630977004501765,False,20
L24 4,36,256250.0,345361.1111111111,211250.0,439875.0,39.56077381676603,False,20
L24 5,25,310500.0,413255.44,242000.0,475000.0,54.36792797177272,False,20
L24 6,19,125000.0,119657.8947368421,81500.0,137500.0,4.4652634140406375,True,20
L24 7,22,140500.0,136236.36363636365,123687.5,163000.0,7.719917264874073,False,20
L24 8,2,169000.0,169000.0,163500.0,174500.0,13.888550918603237,True,20
L24 9,78,157050.0,145914.7435897436,92750.0,183375.0,11.193575860810318,False,20
L25 0,126,251750.0,261618.24603174604,213500.0,310000.0,38.34408078841708,False,20
L25 1,57,200000.0,229727.19298245615,174700.0,295000.0,22.885995863243703,False,20
L25 2,102,177500.0,180514.21568627452,140000.0,235000.0,16.169850346757514,False,20
L25 3,96,203750.0,237685.41666666666,165000.0,280937.5,23.822849495072393,False,20
L25 4,142,370000.0,438635.5633802817,300000.0,523750.0,67.1067039785862,False,20
L25 5,156,226000.0,264387.53205128206,164375.0,341250.0,30.630246988684757,False,20
L25 6,102,432500.0,459042.1568627451,228750.0,611500.0,77.69193332522205,False,20
L25 7,161,300000.0,371357.6397515528,215000.0,530000.0,51.65470251855457,False,20
L25 8,148,275250.0,285794.25675675675,243375.0,323312.5,45.28531451514783,False,20
L25 9,124,220000.0,221309.0483870968,178750.0,250000.0,28.555785375349803,False,20
L26 0,310,299000.0,301791.3870967742,253370.0,359746.25,50.906436306119964,False,20
L26 1,109,191000.0,185502.29357798165,150000.0,220000.0,20.483027132254534,False,20
L26 2,9,200000.0,203777.77777777778,160000.0,235000.0,22.885995863243703,True,20
L26 5,9,582500.0,623611.1111111111,475000.0,850000.0,90.78355031025673,True,20
L26 6,187,365995.0,374832.2139037433,293585.0,445997.5,66.37060469643508,False,20
L26 7,175,220000.0,233292.89142857143,185000.0,270000.0,28.555785375349803,False,20
L26 9,70,180000.0,191485.0,158500.0,216750.0,16.912033094050372,False,20
L27 0,9,191500.0,187166.66666666666,180000.0,192000.0,20.519527923105,True,20
L27 1,38,181500.0,180692.15789473685,150750.0,220000.0,17.496045747657867,False,20
L27 4,19,160000.0,154941.42105263157,130500.0,196000.0,11.856673561260495,True,20
L27 5,34,120000.0,124226.4705882353,101250.0,130750.0,3.686579875897311,False,20
L27 6,24,138050.0,138621.25,121800.0,159250.0,6.971651052439469,False,20
L27 7,19,152500.0,142134.2105263158,127000.0,162750.0,10.074218274729285,True,20
L27 8,16,128000.0,127562.5,113750.0,142750.0,5.085776858498601,True,20
L28 0,19,121500.0,119336.78947368421,110000.0,132250.0,3.9055846210001217,True,20
L28 1,26,126250.0,130365.38461538461,110000.0,150000.0,4.842438252828811,False,20
L28 3,6,154500.0,159833.33333333334,121000.0,192500.0,10.372308066674778,True,20
L28 4,13,120000.0,126115.38461538461,100000.0,146000.0,3.686579875897311,True,20
L28 5,3,112500.0,109166.66666666667,106250.0,113750.0,2.755809709210366,True,20
L28 6,12,102500.0,100500.0,87250.0,112500.0,1.8372064728069109,True,20
L28 7,13,115000.0,115230.76923076923,110000.0,120000.0,3.0295656405888796,True,20
L28 8,10,110000.0,109800.0,103500.0,115000.0,2.463803382406619,True,20
L29 7,7,290000.0,272571.4285714286,281500.0,312500.0,48.89280934420246,True,20
L29 8,1,315000.0,315000.0,315000.0,315000.0,55.170945370483025,True,20
L29 9,3,410000.0,431666.6666666667,380000.0,472500.0,73.84109989049763,True,20
L3 0,124,235500.0,259109.95967741936,171948.0,320698.5,33.586811047572695,False,20
L3 1,82,188475.0,207770.48780487804,150625.0,218750.0,19.345419150748267,False,20
L3 2,25,100000.0,111720.0,90000.0,115000.0,1.648619053412824,False,20
L3 3,15,99250.0,132134.93333333332,77500.0,196250.0,1.5208662854361845,True,20
L3 4,209,179000.0,208305.44976076554,156000.0,240000.0,16.4131889524273,False,20
L3 5,28,125000.0,117455.0,62875.0,140000.0,4.4652634140406375,False,20
L3 6,102,153829.5,157910.5980392157,118500.0,185150.0,10.293223019832096,False,20
L3 8,30,135500.0,146883.33333333334,101250.0,153750.0,6.49714077138338,False,20
L3 9,62,160750.0,176687.43548387097,128125.0,195000.0,12.227764934906924,False,20
L30 0,47,119950.0,119408.51063829787,105000.0,131250.0,3.4858255262197346,False,20
L30 1,94,168500.0,165912.44680851063,135500.0,197077.5,13.827716267185789,False,20
L30 2,74,141500.0,140154.72972972973,125750.0,155750.0,7.799002311716754,False,20
L30 3,74,153500.0,146627.7027027027,132250.0,170000.0,10.256722228981628,False,20
L30 5,65,126000.0,127806.21538461538,120000.0,145000.0,4.793770531694854,False,20
L30 6,7,175000.0,173928.57142857142,135000.0,217500.0,15.500669181165591,True,20
L30 7,85,187000.0,200992.29411764705,166500.0,220000.0,19.041245893661028,False,20
L30 8,46,179975.0,191031.52173913043,160000.0,221000.0,16.492273999269987,False,20
L30 9,20,137500.0,137500.0,116250.0,165000.0,6.764813237620149,False,20
L31 0,106,240000.0,236335.00943396226,211250.0,267625.0,34.59058279596058,False,20
L31 1,370,259598.0,265334.6810810811,200000.0,319998.75,40.19953765664923,False,20
L31 2,230,222250.0,226265.67826086958,155500.0,275000.0,29.322301983209638,False,20
L31 3,57,280000.0,283788.29824561405,210000.0,330000.0,46.40467210122886,False,20
L31 4,79,280000.0,323624.6835443038,227500.0,370000.0,46.40467210122886,False,20
L31 5,108,206000.0,211198.14814814815,176750.0,247375.0,24.619783428640954,False,20
L31 6,130,221000.0,227110.0,185000.0,250000.0,29.13979802895729,False,20
L31 7,120,258500.0,264242.3,219950.0,311250.0,39.992699841829904,False,20
L31 8,96,259975.0,272936.9791666667,224625.0,295000.0,40.24820537778319,False,20
L31 9,162,235000.0,239583.55555555556,210000.0,261500.0,33.14271809222533,False,20
L32 0,79,138000.0,150325.94936708861,119000.0,173750.0,6.892566005596788,False,20
L32 1,79,197000.0,212110.1265822785,180750.0,246250.0,21.936975301131525,False,20
L32 2,76,165000.0,170284.5394736842,124250.0,208487.5,13.079450054751184,False,20
L32 3,27,145000.0,161109.25925925927,122000.0,213750.0,8.316096848765056,False,20
L32 4,64,130000.0,128093.75,119625.0,142750.0,5.493369022995498,False,20
L32 5,20,113500.0,115800.0,102500.0,141250.0,2.828811290911303,False,20
L32 6,31,115000.0,111177.41935483871,104000.0,130000.0,3.0295656405888796,False,20
L32 7,39,125000.0,126983.33333333333,111250.0,145000.0,4.4652634140406375,False,20
L32 8,30,129250.0,139545.46666666667,112750.0,156500.0,5.183112300766517,False,20
L32 9,101,158100.0,182628.72277227722,121000.0,245000.0,11.37607981506266,False,20
L33 0,17,117500.0,117882.35294117648,100000.0,135000.0,3.2850711765421585,True,20
L33 1,119,158000.0,165279.79831932773,130500.0,196500.0,11.315245163645212,False,20
L33 2,67,165000.0,171179.25373134328,125000.0,220000.0,13.079450054751184,False,20
L33 3,3,550000.0,548333.3333333334,390000.0,707500.0,88.66650444092954,True,20
L33 4,177,182000.0,193455.90395480226,155000.0,220000.0,17.599464655067525,False,20
L33 5,27,126000.0,129546.29629629629,115000.0,145000.0,4.793770531694854,False,20
L33 6,24,114500.0,117177.08333333333,103750.0,130500.0,2.8896459423287504,False,20
L33 7,10,160000.0,175350.0,150000.0,175750.0,11.856673561260495,True,20
L33 8,19,120000.0,108365.78947368421,91500.0,135000.0,3.686579875897311,True,20
L33 9,24,123500.0,122924.91666666667,107250.0,141250.0,4.100255505535953,False,20
L34 0,76,205000.0,261522.3552631579,149500.0,342500.0,24.20610779900231,False,20
L34 1,160,249225.0,269845.19375,227500.0,319995.0,36.97530113152452,False,20
L34 2,148,249249.5,287761.77702702704,184650.25,320625.0,36.987468061808,False,20
L34 3,161,280995.0,277855.3291925466,244995.0,337246.0,46.91568317313542,False,20
L34 4,55,258995.0,272905.38181818184,222997.5,317750.0,40.10220221438131,False,20
L34 5,93,113000.0,133529.51612903227,97500.0,174000.0,2.7923105000608346,False,20
L34 6,68,128210.0,175026.0294117647,111275.0,186750.0,5.134444579632558,False,20
L34 7,4,313500.0,318000.0,301250.0,330250.0,54.757269740844386,True,20
L34 8,6,632500.0,539333.3333333334,323750.0,727500.0,92.96751429614308,True,20
L34 9,6,337500.0,374166.6666666667,288750.0,453750.0,60.80423409173865,True,20
L35 0,114,255000.0,303210.9210526316,196375.0,364500.0,39.068013140284705,False,20
L35 1,181,284995.0,297286.2430939227,240000.0,354995.0,47.46319503589245,False,20
L35 2,60,160000.0,162345.83333333334,143750.0,175000.0,11.856673561260495,False,20
L35 3,301,171000.0,192905.41860465117,140000.0,242246.0,14.655067526463073,False,20
L35 4,92,220000.0,222237.5,177250.0,251250.0,28.555785375349803,False,20
L35 5,128,142250.0,146797.2734375,121500.0,169250.0,7.872003893417691,False,20
L35 6,48,263000.0,345785.4166666667,218750.0,434250.0,41.598734639250516,False,20
L35 7,130,256750.0,250348.5,205000.0,290000.0,39.61552500304173,False,20
L35 8,95,170000.0,175638.94736842104,140000.0,202500.0,14.296143083100135,False,20
L35 9,58,225000.0,234451.72413793104,200000.0,250000.0,30.143569777345174,False,20
L36 0,123,155000.0,176524.39024390245,125500.0,192500.0,10.700815184328993,False,20
L36 1,102,160000.0,180217.1568627451,138500.0,220750.0,11.856673561260495,False,20
L36 2,131,144000.0,145932.4427480916,120000.0,169000.0,8.030173987103053,False,20
L36 3,107,145000.0,147329.43925233645,120000.0,165000.0,8.316096848765056,False,20
L36 4,250,217750.0,231780.536,165000.0,280000.0,27.728434116072513,False,20
L36 5,151,245000.0,252960.5894039735,206500.0,285000.0,36.05061442997932,False,20
L36 6,89,155000.0,156204.20224719102,120000.0,180000.0,10.700815184328993,False,20
L36 7,98,145000.0,164632.6530612245,130250.0,185000.0,8.316096848765056,False,20
L36 8,272,185997.5,188616.71323529413,149246.25,223245.0,18.834408078841708,False,20
L36 9,76,235000.0,226184.2105263158,165000.0,273500.0,33.14271809222533,False,20
L37 0,4,406000.0,456750.0,325250.0,537500.0,73.2935880277406,True,20
L37 1,110,442500.0,532886.3636363636,360000.0,548125.0,79.02421219126414,False,20
L37 2,236,381500.0,427149.3813559322,320000.0,480000.0,69.71042705925295,False,20
L37 3,220,290000.0,349190.90454545454,206500.0,431250.0,48.89280934420246,False,20
L37 4,100,280000.0,312532.04,217375.0,370500.0,46.40467210122886,False,20
L37 5,3,285000.0,278333.3333333333,272500.0,287500.0,47.773451758121425,True,20
L37 6,256,275250.0,311619.41796875,234200.0,354812.5,45.28531451514783,False,20
L37 7,129,370000.0,508845.57364341087,290000.0,525000.0,67.1067039785862,False,20
L37 8,87,249900.0,256641.0459770115,230000.0,283000.0,37.011801922374985,False,20
L38 0,26,320000.0,354173.07692307694,272500.0,411625.0,56.54580849251734,False,20
L38 1,8,276000.0,318289.0,226500.0,410234.0,45.388733422557486,True,20
L38 3,9,630000.0,645055.5555555555,608500.0,675000.0,92.87626231901692,True,20
L38 5,1,150000.0,150000.0,150000.0,150000.0,9.465871760554812,True,20
L38 6,6,230000.0,289166.6666666667,190000.0,243750.0,31.71918724905706,True,20
L38 9,39,320000.0,339974.358974359,275000.0,382250.0,56.54580849251734,False,20
L39 0,39,300000.0,307024.358974359,200000.0,395000.0,51.65470251855457,False,20
L39 1,201,209995.0,218709.65174129352,172500.0,260000.0,25.124711035405767,False,20
L39 2,130,234000.0,267637.6538461539,192000.0,310000.0,32.6621243460275,False,20
L39 3,122,258500.0,282929.368852459,210500.0,314375.0,39.992699841829904,False,20
L39 4,215,249000.0,294010.79069767444,188750.0,347500.0,36.94488380581579,False,20
L39 5,213,355000.0,449216.27230046946,286333.0,490000.0,64.21705803625746,False,20
L39 6,87,360000.0,441161.2643678161,244500.0,550000.0,65.14174473780265,False,20
L39 7,59,338000.0,426190.6779661017,227500.0,562500.0,60.877235673439586,False,20
L39 8,47,401000.0,439956.3829787234,327500.0,493750.0,72.85557853753498,False,20
L39 9,5,370000.0,380500.0,330000.0,450000.0,67.1067039785862,True,20
L4 0,63,105000.0,119386.50793650794,80000.0,138500.0,1.96495924078355,False,20
L4 1,77,122000.0,134076.55844155845,91000.0,165000.0,3.9299184815671,False,20
L4 2,148,105000.0,109110.06756756757,86125.0,128487.5,1.96495924078355,False,20
L4 3,85,110000.0,107265.50588235294,85000.0,132000.0,2.463803382406619,False,20
L4 4,118,95250.0,101738.30508474576,77625.0,124375.0,1.3140284706168635,False,20
L4 5,161,95000.0,98893.60248447205,76000.0,119950.0,1.228859958632437,False,20
L4 6,64,130000.0,137195.9375,109375.0,160625.0,5.493369022995498,False,20
L4 7,88,140000.0,144648.85227272726,120562.5,170000.0,7.409660542645091,False,20
L4 8,55,155000.0,149303.63636363635,126500.0,174000.0,10.700815184328993,False,20
L4 9,84,141250.0,138176.7857142857,124250.0,157250.0,7.78075191629152,False,20
L40 0,109,300000.0,316632.80733944953,222500.0,405000.0,51.65470251855457,False,20
L40 1,89,325000.0,382910.40449438203,243000.0,462500.0,57.99367319625258,False,20
L40 2,49,433000.0,506107.14285714284,270000.0,645000.0,77.77710183720647,False,20
L40 3,32,454000.0,500904.53125,365500.0,586633.75,80.59982966297603,False,20
L40 4,62,238500.0,270428.5483870968,201250.0,337500.0,33.95181895607738,False,20
L40 5,172,220000.0,250106.9476744186,171875.0,280500.0,28.555785375349803,False,20
L40 6,48,333000.0,395187.5,230250.0,496875.0,59.87346392505171,False,20
L40 7,378,285000.0,294737.22222222225,218125.0,365000.0,47.773451758121425,False,20
L40 8,21,350000.0,422142.85714285716,227500.0,625000.0,63.219369753011314,False,20
L40 9,84,375500.0,386456.09523809527,278750.0,476245.0,68.62757026402238,False,20
L5 0,20,131500.0,134125.0,121500.0,138625.0,5.876627326925417,False,20
L5 1,32,171500.0,177656.78125,154250.0,190000.0,14.679401387030053,False,20
L5 2,43,199950.0,181645.11627906977,165600.0,200000.0,22.314150139919697,False,20
L5 3,45,80000.0,95102.22222222222,57000.0,114950.0,0.4988441416230685,False,20
L5 4,35,145000.0,135041.42857142858,100000.0,165000.0,8.316096848765056,False,20
L5 5,16,52500.0,83747.25,50000.0,128000.0,0.07300158170093686,True,20
L5 6,44,95000.0,106612.5,75750.0,123875.0,1.228859958632437,False,20
L5 7,82,103995.0,105090.0731707317,80000.0,134983.75,1.8737072636573795,False,20
L5 8,11,125000.0,121982.54545454546,98692.0,147500.0,4.4652634140406375,True,20
L5 9,16,167322.5,172509.0625,152250.0,187500.0,13.602628056941235,True,20
L6 0,230,189995.0,170347.61304347825,115000.0,203995.0,19.534006570142353,False,20
L6 1,360,95022.5,99965.77222222222,90000.0,101575.0,1.3018615403333738,False,20
L6 2,37,170000.0,161695.94594594595,131800.0,194000.0,14.296143083100135,False,20
L6 3,26,110750.0,134634.42307692306,90250.0,161250.0,2.579389220099769,False,20
L6 4,143,100000.0,111919.23076923077,80000.0,135000.0,1.648619053412824,False,20
L6 5,66,106000.0,109668.93939393939,79062.5,134000.0,2.086628543618445,False,20
L6 6,88,105000.0,110285.22727272728,85000.0,130875.0,1.96495924078355,False,20
L6 7,5,65000.0,76000.0,65000.0,70000.0,0.2068378148193211,True,20
L6 8,45,170000.0,200435.53333333333,130000.0,252000.0,14.296143083100135,False,20
L6 9,21,138000.0,144095.2380952381,125000.0,150000.0,6.892566005596788,False,20
L7 0,90,135000.0,192419.8111111111,115625.0,176125.0,6.3328872125562725,False,20
L7 1,33,220000.0,218107.57575757575,185000.0,250500.0,28.555785375349803,False,20
L7 2,24,135000.0,132789.70833333334,104500.0,171250.0,6.3328872125562725,False,20
L7 3,35,107500.0,104517.14285714286,100000.0,117500.0,2.2265482418785743,False,20
L7 4,14,110000.0,100482.14285714286,42687.5,133750.0,2.463803382406619,True,20
L7 5,7,183000.0,168785.7142857143,130000.0,220000.0,17.891470981871276,True,20
L7 6,60,120000.0,123731.86666666667,83750.0,167625.0,3.686579875897311,False,20
L7 7,17,152000.0,167629.41176470587,135000.0,197000.0,9.952548971894391,True,20
L7 8,38,130000.0,145881.18421052632,111250.0,163250.0,5.493369022995498,False,20
L7 9,18,131000.0,134569.44444444444,107500.0,144250.0,5.834043070933204,True,20
L8 0,106,106000.0,132696.2358490566,75750.0,150750.0,2.086628543618445,False,20
L8 1,13,130000.0,131884.61538461538,120000.0,145000.0,5.493369022995498,True,20
L8 2,18,133000.0,136250.0,120500.0,161500.0,6.071298211461248,True,20
L8 3,68,170875.0,207189.45588235295,134106.5,221250.0,14.636817131037837,False,20
L8 4,111,142500.0,139650.57657657657,125000.0,160000.0,7.920671614551648,False,20
L8 5,202,146950.0,152249.02475247523,126075.0,182987.5,8.711522082978465,False,20
L8 6,46,150750.0,147681.84782608695,99237.5,190000.0,9.861296994768221,False,20
L8 7,63,220000.0,298515.873015873,127500.0,330000.0,28.555785375349803,False,20
L8 8,49,132000.0,131375.51020408163,110000.0,152500.0,5.931378513201119,False,20
L8 9,87,145000.0,148641.85057471265,128750.0,168500.0,8.316096848765056,False,20
L9 0,131,145000.0,151783.35877862596,120000.0,167500.0,8.316096848765056,False,20
L9 1,140,107750.0,119524.6,76987.5,152000.0,2.2387151721620637,False,20
L9 2,92,145000.0,143470.34782608695,116500.0,170000.0,8.316096848765056,False,20
L9 3,99,155000.0,157691.91919191918,135000.0,172000.0,10.700815184328993,False,20
L9 4,28,175000.0,178366.07142857142,120500.0,245000.0,15.500669181165591,False,20
L9 5,11,70000.0,70750.0,65000.0,74250.0,0.24333860566978952,True,20
L9 6,115,140000.0,146855.4347826087,104000.0,192000.0,7.409660542645091,False,20
L9 7,19,240000.0,210763.15789473685,98000.0,307500.0,34.59058279596058,True,20
L9 8,155,172500.0,187001.90322580645,144000.0,233000.0,14.849738410998906,False,20
L9 9,198,145000.0,160591.64141414143,125000.0,190000.0,8.316096848765056,False,20
LA1 1,195,138000.0,167566.86153846153,100000.0,174250.0,6.892566005596788,False,20
LA1 2,378,150000.0,163192.89682539683,125000.0,195000.0,9.465871760554812,False,20
LA1 3,522,174350.0,209802.7969348659,143125.0,251725.0,15.12349434237742,False,20
LA1 4,521,217500.0,233133.58541266795,162000.0,280000.0,27.661515999513327,False,20
LA1 5,480,195000.0,247923.03541666668,145000.0,290000.0,21.395546903516244,False,20
LA10 5,170,285000.0,341990.55294117646,220000.0,423750.0,47.773451758121425,False,20
LA11 6,219,300000.0,330171.0684931507,208250.0,436020.0,51.65470251855457,False,20
LA11 7,362,280000.0,304510.55524861877,209250.0,375000.0,46.40467210122886,False,20
LA12 0,282,248750.0,280773.1170212766,180000.0,353750.0,36.89621608468183,False,20
LA12 7,236,241750.0,283076.01271186443,185000.0,350000.0,35.2597639615525,False,20
LA12 8,96,385000.0,509376.3020833333,250000.0,545500.0,70.2214381311595,False,20
LA12 9,386,278250.0,296705.5906735751,205750.0,375000.0,45.80240905219613,False,20
LA13 0,388,230000.0,238018.15721649484,170000.0,280000.0,31.71918724905706,False,20
LA13 9,439,158000.0,191977.8041002278,112000.0,250000.0,11.315245163645212,False,20
LA14 1,125,72500.0,81515.44,55000.0,95000.0,0.2676724662367685,False,20
LA14 2,221,80000.0,85682.48416289593,65000.0,97000.0,0.4988441416230685,False,20
LA14 3,509,145000.0,160188.6463654224,115000.0,186050.0,8.316096848765056,False,20
LA14 4,279,250000.0,277409.0071684588,199975.0,332500.0,37.717483878817376,False,20
LA14 5,560,126750.0,143014.57857142857,96875.0,173000.0,4.866772113395791,False,20
LA15 8,439,150000.0,169691.77676537586,118000.0,205000.0,9.465871760554812,False,20
LA16 7,176,230000.0,243165.05681818182,134375.0,298937.5,31.71918724905706,False,20
LA17 7,52,255000.0,287586.53846153844,210000.0,338750.0,39.068013140284705,False,20
LA18 4,224,114750.0,138411.50892857142,77000.0,173875.0,2.907896337753985,False,20
LA18 5,134,150000.0,176190.8208955224,115000.0,210000.0,9.465871760554812,False,20
LA19 5,29,150000.0,206762.06896551725,125000.0,257000.0,9.465871760554812,False,20
LA2 0,177,227500.0,275075.81920903956,173000.0,344995.0,30.91616985034676,False,20
LA2 6,275,295000.0,329398.50181818183,238750.0,390000.0,50.121669302834896,False,20
LA2 7,163,229000.0,274237.6687116564,175000.0,346500.0,31.183842316583526,False,20
LA2 8,118,410000.0,442064.23728813557,310625.0,570000.0,73.84109989049763,False,20
LA2 9,182,295000.0,357249.3901098901,215500.0,448750.0,50.121669302834896,False,20
LA20 6,33,300000.0,373287.8484848485,243000.0,457500.0,51.65470251855457,False,20
LA21 8,45,395000.0,416611.1111111111,250000.0,525000.0,71.68146976517824,False,20
LA22 0,88,467500.0,549332.7727272727,353750.0,635500.0,81.78002190047451,False,20
LA22 9,108,490250.0,582953.9166666666,280250.0,740544.75,84.25599221316462,False,20
LA23 1,101,390000.0,548845.8910891089,250000.0,741000.0,70.97578780873586,False,20
LA23 2,147,345000.0,408983.4149659864,250000.0,467000.0,62.16084681834773,False,20
LA23 3,90,452500.0,616285.9555555555,314750.0,762500.0,80.56332887212557,False,20
LA3 1,341,155000.0,164055.7184750733,123000.0,182000.0,10.700815184328993,False,20
LA3 2,450,201125.0,210459.20888888888,156000.0,250000.0,23.45784158656771,False,20
LA3 3,267,203000.0,224891.7415730337,157750.0,259000.0,23.749847913371454,False,20
LA4 4,283,166000.0,164716.8339222615,137000.0,189975.0,13.414040637547147,False,20
LA4 5,337,146000.0,167152.19584569734,120000.0,190000.0,8.644603966419274,False,20
LA4 6,511,225000.0,226706.26810176126,175000.0,271000.0,30.143569777345174,False,20
LA5 0,209,385000.0,403921.009569378,287500.0,490000.0,70.2214381311595,False,20
LA5 8,175,260000.0,288050.84571428574,213750.0,344000.0,40.716632193697535,False,20
LA5 9,433,205000.0,238986.87759815244,155000.0,296495.0,24.20610779900231,False,20
LA6 1,246,307500.0,329888.3739837398,218000.0,400000.0,53.26682078111692,False,20
LA6 2,209,410000.0,501514.44497607654,272000.0,635000.0,73.84109989049763,False,20
LA6 3,135,257000.0,331153.98518518516,190300.0,417500.0,39.66419272417569,False,20
LA7 7,185,325000.0,353316.4162162162,220000.0,425000.0,57.99367319625258,False,20
LA8 0,136,412602.0,411238.17647058825,286187.5,495000.0,74.30344324127023,False,20
LA8 8,115,380000.0,450638.62608695653,270000.0,540000.0,69.34541915074827,False,20
LA8 9,117,375000.0,439893.58974358975,285000.0,545000.0,68.18956077381677,False,20
LA9 4,303,204100.0,234133.97689768978,144500.0,293950.0,23.87151721620635,False,20
LA9 5,490,281875.0,332802.32040816324,215000.0,441875.0,47.03735247597031,False,20
LA9 6,370,250000.0,285904.4081081081,195000.0,350000.0,37.717483878817376,False,20
LA9 7,507,285000.0,302090.97238658776,220000.0,350000.0,47.773451758121425,False,20
LD1 5,233,225000.0,227794.2017167382,149000.0,280000.0,30.143569777345174,False,20
LD1 6,167,232500.0,254828.7365269461,166750.0,321250.0,32.516121182625625,False,20
LD2 3,176,250000.0,274560.76704545453,177125.0,350000.0,37.717483878817376,False,20
LD3 0,108,275250.0,330856.01851851854,220000.0,390000.0,45.28531451514783,False,20
LD3 7,215,282000.0,297553.1395348837,181250.0,385000.0,47.086020197104276,False,20
LD3 8,132,237500.0,275208.4015151515,188000.0,312750.0,33.79364886239202,False,20
LD3 9,178,282000.0,295949.67415730335,205000.0,345000.0,47.086020197104276,False,20
LD4 4,33,218000.0,244680.30303030304,175000.0,300000.0,27.83185302348218,False,20
LD5 4,54,287500.0,285138.8888888889,167500.0,361250.0,48.290546295169726,False,20
LD6 5,91,215000.0,234727.14285714287,155450.0,282500.0,26.998418299063147,False,20
LD7 1,146,245500.0,269674.2808219178,176250.0,320000.0,36.366954617350046,False,20
LD8 2,167,296490.0,319711.5868263473,230000.0,350000.0,50.55359532789877,False,20
LE1 1,51,120000.0,133042.03921568627,94500.0,160000.0,3.686579875897311,False,20
LE1 2,17,145000.0,148588.23529411765,122000.0,165000.0,8.316096848765056,True,20
LE1 3,24,82500.0,89583.33333333333,70000.0,95000.0,0.5657622581822606,False,20
LE1 4,24,127750.0,124147.95833333333,105000.0,138125.0,5.037109137364642,False,20
LE1 5,10,170000.0,169200.0,122000.0,187500.0,14.296143083100135,True,20
LE1 6,44,150750.0,173653.4090909091,113750.0,227000.0,9.861296994768221,False,20
LE1 7,12,242672.5,238445.41666666666,204500.0,311750.0,35.417934055237865,True,20
LE10 0,956,235000.0,237846.28242677826,190000.0,275000.0,33.14271809222533,False,20
LE10 1,568,250000.0,269499.5140845071,180000.0,343500.0,37.717483878817376,False,20
LE10 2,746,291000.0,329549.38873994636,235000.0,394995.0,49.33690229954982,False,20
LE10 3,314,323000.0,346469.16878980893,268850.0,395000.0,57.367076286652875,False,20
LE11 1,322,185000.0,187785.97204968944,152875.0,225000.0,18.432899379486557,False,20
LE11 2,596,260000.0,282076.4781879195,217375.0,330250.0,40.716632193697535,False,20
LE11 3,300,331000.0,364429.5366666667,275000.0,420375.0,59.64229224966541,False,20
LE11 4,297,212000.0,232060.68013468012,180000.0,275000.0,26.23190169120331,False,20
LE11 5,250,220000.0,221890.768,180000.0,250000.0,28.555785375349803,False,20
LE12 5,424,345000.0,382464.7641509434,260000.0,449996.25,62.16084681834773,False,20
LE12 6,626,322998.0,350054.65015974443,260000.0,410000.0,57.33057549580241,False,20
LE12 7,994,254000.0,280119.45674044266,215000.0,325000.0,38.642170580362574,False,20
LE12 8,782,317725.0,394144.39769820974,257000.0,450000.0,55.724540698381794,False,20
LE12 9,813,242000.0,267105.7995079951,195000.0,320000.0,35.3145151478282,False,20
LE13 0,813,250000.0,266162.41820418206,200000.0,315000.0,37.717483878817376,False,20
LE13 1,805,249950.0,264921.2186335404,206000.0,307495.0,37.04830271322545,False,20
LE14 2,265,417000.0,434343.09433962265,293000.0,500000.0,75.13079450054751,False,20
LE14 3,406,280000.0,354024.79556650243,218187.5,434500.0,46.40467210122886,False,20
LE14 4,260,389000.0,422950.5346153846,268750.0,529962.5,70.66553108650687,False,20
LE15 6,598,297500.0,344221.20568561874,227625.0,410000.0,50.71784888672588,False,20
LE15 7,399,320000.0,399033.5313283208,249000.0,462500.0,56.54580849251734,False,20
LE15 8,231,490000.0,611457.2251082251,315500.0,780000.0,84.0917386543375,False,20
LE15 9,347,377000.0,454878.23342939484,272500.0,537000.0,68.74315610171554,False,20
LE16 7,880,370000.0,412422.3806818182,275000.0,475000.0,67.1067039785862,False,20
LE16 8,551,399995.0,467187.65698729584,305250.0,575000.0,72.22289816279353,False,20
LE16 9,981,325000.0,358005.3088685015,244965.0,430000.0,57.99367319625258,False,20
LE17 4,535,310000.0,334069.2803738318,248000.0,404975.0,53.948168876992334,False,20
LE17 5,220,442500.0,491301.9318181818,320000.0,626250.0,79.02421219126414,False,20
LE17 6,229,367000.0,454717.13973799127,280000.0,517000.0,66.52877479012045,False,20
LE18 1,309,270000.0,272925.5922330097,240000.0,297000.0,43.569777345175815,False,20
LE18 2,278,240000.0,239789.74820143884,210000.0,270000.0,34.59058279596058,False,20
LE18 3,433,305000.0,318542.12933025404,240000.0,375495.0,52.81664436062782,False,20
LE18 4,298,213000.0,220725.0067114094,180000.0,252000.0,26.487407227156588,False,20
LE19 2,252,270000.0,290035.126984127,230000.0,330000.0,43.569777345175815,False,20
LE19 3,181,299950.0,313393.7569060773,233500.0,374950.0,50.98552135296265,False,20
LE19 4,558,285478.0,306398.90143369173,239996.25,365936.25,48.08370848035041,False,20
LE2 0,76,225000.0,222474.34210526315,200000.0,255250.0,30.143569777345174,False,20
LE2 1,299,235000.0,262855.57525083615,189000.0,282500.0,33.14271809222533,False,20
LE2 2,315,375000.0,416207.99682539684,182750.0,560275.0,68.18956077381677,False,20
LE2 3,372,352500.0,393880.938172043,260562.5,481250.0,63.736464290059615,False,20
LE2 4,453,355000.0,385538.9536423841,279500.0,440000.0,64.21705803625746,False,20
LE2 5,306,294250.0,297080.9183006536,230000.0,350000.0,49.72624406862149,False,20
LE2 6,329,235000.0,240728.8480243161,195000.0,280000.0,33.14271809222533,False,20
LE2 7,133,182000.0,183243.23308270678,144000.0,225000.0,17.599464655067525,False,20
LE2 8,418,225000.0,243573.58373205742,190000.0,264500.0,30.143569777345174,False,20
LE2 9,416,230000.0,248264.06490384616,190000.0,280000.0,31.71918724905706,False,20
LE3 0,287,180000.0,199082.0418118467,149500.0,242000.0,16.912033094050372,False,20
LE3 1,179,212000.0,208551.7094972067,185000.0,232750.0,26.23190169120331,False,20
LE3 2,428,245000.0,244631.10747663552,210000.0,277750.0,36.05061442997932,False,20
LE3 3,521,262100.0,284748.53166986565,235000.0,308750.0,41.42839761528167,False,20
LE3 5,237,186000.0,216128.54852320676,165000.0,274000.0,18.88915926511741,False,20
LE3 6,274,235000.0,245578.4489051095,190000.0,279375.0,33.14271809222533,False,20
LE3 8,427,290000.0,317264.59016393445,245000.0,355000.0,48.89280934420246,False,20
LE3 9,352,205000.0,223183.4659090909,170000.0,260000.0,24.20610779900231,False,20
LE4 0,352,262000.0,254053.07102272726,210000.0,300000.0,41.404063754714684,False,20
LE4 1,124,205500.0,206389.0806451613,175000.0,245000.0,24.522447986373038,False,20
LE4 2,302,247000.0,266699.37086092716,205000.0,298562.5,36.56162550188588,False,20
LE4 3,262,299000.0,312355.1526717557,265000.0,350000.0,50.906436306119964,False,20
LE4 4,267,270000.0,282928.8539325843,240000.0,312500.0,43.569777345175815,False,20
LE4 5,151,250000.0,239825.04635761588,204000.0,279000.0,37.717483878817376,False,20
LE4 6,195,255000.0,254529.39487179488,225000.0,285000.0,39.068013140284705,False,20
LE4 7,198,270000.0,269959.72222222225,240625.0,310750.0,43.569777345175815,False,20
LE4 8,304,258750.0,265524.5822368421,225000.0,295000.0,40.06570142353084,False,20
LE4 9,240,242000.0,243508.72916666666,203000.0,285625.0,35.3145151478282,False,20
LE5 0,165,265000.0,259130.18181818182,215000.0,300000.0,42.18274729285801,False,20
LE5 1,449,268000.0,275023.8129175947,215000.0,325000.0,42.99184815671006,False,20
LE5 2,255,258000.0,269203.0705882353,220000.0,299000.0,39.87711400413676,False,20
LE5 3,86,235000.0,225876.16279069768,200000.0,260000.0,33.14271809222533,False,20
LE5 4,168,255000.0,250465.36904761905,215000.0,300000.0,39.068013140284705,False,20
LE5 5,211,282500.0,294407.4691943128,240000.0,348250.0,47.20160603479742,False,20
LE5 6,191,325000.0,355555.8376963351,281000.0,402500.0,57.99367319625258,False,20
LE6 0,538,280000.0,330765.86431226763,228000.0,360000.0,46.40467210122886,False,20
LE65 1,350,367000.0,388325.52285714285,257750.0,456875.0,66.52877479012045,False,20
LE65 2,453,285000.0,316596.9646799117,228500.0,365000.0,47.773451758121425,False,20
LE67 1,249,247500.0,266812.2570281124,190000.0,325000.0,36.67112787443728,False,20
LE67 2,983,308746.0,317300.487283825,246998.0,375000.0,53.376323153668324,False,20
LE67 3,381,200000.0,209437.40157480314,157000.0,247000.0,22.885995863243703,False,20
LE67 4,411,260000.0,275439.1703163017,220000.0,325000.0,40.716632193697535,False,20
LE67 5,356,235000.0,240614.99719101124,198000.0,273250.0,33.14271809222533,False,20
LE67 6,293,240000.0,264409.25255972694,199995.0,310000.0,34.59058279596058,False,20
LE67 8,209,260000.0,324494.0717703349,203000.0,385000.0,40.716632193697535,False,20
LE67 9,340,260000.0,292033.7676470588,200000.0,325000.0,40.716632193697535,False,20
LE7 1,195,235000.0,257752.43076923076,190000.0,307325.0,33.14271809222533,False,20
LE7 2,329,260000.0,268843.0668693009,212500.0,320000.0,40.716632193697535,False,20
LE7 3,491,363000.0,389456.0285132383,296997.5,471997.5,65.74400778683538,False,20
LE7 4,179,430000.0,503867.46927374305,320500.0,590000.0,77.35125927728434,False,20
LE7 6,39,509995.0,532156.1538461539,389995.0,677495.0,85.82552621973475,False,20
LE7 7,695,303000.0,369040.4877697842,240000.0,433500.0,52.49422070811535,False,20
LE7 9,553,345000.0,402229.62386980106,279950.0,467500.0,62.16084681834773,False,20
LE8 0,311,335000.0,396368.2475884244,257000.0,475000.0,60.3479742061078,False,20
LE8 4,246,266180.0,280073.9512195122,225000.0,307875.0,42.6572575739141,False,20
LE8 5,284,285500.0,320317.09154929576,249375.0,353875.0,48.108042340917386,False,20
LE8 6,263,262500.0,284716.1596958175,224000.0,332500.0,41.495315731840854,False,20
LE8 8,370,299997.5,323139.02432432433,247000.0,376875.0,51.088940260372304,False,20
LE8 9,227,360000.0,406772.2511013216,275000.0,493750.0,65.14174473780265,False,20
LE9 1,119,270400.0,329876.4705882353,239975.0,337475.0,43.886117532546535,False,20
LE9 2,269,380000.0,449951.01858736057,297500.0,535000.0,69.34541915074827,False,20
LE9 3,142,266725.0,278002.8169014084,217250.0,325000.0,42.71809222533155,False,20
LE9 4,345,280000.0,291847.52463768114,236000.0,342000.0,46.40467210122886,False,20
LE9 6,434,288475.0,321088.9101382489,235000.0,379375.0,48.387881737437645,False,20
LE9 7,640,245000.0,268211.6234375,190000.0,290000.0,36.05061442997932,False,20
LE9 8,387,215000.0,241085.96640826872,180000.0,266000.0,26.998418299063147,False,20
LE9 9,320,296750.0,334818.28125,230000.0,390500.0,50.60226304903273,False,20
LL11 1,33,175000.0,160310.60606060605,125000.0,190000.0,15.500669181165591,False,20
LL11 2,388,218000.0,222120.92783505155,160000.0,282623.75,27.83185302348218,False,20
LL11 3,237,190000.0,210537.89029535864,137000.0,250000.0,19.959849130064487,False,20
LL11 4,293,182500.0,201313.73037542662,155000.0,233000.0,17.79413553960336,False,20
LL11 5,339,180000.0,212304.30088495577,131375.0,269997.5,16.912033094050372,False,20
LL11 6,239,170000.0,191774.53556485355,140000.0,237500.0,14.296143083100135,False,20
LL12 0,345,285000.0,311101.1768115942,200000.0,364995.0,47.773451758121425,False,20
LL12 7,264,213750.0,219000.99621212122,176875.0,252250.0,26.560408808857527,False,20
LL12 8,267,280000.0,324203.0149812734,230000.0,362500.0,46.40467210122886,False,20
LL12 9,199,220000.0,254502.73869346734,163975.0,329975.0,28.555785375349803,False,20
LL13 0,261,225000.0,268709.75478927203,180000.0,295000.0,30.143569777345174,False,20
LL13 7,273,147500.0,190205.67765567766,112000.0,246000.0,8.863608711522083,False,20
LL13 8,184,123000.0,124823.53260869565,105000.0,145000.0,4.063754714685485,False,20
LL13 9,269,227000.0,247481.0408921933,154000.0,297000.0,30.818834408078843,False,20
LL14 1,204,150000.0,166826.1274509804,117362.5,197250.0,9.465871760554812,False,20
LL14 2,213,167000.0,173242.35211267605,135000.0,198000.0,13.53570994038204,False,20
LL14 3,188,156500.0,176616.1010638298,125750.0,200000.0,11.090156953400657,False,20
LL14 4,145,202500.0,219527.48965517242,159950.0,275000.0,23.622095145394816,False,20
LL14 5,145,200000.0,235781.56551724137,170000.0,260000.0,22.885995863243703,False,20
LL14 6,116,186250.0,215743.0603448276,155000.0,256750.0,18.943910451393116,False,20
LL15 1,259,225000.0,252697.3552123552,156000.0,323000.0,30.143569777345174,False,20
LL15 2,80,287500.0,317415.0,239875.0,396200.0,48.290546295169726,False,20
LL16 3,216,170000.0,191209.9537037037,125000.0,248500.0,14.296143083100135,False,20
LL16 4,160,249999.5,275280.975,175750.0,350000.0,37.15780508577686,False,20
LL16 5,98,222000.0,263641.02040816325,179962.5,307500.0,29.237133471225206,False,20
LL17 0,323,257500.0,289107.6439628483,200000.0,343250.0,39.76761163158535,False,20
LL18 1,111,125000.0,128936.09009009009,98000.0,155000.0,4.4652634140406375,False,20
LL18 2,249,175000.0,186896.98393574296,140000.0,220000.0,15.500669181165591,False,20
LL18 3,206,179475.0,186776.927184466,147625.0,220000.0,16.461856673561257,False,20
LL18 4,581,175000.0,188489.30292598967,150000.0,221500.0,15.500669181165591,False,20
LL18 5,437,190000.0,203750.8009153318,155000.0,245000.0,19.959849130064487,False,20
LL18 6,153,225000.0,273595.45098039217,179000.0,312500.0,30.143569777345174,False,20
LL19 7,400,177750.0,184783.15,152000.0,210400.0,16.236768463316707,False,20
LL19 8,361,170000.0,183270.49584487535,145000.0,205000.0,14.296143083100135,False,20
LL19 9,197,270000.0,276527.40609137056,170000.0,350000.0,43.569777345175815,False,20
LL20 7,140,245975.0,258748.84285714285,173750.0,331250.0,36.39128847791702,False,20
LL20 8,158,201075.0,235963.98734177215,154996.25,275000.0,23.44567465628422,False,20
LL21 0,88,194975.0,232051.98863636365,125000.0,297500.0,21.00620513444458,False,20
LL21 9,82,220250.0,252089.10975609755,155000.0,328750.0,29.05462951697287,False,20
LL22 7,453,190000.0,208496.90949227373,160000.0,245000.0,19.959849130064487,False,20
LL22 8,230,256000.0,273464.52173913043,190000.0,325000.0,39.51818956077381,False,20
LL22 9,208,195000.0,212684.71153846153,160000.0,250000.0,21.395546903516244,False,20
LL23 7,117,170000.0,234833.33333333334,127000.0,305000.0,14.296143083100135,False,20
LL24 0,78,196250.0,248962.5,156875.0,334750.0,21.857890254288844,False,20
LL25 0,21,225000.0,230935.7142857143,175000.0,276250.0,30.143569777345174,False,20
LL26 0,127,195000.0,227908.46456692912,151500.0,268500.0,21.395546903516244,False,20
LL27 0,31,235000.0,288498.3870967742,145500.0,369750.0,33.14271809222533,False,20
LL28 4,552,233000.0,253365.6231884058,160000.0,313487.5,32.58303929918482,False,20
LL28 5,204,217500.0,266991.4362745098,170000.0,295250.0,27.661515999513327,False,20
LL29 6,98,268500.0,291853.51020408166,185000.0,384125.0,43.07701666869449,False,20
LL29 7,224,159975.0,211153.41517857142,105000.0,276250.0,11.497749117897554,False,20
LL29 8,307,215000.0,235884.61889250815,158000.0,310000.0,26.998418299063147,False,20
LL29 9,271,180000.0,204097.14760147603,131500.0,250000.0,16.912033094050372,False,20
LL30 1,451,230000.0,245835.83148558758,160000.0,306000.0,31.71918724905706,False,20
LL30 2,359,168000.0,206686.34540389973,125000.0,250000.0,13.766881615768343,False,20
LL30 3,281,272000.0,295264.1814946619,210000.0,345000.0,44.044287626231906,False,20
LL31 9,493,230000.0,273849.0770791075,188000.0,315000.0,31.71918724905706,False,20
LL32 8,275,245000.0,299615.8618181818,190000.0,381250.0,36.05061442997932,False,20
LL33 0,148,219000.0,234417.72972972973,152125.0,295000.0,27.971772721742305,False,20
LL34 6,190,199975.0,223995.97368421053,145000.0,260000.0,22.362817861053657,False,20
LL35 0,70,287250.0,359874.0,225000.0,445625.0,48.241878574035766,False,20
LL36 0,103,207000.0,220334.4077669903,161000.0,265000.0,24.78403698746806,False,20
LL36 9,129,175000.0,207398.0542635659,140000.0,238000.0,15.500669181165591,False,20
LL37 2,26,247000.0,272963.46153846156,159025.0,338275.0,36.56162550188588,False,20
LL38 2,68,153750.0,159074.0588235294,108625.0,180625.0,10.274972624406862,False,20
LL39 1,15,245000.0,280006.6666666667,172500.0,385000.0,36.05061442997932,True,20
LL40 1,124,176000.0,202414.79032258064,135375.0,240750.0,15.950845601654704,False,20
LL40 2,80,245250.0,292564.8875,180750.0,358750.0,36.33653729164132,False,20
LL41 3,137,120000.0,123650.18248175182,98000.0,149500.0,3.686579875897311,False,20
LL41 4,158,131500.0,160713.15189873418,105000.0,175000.0,5.876627326925417,False,20
LL42 1,117,189950.0,262565.31623931625,145000.0,300000.0,19.485338849008397,False,20
LL43 2,36,257500.0,273173.6111111111,228750.0,323750.0,39.76761163158535,False,20
LL44 2,40,243975.0,261772.5,163750.0,326750.0,35.67343959119114,False,20
LL45 2,26,217500.0,237098.88461538462,190625.0,288750.0,27.661515999513327,False,20
LL46 2,115,184000.0,209175.65217391305,89750.0,298500.0,18.02530721498966,False,20
LL47 6,27,158000.0,192692.59259259258,136500.0,237500.0,11.315245163645212,False,20
LL48 6,83,160000.0,183695.18072289156,130000.0,208500.0,11.856673561260495,False,20
LL49 9,189,200000.0,225408.0687830688,155000.0,270000.0,22.885995863243703,False,20
LL51 9,20,219500.0,262875.0,156250.0,383750.0,28.032607373159752,False,20
LL52 0,110,287500.0,322452.95454545453,195000.0,398121.25,48.290546295169726,False,20
LL53 5,142,192250.0,220654.0,132875.0,295000.0,20.59252950480594,False,20
LL53 6,182,228500.0,260354.08241758242,161000.0,294500.0,31.104757269740844,False,20
LL53 7,162,320000.0,418740.7839506173,236250.0,503750.0,56.54580849251734,False,20
LL53 8,88,317500.0,340003.4090909091,240000.0,411250.0,55.66978951210609,False,20
LL54 5,105,190000.0,231689.16190476192,145000.0,285000.0,19.959849130064487,False,20
LL54 6,137,140000.0,149366.58394160584,110000.0,165000.0,7.409660542645091,False,20
LL54 7,138,176600.0,196783.69565217392,130500.0,240000.0,16.023847183355638,False,20
LL55 1,181,195000.0,226117.5359116022,140000.0,297500.0,21.395546903516244,False,20
LL55 2,197,202500.0,207733.24365482235,135000.0,260000.0,23.622095145394816,False,20
LL55 3,97,180000.0,221450.0206185567,130000.0,280000.0,16.912033094050372,False,20
LL55 4,212,210000.0,235640.89150943398,163750.0,276250.0,25.6053047816036,False,20
LL56 4,150,206250.0,238829.66666666666,166750.0,307500.0,24.6806180800584,False,20
LL57 1,145,131000.0,144451.58620689655,110000.0,160500.0,5.834043070933204,False,20
LL57 2,255,235000.0,252131.72549019608,159995.0,318000.0,33.14271809222533,False,20
LL57 3,172,155000.0,169234.06976744186,122000.0,202750.0,10.700815184328993,False,20
LL57 4,190,190000.0,214161.37894736842,148500.0,252500.0,19.959849130064487,False,20
LL58 8,131,280000.0,352814.8854961832,194975.0,482500.0,46.40467210122886,False,20
LL59 5,184,263750.0,327999.70108695654,200000.0,350000.0,41.696070081518435,False,20
LL60 6,85,193000.0,221804.14117647058,160000.0,250000.0,20.817617715050492,False,20
LL61 5,110,257500.0,262654.14545454545,196237.5,322250.0,39.76761163158535,False,20
LL61 6,104,202000.0,256325.96153846153,162875.0,316250.0,23.530843168268646,False,20
LL62 5,29,270000.0,337482.7586206897,190000.0,415000.0,43.569777345175815,False,20
LL63 5,36,207500.0,249251.83333333334,167875.0,261500.0,24.83270470860202,False,20
LL64 5,57,503000.0,644263.245614035,352000.0,680000.0,85.44835138094659,False,20
LL65 1,219,164000.0,174729.598173516,115250.0,234000.0,12.732692541671737,False,20
LL65 2,283,180000.0,245916.2332155477,120000.0,300000.0,16.912033094050372,False,20
LL65 3,181,206500.0,224662.43093922653,155000.0,275000.0,24.723202336050615,False,20
LL65 4,85,240000.0,278697.64705882355,172500.0,350000.0,34.59058279596058,False,20
LL66 0,5,265000.0,307400.0,260000.0,460000.0,42.18274729285801,True,20
LL66 9,1,370000.0,370000.0,370000.0,370000.0,67.1067039785862,True,20
LL67 0,52,228500.0,235850.86538461538,167750.0,289961.25,31.104757269740844,False,20
LL68 0,33,225000.0,266648.48484848486,205000.0,300000.0,30.143569777345174,False,20
LL68 9,172,187500.0,228122.2906976744,131875.0,305500.0,19.175082126779415,False,20
LL69 9,25,250000.0,267798.0,192500.0,295000.0,37.717483878817376,False,20
LL70 9,8,307500.0,352500.0,183750.0,425000.0,53.26682078111692,True,20
LL71 7,12,153750.0,155083.33333333334,101000.0,199000.0,10.274972624406862,True,20
LL71 8,48,207500.0,222787.5,136875.0,269375.0,24.83270470860202,False,20
LL72 8,29,292500.0,306981.0344827586,232000.0,399950.0,49.57415744007787,False,20
LL73 8,6,414000.0,397833.3333333333,402000.0,426750.0,74.38252828811291,True,20
LL74 8,119,285000.0,314673.66386554623,240000.0,372620.0,47.773451758121425,False,20
LL75 7,2,190000.0,190000.0,145000.0,235000.0,19.959849130064487,True,20
LL75 8,40,208125.0,235725.6,163375.0,281250.0,24.966540941720403,False,20
LL76 8,8,231250.0,265750.0,206000.0,283125.0,32.26061564667235,True,20
LL77 7,245,209950.0,222881.82448979592,165000.0,260000.0,25.10037717483879,False,20
LL77 8,7,240000.0,304964.28571428574,220000.0,253875.0,34.59058279596058,True,20
LL78 7,1,505000.0,505000.0,505000.0,505000.0,85.6004380094902,True,20
LL78 8,16,261500.0,259400.0,215375.0,303750.0,41.367562963864216,True,20
LN1 1,262,215000.0,237529.33587786258,165000.0,297375.0,26.998418299063147,False,20
LN1 2,537,245000.0,286735.92923649907,177000.0,345000.0,36.05061442997932,False,20
LN1 3,357,190000.0,222842.47619047618,155000.0,245000.0,19.959849130064487,False,20
LN1 4,49,330000.0,320271.32653061225,240000.0,380000.0,59.15561503832583,False,20
LN1 5,1,720000.0,720000.0,720000.0,720000.0,95.26706411972259,True,20
LN1 6,7,495000.0,482785.71428571426,403750.0,576000.0,84.52366467940139,True,20
LN10 5,32,277500.0,314504.6875,180000.0,370000.0,45.63815549336902,False,20
LN10 6,383,321000.0,341407.36031331593,240000.0,420500.0,57.09940382041611,False,20
LN11 0,515,224995.0,253126.87766990293,168572.5,289997.5,29.73597761284828,False,20
LN11 7,230,255000.0,265296.22173913044,185000.0,323750.0,39.068013140284705,False,20
LN11 8,396,225000.0,263343.5101010101,177875.0,319736.25,30.143569777345174,False,20
LN11 9,243,205000.0,255600.46913580247,141250.0,315000.0,24.20610779900231,False,20
LN12 1,226,175000.0,179280.3628318584,145250.0,200000.0,15.500669181165591,False,20
LN12 2,416,220000.0,219255.10817307694,165000.0,265000.0,28.555785375349803,False,20
LN13 0,75,245000.0,283476.73333333334,172500.0,343500.0,36.05061442997932,False,20
LN13 9,166,221000.0,235334.0,155750.0,275000.0,29.13979802895729,False,20
LN2 1,81,368000.0,417000.962962963,250000.0,485000.0,66.66869448838058,False,20
LN2 2,473,305000.0,325960.0972515856,190000.0,415500.0,52.81664436062782,False,20
LN2 3,455,287000.0,295427.74505494506,210000.0,358997.5,48.21146124832705,False,20
LN2 4,756,228000.0,244442.74206349207,175000.0,285500.0,31.007421827472932,False,20
LN2 5,241,133000.0,138338.6887966805,112500.0,155000.0,6.071298211461248,False,20
LN3 4,254,239475.0,264150.9763779527,197125.0,289500.0,34.02482053777832,False,20
LN3 5,132,239250.0,269960.5984848485,171500.0,375000.0,34.00048667721134,False,20
LN4 1,571,255000.0,277107.67600700527,205000.0,325000.0,39.068013140284705,False,20
LN4 2,422,247750.0,280742.77251184836,191250.0,340000.0,36.719795595571235,False,20
LN4 3,402,250000.0,280794.53482587065,195000.0,336875.0,37.717483878817376,False,20
LN4 4,439,199465.0,218126.0979498861,147250.0,267975.0,22.21681469765178,False,20
LN5 0,304,325000.0,349056.1875,235000.0,406250.0,57.99367319625258,False,20
LN5 7,211,120000.0,129784.36018957346,105000.0,143500.0,3.686579875897311,False,20
LN5 8,388,145000.0,161576.27319587627,120000.0,185000.0,8.316096848765056,False,20
LN5 9,491,230000.0,266057.24439918535,190000.0,300000.0,31.71918724905706,False,20
LN6 0,520,190000.0,203498.225,160000.0,230000.0,19.959849130064487,False,20
LN6 3,183,205000.0,217121.28961748633,166250.0,251000.0,24.20610779900231,False,20
LN6 4,11,385000.0,386818.1818181818,285000.0,477500.0,70.2214381311595,True,20
LN6 5,126,241500.0,272921.78571428574,220000.0,304375.0,35.223263170702026,False,20
LN6 6,59,292000.0,297142.16949152545,271350.5,323495.0,49.47682199780995,False,20
LN6 7,356,202750.0,210504.31741573033,170000.0,247625.0,23.68901326195401,False,20
LN6 8,458,231750.0,243418.99126637555,197625.0,276750.0,32.327533763231536,False,20
LN6 9,900,249995.0,269334.66777777777,202000.0,315000.0,37.103053899501155,False,20
LN7 6,243,240000.0,272422.9465020576,170000.0,337500.0,34.59058279596058,False,20
LN8 2,63,300000.0,339214.3015873016,213750.0,425000.0,51.65470251855457,False,20
LN8 3,488,255000.0,268459.25409836066,167500.0,325000.0,39.068013140284705,False,20
LN8 5,232,210000.0,244894.5646551724,180495.0,275000.0,25.6053047816036,False,20
LN8 6,121,240000.0,261739.26446280992,155000.0,335000.0,34.59058279596058,False,20
LN9 5,373,246000.0,274813.72117962467,170950.0,334950.0,36.42778926876749,False,20
LN9 6,308,204995.0,234040.57467532466,161495.75,260311.25,23.92018493734031,False,20
LS1 2,11,204500.0,200927.27272727274,122850.0,252500.0,23.89585107677333,True,20
LS1 3,31,232000.0,240976.29032258064,197500.0,266247.5,32.39445187979073,False,20
LS1 4,70,214500.0,221272.14285714287,175000.0,261875.0,26.663827716267186,False,20
LS1 5,5,195000.0,181500.0,140000.0,215000.0,21.395546903516244,True,20
LS1 6,8,165000.0,150687.5,119875.0,195000.0,13.079450054751184,True,20
LS1 7,6,197500.0,194500.0,184500.0,202250.0,22.00389341769072,True,20
LS10 1,198,206250.0,221443.2323232323,160000.0,259750.0,24.6806180800584,False,20
LS10 2,76,150000.0,150120.0,121000.0,178500.0,9.465871760554812,False,20
LS10 3,289,168500.0,171553.76470588235,145000.0,199950.0,13.827716267185789,False,20
LS10 4,550,175750.0,190359.86363636365,135000.0,240000.0,15.877844019953766,False,20
LS11 0,84,122750.0,119307.73809523809,96500.0,145000.0,4.033337388976761,False,20
LS11 5,188,165000.0,175570.37234042553,115000.0,212625.0,13.079450054751184,False,20
LS11 6,90,107000.0,115255.5,85125.0,140000.0,2.190047451028106,False,20
LS11 7,238,147000.0,156218.42016806724,125000.0,175000.0,8.760189804112423,False,20
LS11 8,202,170000.0,173672.0,140000.0,199712.5,14.296143083100135,False,20
LS11 9,78,135125.0,142553.78205128206,106250.0,184500.0,6.4728069108164,False,20
LS12 1,192,155000.0,169919.078125,130000.0,196185.0,10.700815184328993,False,20
LS12 2,228,150000.0,171513.52192982455,123750.0,220750.0,9.465871760554812,False,20
LS12 3,234,153000.0,170456.99572649572,119000.0,204000.0,10.19588757756418,False,20
LS12 4,413,188590.0,199514.598062954,150000.0,240000.0,19.357586081031755,False,20
LS12 5,402,215500.0,250013.59950248757,160000.0,350000.0,27.333008881859104,False,20
LS12 6,116,217000.0,226315.37931034484,170000.0,280000.0,27.539846696678428,False,20
LS13 1,378,223500.0,231598.88888888888,178125.0,270875.0,29.54739019345419,False,20
LS13 2,318,180777.5,193149.55974842768,160000.0,215000.0,17.386543375106463,False,20
LS13 3,269,180000.0,189559.8066914498,150000.0,230000.0,16.912033094050372,False,20
LS13 4,312,182000.0,189243.40384615384,158875.0,215000.0,17.599464655067525,False,20
LS14 1,251,235000.0,241803.54183266932,170000.0,299975.0,33.14271809222533,False,20
LS14 2,203,216000.0,229341.5369458128,173500.0,270000.0,27.412093928701786,False,20
LS14 3,128,570000.0,638816.8359375,397000.0,831250.0,89.97444944640466,False,20
LS14 5,196,170000.0,173400.2806122449,141487.5,195000.0,14.296143083100135,False,20
LS14 6,575,222000.0,222378.64347826087,165000.0,284995.0,29.237133471225206,False,20
LS15 0,379,230995.0,242007.39313984168,195000.0,265000.0,32.20586446039665,False,20
LS15 4,213,325000.0,362069.69483568077,267500.0,390000.0,57.99367319625258,False,20
LS15 5,1,600000.0,600000.0,600000.0,600000.0,91.54398345297481,True,20
LS15 7,307,250000.0,253069.44625407166,197250.0,290000.0,37.717483878817376,False,20
LS15 8,554,261250.0,286261.7310469314,220000.0,349950.0,41.30672831244677,False,20
LS15 9,154,300000.0,334315.1948051948,220500.0,390500.0,51.65470251855457,False,20
LS16 5,270,225000.0,324066.8777777778,180750.0,425000.0,30.143569777345174,False,20
LS16 6,602,275000.0,303046.31561461795,223125.0,374995.0,44.84730502494221,False,20
LS16 7,497,330000.0,351138.5251509054,270000.0,420000.0,59.15561503832583,False,20
LS16 8,245,569950.0,559338.6326530612,354000.0,750595.0,89.88928093442024,False,20
LS16 9,257,510000.0,533083.2178988326,380000.0,634995.0,85.96544591799488,False,20
LS17 0,43,505000.0,637406.6279069767,395000.0,800000.0,85.6004380094902,False,20
LS17 5,207,328000.0,321890.3768115942,245000.0,395000.0,58.69327168755323,False,20
LS17 6,345,335000.0,339066.71304347826,205000.0,430500.0,60.3479742061078,False,20
LS17 7,363,393000.0,455653.5785123967,280000.0,515250.0,71.41988076408322,False,20
LS17 8,482,349475.0,406576.6141078838,230000.0,516500.0,62.74485947195523,False,20
LS17 9,162,595000.0,660899.5308641975,407375.0,783750.0,91.2823944518798,False,20
LS18 4,577,307000.0,337576.87348353554,245000.0,405000.0,53.1816522691325,False,20
LS18 5,494,306000.0,370324.0,220312.5,450000.0,53.08431682686459,False,20
LS19 6,305,310000.0,382984.868852459,243000.0,415000.0,53.948168876992334,False,20
LS19 7,610,230000.0,243998.31475409836,181450.25,279712.5,31.71918724905706,False,20
LS2 7,66,141000.0,163137.87878787878,103875.0,217500.0,7.7564180557245415,False,20
LS2 8,35,164000.0,156972.85714285713,134000.0,170000.0,12.732692541671737,False,20
LS2 9,10,155000.0,176740.0,150000.0,188750.0,10.700815184328993,True,20
LS20 8,274,348412.5,407838.4416058394,236000.0,523750.0,62.708358681104755,False,20
LS20 9,272,265000.0,298754.35661764705,225000.0,357375.0,42.18274729285801,False,20
LS21 1,332,277750.0,315347.3253012048,220000.0,365000.0,45.711157075069956,False,20
LS21 2,221,342000.0,412986.4660633484,251190.0,470000.0,61.680253072149895,False,20
LS21 3,225,280000.0,315531.3688888889,233800.0,360000.0,46.40467210122886,False,20
LS22 4,63,735000.0,989609.5238095238,447500.0,1200000.0,95.61990509794379,False,20
LS22 5,224,550000.0,560743.5446428572,375000.0,725000.0,88.66650444092954,False,20
LS22 6,320,352500.0,418866.70625,247250.0,550008.75,63.736464290059615,False,20
LS22 7,255,335000.0,327885.54901960783,233250.0,423500.0,60.3479742061078,False,20
LS23 6,353,357500.0,436816.93767705385,255000.0,570000.0,64.62465020075435,False,20
LS23 7,66,410000.0,470220.86363636365,340625.0,533750.0,73.84109989049763,False,20
LS24 8,120,260000.0,310434.9166666667,214375.0,322000.0,40.716632193697535,False,20
LS24 9,441,299995.0,347339.1678004535,243995.0,410000.0,51.058522934663586,False,20
LS25 1,435,255000.0,288093.04827586206,210000.0,342975.0,39.068013140284705,False,20
LS25 2,310,264000.0,289519.46774193546,234250.0,320375.0,41.72040394208541,False,20
LS25 3,38,325000.0,369631.5789473684,261500.0,428750.0,57.99367319625258,False,20
LS25 4,363,289950.0,299546.435261708,232620.0,379995.0,48.49130064484731,False,20
LS25 5,243,285000.0,345782.44444444444,219000.0,447875.0,47.773451758121425,False,20
LS25 6,458,259750.0,280423.94759825326,192748.75,345000.0,40.21170458693272,False,20
LS25 7,435,215000.0,230171.04137931034,175000.0,265000.0,26.998418299063147,False,20
LS26 0,579,228500.0,253404.94473229707,195000.0,289500.0,31.104757269740844,False,20
LS26 8,571,250000.0,295150.75831873907,201300.0,350000.0,37.717483878817376,False,20
LS26 9,208,224147.5,257139.1298076923,180000.0,307500.0,29.68730989171432,False,20
LS27 0,370,210000.0,234341.57027027028,160000.0,290000.0,25.6053047816036,False,20
LS27 7,561,254950.0,265838.32976827095,195000.0,310000.0,38.67867137121304,False,20
LS27 8,474,196000.0,204710.3016877637,140000.0,244500.0,21.80313906801314,False,20
LS27 9,348,205000.0,223992.5,161187.5,270000.0,24.20610779900231,False,20
LS28 5,595,260500.0,284949.643697479,212000.0,341250.0,41.2154763353206,False,20
LS28 6,173,200000.0,210478.26011560694,165000.0,250000.0,22.885995863243703,False,20
LS28 7,407,220000.0,245440.23587223588,179975.0,292500.0,28.555785375349803,False,20
LS28 8,363,232000.0,260348.38567493114,185000.0,305000.0,32.39445187979073,False,20
LS28 9,310,220000.0,249134.35161290324,181375.0,283750.0,28.555785375349803,False,20
LS29 0,236,432500.0,578373.0084745763,320000.0,669375.0,77.69193332522205,False,20
LS29 6,394,379850.0,416499.2487309645,265000.0,515000.0,69.04732935880278,False,20
LS29 7,400,445000.0,481702.87,328062.5,580500.0,79.26146733179219,False,20
LS29 8,458,355000.0,435451.1462882096,275250.0,530000.0,64.21705803625746,False,20
LS29 9,346,486250.0,553207.6589595376,295500.0,732500.0,83.82406618810074,False,20
LS3 1,32,181500.0,182815.3125,120000.0,217500.0,17.496045747657867,False,20
LS4 2,386,215000.0,215966.10880829016,190000.0,240000.0,26.998418299063147,False,20
LS5 2,4,315525.0,316012.5,290500.0,341037.5,55.43253437157804,True,20
LS5 3,304,215500.0,219636.0855263158,170000.0,255000.0,27.333008881859104,False,20
LS6 1,114,188025.0,218885.87719298244,152937.5,287500.0,19.321085290181287,False,20
LS6 2,195,240000.0,259508.26153846155,175250.0,325000.0,34.59058279596058,False,20
LS6 3,207,270000.0,287189.44444444444,207475.0,343000.0,43.569777345175815,False,20
LS6 4,463,305000.0,324149.3563714903,231500.0,384997.5,52.81664436062782,False,20
LS7 1,43,165000.0,140641.13953488372,85000.0,186250.0,13.079450054751184,False,20
LS7 2,339,300000.0,294121.50147492625,240500.0,350568.0,51.65470251855457,False,20
LS7 3,252,273125.0,287859.05555555556,210000.0,342375.0,44.263292371334714,False,20
LS7 4,300,294500.0,302967.39666666667,220875.0,370000.0,49.7688283246137,False,20
LS8 1,391,350000.0,402124.547314578,209000.0,531500.0,63.219369753011314,False,20
LS8 2,416,355000.0,392553.20673076925,255000.0,477700.0,64.21705803625746,False,20
LS8 3,269,210000.0,205448.0780669145,150000.0,245000.0,25.6053047816036,False,20
LS8 4,153,280000.0,287919.33986928104,157000.0,360000.0,46.40467210122886,False,20
LS8 5,139,110000.0,115048.38129496403,95000.0,129000.0,2.463803382406619,False,20
LS9 0,188,182000.0,214816.72872340426,138000.0,299996.25,17.599464655067525,False,20
LS9 6,257,125000.0,137236.2840466926,102000.0,165000.0,4.4652634140406375,False,20
LS9 7,77,135000.0,134113.57142857142,99950.0,171000.0,6.3328872125562725,False,20
LS9 8,311,180000.0,199132.67845659165,141000.0,242400.0,16.912033094050372,False,20
LS9 9,180,145000.0,148424.8388888889,120750.0,175000.0,8.316096848765056,False,20
LU1 1,145,240000.0,229256.55172413794,150000.0,295000.0,34.59058279596058,False,20
LU1 2,11,150000.0,156836.36363636365,127850.0,170000.0,9.465871760554812,True,20
LU1 3,227,245000.0,285902.86343612336,188500.0,334000.0,36.05061442997932,False,20
LU1 4,267,425000.0,447154.84644194756,350000.0,515000.0,76.45698990144787,False,20
LU1 5,259,302000.0,275164.61003861006,220250.0,335000.0,52.360384474996955,False,20
LU2 0,436,310000.0,307596.7660550459,260000.0,356250.0,53.948168876992334,False,20
LU2 7,690,340000.0,350048.61449275364,251125.0,430000.0,61.309161698503466,False,20
LU2 8,444,331000.0,352647.79054054053,276407.5,411375.0,59.64229224966541,False,20
LU2 9,338,315000.0,328114.34911242605,276250.0,360000.0,55.170945370483025,False,20
LU3 1,388,300000.0,304823.8505154639,206875.0,380000.0,51.65470251855457,False,20
LU3 2,443,320000.0,324073.94582392776,277750.0,370000.0,56.54580849251734,False,20
LU3 3,504,312500.0,320065.18253968254,265000.0,362250.0,54.63560043800949,False,20
LU3 4,221,335000.0,339316.26696832577,235000.0,425000.0,60.3479742061078,False,20
LU4 0,379,312000.0,305868.70712401054,277500.0,340000.0,54.556515391166805,False,20
LU4 8,164,277000.0,270672.06707317074,218750.0,320000.0,45.49823579510889,False,20
LU4 9,440,311500.0,306753.26136363635,255000.0,360000.0,54.47743034432413,False,20
LU5 4,531,320000.0,303475.54990583804,220500.0,370000.0,56.54580849251734,False,20
LU5 5,558,295000.0,299433.0394265233,265000.0,335000.0,50.121669302834896,False,20
LU5 6,741,400000.0,415596.8205128205,327750.0,475000.0,72.52707141988076,False,20
LU5 7,291,377500.0,354101.74226804124,275000.0,410437.5,68.87090886969217,False,20
LU6 1,471,295000.0,301491.3057324841,226250.0,352750.0,50.121669302834896,False,20
LU6 2,395,547500.0,584101.6,401250.0,700000.0,88.35016425355883,False,20
LU6 3,488,355000.0,350098.1393442623,283000.0,435000.0,64.21705803625746,False,20
LU7 0,376,450000.0,498051.5771276596,335000.0,588125.0,80.05840126536074,False,20
LU7 1,302,230000.0,247269.02317880795,168000.0,305750.0,31.71918724905706,False,20
LU7 2,486,350000.0,371241.7304526749,258125.0,435000.0,63.219369753011314,False,20
LU7 3,1171,396971.0,419067.9308283518,325000.0,490375.0,71.95522569655675,False,20
LU7 4,469,325000.0,324878.77611940296,262500.0,383000.0,57.99367319625258,False,20
LU7 7,1,178000.0,178000.0,178000.0,178000.0,16.303686579875897,True,20
LU7 8,1,430000.0,430000.0,430000.0,430000.0,77.35125927728434,True,20
LU7 9,408,390000.0,447159.56862745096,315000.0,525000.0,70.97578780873586,False,20
M1 1,59,230000.0,227302.86440677967,180000.0,255500.0,31.71918724905706,False,20
M1 2,180,262500.0,271534.0,220000.0,310000.0,41.495315731840854,False,20
M1 3,134,359130.0,315037.8880597015,228000.0,385000.0,64.80107068986494,False,20
M1 4,13,225000.0,224807.6923076923,170000.0,242500.0,30.143569777345174,True,20
M1 5,358,320000.0,327602.68715083797,250000.0,415000.0,56.54580849251734,False,20
M1 6,26,229000.0,228853.84615384616,196237.5,260000.0,31.183842316583526,False,20
M1 7,35,183000.0,198093.0,161500.0,224877.5,17.891470981871276,False,20
M11 1,114,190000.0,199250.43859649124,150000.0,236250.0,19.959849130064487,False,20
M11 2,52,153150.0,177934.61538461538,125000.0,243500.0,10.23238836841465,False,20
M11 3,67,236500.0,232620.4776119403,200000.0,285000.0,33.70239688526585,False,20
M11 4,161,160000.0,162388.8198757764,130550.0,185000.0,11.856673561260495,False,20
M12 4,74,185500.0,189092.74324324325,150000.0,210000.0,18.785740357707752,False,20
M12 5,125,190000.0,196271.616,145000.0,240000.0,19.959849130064487,False,20
M12 6,12,177500.0,174156.25,161500.0,216250.0,16.169850346757514,True,20
M13 0,126,215500.0,208088.88888888888,152500.0,263750.0,27.333008881859104,False,20
M13 9,91,300000.0,280934.1978021978,226500.0,349997.5,51.65470251855457,False,20
M14 4,73,195000.0,194676.01369863015,160000.0,225000.0,21.395546903516244,False,20
M14 5,87,190000.0,221955.05747126436,152870.0,252000.0,19.959849130064487,False,20
M14 6,210,251000.0,270455.2571428571,185000.0,327750.0,38.30149653242486,False,20
M14 7,267,215000.0,221885.95131086142,187350.0,255000.0,26.998418299063147,False,20
M15 4,1143,289700.0,317833.6955380578,239975.0,366920.0,48.46088331913858,False,20
M15 5,107,172000.0,187623.82242990655,152500.0,220000.0,14.75240296873099,False,20
M15 6,46,200500.0,213830.6739130435,167250.0,264500.0,23.40917386543375,False,20
M16 0,505,237995.0,259826.5306930693,175000.0,299995.0,33.8727339092347,False,20
M16 7,111,275000.0,267948.4054054054,200000.0,319625.0,44.84730502494221,False,20
M16 8,316,211750.0,281025.0221518987,170000.0,375000.0,26.17106703978586,False,20
M16 9,191,275000.0,292015.93717277487,210000.0,353250.0,44.84730502494221,False,20
M17 1,11,225000.0,227450.9090909091,206212.5,239125.0,30.143569777345174,True,20
M18 7,338,220000.0,224845.84615384616,160000.0,294995.0,28.555785375349803,False,20
M18 8,236,169000.0,172709.53813559323,137875.0,200625.0,13.888550918603237,False,20
M19 1,293,282000.0,289213.84641638224,250000.0,325000.0,47.086020197104276,False,20
M19 2,426,300000.0,297400.279342723,220000.0,375000.0,51.65470251855457,False,20
M19 3,344,235000.0,236712.23255813954,200000.0,263250.0,33.14271809222533,False,20
M2 1,5,312000.0,332400.0,300000.0,335000.0,54.556515391166805,True,20
M2 4,1,277500.0,277500.0,277500.0,277500.0,45.63815549336902,True,20
M2 6,3,340000.0,335000.0,330000.0,342500.0,61.309161698503466,True,20
M20 1,247,317500.0,369063.5951417004,244250.0,488250.0,55.66978951210609,False,20
M20 2,610,325000.0,423508.43770491803,235250.0,544500.0,57.99367319625258,False,20
M20 3,255,282000.0,348261.2862745098,215225.0,391025.0,47.086020197104276,False,20
M20 4,296,320500.0,331215.6114864865,235000.0,385000.0,57.0568195644239,False,20
M20 5,153,395000.0,474352.96732026146,340000.0,510000.0,71.68146976517824,False,20
M20 6,364,377250.0,453281.18956043955,286500.0,527750.0,68.77357342742427,False,20
M21 0,181,418000.0,420569.3370165746,289000.0,493000.0,75.22812994281543,False,20
M21 7,224,320000.0,330986.72321428574,259875.0,376725.0,56.54580849251734,False,20
M21 8,215,470000.0,502660.7488372093,325778.5,646500.0,82.10852901812873,False,20
M21 9,403,420000.0,428715.58808933,326500.0,518500.0,75.5627205256114,False,20
M22 0,85,225000.0,218968.22352941177,195000.0,246000.0,30.143569777345174,False,20
M22 1,153,230000.0,225366.477124183,200000.0,255000.0,31.71918724905706,False,20
M22 4,398,264500.0,277288.89949748747,191500.0,333750.0,41.76907166321937,False,20
M22 5,192,235000.0,263672.4791666667,188750.0,320500.0,33.14271809222533,False,20
M22 8,75,208000.0,201754.0,176500.0,230500.0,24.905706290302955,False,20
M22 9,102,220000.0,219556.82352941178,188500.0,255000.0,28.555785375349803,False,20
M23 0,351,300000.0,317349.6096866097,246500.0,394245.5,51.65470251855457,False,20
M23 1,222,235000.0,242851.35135135136,175500.0,289250.0,33.14271809222533,False,20
M23 2,104,232500.0,229493.76923076922,197250.0,265875.0,32.516121182625625,False,20
M23 9,274,272500.0,303772.1496350365,212000.0,348125.0,44.11120574279109,False,20
M24 1,456,260000.0,277093.03728070174,197250.0,331250.0,40.716632193697535,False,20
M24 2,505,199000.0,215962.84950495049,160000.0,260000.0,22.18639737194306,False,20
M24 4,306,200000.0,209572.71241830065,160000.0,254750.0,22.885995863243703,False,20
M24 5,332,216500.0,224322.18674698795,170000.0,270000.0,27.472928580119238,False,20
M24 6,230,231747.5,241873.61304347825,155250.0,319998.75,32.315366832948044,False,20
M25 0,200,325000.0,373297.375,270000.0,454250.0,57.99367319625258,False,20
M25 1,360,266500.0,273371.35833333334,224375.0,309250.0,42.69375836476457,False,20
M25 2,120,277000.0,293471.31666666665,238000.0,327750.0,45.49823579510889,False,20
M25 3,148,315000.0,333278.20945945947,248375.0,395125.0,55.170945370483025,False,20
M25 9,328,325000.0,345807.8506097561,235000.0,426250.0,57.99367319625258,False,20
M26 1,376,187000.0,209456.2420212766,132875.0,255250.0,19.041245893661028,False,20
M26 2,234,180000.0,187826.92307692306,137250.0,227000.0,16.912033094050372,False,20
M26 3,291,202500.0,214926.72852233678,149500.0,255000.0,23.622095145394816,False,20
M26 4,285,196500.0,221548.9298245614,150000.0,268000.0,21.89439104513931,False,20
M27 0,287,275000.0,292313.0662020906,230000.0,337500.0,44.84730502494221,False,20
M27 4,198,220500.0,231467.42424242425,186250.0,269500.0,29.078963377539846,False,20
M27 5,352,258500.0,287394.5340909091,210000.0,338498.75,39.992699841829904,False,20
M27 6,178,210000.0,214820.78651685393,170000.0,250000.0,25.6053047816036,False,20
M27 8,297,198000.0,209040.97306397307,165000.0,250000.0,22.095145394816885,False,20
M27 9,253,220000.0,221584.1699604743,182000.0,260000.0,28.555785375349803,False,20
M28 0,156,220000.0,232676.5128205128,180000.0,285000.0,28.555785375349803,False,20
M28 1,613,308000.0,336304.6884176183,255000.0,394500.0,53.33373889767612,False,20
M28 2,290,380000.0,435795.0275862069,280000.0,544905.0,69.34541915074827,False,20
M28 3,636,250000.0,256755.50628930816,177875.0,328123.75,37.717483878817376,False,20
M28 7,324,285000.0,308196.5524691358,238000.0,358125.0,47.773451758121425,False,20
M29 7,463,255000.0,270652.02159827214,215000.0,321000.0,39.068013140284705,False,20
M29 8,479,210000.0,234680.32567849685,149975.0,295000.0,25.6053047816036,False,20
M3 1,68,280630.0,300058.01470588235,249000.0,381915.0,46.90351624285193,False,20
M3 2,2,312500.0,312500.0,298750.0,326250.0,54.63560043800949,True,20
M3 3,41,265000.0,285231.7073170732,226500.0,290000.0,42.18274729285801,False,20
M3 4,215,232500.0,253693.26046511627,200000.0,295000.0,32.516121182625625,False,20
M3 5,164,271375.0,272450.0853658537,204500.0,338988.0,43.995619905097946,False,20
M3 6,230,182750.0,203324.85217391304,155000.0,245000.0,17.83671979559557,False,20
M3 7,489,267894.0,279596.81799591,215950.0,342000.0,42.94926390071785,False,20
M30 0,305,200000.0,212207.4786885246,155000.0,255000.0,22.885995863243703,False,20
M30 7,291,205000.0,208286.49484536084,170000.0,240000.0,24.20610779900231,False,20
M30 8,362,230250.0,237104.79558011048,190000.0,280000.0,32.16328020440443,False,20
M30 9,409,290000.0,349981.0317848411,190000.0,450000.0,48.89280934420246,False,20
M31 4,392,252497.5,256387.41581632654,209864.0,295623.75,38.417082370118024,False,20
M32 0,392,260000.0,264316.1275510204,221000.0,300000.0,40.716632193697535,False,20
M32 8,237,340500.0,357201.223628692,265000.0,425000.0,61.60725149044895,False,20
M32 9,315,295000.0,301722.92063492065,250000.0,332500.0,50.121669302834896,False,20
M33 2,510,352500.0,372415.1215686274,265000.0,432125.0,63.736464290059615,False,20
M33 3,548,376500.0,407736.67335766426,225000.0,515375.0,68.67623798515635,False,20
M33 4,389,442500.0,448551.4138817481,340000.0,560000.0,79.02421219126414,False,20
M33 5,397,400000.0,448053.31738035264,330000.0,510000.0,72.52707141988076,False,20
M33 6,281,398000.0,424558.7829181495,275000.0,550000.0,72.08906192967515,False,20
M33 7,266,311825.0,320979.6203007519,256250.0,367500.0,54.52001460031634,False,20
M34 2,439,240000.0,243002.02050113896,207750.0,273100.0,34.59058279596058,False,20
M34 3,497,204000.0,216442.59758551308,159000.0,270000.0,23.853266820781116,False,20
M34 5,504,235000.0,250408.68055555556,180750.0,290000.0,33.14271809222533,False,20
M34 6,183,212000.0,218062.44262295082,170000.0,250000.0,26.23190169120331,False,20
M34 7,258,196375.0,214421.0968992248,172000.0,240000.0,21.876140649714078,False,20
M35 0,386,205500.0,217188.94300518135,170000.0,260000.0,24.522447986373038,False,20
M35 9,351,202000.0,227824.1908831909,163500.0,249950.0,23.530843168268646,False,20
M38 0,60,168000.0,165844.98333333334,140000.0,190000.0,13.766881615768343,False,20
M38 9,253,175000.0,183871.18181818182,150000.0,210000.0,15.500669181165591,False,20
M4 1,107,225000.0,218084.1121495327,167000.0,257250.0,30.143569777345174,False,20
M4 2,1,125000.0,125000.0,125000.0,125000.0,4.4652634140406375,True,20
M4 4,236,247250.0,260836.44491525425,193750.0,341093.75,36.62246015330332,False,20
M4 5,269,321575.0,324156.4869888476,249950.0,373000.0,57.16023847183356,False,20
M4 6,227,292000.0,298393.1938325991,225000.0,354000.0,49.47682199780995,False,20
M4 7,274,248300.0,277819.4708029197,199985.0,346992.75,36.829297968122646,False,20
M40 0,132,190500.0,201209.0909090909,170000.0,220000.0,20.397858620270107,False,20
M40 1,152,175350.0,184532.625,149000.0,210500.0,15.81700936853632,False,20
M40 2,58,194511.5,181621.08620689655,155000.0,206750.0,20.987954739019347,False,20
M40 3,246,218750.0,225181.80081300813,175000.0,257900.0,27.94135539603358,False,20
M40 5,107,212500.0,212688.55140186916,181500.0,248500.0,26.40832218031391,False,20
M40 7,200,283976.5,276843.015,178125.0,355737.5,47.39019345419151,False,20
M40 8,32,149000.0,165584.375,120000.0,177500.0,9.033945735490935,False,20
M40 9,97,205000.0,201624.04123711342,155000.0,240000.0,24.20610779900231,False,20
M41 0,227,350000.0,351063.5682819383,267500.0,425500.0,63.219369753011314,False,20
M41 5,238,346750.0,357986.0756302521,272374.75,421875.0,62.4832704708602,False,20
M41 6,231,335000.0,353205.18614718615,285750.0,393500.0,60.3479742061078,False,20
M41 7,186,281000.0,308899.06451612903,240000.0,373750.0,46.933933568560654,False,20
M41 8,252,325000.0,359754.0753968254,271875.0,422000.0,57.99367319625258,False,20
M41 9,364,320000.0,342067.228021978,262750.0,382125.0,56.54580849251734,False,20
M43 6,535,218720.0,242692.38691588785,185995.0,309995.0,27.923105000608345,False,20
M43 7,438,212250.0,223658.2602739726,180000.0,258000.0,26.329237133471224,False,20
M44 5,309,215000.0,218879.4077669903,175000.0,249950.0,26.998418299063147,False,20
M44 6,450,229997.5,236238.16666666666,200000.0,270000.0,31.28117775885144,False,20
M45 6,200,255000.0,265735.8,209125.0,307750.0,39.068013140284705,False,20
M45 7,378,295500.0,361380.68518518517,235000.0,435000.0,50.456259885630864,False,20
M45 8,246,211000.0,225046.90650406503,180000.0,269500.0,26.11631585351016,False,20
M46 0,628,182000.0,205451.66242038217,139462.5,254995.0,17.599464655067525,False,20
M46 9,399,175000.0,201048.07268170427,147500.0,230000.0,15.500669181165591,False,20
M5 3,218,181051.0,192645.60550458715,160000.0,221876.25,17.42304416595693,False,20
M5 4,725,215000.0,223836.4096551724,158995.0,273000.0,26.998418299063147,False,20
M5 5,135,169250.0,175940.88888888888,126800.0,225000.0,13.91896824431196,False,20
M50 1,36,127500.0,117695.83333333333,98250.0,140200.0,4.9762744859471955,False,20
M50 2,400,194995.0,200063.7325,150000.0,220086.25,21.030538995011558,False,20
M50 3,289,230000.0,235538.723183391,179995.0,265000.0,31.71918724905706,False,20
M6 5,276,215000.0,213703.21376811594,185000.0,246500.0,26.998418299063147,False,20
M6 6,479,139995.0,195697.96033402922,124995.0,274950.0,7.117654215841343,False,20
M6 7,272,235350.0,239887.69852941178,193937.5,280000.0,33.56856065214746,False,20
M6 8,393,240000.0,258363.59287531808,180000.0,307500.0,34.59058279596058,False,20
M7 1,85,221000.0,240068.0,148000.0,325000.0,29.13979802895729,False,20
M7 2,61,233000.0,256270.49180327868,192000.0,310000.0,32.58303929918482,False,20
M7 3,188,200000.0,215268.3244680851,112875.0,278250.0,22.885995863243703,False,20
M7 4,203,350000.0,407233.6206896552,185000.0,555000.0,63.219369753011314,False,20
M8 0,107,155000.0,175196.1495327103,127500.0,220000.0,10.700815184328993,False,20
M8 4,162,199500.0,213855.85802469135,134875.0,283250.0,22.247232023360507,False,20
M8 5,88,213500.0,216381.64772727274,163000.0,266000.0,26.51782455286531,False,20
M8 8,65,175000.0,172224.92307692306,125500.0,210000.0,15.500669181165591,False,20
M8 9,20,187500.0,180570.8,132250.0,211750.0,19.175082126779415,False,20
M9 0,101,200000.0,215616.0495049505,165000.0,270000.0,22.885995863243703,False,20
M9 4,146,169000.0,171156.97260273973,138125.0,204375.0,13.888550918603237,False,20
M9 5,39,160000.0,154666.66666666666,128750.0,185000.0,11.856673561260495,False,20
M9 6,151,215000.0,217726.82119205297,176250.0,250000.0,26.998418299063147,False,20
M9 7,177,205000.0,216806.12994350283,170000.0,270000.0,24.20610779900231,False,20
M9 8,242,169000.0,173605.06198347107,120000.0,220000.0,13.888550918603237,False,20
ME1 1,387,277000.0,319784.44444444444,206500.0,387500.0,45.49823579510889,False,20
ME1 2,471,310000.0,327521.1231422505,270000.0,371250.0,53.948168876992334,False,20
ME1 3,539,330000.0,355801.7755102041,266750.0,415000.0,59.15561503832583,False,20
ME10 1,613,320000.0,341401.9037520391,271250.0,399995.0,56.54580849251734,False,20
ME10 2,672,285000.0,300088.4791666667,242000.0,345000.0,47.773451758121425,False,20
ME10 3,447,269000.0,288130.3624161074,220000.0,345000.0,43.20476943667113,False,20
ME10 4,389,295000.0,305536.93573264783,245000.0,367000.0,50.121669302834896,False,20
ME10 5,167,300000.0,297932.9341317365,193500.0,380000.0,51.65470251855457,False,20
ME11 5,125,230000.0,228025.816,200000.0,260000.0,31.71918724905706,False,20
ME12 1,129,235000.0,227207.0542635659,195000.0,265000.0,33.14271809222533,False,20
ME12 2,437,290000.0,299925.40732265444,206000.0,370000.0,48.89280934420246,False,20
ME12 3,691,300000.0,306570.98408104194,255747.5,352375.0,51.65470251855457,False,20
ME12 4,205,250000.0,299061.9512195122,217000.0,325000.0,37.717483878817376,False,20
ME13 0,76,552500.0,589858.552631579,371000.0,693125.0,88.91592651174108,False,20
ME13 7,491,330000.0,353778.26883910387,269250.0,410000.0,59.15561503832583,False,20
ME13 8,535,345000.0,372851.1028037383,261250.0,452500.0,62.16084681834773,False,20
ME13 9,162,375000.0,463539.47530864197,301250.0,547500.0,68.18956077381677,False,20
ME14 1,264,222497.5,229470.60606060605,145000.0,280000.0,29.346635843776614,False,20
ME14 2,626,263290.0,284954.1373801917,212000.0,316875.0,41.647402360384476,False,20
ME14 3,72,477500.0,489670.2083333333,347000.0,577250.0,83.02104878939043,False,20
ME14 4,268,523750.0,595475.5223880596,420000.0,703500.0,86.85363182868963,False,20
ME14 5,415,382000.0,406664.09397590364,301000.0,475000.0,69.76517824552866,False,20
ME15 0,165,499995.0,520396.2121212121,350000.0,620500.0,84.91300644847306,False,20
ME15 6,395,291000.0,292167.5746835443,210000.0,350000.0,49.33690229954982,False,20
ME15 7,278,330000.0,332200.4892086331,278500.0,375000.0,59.15561503832583,False,20
ME15 8,578,355000.0,366679.1955017301,300000.0,417000.0,64.21705803625746,False,20
ME15 9,375,360000.0,380804.96,281250.0,437500.0,65.14174473780265,False,20
ME16 0,612,367250.0,372578.95261437906,300000.0,435000.0,66.57744251125442,False,20
ME16 8,472,270000.0,279357.8728813559,199250.0,330000.0,43.569777345175815,False,20
ME16 9,420,415000.0,422581.68095238094,346125.0,475000.0,74.71103540576712,False,20
ME17 1,246,437000.0,529131.0569105691,345500.0,673125.0,78.23944518797907,False,20
ME17 2,219,397397.0,468586.196347032,321000.0,577500.0,71.96739262684024,False,20
ME17 3,416,454997.5,485713.39182692306,350000.0,555500.0,80.61808005840126,False,20
ME17 4,421,375000.0,397033.809976247,325000.0,442500.0,68.18956077381677,False,20
ME18 5,139,450000.0,477247.3741007194,322500.0,580000.0,80.05840126536074,False,20
ME18 6,74,415000.0,521799.02702702704,330625.0,643750.0,74.71103540576712,False,20
ME19 4,493,525000.0,562658.9046653144,430000.0,659000.0,87.06046964350894,False,20
ME19 5,390,410000.0,486609.13333333336,320000.0,584375.0,73.84109989049763,False,20
ME19 6,338,463750.0,502420.6360946746,362750.0,611250.0,81.37242973597762,False,20
ME2 1,286,350000.0,373182.1433566434,290000.0,426500.0,63.219369753011314,False,20
ME2 2,567,300000.0,312997.2010582011,262750.0,345250.0,51.65470251855457,False,20
ME2 3,473,318000.0,341844.59830866806,255000.0,400000.0,55.773208419515754,False,20
ME2 4,277,307500.0,320418.0288808664,240000.0,380000.0,53.26682078111692,False,20
ME20 6,588,370000.0,381897.2789115646,319713.0,429995.0,67.1067039785862,False,20
ME20 7,443,380000.0,398530.29796839727,275000.0,465495.0,69.34541915074827,False,20
ME3 0,58,261250.0,263680.9482758621,225625.0,292250.0,41.30672831244677,False,20
ME3 7,205,375000.0,410247.56585365854,290000.0,455000.0,68.18956077381677,False,20
ME3 8,465,425000.0,445622.81290322583,335000.0,560000.0,76.45698990144787,False,20
ME3 9,547,350000.0,353619.760511883,295000.0,409950.0,63.219369753011314,False,20
ME4 3,258,377500.0,404825.7015503876,302750.0,507500.0,68.87090886969217,False,20
ME4 4,338,224500.0,251842.3402366864,190000.0,309375.0,29.705560287139555,False,20
ME4 5,354,220000.0,224170.8220338983,195000.0,248000.0,28.555785375349803,False,20
ME4 6,324,269000.0,294505.8611111111,220000.0,330000.0,43.20476943667113,False,20
ME5 0,382,300000.0,304684.1544502618,257000.0,335750.0,51.65470251855457,False,20
ME5 7,458,270000.0,272700.15720524016,220500.0,320000.0,43.569777345175815,False,20
ME5 8,601,300000.0,319698.3577371048,267000.0,358000.0,51.65470251855457,False,20
ME5 9,507,345000.0,370185.5364891519,283775.0,430000.0,62.16084681834773,False,20
ME6 5,511,310000.0,314474.45792563603,250000.0,375000.0,53.948168876992334,False,20
ME7 1,360,226500.0,225400.7861111111,190000.0,255000.0,30.71541550066918,False,20
ME7 2,425,290000.0,304773.67764705885,250000.0,350000.0,48.89280934420246,False,20
ME7 3,269,393000.0,436374.10408921936,315000.0,530000.0,71.41988076408322,False,20
ME7 4,280,268750.0,280901.15357142856,227125.0,325000.0,43.137851320111935,False,20
ME7 5,207,240000.0,245542.34782608695,214200.0,279000.0,34.59058279596058,False,20
ME8 0,333,425000.0,467430.1621621622,358000.0,550000.0,76.45698990144787,False,20
ME8 6,349,305000.0,309720.7936962751,270000.0,336000.0,52.81664436062782,False,20
ME8 7,513,362000.0,380699.39571150095,318000.0,425000.0,65.56758729772478,False,20
ME8 8,557,325000.0,335716.4721723519,277500.0,400000.0,57.99367319625258,False,20
ME8 9,507,320000.0,327614.56015779095,280000.0,370000.0,56.54580849251734,False,20
ME9 0,74,497500.0,547939.1216216217,334250.0,700000.0,84.7426694245042,False,20
ME9 7,267,355000.0,421373.0149812734,285000.0,475000.0,64.21705803625746,False,20
ME9 8,391,368000.0,412152.19948849105,313750.0,475000.0,66.66869448838058,False,20
ME9 9,192,285000.0,325045.796875,235000.0,380000.0,47.773451758121425,False,20
MK1 1,14,392500.0,431107.14285714284,306875.0,502250.0,71.34687918238228,True,20
MK10 7,519,391995.0,368402.2928709056,206250.0,485000.0,71.24954374011438,False,20
MK10 9,417,360000.0,382390.88729016786,225000.0,508000.0,65.14174473780265,False,20
MK11 1,250,326000.0,371598.3,280000.0,407500.0,58.49251733787565,False,20
MK11 2,25,235000.0,265120.0,209000.0,325000.0,33.14271809222533,False,20
MK11 4,205,275500.0,322242.3024390244,223245.0,429995.0,45.333982236281784,False,20
MK12 5,368,315000.0,302398.13586956525,263750.0,353912.5,55.170945370483025,False,20
MK12 6,109,267000.0,269500.65137614676,230000.0,320000.0,42.75459301618202,False,20
MK13 0,147,271500.0,301069.387755102,241500.0,350000.0,44.00778683538144,False,20
MK13 7,215,285000.0,295410.41395348834,246250.0,344000.0,47.773451758121425,False,20
MK13 8,55,370000.0,351518.1818181818,250000.0,428500.0,67.1067039785862,False,20
MK13 9,87,300000.0,318111.4367816092,260000.0,356500.0,51.65470251855457,False,20
MK14 5,255,355000.0,373815.53725490195,256250.0,459000.0,64.21705803625746,False,20
MK14 6,180,325000.0,343189.84444444446,275000.0,391250.0,57.99367319625258,False,20
MK14 7,92,250000.0,248912.41304347827,160000.0,307500.0,37.717483878817376,False,20
MK15 0,39,530000.0,603076.9230769231,402500.0,767500.0,87.43156101715537,False,20
MK15 8,56,324000.0,349196.4285714286,290000.0,398500.0,57.47049519406254,False,20
MK15 9,156,335000.0,391109.1858974359,250000.0,464000.0,60.3479742061078,False,20
MK16 0,257,305000.0,336820.0389105058,262000.0,390000.0,52.81664436062782,False,20
MK16 8,304,335000.0,373450.1381578947,275000.0,436250.0,60.3479742061078,False,20
MK16 9,221,379000.0,425657.1266968326,312500.0,470000.0,68.99866163766882,False,20
MK17 0,232,465000.0,550441.7629310344,376875.0,671250.0,81.53059982966298,False,20
MK17 7,400,475000.0,485994.9875,401496.25,560783.25,82.6621243460275,False,20
MK17 8,663,450000.0,496306.0256410256,365000.0,566175.0,80.05840126536074,False,20
MK17 9,326,535873.0,573620.8128834356,389961.25,650000.0,87.79656892566005,False,20
MK18 1,513,370000.0,407719.98245614034,290000.0,465000.0,67.1067039785862,False,20
MK18 2,266,450000.0,487757.44360902254,330000.0,585000.0,80.05840126536074,False,20
MK18 3,340,410000.0,462120.4823529412,325000.0,537121.25,73.84109989049763,False,20
MK18 4,155,430000.0,513368.6451612903,320750.0,591500.0,77.35125927728434,False,20
MK18 5,47,470000.0,588170.2127659575,314000.0,810000.0,82.10852901812873,False,20
MK18 6,1,1150000.0,1150000.0,1150000.0,1150000.0,98.53996836598127,True,20
MK18 7,212,350000.0,361258.37264150946,275000.0,435000.0,63.219369753011314,False,20
MK19 6,253,350000.0,393929.6442687747,290000.0,448000.0,63.219369753011314,False,20
MK19 7,236,365000.0,410251.19491525425,299375.0,481250.0,66.10293223019832,False,20
MK2 2,276,260000.0,255438.73188405798,165750.0,335000.0,40.716632193697535,False,20
MK2 3,162,260000.0,273155.8024691358,225000.0,315000.0,40.716632193697535,False,20
MK3 5,562,325000.0,319457.54270462634,230000.0,385187.5,57.99367319625258,False,20
MK3 6,201,319000.0,341587.1890547264,270000.0,390000.0,55.91312811777589,False,20
MK3 7,280,315000.0,335723.97142857144,277125.0,385000.0,55.170945370483025,False,20
MK4 1,150,313500.0,337655.87333333335,221250.0,404500.0,54.757269740844386,False,20
MK4 2,160,331500.0,357565.25,276500.0,436250.0,59.69095997079936,False,20
MK4 3,120,379000.0,365689.5833333333,281250.0,481250.0,68.99866163766882,False,20
MK4 4,566,406125.0,397589.45406360424,300425.0,475000.0,73.3057549580241,False,20
MK40 1,91,168000.0,179855.43956043955,140000.0,200125.0,13.766881615768343,False,20
MK40 2,232,190550.0,282070.0215517241,134750.0,287500.0,20.42827594597883,False,20
MK40 3,386,351000.0,402938.65025906736,276250.0,473250.0,63.602628056941235,False,20
MK40 4,806,375000.0,426372.37096774194,270000.0,534998.75,68.18956077381677,False,20
MK41 0,264,295000.0,344052.0833333333,255000.0,367750.0,50.121669302834896,False,20
MK41 6,187,295000.0,344576.73796791444,258750.0,365000.0,50.121669302834896,False,20
MK41 7,418,330000.0,347514.5933014354,285000.0,400000.0,59.15561503832583,False,20
MK41 8,277,355000.0,403797.2924187726,310000.0,465000.0,64.21705803625746,False,20
MK41 9,294,350000.0,375179.27210884355,300000.0,425000.0,63.219369753011314,False,20
MK42 0,680,325000.0,326028.0367647059,255000.0,396666.0,57.99367319625258,False,20
MK42 6,475,375000.0,390632.9978947368,330000.0,458950.0,68.18956077381677,False,20
MK42 7,362,280000.0,292068.8591160221,243500.0,335000.0,46.40467210122886,False,20
MK42 8,353,290000.0,300130.22946175636,252000.0,345000.0,48.89280934420246,False,20
MK42 9,321,260000.0,273859.7975077882,182000.0,320000.0,40.716632193697535,False,20
MK43 0,571,350000.0,371528.5569176883,289250.0,432500.0,63.219369753011314,False,20
MK43 1,80,461000.0,432872.975,360000.0,513500.0,81.31767854970191,False,20
MK43 2,77,370000.0,425012.55844155845,342500.0,546995.0,67.1067039785862,False,20
MK43 7,242,378200.0,473808.2644628099,312750.0,575000.0,68.96216084681835,False,20
MK43 8,342,447500.0,506817.72807017545,358125.0,619500.0,79.51697286774547,False,20
MK43 9,437,362500.0,380484.7482837529,310000.0,440000.0,65.65883927485096,False,20
MK44 1,231,425000.0,459561.7056277056,321000.0,572500.0,76.45698990144787,False,20
MK44 2,155,495000.0,534411.0967741936,387475.0,672475.0,84.52366467940139,False,20
MK44 3,342,415000.0,484543.5643274854,315000.0,590000.0,74.71103540576712,False,20
MK45 1,615,340000.0,363575.1382113821,280000.0,425000.0,61.309161698503466,False,20
MK45 2,562,440000.0,487854.67259786476,327500.0,600000.0,78.6652877479012,False,20
MK45 3,404,394000.0,417253.11386138614,324500.0,476250.0,71.46854848521717,False,20
MK45 4,422,398250.0,461635.81042654027,320000.0,557125.0,72.11339579024212,False,20
MK45 5,205,480000.0,531285.7463414634,345000.0,675000.0,83.24005353449326,False,20
MK46 4,239,404999.0,465282.12552301254,315000.0,587497.5,73.07458328263779,False,20
MK46 5,373,450000.0,474049.91420911526,327500.0,585000.0,80.05840126536074,False,20
MK5 6,263,380000.0,400569.63117870723,227500.0,488750.0,69.34541915074827,False,20
MK5 7,142,476000.0,450338.0281690141,296250.0,593750.0,82.8932960214138,False,20
MK5 8,82,615000.0,668279.6951219512,405000.0,845000.0,92.18883075799975,False,20
MK6 2,133,290000.0,264738.66917293234,175000.0,340000.0,48.89280934420246,False,20
MK6 3,109,292000.0,341099.4495412844,195000.0,385000.0,49.47682199780995,False,20
MK6 4,69,225000.0,226393.02898550723,175000.0,270000.0,30.143569777345174,False,20
MK6 5,97,255000.0,241167.19587628866,220000.0,280000.0,39.068013140284705,False,20
MK7 6,72,340000.0,327596.52777777775,166250.0,459375.0,61.309161698503466,False,20
MK7 7,242,298500.0,332784.30991735536,174125.0,423750.0,50.857768584986005,False,20
MK7 8,140,355000.0,397223.1785714286,266500.0,578750.0,64.21705803625746,False,20
MK8 0,110,310000.0,313735.44545454544,176875.0,398750.0,53.948168876992334,False,20
MK8 1,760,440825.0,435514.5842105263,364500.0,537562.5,78.92687674899624,False,20
MK8 8,103,370000.0,358202.786407767,225000.0,493000.0,67.1067039785862,False,20
MK8 9,79,327500.0,353712.0253164557,281000.0,436250.0,58.62635357099404,False,20
MK9 1,43,285000.0,284290.6976744186,249000.0,315000.0,47.773451758121425,False,20
MK9 2,41,230000.0,216820.73170731709,190000.0,255000.0,31.71918724905706,False,20
MK9 3,24,181250.0,218958.33333333334,144750.0,291250.0,17.441294561382165,False,20
MK9 4,89,250000.0,299929.21348314604,169000.0,410000.0,37.717483878817376,False,20
N1 0,222,710000.0,1014412.2747747748,515500.0,1145000.0,95.07239323518675,False,20
N1 1,366,847500.0,1139878.9672131147,540000.0,1447500.0,97.1042705925295,False,20
N1 2,361,775000.0,1052522.7783933517,540000.0,1220000.0,96.28300279839397,False,20
N1 3,303,726000.0,911401.9339933994,535000.0,1105000.0,95.42523421340796,False,20
N1 4,308,627500.0,923592.8636363636,475000.0,1056187.5,92.80326073731598,False,20
N1 5,281,605000.0,690424.6654804271,467500.0,760000.0,91.79340552378635,False,20
N1 6,143,500000.0,598204.2937062937,400000.0,650000.0,85.14417812385935,False,20
N1 7,381,675000.0,789023.2598425196,450000.0,999950.0,94.12945613821633,False,20
N1 8,263,790000.0,1045922.927756654,556000.0,1387500.0,96.56284219491423,False,20
N1 9,117,625000.0,703509.717948718,465000.0,850000.0,92.6146733179219,False,20
N10 1,253,632500.0,756137.0553359684,390000.0,953000.0,92.96751429614308,False,20
N10 2,279,750000.0,998173.7562724014,457500.0,1480500.0,95.92407835503103,False,20
N10 3,355,830000.0,1116997.6732394367,560000.0,1570500.0,96.97651782455287,False,20
N11 1,204,518000.0,522601.29411764705,375000.0,617500.0,86.54337510646064,False,20
N11 2,294,647500.0,676950.5646258503,440000.0,840000.0,93.33252220464777,False,20
N11 3,232,463800.0,527750.0862068966,350000.0,685000.0,81.3967635965446,False,20
N12 0,178,461000.0,523353.58988764044,316250.0,727000.0,81.31767854970191,False,20
N12 7,159,885000.0,837179.8238993711,457500.0,1100000.0,97.44494464046721,False,20
N12 8,245,486000.0,604307.824489796,402500.0,730000.0,83.79364886239202,False,20
N12 9,237,440000.0,571767.4556962026,322000.0,810000.0,78.6652877479012,False,20
N13 4,362,530500.0,588331.2099447513,390000.0,763750.0,87.55323031999028,False,20
N13 5,294,547500.0,546632.306122449,432750.0,650000.0,88.35016425355883,False,20
N13 6,111,495000.0,458682.91891891893,295000.0,585000.0,84.52366467940139,False,20
N14 4,334,514500.0,578101.9850299401,387000.0,750012.0,86.22703491908992,False,20
N14 5,143,700000.0,672556.8181818182,443750.0,819500.0,94.8473050249422,False,20
N14 6,176,782500.0,782711.6193181818,483750.0,1000000.0,96.44117289207934,False,20
N14 7,159,783000.0,787845.5345911949,595500.0,950000.0,96.45942328750456,False,20
N15 3,220,547500.0,574611.3636363636,414500.0,716250.0,88.35016425355883,False,20
N15 4,320,509000.0,522882.546875,394500.0,646250.0,85.80727582430953,False,20
N15 5,167,525000.0,529965.8622754491,390000.0,640680.0,87.06046964350894,False,20
N15 6,106,487250.0,589604.179245283,400750.0,811250.0,83.86665044409295,False,20
N16 0,251,705000.0,907705.7888446215,475000.0,1342500.0,94.9689743277771,False,20
N16 5,139,585000.0,747117.1223021583,446011.0,827500.0,90.9295534736586,False,20
N16 6,132,495500.0,625330.8712121212,392000.0,701700.0,84.6331670519528,False,20
N16 7,289,565000.0,712649.2422145329,440000.0,842500.0,89.68244311960093,False,20
N16 8,292,582000.0,684069.9417808219,454937.5,781250.0,90.76529991483149,False,20
N16 9,231,630000.0,818046.1341991342,475000.0,901500.0,92.87626231901692,False,20
N17 0,84,400000.0,405452.4761904762,298600.0,506875.0,72.52707141988076,False,20
N17 6,371,550000.0,540881.1266846361,401750.0,675000.0,88.66650444092954,False,20
N17 7,123,460000.0,453098.4552845528,413250.0,505000.0,81.13517459544957,False,20
N17 8,97,310000.0,352328.26804123714,258750.0,445000.0,53.948168876992334,False,20
N17 9,455,456445.0,459607.4857142857,392402.5,560000.0,80.84925173378757,False,20
N18 1,227,435000.0,419285.2422907489,382500.0,480500.0,77.95960579145881,False,20
N18 2,159,380000.0,354807.641509434,279997.5,415000.0,69.34541915074827,False,20
N19 3,303,601500.0,760880.6600660066,450000.0,1000000.0,91.68998661637669,False,20
N19 4,254,650000.0,822196.5984251968,460750.0,1065000.0,93.44810804234092,False,20
N19 5,275,560000.0,739943.5890909091,450000.0,812500.0,89.33568560652148,False,20
N1C 4,163,1150000.0,1321750.2147239263,793500.0,1591950.0,98.53996836598127,False,20
N2 0,317,855000.0,1733102.8296529967,533500.0,1800000.0,97.18335563937218,False,20
N2 8,169,485000.0,527108.6568047337,332500.0,640000.0,83.62331183842316,False,20
N2 9,234,1080000.0,1089659.2948717948,530000.0,1497500.0,98.35746441172893,False,20
N20 0,420,550000.0,600582.869047619,380000.0,762250.0,88.66650444092954,False,20
N20 8,129,1190000.0,1438632.4108527133,960000.0,1550000.0,98.62513687796569,False,20
N20 9,242,585000.0,804422.2396694215,475000.0,1063750.0,90.9295534736586,False,20
N21 1,300,625000.0,704678.45,385937.5,926250.0,92.6146733179219,False,20
N21 2,232,750000.0,782289.2456896552,512250.0,975000.0,95.92407835503103,False,20
N21 3,209,685000.0,875658.7320574162,490000.0,981000.0,94.41537899987833,False,20
N22 5,224,480500.0,501496.3035714286,380000.0,616250.0,83.37997323275339,False,20
N22 6,280,546500.0,551687.1678571429,444250.0,642750.0,88.28324613699964,False,20
N22 7,241,695000.0,816601.7883817428,514000.0,1122500.0,94.72563572210731,False,20
N22 8,175,443000.0,487261.77714285714,343250.0,600000.0,79.0728799123981,False,20
N3 1,239,580000.0,756277.2594142259,425000.0,897500.0,90.64971407713833,False,20
N3 2,238,675500.0,740540.3781512605,465000.0,923750.0,94.19637425477552,False,20
N3 3,215,690000.0,915472.5581395349,502500.0,1200000.0,94.59179948898893,False,20
N4 1,279,607500.0,656072.5376344086,452585.0,828500.0,91.90290789633775,False,20
N4 2,815,570100.0,660050.2957055215,475000.0,745100.0,90.0596179583891,False,20
N4 3,402,585000.0,658226.8731343284,442125.0,768750.0,90.9295534736586,False,20
N4 4,282,590812.5,751626.7517730496,466250.0,831500.0,91.11814089305268,False,20
N5 1,447,710000.0,1023179.7494407159,518576.0,1280000.0,95.07239323518675,False,20
N5 2,460,683750.0,898647.3369565217,498750.0,1017316.75,94.34237741817739,False,20
N6 4,187,930000.0,1627860.9090909092,583500.0,1900000.0,97.6761163158535,False,20
N6 5,446,700000.0,968434.8923766816,513125.0,1228750.0,94.8473050249422,False,20
N6 6,124,1192500.0,2050198.935483871,609375.0,2660000.0,98.65555420367441,False,20
N7 0,313,575000.0,701127.7763578275,455000.0,739500.0,90.29687309891715,False,20
N7 6,202,572500.0,647141.9504950495,420000.0,747500.0,90.14478647037353,False,20
N7 7,131,495000.0,552681.5190839694,400000.0,611250.0,84.52366467940139,False,20
N7 8,217,580000.0,753588.3087557603,448000.0,880000.0,90.64971407713833,False,20
N7 9,223,550000.0,632894.9596412556,440500.0,663250.0,88.66650444092954,False,20
N8 0,449,570400.0,617044.3652561248,448625.0,733000.0,90.08395181895608,False,20
N8 7,375,533000.0,639739.1866666666,393500.0,697500.0,87.6262319016912,False,20
N8 8,297,825000.0,1017996.1245791246,505000.0,1439000.0,96.93393356856065,False,20
N8 9,471,665000.0,811493.4033970276,495000.0,885000.0,93.90436792797178,False,20
N9 0,110,371000.0,349573.93636363634,265000.0,428125.0,67.47779535223263,False,20
N9 7,155,410000.0,386518.70967741933,347500.0,442250.0,73.84109989049763,False,20
N9 8,178,390000.0,370666.7247191011,314375.0,430000.0,70.97578780873586,False,20
N9 9,275,430000.0,415221.5745454545,292500.0,500000.0,77.35125927728434,False,20
NE1 1,21,152500.0,182457.14285714287,130000.0,215000.0,10.074218274729285,False,20
NE1 2,76,149000.0,163225.32894736843,119750.0,183750.0,9.033945735490935,False,20
NE1 3,46,154000.0,217587.71739130435,134625.0,242500.0,10.335807275824308,False,20
NE1 4,61,152000.0,160418.83606557376,118000.0,180000.0,9.952548971894391,False,20
NE1 5,25,122500.0,128564.0,105000.0,165000.0,3.990753132984548,False,20
NE1 6,14,125750.0,148500.0,116250.0,148125.0,4.726852415135661,True,20
NE1 8,5,155000.0,150400.0,140000.0,175000.0,10.700815184328993,True,20
NE10 0,221,120000.0,130711.33936651584,90000.0,163000.0,3.686579875897311,False,20
NE10 8,580,150000.0,162014.55172413794,125000.0,185000.0,9.465871760554812,False,20
NE10 9,252,130500.0,144692.13095238095,105000.0,175000.0,5.773208419515756,False,20
NE11 0,150,160000.0,173810.64666666667,131000.0,205000.0,11.856673561260495,False,20
NE11 9,490,162000.0,191264.52653061223,130000.0,223750.0,12.40418542401752,False,20
NE12 5,131,200000.0,227778.20610687023,146500.0,294995.0,22.885995863243703,False,20
NE12 6,345,160000.0,187992.42608695652,120000.0,241000.0,11.856673561260495,False,20
NE12 7,320,240000.0,264145.70625,165000.0,350000.0,34.59058279596058,False,20
NE12 8,399,176000.0,186562.12781954888,143750.0,210000.0,15.950845601654704,False,20
NE12 9,402,195000.0,224022.10199004976,145000.0,279487.5,21.395546903516244,False,20
NE13 6,354,197875.0,209493.81355932204,169237.5,247375.0,22.058644603966417,False,20
NE13 7,417,258000.0,265307.17026378895,183000.0,326950.0,39.87711400413676,False,20
NE13 8,163,292000.0,338996.509202454,227000.0,375000.0,49.47682199780995,False,20
NE13 9,820,260000.0,295285.4987804878,208950.0,343500.0,40.716632193697535,False,20
NE15 0,78,317500.0,348752.3846153846,250000.0,409375.0,55.66978951210609,False,20
NE15 6,315,170000.0,170283.11428571428,130000.0,211995.0,14.296143083100135,False,20
NE15 7,357,160000.0,165585.70028011204,130000.0,200000.0,11.856673561260495,False,20
NE15 8,296,120000.0,140109.74662162163,93375.0,170000.0,3.686579875897311,False,20
NE15 9,453,217995.0,239377.2582781457,150095.0,320000.0,27.752767976639493,False,20
NE16 3,91,130000.0,155006.04395604396,101500.0,195000.0,5.493369022995498,False,20
NE16 4,261,185000.0,274769.061302682,137500.0,310000.0,18.432899379486557,False,20
NE16 5,501,240000.0,253450.38522954093,165000.0,310000.0,34.59058279596058,False,20
NE16 6,285,165000.0,203867.15789473685,125000.0,250000.0,13.079450054751184,False,20
NE17 7,267,133995.0,131936.07490636705,65000.0,179997.5,6.132132862878695,False,20
NE18 0,37,400000.0,455108.1081081081,252000.0,542500.0,72.52707141988076,False,20
NE19 1,44,189000.0,225114.18181818182,148750.0,259625.0,19.40625380216571,False,20
NE19 2,21,400000.0,418761.90476190473,250000.0,545000.0,72.52707141988076,False,20
NE2 1,225,175000.0,243807.85333333333,138500.0,239150.0,15.500669181165591,False,20
NE2 2,196,267500.0,391619.1785714286,197500.0,504000.0,42.84584499330819,False,20
NE2 3,204,377500.0,422486.2254901961,235000.0,510025.0,68.87090886969217,False,20
NE2 4,113,245000.0,322988.9292035398,165000.0,397000.0,36.05061442997932,False,20
NE20 0,163,524995.0,550145.3006134969,419250.0,662500.0,86.90229954982358,False,20
NE20 9,527,475000.0,544210.4326375711,295000.0,654250.0,82.6621243460275,False,20
NE21 4,274,138250.0,162523.38686131386,112500.0,200000.0,6.983817982722959,False,20
NE21 5,282,160995.0,189587.04964539007,130000.0,229995.0,12.276432656040882,False,20
NE21 6,234,167000.0,181938.952991453,130250.0,203875.0,13.53570994038204,False,20
NE22 5,332,120000.0,138626.1204819277,77875.0,177750.0,3.686579875897311,False,20
NE22 6,496,219372.5,236770.4193548387,170872.0,299950.0,27.99610658230928,False,20
NE22 7,161,160000.0,162160.09316770185,115000.0,190000.0,11.856673561260495,False,20
NE23 1,214,182250.0,202659.05607476635,152333.25,245000.0,17.727217423044166,False,20
NE23 2,178,148750.0,156912.35955056178,119000.0,195000.0,9.009611874923957,False,20
NE23 3,194,239975.0,252629.45876288658,191750.0,310000.0,34.09173865433751,False,20
NE23 6,432,155000.0,160029.6712962963,104000.0,200000.0,10.700815184328993,False,20
NE23 7,340,150000.0,192740.8088235294,109462.5,265000.0,9.465871760554812,False,20
NE23 8,672,259097.5,257934.17113095237,192983.75,318245.0,40.17520379608225,False,20
NE24 1,103,70000.0,77280.17475728155,50000.0,93975.0,0.24333860566978952,False,20
NE24 2,188,98975.0,121788.82978723405,75000.0,161237.5,1.4965324248692056,False,20
NE24 3,529,170000.0,181772.80151228735,133500.0,222100.0,14.296143083100135,False,20
NE24 4,603,192950.0,203267.63847429518,145000.0,249997.5,20.793283854483512,False,20
NE24 5,276,115000.0,117857.20289855072,89812.5,139962.5,3.0295656405888796,False,20
NE25 0,456,189000.0,204236.49780701756,136787.5,257750.0,19.40625380216571,False,20
NE25 8,372,285000.0,291472.78225806454,191875.0,370000.0,47.773451758121425,False,20
NE25 9,576,300000.0,335241.66319444444,229987.5,425000.0,51.65470251855457,False,20
NE26 1,251,375000.0,370261.82470119523,280000.0,442500.0,68.18956077381677,False,20
NE26 2,219,301750.0,310267.41552511416,182750.0,399975.0,52.31780021900474,False,20
NE26 3,277,365000.0,407493.0397111913,265000.0,520000.0,66.10293223019832,False,20
NE26 4,199,290000.0,314639.40201005025,220000.0,387475.0,48.89280934420246,False,20
NE27 0,701,206500.0,223573.22967189728,137000.0,290000.0,24.723202336050615,False,20
NE28 0,201,138000.0,142695.62686567163,109000.0,165000.0,6.892566005596788,False,20
NE28 6,262,130000.0,139216.29770992367,84962.5,185202.0,5.493369022995498,False,20
NE28 7,322,130500.0,146979.46583850932,89000.0,183250.0,5.773208419515756,False,20
NE28 8,409,160000.0,176737.53545232274,127000.0,214600.0,11.856673561260495,False,20
NE28 9,754,190000.0,210041.43633952254,140000.0,279462.5,19.959849130064487,False,20
NE29 0,311,174000.0,202592.12540192925,120000.0,268500.0,15.080910086385204,False,20
NE29 6,305,142500.0,167246.6131147541,112000.0,190000.0,7.920671614551648,False,20
NE29 7,303,175000.0,181121.10891089108,119975.0,223475.0,15.500669181165591,False,20
NE29 8,496,205500.0,246524.11693548388,155000.0,321995.0,24.522447986373038,False,20
NE29 9,268,249000.0,248505.026119403,151125.0,321250.0,36.94488380581579,False,20
NE3 1,463,315000.0,337875.60043196543,184250.0,457500.0,55.170945370483025,False,20
NE3 2,561,187500.0,208111.1265597148,150000.0,240000.0,19.175082126779415,False,20
NE3 3,398,173000.0,198329.70603015076,135000.0,260000.0,14.95924078355031,False,20
NE3 4,489,360000.0,462839.20858895703,200000.0,600000.0,65.14174473780265,False,20
NE3 5,355,354000.0,365703.861971831,285000.0,430000.0,63.91288477917022,False,20
NE30 1,84,209000.0,234375.82142857142,154001.5,296250.0,25.05170945370483,False,20
NE30 2,443,240000.0,309356.00225733634,162475.0,416000.0,34.59058279596058,False,20
NE30 3,370,324000.0,329583.85945945943,265000.0,385000.0,57.47049519406254,False,20
NE30 4,231,260000.0,334082.2164502164,175250.0,430000.0,40.716632193697535,False,20
NE31 1,457,162500.0,178082.80525164114,110000.0,227000.0,12.471103540576713,False,20
NE31 2,467,177995.0,194232.6209850107,130000.0,250000.0,16.25501885874194,False,20
NE32 3,109,125000.0,121682.56880733946,85000.0,148500.0,4.4652634140406375,False,20
NE32 4,263,140000.0,143899.4030418251,114997.5,175000.0,7.409660542645091,False,20
NE32 5,307,168000.0,180502.10423452768,124000.0,216000.0,13.766881615768343,False,20
NE33 1,147,234995.0,224116.56462585033,163500.0,299995.0,32.716875532303206,False,20
NE33 2,159,135000.0,159000.6540880503,89975.0,207500.0,6.3328872125562725,False,20
NE33 3,358,130000.0,156428.7625698324,93812.5,195000.0,5.493369022995498,False,20
NE33 4,223,99950.0,121918.90134529148,75000.0,142250.0,1.5330332157196738,False,20
NE33 5,99,99999.0,114533.77777777778,68750.0,156750.0,1.5452001460031635,False,20
NE34 0,282,130000.0,154373.695035461,90000.0,200000.0,5.493369022995498,False,20
NE34 6,315,210000.0,228926.95873015872,154000.0,287500.0,25.6053047816036,False,20
NE34 7,278,186000.0,189764.6690647482,145000.0,220000.0,18.88915926511741,False,20
NE34 8,303,150000.0,179814.74257425743,122500.0,213997.5,9.465871760554812,False,20
NE34 9,247,120000.0,137443.3198380567,98500.0,159975.0,3.686579875897311,False,20
NE35 9,205,147000.0,176956.7707317073,120000.0,218000.0,8.760189804112423,False,20
NE36 0,286,210000.0,237988.47902097902,153250.0,294500.0,25.6053047816036,False,20
NE37 1,328,139000.0,176466.66768292684,115987.5,200498.75,7.020318773573428,False,20
NE37 2,206,135000.0,149701.94660194175,95000.0,184250.0,6.3328872125562725,False,20
NE37 3,144,36000.0,73534.68055555556,25000.0,111875.0,0.012166930283489474,False,20
NE38 0,246,138000.0,147202.5650406504,107250.0,184375.0,6.892566005596788,False,20
NE38 7,251,165000.0,180134.8207171315,113600.0,227500.0,13.079450054751184,False,20
NE38 8,290,205000.0,233261.66551724137,131250.0,319500.0,24.20610779900231,False,20
NE38 9,150,202500.0,273684.2266666667,128125.0,362500.0,23.622095145394816,False,20
NE39 1,144,257500.0,317750.69444444444,199250.0,400000.0,39.76761163158535,False,20
NE39 2,221,150000.0,188663.99095022623,114000.0,240000.0,9.465871760554812,False,20
NE4 5,72,154975.0,160755.06944444444,109250.0,190500.0,10.402725392383502,False,20
NE4 6,62,127000.0,174048.87096774194,88875.0,205000.0,4.8971894391045145,False,20
NE4 7,84,199995.0,194918.80952380953,112875.0,251245.0,22.393235186762382,False,20
NE4 8,116,91000.0,104363.74137931035,58000.0,137250.0,1.0159386786713713,False,20
NE4 9,290,197250.0,240596.7068965517,130000.0,300000.0,21.9613091616985,False,20
NE40 3,593,217000.0,235983.84485666105,170000.0,286000.0,27.539846696678428,False,20
NE40 4,372,150000.0,179676.811827957,118000.0,223500.0,9.465871760554812,False,20
NE41 8,93,325000.0,388150.0,255000.0,450000.0,57.99367319625258,False,20
NE42 5,275,200000.0,221849.24363636362,125000.0,292497.5,22.885995863243703,False,20
NE42 6,201,167000.0,189746.01990049751,125000.0,215000.0,13.53570994038204,False,20
NE43 7,183,285000.0,361725.60655737703,186000.0,457500.0,47.773451758121425,False,20
NE44 6,56,449125.0,529094.8214285715,287500.0,700750.0,79.59605791458814,False,20
NE45 5,217,407950.0,432806.0599078341,295000.0,525000.0,73.47609198199294,False,20
NE46 1,231,235000.0,270523.20346320345,158000.0,326000.0,33.14271809222533,False,20
NE46 2,182,328750.0,349541.8461538461,195750.0,428750.0,58.71152208297846,False,20
NE46 3,197,245000.0,279879.46192893403,153000.0,385000.0,36.05061442997932,False,20
NE46 4,98,338000.0,382274.0612244898,216250.0,491875.0,60.877235673439586,False,20
NE47 0,21,550000.0,632333.3333333334,400000.0,780000.0,88.66650444092954,False,20
NE47 5,46,297500.0,332597.82608695654,171250.0,423750.0,50.71784888672588,False,20
NE47 6,84,213750.0,241856.35714285713,148375.0,295625.0,26.560408808857527,False,20
NE47 7,37,275000.0,386576.5135135135,245000.0,453500.0,44.84730502494221,False,20
NE47 8,11,410000.0,486722.7272727273,362500.0,584500.0,73.84109989049763,True,20
NE47 9,95,300000.0,330957.05263157893,218750.0,422500.0,51.65470251855457,False,20
NE48 1,33,190000.0,297020.30303030304,149000.0,295000.0,19.959849130064487,False,20
NE48 2,62,205000.0,246419.7741935484,148125.0,263750.0,24.20610779900231,False,20
NE48 3,52,190250.0,276913.25,155000.0,401962.5,20.36744129456138,False,20
NE48 4,16,250000.0,364312.5,220000.0,485000.0,37.717483878817376,True,20
NE49 0,51,160000.0,198336.27450980392,125000.0,245000.0,11.856673561260495,False,20
NE49 9,115,148000.0,162052.60869565216,120000.0,184250.0,8.94877722350651,False,20
NE5 1,896,255000.0,274570.50334821426,200000.0,337061.25,39.068013140284705,False,20
NE5 2,501,140000.0,146849.89620758482,109250.0,175000.0,7.409660542645091,False,20
NE5 3,274,140000.0,137990.45620437956,110000.0,163375.0,7.409660542645091,False,20
NE5 4,228,142500.0,152669.47807017545,114750.0,189112.5,7.920671614551648,False,20
NE5 5,259,165000.0,176285.81853281852,138500.0,200000.0,13.079450054751184,False,20
NE6 1,119,170000.0,201811.34453781514,130500.0,264250.0,14.296143083100135,False,20
NE6 2,169,90000.0,97054.6449704142,65000.0,118000.0,0.9246867015452002,False,20
NE6 3,118,124000.0,122130.93220338984,96250.0,145000.0,4.142839761528166,False,20
NE6 4,338,161075.0,171047.36686390534,117250.0,222250.0,12.31293344689135,False,20
NE6 5,771,200000.0,238224.32036316473,160000.0,308372.5,22.885995863243703,False,20
NE61 1,293,230000.0,291185.91467576794,150000.0,380000.0,31.71918724905706,False,20
NE61 2,623,272000.0,279825.59390048153,189995.0,352500.0,44.044287626231906,False,20
NE61 3,239,356202.0,419737.6066945607,265227.5,502500.0,64.48473050249423,False,20
NE61 4,23,375000.0,433086.95652173914,260000.0,507500.0,68.18956077381677,False,20
NE61 5,511,170000.0,188535.96086105675,115000.0,225497.5,14.296143083100135,False,20
NE61 6,348,234997.5,317747.1609195402,162000.0,403248.75,32.72904246258669,False,20
NE62 5,472,151000.0,157932.15466101695,112375.0,197950.0,9.891714320476943,False,20
NE63 0,319,99000.0,112503.03134796239,63250.0,144000.0,1.5086993551526948,False,20
NE63 8,342,140000.0,160245.1754385965,104250.0,207250.0,7.409660542645091,False,20
NE63 9,603,164950.0,176494.05140961858,113495.0,236701.5,12.823944518797909,False,20
NE64 6,237,125000.0,140886.29535864978,90000.0,170000.0,4.4652634140406375,False,20
NE65 0,577,230000.0,265948.46967071056,175000.0,310000.0,31.71918724905706,False,20
NE65 7,175,265000.0,292606.8114285714,190000.0,350000.0,42.18274729285801,False,20
NE65 8,183,352250.0,383145.174863388,234975.0,484975.0,63.68171310378391,False,20
NE65 9,353,255000.0,312875.7053824363,153500.0,442500.0,39.068013140284705,False,20
NE66 1,393,197500.0,220889.01017811705,140000.0,280000.0,22.00389341769072,False,20
NE66 2,283,330000.0,361836.6077738516,230000.0,452500.0,59.15561503832583,False,20
NE66 3,198,401000.0,431567.42424242425,304375.0,524250.0,72.85557853753498,False,20
NE66 4,71,330000.0,390782.5352112676,183500.0,460000.0,59.15561503832583,False,20
NE66 5,11,445000.0,421727.2727272727,325000.0,504500.0,79.26146733179219,True,20
NE67 5,120,340000.0,368592.8333333333,244250.0,466250.0,61.309161698503466,False,20
NE68 7,127,265000.0,313259.23622047243,205250.0,380000.0,42.18274729285801,False,20
NE69 7,25,500000.0,562201.84,300000.0,745940.0,85.14417812385935,False,20
NE7 7,619,235000.0,250720.45395799677,167000.0,313500.0,33.14271809222533,False,20
NE70 7,69,240000.0,271157.2463768116,175000.0,349000.0,34.59058279596058,False,20
NE71 6,165,217000.0,237824.6303030303,156000.0,280000.0,27.539846696678428,False,20
NE8 1,100,147000.0,164650.06,95000.0,220000.0,8.760189804112423,False,20
NE8 2,277,155000.0,157831.09025270757,130000.0,180000.0,10.700815184328993,False,20
NE8 3,347,130000.0,142523.32853025937,96000.0,171000.0,5.493369022995498,False,20
NE8 4,376,114975.0,130813.02127659574,83000.0,160625.0,2.920063268037474,False,20
NE9 5,443,200000.0,218977.13318284423,124000.0,302250.0,22.885995863243703,False,20
NE9 6,502,190000.0,206643.4143426295,125325.0,255000.0,19.959849130064487,False,20
NE9 7,405,160000.0,196463.56049382716,124000.0,233100.0,11.856673561260495,False,20
NG1 1,113,152500.0,171896.58407079647,107000.0,195000.0,10.074218274729285,False,20
NG1 2,6,237500.0,233666.66666666666,176250.0,298750.0,33.79364886239202,True,20
NG1 3,21,122000.0,143827.38095238095,109000.0,173375.0,3.9299184815671,False,20
NG1 4,14,162500.0,157525.0,125000.0,207500.0,12.471103540576713,True,20
NG1 5,34,177750.0,294255.8823529412,131250.0,226325.0,16.236768463316707,False,20
NG1 6,48,130700.0,160264.5,43187.5,236250.0,5.80362574522448,False,20
NG1 7,13,170000.0,180211.61538461538,113500.0,216000.0,14.296143083100135,True,20
NG10 1,377,200000.0,203277.27586206896,164000.0,237500.0,22.885995863243703,False,20
NG10 2,202,212250.0,235498.86633663366,173000.0,279375.0,26.329237133471224,False,20
NG10 3,542,235000.0,251529.036900369,195500.0,280000.0,33.14271809222533,False,20
NG10 4,434,220000.0,243660.60829493086,180000.0,270000.0,28.555785375349803,False,20
NG10 5,363,220000.0,238027.8567493113,178000.0,277500.0,28.555785375349803,False,20
NG11 0,74,305000.0,359791.2162162162,247562.5,430000.0,52.81664436062782,False,20
NG11 2,2,409375.0,409375.0,386562.5,432187.5,73.53692663341039,True,20
NG11 6,669,355000.0,386119.85799701046,275000.0,458000.0,64.21705803625746,False,20
NG11 7,264,280000.0,311684.5946969697,245000.0,355500.0,46.40467210122886,False,20
NG11 8,399,205000.0,226269.2506265664,180000.0,240000.0,24.20610779900231,False,20
NG11 9,273,195000.0,190588.0695970696,175000.0,210000.0,21.395546903516244,False,20
NG12 1,183,339950.0,367291.04918032786,260750.0,449250.0,60.986738045991,False,20
NG12 2,308,305000.0,344064.9318181818,245750.0,391250.0,52.81664436062782,False,20
NG12 3,547,260000.0,321473.7440585009,213500.0,376750.0,40.716632193697535,False,20
NG12 4,429,415000.0,485025.9696969697,340000.0,525950.0,74.71103540576712,False,20
NG12 5,638,340000.0,396532.9655172414,258575.0,458587.5,61.309161698503466,False,20
NG13 0,211,310000.0,356289.18957345973,245750.0,420000.0,53.948168876992334,False,20
NG13 7,346,379995.0,388832.9537572254,305000.0,449995.0,69.05949628908627,False,20
NG13 8,640,302950.0,337034.121875,230000.0,400000.0,52.47597031269011,False,20
NG13 9,164,335000.0,420729.35365853657,252375.0,526250.0,60.3479742061078,False,20
NG14 5,464,323247.5,361815.7047413793,270000.0,395000.0,57.40357707750334,False,20
NG14 6,560,285000.0,319725.16964285716,234375.0,360000.0,47.773451758121425,False,20
NG14 7,177,460000.0,522730.0169491525,340000.0,635000.0,81.13517459544957,False,20
NG15 0,123,170000.0,189541.80487804877,140500.0,216000.0,14.296143083100135,False,20
NG15 6,775,225000.0,244363.1870967742,182000.0,293750.0,30.143569777345174,False,20
NG15 7,668,200000.0,214907.91766467065,157750.0,260000.0,22.885995863243703,False,20
NG15 8,349,273000.0,313198.3782234957,227000.0,348000.0,44.23895851076773,False,20
NG15 9,239,380000.0,430423.5355648536,300000.0,472500.0,69.34541915074827,False,20
NG16 1,317,280000.0,292861.20820189273,220000.0,360000.0,46.40467210122886,False,20
NG16 2,825,225000.0,245224.23272727273,182500.0,280000.0,30.143569777345174,False,20
NG16 3,439,190000.0,201950.38496583144,155000.0,233500.0,19.959849130064487,False,20
NG16 4,219,160000.0,178477.05022831052,130000.0,205000.0,11.856673561260495,False,20
NG16 5,453,224000.0,248495.90286975718,165000.0,295000.0,29.65080910086385,False,20
NG16 6,485,193500.0,209561.30721649484,150000.0,250000.0,20.86628543618445,False,20
NG17 1,310,201995.0,211141.59677419355,160000.0,252375.0,23.506509307701666,False,20
NG17 2,455,165000.0,175481.42857142858,130000.0,209700.0,13.079450054751184,False,20
NG17 3,544,229495.0,244594.29044117648,164750.0,299248.75,31.220343107433994,False,20
NG17 4,350,156250.0,161955.0,119225.0,192375.0,11.071906557975423,False,20
NG17 5,231,185000.0,204626.62337662338,150000.0,232250.0,18.432899379486557,False,20
NG17 7,293,168000.0,181432.45392491468,135000.0,204245.0,13.766881615768343,False,20
NG17 8,503,190000.0,203691.46322067594,152750.0,241000.0,19.959849130064487,False,20
NG17 9,268,190000.0,208359.62313432837,157750.0,240000.0,19.959849130064487,False,20
NG18 1,37,100000.0,111321.62162162163,78000.0,112000.0,1.648619053412824,False,20
NG18 2,301,135000.0,159446.26910299005,110000.0,180000.0,6.3328872125562725,False,20
NG18 3,338,193500.0,211227.36686390534,149625.0,253000.0,20.86628543618445,False,20
NG18 4,604,250000.0,277421.7913907285,185000.0,340000.0,37.717483878817376,False,20
NG18 5,353,175000.0,220460.99716713882,118000.0,245000.0,15.500669181165591,False,20
NG18 6,67,264995.0,273647.7611940298,220000.0,303497.5,41.80557245406984,False,20
NG19 0,545,200000.0,215513.74128440366,165000.0,260000.0,22.885995863243703,False,20
NG19 6,489,170000.0,182893.00613496933,137500.0,223250.0,14.296143083100135,False,20
NG19 7,350,185000.0,200227.92571428572,146000.0,235000.0,18.432899379486557,False,20
NG19 8,412,165000.0,177837.5,130000.0,200625.0,13.079450054751184,False,20
NG19 9,361,192500.0,203130.74515235456,160000.0,240000.0,20.68986494707385,False,20
NG2 1,43,163000.0,159543.02325581395,133000.0,175000.0,12.574522447986372,False,20
NG2 2,161,203000.0,209423.26086956522,180000.0,229000.0,23.749847913371454,False,20
NG2 3,124,198725.0,234352.9758064516,150000.0,298487.5,22.14989658109259,False,20
NG2 4,317,162000.0,191383.68769716087,140000.0,212500.0,12.40418542401752,False,20
NG2 5,368,415000.0,431371.1195652174,309375.0,549996.25,74.71103540576712,False,20
NG2 6,517,330000.0,399210.97098646034,250000.0,480000.0,59.15561503832583,False,20
NG2 7,660,390000.0,415984.69393939397,285000.0,505625.0,70.97578780873586,False,20
NG20 0,442,195000.0,220448.6402714932,150000.0,283618.0,21.395546903516244,False,20
NG20 8,364,150000.0,158925.61813186813,128000.0,188500.0,9.465871760554812,False,20
NG20 9,270,150000.0,178078.12962962964,125000.0,184462.5,9.465871760554812,False,20
NG21 0,632,180495.5,206709.81329113923,154500.0,240000.0,17.36220951453948,False,20
NG21 9,669,244995.0,256791.82959641254,182770.0,315000.0,35.75860810317557,False,20
NG22 0,236,274500.0,304931.1228813559,175000.0,384375.0,44.39104513931135,False,20
NG22 8,483,270000.0,313126.68530020706,209475.0,360000.0,43.569777345175815,False,20
NG22 9,575,175000.0,201394.67826086958,147000.0,229495.0,15.500669181165591,False,20
NG23 5,314,375500.0,426058.5382165605,275500.0,553750.0,68.62757026402238,False,20
NG23 6,233,321000.0,367548.7982832618,250000.0,430000.0,57.09940382041611,False,20
NG23 7,227,305000.0,334437.4449339207,238500.0,392000.0,52.81664436062782,False,20
NG24 1,349,165000.0,188094.83381088826,134500.0,215000.0,13.079450054751184,False,20
NG24 2,429,232500.0,268311.64801864803,175000.0,325000.0,32.516121182625625,False,20
NG24 3,853,225000.0,240199.60726846426,175000.0,274995.0,30.143569777345174,False,20
NG24 4,648,199500.0,219953.27314814815,157000.0,266623.75,22.247232023360507,False,20
NG24 5,258,317495.0,325262.5465116279,268308.75,380000.0,55.61503832583039,False,20
NG25 0,403,375000.0,423620.08436724567,270000.0,505000.0,68.18956077381677,False,20
NG3 1,61,165000.0,169511.22950819673,140000.0,190000.0,13.079450054751184,False,20
NG3 2,172,172000.0,177193.96511627908,140000.0,214167.5,14.75240296873099,False,20
NG3 3,180,166000.0,172160.83333333334,145750.0,195250.0,13.414040637547147,False,20
NG3 4,67,180000.0,260426.8656716418,128000.0,333000.0,16.912033094050372,False,20
NG3 5,562,264500.0,306039.46263345197,165598.75,395000.0,41.76907166321937,False,20
NG3 6,489,257000.0,267143.8834355828,187000.0,322000.0,39.66419272417569,False,20
NG3 7,220,212192.0,223836.17727272728,175000.0,250500.0,26.304903272904244,False,20
NG31 6,141,125000.0,130877.29787234042,101000.0,152000.0,4.4652634140406375,False,20
NG31 7,526,180000.0,189330.84600760456,140000.0,220000.0,16.912033094050372,False,20
NG31 8,788,253750.0,267492.18908629444,187875.0,325000.0,38.58741939408687,False,20
NG31 9,507,210000.0,242169.0927021696,170500.0,281455.0,25.6053047816036,False,20
NG32 1,153,300000.0,378056.1503267974,235000.0,430000.0,51.65470251855457,False,20
NG32 2,112,365000.0,424065.89285714284,274375.0,556250.0,66.10293223019832,False,20
NG32 3,200,275000.0,330445.18,219250.0,380000.0,44.84730502494221,False,20
NG33 4,277,341500.0,384813.6389891697,250000.0,450000.0,61.66200267672466,False,20
NG33 5,205,240000.0,277793.60975609755,172500.0,338000.0,34.59058279596058,False,20
NG34 0,231,295000.0,323448.632034632,182500.0,408750.0,50.121669302834896,False,20
NG34 6,144,215000.0,225071.25,199875.0,246246.25,26.998418299063147,False,20
NG34 7,573,192500.0,214384.98254799302,155000.0,257500.0,20.68986494707385,False,20
NG34 8,542,235000.0,253575.42804428044,175250.0,295000.0,33.14271809222533,False,20
NG34 9,607,235000.0,270665.0658978583,195000.0,312500.0,33.14271809222533,False,20
NG4 1,497,225000.0,226913.4466800805,184000.0,265000.0,30.143569777345174,False,20
NG4 2,464,205000.0,228227.22844827586,165000.0,268250.0,24.20610779900231,False,20
NG4 3,427,225000.0,234088.66042154568,184500.0,277500.0,30.143569777345174,False,20
NG4 4,496,255500.0,271347.1935483871,200000.0,315000.0,39.46952183963986,False,20
NG5 1,351,211000.0,210069.70085470084,159750.0,250000.0,26.11631585351016,False,20
NG5 2,231,220000.0,242493.16017316017,177500.0,290677.0,28.555785375349803,False,20
NG5 3,193,213990.0,236710.1554404145,166000.0,287500.0,26.584742669424504,False,20
NG5 4,356,294500.0,311522.32303370786,230000.0,370000.0,49.7688283246137,False,20
NG5 5,523,195000.0,201646.69407265773,160000.0,247500.0,21.395546903516244,False,20
NG5 6,464,208000.0,219707.1228448276,168000.0,255000.0,24.905706290302955,False,20
NG5 7,308,205000.0,207667.56493506493,165750.0,245000.0,24.20610779900231,False,20
NG5 8,529,235000.0,256484.84120982987,190000.0,300000.0,33.14271809222533,False,20
NG5 9,249,180000.0,182069.3293172691,154000.0,210000.0,16.912033094050372,False,20
NG6 0,292,176500.0,183754.2876712329,145000.0,220000.0,16.01168025307215,False,20
NG6 7,142,195000.0,191340.27464788733,163500.0,221125.0,21.395546903516244,False,20
NG6 8,488,170000.0,188514.16598360657,140000.0,222125.0,14.296143083100135,False,20
NG6 9,289,170000.0,179894.95155709342,147000.0,210000.0,14.296143083100135,False,20
NG7 1,275,287500.0,345561.33090909093,197000.0,420000.0,48.290546295169726,False,20
NG7 2,108,202500.0,235368.40740740742,174000.0,250000.0,23.622095145394816,False,20
NG7 3,56,132500.0,137000.89285714287,112000.0,169000.0,6.016547025185546,False,20
NG7 4,55,137000.0,159397.45454545456,125000.0,177750.0,6.630977004501765,False,20
NG7 5,142,147500.0,149469.51408450704,125000.0,175000.0,8.863608711522083,False,20
NG7 6,156,150000.0,160479.4871794872,130000.0,173000.0,9.465871760554812,False,20
NG7 7,157,153000.0,165188.87898089172,126000.0,185000.0,10.19588757756418,False,20
NG8 1,264,310000.0,340454.2765151515,242375.0,410500.0,53.948168876992334,False,20
NG8 2,368,322000.0,351214.6875,255000.0,425000.0,57.202822727825776,False,20
NG8 3,369,230000.0,246234.0,185000.0,290000.0,31.71918724905706,False,20
NG8 4,183,187500.0,194376.3005464481,149250.0,219625.0,19.175082126779415,False,20
NG8 5,295,177500.0,193758.18983050846,155000.0,212500.0,16.169850346757514,False,20
NG8 6,246,183000.0,205558.33333333334,155000.0,249250.0,17.891470981871276,False,20
NG9 1,575,277000.0,305091.0347826087,230000.0,375000.0,45.49823579510889,False,20
NG9 2,383,235000.0,267188.1671018277,197750.0,292000.0,33.14271809222533,False,20
NG9 3,470,325000.0,382948.77021276596,240000.0,448500.0,57.99367319625258,False,20
NG9 4,243,255000.0,294249.2057613169,195000.0,375000.0,39.068013140284705,False,20
NG9 5,306,284250.0,294758.8366013072,233125.0,340000.0,47.438861175325464,False,20
NG9 6,361,300000.0,316412.8808864266,245000.0,377000.0,51.65470251855457,False,20
NG9 7,219,219500.0,233290.1598173516,175000.0,270000.0,28.032607373159752,False,20
NG9 8,453,221000.0,238069.23620309052,178210.0,280500.0,29.13979802895729,False,20
NN1 1,67,150000.0,161425.37313432837,104000.0,173500.0,9.465871760554812,False,20
NN1 2,73,125000.0,130661.95890410959,108600.0,150000.0,4.4652634140406375,False,20
NN1 3,228,178750.0,177368.7894736842,145000.0,206250.0,16.364521231293345,False,20
NN1 4,392,232500.0,247723.31632653062,199998.75,286375.0,32.516121182625625,False,20
NN1 5,335,228000.0,257779.3343283582,178750.0,305000.0,31.007421827472932,False,20
NN10 0,637,232000.0,248474.89167974883,180000.0,295000.0,32.39445187979073,False,20
NN10 6,224,270750.0,296123.16964285716,219750.0,335625.0,43.91045139311352,False,20
NN10 8,346,271875.0,298952.90462427743,225000.0,366875.0,44.01995376566492,False,20
NN10 9,487,245000.0,250495.9753593429,197250.0,284500.0,36.05061442997932,False,20
NN11 0,189,295000.0,297936.98412698414,215000.0,370000.0,50.121669302834896,False,20
NN11 2,251,310000.0,330192.76892430277,248700.0,397500.0,53.948168876992334,False,20
NN11 3,274,322500.0,428651.4781021898,255000.0,475000.0,57.26974084438496,False,20
NN11 4,538,241625.0,263893.1821561338,190000.0,320000.0,35.23543010098552,False,20
NN11 6,114,427500.0,465654.3771929825,330000.0,580000.0,76.94366711278744,False,20
NN11 7,61,315000.0,362573.68852459016,250000.0,415000.0,55.170945370483025,False,20
NN11 8,117,260000.0,266452.5641025641,150000.0,310000.0,40.716632193697535,False,20
NN11 9,226,240000.0,245799.1150442478,200000.0,290000.0,34.59058279596058,False,20
NN12 6,1063,330000.0,360413.83443085605,275000.0,419950.0,59.15561503832583,False,20
NN12 7,246,380000.0,452190.0406504065,310625.0,568750.0,69.34541915074827,False,20
NN12 8,396,425000.0,480255.4419191919,305000.0,604250.0,76.45698990144787,False,20
NN13 5,206,490000.0,562594.6601941747,356250.0,659375.0,84.0917386543375,False,20
NN13 6,697,340000.0,359065.2281205165,280000.0,422500.0,61.309161698503466,False,20
NN13 7,208,300000.0,308371.6346153846,207500.0,382750.0,51.65470251855457,False,20
NN14 1,413,315000.0,366915.5738498789,250000.0,430000.0,55.170945370483025,False,20
NN14 2,643,275000.0,281762.2239502333,220000.0,334975.0,44.84730502494221,False,20
NN14 3,190,375000.0,432013.65789473685,295000.0,511250.0,68.18956077381677,False,20
NN14 4,555,290000.0,323685.0882882883,234000.0,388000.0,48.89280934420246,False,20
NN14 6,491,249000.0,251009.77596741344,190000.0,304950.0,36.94488380581579,False,20
NN15 4,403,320000.0,353413.3598014888,284996.0,414995.0,56.54580849251734,False,20
NN15 5,737,265500.0,291728.81004070555,225000.0,330000.0,42.572089061929674,False,20
NN15 6,694,267750.0,289705.56484149856,225000.0,330750.0,42.92493004015087,False,20
NN15 7,330,245000.0,258045.92424242425,190250.0,300000.0,36.05061442997932,False,20
NN16 0,230,170000.0,177170.63043478262,137625.0,210000.0,14.296143083100135,False,20
NN16 8,307,175000.0,191642.8664495114,150000.0,212250.0,15.500669181165591,False,20
NN16 9,562,232000.0,256746.25978647688,185250.0,302375.0,32.39445187979073,False,20
NN17 1,297,200000.0,208740.8754208754,172500.0,240000.0,22.885995863243703,False,20
NN17 2,395,200000.0,202659.5088607595,175000.0,228000.0,22.885995863243703,False,20
NN17 3,366,317500.0,354520.47540983604,253500.0,404371.25,55.66978951210609,False,20
NN17 4,22,236500.0,227802.27272727274,199250.0,259925.0,33.70239688526585,False,20
NN17 5,552,282500.0,298662.35869565216,248550.0,348537.5,47.20160603479742,False,20
NN18 0,265,190000.0,196923.35849056602,170000.0,219000.0,19.959849130064487,False,20
NN18 8,632,255000.0,263587.25474683545,207875.0,310000.0,39.068013140284705,False,20
NN18 9,252,206000.0,212911.5,174500.0,235000.0,24.619783428640954,False,20
NN2 6,386,215000.0,236818.5414507772,180000.0,258750.0,26.998418299063147,False,20
NN2 7,686,240000.0,249231.42274052478,205000.0,282837.5,34.59058279596058,False,20
NN2 8,781,287000.0,309709.8591549296,240000.0,345000.0,48.21146124832705,False,20
NN29 7,628,296000.0,318210.39171974524,237000.0,371237.5,50.49276067648132,False,20
NN3 2,378,260000.0,266132.0238095238,220000.0,300000.0,40.716632193697535,False,20
NN3 3,427,330000.0,357046.868852459,261250.0,410000.0,59.15561503832583,False,20
NN3 5,255,230000.0,247608.5294117647,195000.0,293000.0,31.71918724905706,False,20
NN3 6,382,270000.0,289325.36649214657,227500.0,340000.0,43.569777345175815,False,20
NN3 7,429,310000.0,342043.1864801865,250000.0,395000.0,53.948168876992334,False,20
NN3 8,343,210000.0,218946.99708454811,190000.0,239000.0,25.6053047816036,False,20
NN3 9,341,250000.0,278718.5865102639,210000.0,340000.0,37.717483878817376,False,20
NN4 0,660,335000.0,367490.01212121214,267750.0,411000.0,60.3479742061078,False,20
NN4 5,229,297500.0,314918.47161572054,202500.0,397000.0,50.71784888672588,False,20
NN4 6,527,360000.0,382695.29601518024,290000.0,444500.0,65.14174473780265,False,20
NN4 7,36,410000.0,426373.6111111111,348750.0,491250.0,73.84109989049763,False,20
NN4 8,478,240000.0,243852.06066945606,195000.0,284375.0,34.59058279596058,False,20
NN4 9,351,305000.0,336686.5698005698,245000.0,400000.0,52.81664436062782,False,20
NN5 4,492,287500.0,298674.47967479675,209500.0,360000.0,48.290546295169726,False,20
NN5 5,251,210000.0,211779.48207171314,180000.0,245000.0,25.6053047816036,False,20
NN5 6,896,280000.0,293350.67633928574,235000.0,340000.0,46.40467210122886,False,20
NN5 7,266,230000.0,264351.5789473684,189250.0,285000.0,31.71918724905706,False,20
NN6 0,914,345000.0,375987.0601750547,293664.75,425000.0,62.16084681834773,False,20
NN6 6,168,360000.0,437091.77976190473,279500.0,491250.0,65.14174473780265,False,20
NN6 7,370,335795.0,368661.0756756757,260000.0,445000.0,60.68864825404551,False,20
NN6 8,215,425000.0,540386.5627906977,301250.0,626250.0,76.45698990144787,False,20
NN6 9,352,373500.0,436550.9147727273,286875.0,511250.0,67.68463316705196,False,20
NN7 1,160,390000.0,458189.725,305750.0,526250.0,70.97578780873586,False,20
NN7 2,343,335000.0,405302.0116618076,276750.0,475000.0,60.3479742061078,False,20
NN7 3,280,340000.0,398283.6785714286,274500.0,460000.0,61.309161698503466,False,20
NN7 4,495,345000.0,399983.3434343434,283000.0,486000.0,62.16084681834773,False,20
NN8 1,732,280000.0,273612.0833333333,195000.0,325000.0,46.40467210122886,False,20
NN8 2,331,230000.0,243207.9244712991,200000.0,270000.0,31.71918724905706,False,20
NN8 3,578,259885.5,284733.5380622837,200000.0,346627.25,40.22387151721621,False,20
NN8 4,300,225000.0,234658.93333333332,180000.0,278500.0,30.143569777345174,False,20
NN8 5,281,290000.0,325541.04270462634,242500.0,352000.0,48.89280934420246,False,20
NN8 6,448,306897.5,310676.359375,275371.25,360221.25,53.13298454799854,False,20
NN9 5,662,240000.0,261049.0664652568,195000.0,293500.0,34.59058279596058,False,20
NN9 6,567,270000.0,295664.6031746032,225000.0,335000.0,43.569777345175815,False,20
NP10 0,91,300000.0,324213.5054945055,225000.0,412250.0,51.65470251855457,False,20
NP10 8,510,255000.0,276778.62352941174,190000.0,320000.0,39.068013140284705,False,20
NP10 9,546,290000.0,298931.4285714286,213125.0,377875.0,48.89280934420246,False,20
NP11 3,136,202500.0,205786.02205882352,142250.0,248125.0,23.622095145394816,False,20
NP11 4,227,155000.0,171416.61233480176,130000.0,187875.0,10.700815184328993,False,20
NP11 5,205,157500.0,171346.0975609756,120000.0,205000.0,11.230076651660786,False,20
NP11 6,371,182000.0,195532.63342318058,158500.0,222250.0,17.599464655067525,False,20
NP11 7,355,155000.0,163793.2985915493,133275.5,179975.0,10.700815184328993,False,20
NP12 0,270,190500.0,213784.67037037038,153125.0,264500.0,20.397858620270107,False,20
NP12 1,308,203000.0,225617.27272727274,156000.0,270000.0,23.749847913371454,False,20
NP12 2,394,216250.0,235161.73604060913,164996.25,288746.25,27.454678184694004,False,20
NP12 3,214,160000.0,180415.18691588784,137000.0,207625.0,11.856673561260495,False,20
NP13 1,262,126000.0,135856.08396946566,100000.0,155000.0,4.793770531694854,False,20
NP13 2,228,110000.0,118009.93421052632,85000.0,137000.0,2.463803382406619,False,20
NP13 3,142,125625.0,148254.4014084507,100500.0,173750.0,4.696435089426938,False,20
NP15 1,202,372325.0,418455.44554455444,260000.0,529500.0,67.55079693393357,False,20
NP15 2,50,388125.0,418452.0,288687.5,511750.0,70.60469643508944,False,20
NP16 5,660,299995.0,324663.32575757575,240000.0,375375.0,51.058522934663586,False,20
NP16 6,191,499999.0,537853.612565445,335000.0,666000.0,84.92517337875654,False,20
NP16 7,193,315000.0,373644.22279792745,265000.0,411000.0,55.170945370483025,False,20
NP18 1,181,305500.0,327625.5138121547,222000.0,399950.0,53.029565640588885,False,20
NP18 2,365,374995.0,389120.06575342466,299000.0,475000.0,67.78196860931986,False,20
NP18 3,279,280000.0,328035.91397849465,232500.0,407497.5,46.40467210122886,False,20
NP19 0,440,160000.0,164894.3931818182,130000.0,197466.75,11.856673561260495,False,20
NP19 4,780,270372.5,276573.317948718,232998.75,324995.0,43.87395060226305,False,20
NP19 7,507,185000.0,201943.33333333334,162500.0,240500.0,18.432899379486557,False,20
NP19 8,396,190000.0,206373.2196969697,146750.0,247000.0,19.959849130064487,False,20
NP19 9,393,180000.0,194589.3562340967,157500.0,224000.0,16.912033094050372,False,20
NP20 1,32,126000.0,127716.5625,109982.5,141250.0,4.793770531694854,False,20
NP20 2,420,210000.0,214172.60952380951,150000.0,276995.0,25.6053047816036,False,20
NP20 3,399,210000.0,239195.82706766916,151250.0,292500.0,25.6053047816036,False,20
NP20 4,278,210000.0,236098.74100719424,147500.0,298750.0,25.6053047816036,False,20
NP20 5,378,203750.0,263068.25396825396,154000.0,361875.0,23.822849495072393,False,20
NP20 6,278,222250.0,233164.6726618705,190125.0,268712.5,29.322301983209638,False,20
NP20 7,206,165000.0,169586.7281553398,148500.0,185000.0,13.079450054751184,False,20
NP22 3,213,135000.0,155033.26291079813,105000.0,190000.0,6.3328872125562725,False,20
NP22 4,253,140000.0,161524.84189723321,111500.0,183000.0,7.409660542645091,False,20
NP22 5,139,119500.0,130039.56834532374,94000.0,150000.0,3.4675751307945006,False,20
NP23 4,259,144000.0,161721.85714285713,104500.0,200000.0,8.030173987103053,False,20
NP23 5,268,176250.0,188313.24626865672,134500.0,225000.0,15.999513322788662,False,20
NP23 6,430,142000.0,163455.42558139534,105000.0,219998.75,7.829419637425477,False,20
NP23 7,92,108500.0,111055.92391304347,90000.0,127875.0,2.2873828932960216,False,20
NP23 8,35,250000.0,260407.14285714287,225000.0,314000.0,37.717483878817376,False,20
NP24 6,144,100000.0,108826.76388888889,82000.0,120000.0,1.648619053412824,False,20
NP25 3,251,306500.0,351973.7051792829,215000.0,439000.0,53.108650687431556,False,20
NP25 4,111,510000.0,533306.6666666666,302500.0,705000.0,85.96544591799488,False,20
NP25 5,248,305000.0,349372.78225806454,229500.0,422375.0,52.81664436062782,False,20
NP26 3,386,335750.0,357969.7953367876,270250.0,416500.0,60.67039785862028,False,20
NP26 4,280,289975.0,312216.4607142857,244500.0,379000.0,48.51563450541428,False,20
NP26 5,301,299950.0,328436.19601328904,250000.0,370000.0,50.98552135296265,False,20
NP4 0,253,240000.0,273065.87351778656,200000.0,309000.0,34.59058279596058,False,20
NP4 5,313,187000.0,204105.82747603834,155000.0,238000.0,19.041245893661028,False,20
NP4 6,286,155000.0,168793.95104895104,127625.0,189500.0,10.700815184328993,False,20
NP4 7,187,155000.0,170670.57219251335,130000.0,195000.0,10.700815184328993,False,20
NP4 8,186,185500.0,218165.98924731184,149250.0,278000.0,18.785740357707752,False,20
NP4 9,208,135250.0,156533.2451923077,114837.5,175000.0,6.48497384109989,False,20
NP44 1,487,255000.0,248646.22997946612,164750.0,320000.0,39.068013140284705,False,20
NP44 2,202,195000.0,222024.72772277228,173500.0,263750.0,21.395546903516244,False,20
NP44 3,406,255000.0,267420.4458128079,180000.0,338750.0,39.068013140284705,False,20
NP44 4,178,160000.0,164307.8651685393,144250.0,180000.0,11.856673561260495,False,20
NP44 5,128,184000.0,211935.625,155000.0,250000.0,18.02530721498966,False,20
NP44 6,156,272500.0,285781.41025641025,187125.0,357750.0,44.11120574279109,False,20
NP44 7,154,198725.0,217649.02597402598,167125.0,254250.0,22.14989658109259,False,20
NP44 8,143,210000.0,245469.58041958042,180000.0,282475.0,25.6053047816036,False,20
NP7 0,164,318750.0,325386.2804878049,240000.0,396250.0,55.864460396641924,False,20
NP7 1,1,225000.0,225000.0,225000.0,225000.0,30.143569777345174,True,20
NP7 5,296,265000.0,282652.16891891893,192375.0,350000.0,42.18274729285801,False,20
NP7 6,194,277475.0,309173.96907216497,225000.0,371875.0,45.57123737680983,False,20
NP7 7,124,420000.0,478171.37096774194,313750.0,603750.0,75.5627205256114,False,20
NP7 8,75,425000.0,451197.9733333333,293500.0,592500.0,76.45698990144787,False,20
NP7 9,255,340000.0,367126.0862745098,280000.0,425000.0,61.309161698503466,False,20
NP8 1,159,420000.0,441129.3522012579,296250.0,542500.0,75.5627205256114,False,20
NR1 1,469,190000.0,213369.26226012793,143000.0,250000.0,19.959849130064487,False,20
NR1 2,322,222500.0,253723.50621118012,167500.0,294500.0,29.413553960335808,False,20
NR1 3,256,182500.0,219487.6953125,147000.0,255000.0,17.79413553960336,False,20
NR1 4,314,242500.0,267419.7452229299,211625.0,280000.0,35.38751672952914,False,20
NR10 3,509,309995.0,337175.68172888015,250000.0,399995.0,53.54057671249544,False,20
NR10 4,225,325000.0,353512.81333333335,245000.0,401500.0,57.99367319625258,False,20
NR10 5,209,250000.0,308333.25358851673,202000.0,365000.0,37.717483878817376,False,20
NR11 6,447,315000.0,363545.92617449665,248750.0,402350.0,55.170945370483025,False,20
NR11 7,102,383750.0,446564.51960784313,267750.0,588750.0,69.92334833921402,False,20
NR11 8,300,320000.0,354331.8,240000.0,421250.0,56.54580849251734,False,20
NR12 0,245,275000.0,306747.5795918367,205000.0,372500.0,44.84730502494221,False,20
NR12 7,133,315000.0,368634.992481203,250000.0,390000.0,55.170945370483025,False,20
NR12 8,315,390000.0,438098.9809523809,280000.0,530000.0,70.97578780873586,False,20
NR12 9,273,230000.0,262911.0256410256,183000.0,300000.0,31.71918724905706,False,20
NR13 3,345,284000.0,306582.6927536232,233500.0,345000.0,47.41452731475849,False,20
NR13 4,358,335000.0,374284.8631284916,265375.0,445000.0,60.3479742061078,False,20
NR13 5,493,320000.0,358210.99188640976,260000.0,425000.0,56.54580849251734,False,20
NR13 6,693,350000.0,372115.6810966811,291995.0,435000.0,63.219369753011314,False,20
NR14 6,297,300000.0,351809.0909090909,248000.0,411000.0,51.65470251855457,False,20
NR14 7,493,315000.0,356179.7728194726,255000.0,420000.0,55.170945370483025,False,20
NR14 8,437,342500.0,399335.43707093823,280000.0,485000.0,61.747171188709096,False,20
NR15 1,247,370000.0,422021.25506072876,285000.0,500000.0,67.1067039785862,False,20
NR15 2,354,280000.0,317334.88700564974,220000.0,357375.0,46.40467210122886,False,20
NR16 1,198,397975.0,444262.8232323232,296250.0,548750.0,72.06472806910817,False,20
NR16 2,341,350000.0,386089.5278592375,275000.0,450000.0,63.219369753011314,False,20
NR17 1,581,330000.0,383169.35628227197,250000.0,460000.0,59.15561503832583,False,20
NR17 2,427,269000.0,283168.3700234192,210000.0,321250.0,43.20476943667113,False,20
NR18 0,706,275750.0,302641.1912181303,225000.0,350000.0,45.35831609684877,False,20
NR18 9,451,320000.0,368191.32372505544,264750.0,428353.5,56.54580849251734,False,20
NR19 1,560,235000.0,248323.0267857143,182875.0,288375.0,33.14271809222533,False,20
NR19 2,368,235000.0,275077.4456521739,194500.0,316250.0,33.14271809222533,False,20
NR2 1,53,260000.0,329832.5283018868,171500.0,425000.0,40.716632193697535,False,20
NR2 2,338,290000.0,386466.53846153844,217000.0,448750.0,48.89280934420246,False,20
NR2 3,553,290000.0,334173.6021699819,235000.0,400000.0,48.89280934420246,False,20
NR2 4,263,210000.0,211507.4144486692,153000.0,246950.0,25.6053047816036,False,20
NR20 3,488,320000.0,353530.46516393445,260000.0,419625.0,56.54580849251734,False,20
NR20 4,302,297550.0,325600.9271523179,230125.0,375000.0,50.78476700328507,False,20
NR20 5,210,392500.0,426306.5714285714,261250.0,558125.0,71.34687918238228,False,20
NR21 0,143,375000.0,420079.75524475524,260000.0,545000.0,68.18956077381677,False,20
NR21 7,133,260000.0,315086.45864661655,200000.0,370000.0,40.716632193697535,False,20
NR21 8,229,265000.0,266932.17467248905,183750.0,332000.0,42.18274729285801,False,20
NR21 9,185,260000.0,318926.08108108107,200000.0,380000.0,40.716632193697535,False,20
NR22 6,33,350000.0,403636.9696969697,248500.0,550000.0,63.219369753011314,False,20
NR23 1,143,450000.0,523786.05594405596,371500.0,597500.0,80.05840126536074,False,20
NR24 2,164,310000.0,386031.0975609756,215000.0,441250.0,53.948168876992334,False,20
NR25 6,342,365000.0,405854.0409356725,271250.0,478750.0,66.10293223019832,False,20
NR25 7,164,580000.0,688730.0304878049,358000.0,802500.0,90.64971407713833,False,20
NR26 8,515,335000.0,364894.88155339804,245000.0,455500.0,60.3479742061078,False,20
NR27 0,311,300000.0,332198.2379421222,230000.0,400500.0,51.65470251855457,False,20
NR27 9,327,290500.0,318984.4495412844,179500.0,407500.0,49.28823457841587,False,20
NR28 0,433,270000.0,289450.12702078524,210000.0,325000.0,43.569777345175815,False,20
NR28 9,334,280000.0,310622.42215568863,215000.0,375000.0,46.40467210122886,False,20
NR29 3,299,295000.0,317983.59866220737,219500.0,390000.0,50.121669302834896,False,20
NR29 4,481,255000.0,275170.4137214137,202632.0,332500.0,39.068013140284705,False,20
NR29 5,197,295000.0,341131.2182741117,230000.0,395000.0,50.121669302834896,False,20
NR3 1,272,205500.0,236226.63602941178,160000.0,294962.5,24.522447986373038,False,20
NR3 2,237,200000.0,190981.31645569621,140000.0,232000.0,22.885995863243703,False,20
NR3 3,388,226000.0,232734.13402061857,185000.0,263500.0,30.630246988684757,False,20
NR3 4,519,220000.0,223974.26589595375,175000.0,250000.0,28.555785375349803,False,20
NR30 1,169,140000.0,152547.04142011833,115000.0,170000.0,7.409660542645091,False,20
NR30 2,155,117000.0,125074.7935483871,90000.0,155000.0,3.1938191994159872,False,20
NR30 3,131,117000.0,130140.45801526717,95000.0,149000.0,3.1938191994159872,False,20
NR30 4,266,200000.0,207339.9962406015,155250.0,250000.0,22.885995863243703,False,20
NR30 5,444,240000.0,249647.4099099099,197750.0,290000.0,34.59058279596058,False,20
NR31 0,273,143000.0,149337.1794871795,117000.0,168000.0,7.963255870543861,False,20
NR31 6,400,195000.0,247781.545,140750.0,311250.0,21.395546903516244,False,20
NR31 7,262,195000.0,214494.6564885496,170000.0,235000.0,21.395546903516244,False,20
NR31 8,488,243750.0,259742.43647540984,196750.0,308500.0,35.66127266090765,False,20
NR31 9,658,265000.0,287502.1717325228,220375.0,335000.0,42.18274729285801,False,20
NR32 1,147,132000.0,139571.42857142858,115000.0,160000.0,5.931378513201119,False,20
NR32 2,302,145000.0,162121.55629139073,123500.0,180000.0,8.316096848765056,False,20
NR32 3,451,250000.0,272000.2106430155,210000.0,305000.0,37.717483878817376,False,20
NR32 4,519,244000.0,294147.612716763,195000.0,318750.0,35.69777345175812,False,20
NR32 5,166,320000.0,343769.578313253,230000.0,439250.0,56.54580849251734,False,20
NR33 0,332,180250.0,198788.42771084336,150000.0,239250.0,17.337875653972503,False,20
NR33 3,1,220000.0,220000.0,220000.0,220000.0,28.555785375349803,True,20
NR33 7,443,220000.0,240908.9164785553,180000.0,272937.5,28.555785375349803,False,20
NR33 8,558,260000.0,270379.770609319,210000.0,321375.0,40.716632193697535,False,20
NR33 9,331,220000.0,237388.46223564955,190000.0,270000.0,28.555785375349803,False,20
NR34 0,93,325000.0,372149.22580645164,250000.0,485000.0,57.99367319625258,False,20
NR34 7,301,300000.0,332014.65448504983,242000.0,397500.0,51.65470251855457,False,20
NR34 8,92,353500.0,446014.1630434783,257500.0,535000.0,63.85205012775277,False,20
NR34 9,501,245000.0,272715.08782435127,195000.0,310000.0,36.05061442997932,False,20
NR35 1,304,273000.0,299860.63157894736,220000.0,350000.0,44.23895851076773,False,20
NR35 2,217,302000.0,341245.1612903226,235000.0,397500.0,52.360384474996955,False,20
NR4 6,429,350000.0,384318.1072261072,242400.0,490000.0,63.219369753011314,False,20
NR4 7,593,340000.0,388694.54300168634,275000.0,460000.0,61.309161698503466,False,20
NR5 0,427,278000.0,298856.8992974239,235000.0,362500.0,45.759824796203915,False,20
NR5 8,151,215000.0,222723.50993377483,180000.0,256250.0,26.998418299063147,False,20
NR5 9,220,235250.0,244242.03181818183,215000.0,272941.25,33.55639372186398,False,20
NR6 5,371,279000.0,294246.4070080863,245000.0,330000.0,45.82674291276311,False,20
NR6 6,351,246000.0,252737.23646723648,209000.0,293000.0,36.42778926876749,False,20
NR6 7,579,295000.0,302356.44214162347,240000.0,350000.0,50.121669302834896,False,20
NR7 0,614,300000.0,326219.5602605863,245000.0,379750.0,51.65470251855457,False,20
NR7 8,691,270000.0,275861.02026049205,230000.0,316000.0,43.569777345175815,False,20
NR7 9,259,232500.0,370871.0694980695,195000.0,265000.0,32.516121182625625,False,20
NR8 5,399,255000.0,266350.2756892231,187550.0,288750.0,39.068013140284705,False,20
NR8 6,671,320000.0,342676.37704918033,255000.0,395000.0,56.54580849251734,False,20
NR8 7,75,400000.0,401791.3333333333,346250.0,472500.0,72.52707141988076,False,20
NR9 3,545,322000.0,353074.8220183486,260000.0,410000.0,57.202822727825776,False,20
NR9 4,200,325000.0,384990.1,253750.0,451250.0,57.99367319625258,False,20
NR9 5,339,318500.0,352393.65486725664,256250.0,379000.0,55.827959605791456,False,20
NW1 0,124,576020.0,590440.8790322581,415000.0,717975.0,90.41245893661029,False,20
NW1 1,136,803675.0,786883.0,484375.0,1092275.0,96.71492882345785,False,20
NW1 2,17,615000.0,680169.8823529412,490000.0,726000.0,92.18883075799975,True,20
NW1 3,25,476000.0,509928.0,430000.0,535000.0,82.8932960214138,False,20
NW1 4,61,1750000.0,2926034.5409836066,715000.0,4050000.0,99.39165348582553,False,20
NW1 5,90,1100000.0,1474512.5,600000.0,1506250.0,98.41829906314636,False,20
NW1 6,176,805000.0,948225.9204545454,584750.0,1212187.5,96.73926268402482,False,20
NW1 7,151,915000.0,1326512.476821192,585000.0,1481250.0,97.59094780386908,False,20
NW1 8,194,872500.0,1390758.3659793814,625000.0,1350000.0,97.35977612848279,False,20
NW1 9,237,695000.0,912543.5738396625,505000.0,1100000.0,94.72563572210731,False,20
NW10 0,65,350000.0,368513.23076923075,258000.0,470000.0,63.219369753011314,False,20
NW10 1,123,775000.0,752876.0162601626,467500.0,936000.0,96.28300279839397,False,20
NW10 2,98,455000.0,584544.6326530612,382500.0,607750.0,80.72149896581092,False,20
NW10 3,217,1050000.0,1202787.5714285714,625000.0,1575000.0,98.28446283002799,False,20
NW10 4,143,466666.0,558710.4475524476,380000.0,700000.0,81.7374376444823,False,20
NW10 5,408,710000.0,864613.2867647059,562375.0,1150000.0,95.07239323518675,False,20
NW10 6,86,445500.0,526215.0813953489,360000.0,636000.0,79.38922009976883,False,20
NW10 7,95,410000.0,400401.3157894737,307500.0,497750.0,73.84109989049763,False,20
NW10 8,77,340000.0,366034.93506493507,260000.0,446950.0,61.309161698503466,False,20
NW10 9,74,402500.0,437655.4054054054,337575.0,513750.0,72.95291397980289,False,20
NW11 0,100,1200000.0,1203272.0,861250.0,1552500.0,98.70422192480837,False,20
NW11 6,207,1065000.0,1533986.3333333333,674500.0,1739000.0,98.34529748144543,False,20
NW11 7,213,1150000.0,1454049.1220657276,625000.0,1850000.0,98.53996836598127,False,20
NW11 8,92,1191250.0,1186955.7391304348,547212.5,1667500.0,98.63730380824917,False,20
NW11 9,132,782500.0,864461.3636363636,537500.0,1127500.0,96.44117289207934,False,20
NW2 1,111,624000.0,610260.8108108108,465250.0,715000.0,92.43216936366954,False,20
NW2 2,184,570000.0,853540.4728260869,429225.0,800000.0,89.97444944640466,False,20
NW2 3,189,525000.0,701018.6031746032,410000.0,722500.0,87.06046964350894,False,20
NW2 4,197,650000.0,952474.0913705584,470000.0,1170000.0,93.44810804234092,False,20
NW2 5,230,499975.0,605381.7347826087,393125.0,708750.0,84.88867258790607,False,20
NW2 6,196,504500.0,613230.8673469388,420000.0,752500.0,85.4909356369388,False,20
NW2 7,105,500000.0,495452.38095238095,370000.0,595000.0,85.14417812385935,False,20
NW2 8,59,570000.0,590027.966101695,477500.0,677625.0,89.97444944640466,False,20
NW3 1,167,1460000.0,2217756.02994012,870000.0,3012509.0,99.12398101958875,False,20
NW3 2,417,740050.0,1256966.1870503598,560000.0,1375000.0,95.77807519162916,False,20
NW3 3,244,977500.0,1493795.3565573771,672500.0,1667500.0,98.05329115464168,False,20
NW3 4,358,927500.0,1352073.3938547487,650000.0,1548750.0,97.66394938557002,False,20
NW3 5,229,1150000.0,1594270.8122270743,820000.0,1700000.0,98.53996836598127,False,20
NW3 6,191,1150000.0,1782883.6387434555,647500.0,2025000.0,98.53996836598127,False,20
NW3 7,216,1394607.5,2161127.875,893750.0,2800000.0,99.03881250760433,False,20
NW4 1,213,600000.0,762334.3615023474,430000.0,950000.0,91.54398345297481,False,20
NW4 2,155,821000.0,806353.8709677419,457500.0,1000000.0,96.90959970799368,False,20
NW4 3,113,530000.0,609774.3274336283,380000.0,700000.0,87.43156101715537,False,20
NW4 4,147,450000.0,529894.2653061225,317500.0,673500.0,80.05840126536074,False,20
NW5 1,254,747500.0,1114990.8582677166,525625.0,1434000.0,95.85716023847183,False,20
NW5 2,255,650000.0,864985.1098039215,456500.0,1050000.0,93.44810804234092,False,20
NW5 3,137,740000.0,887689.2189781022,500000.0,1200000.0,95.72332400535345,False,20
NW5 4,158,546500.0,647169.1518987342,430000.0,710750.0,88.28324613699964,False,20
NW6 1,433,795000.0,982110.2702078522,610000.0,1190000.0,96.61759338118992,False,20
NW6 2,313,675000.0,724195.2939297125,500000.0,865000.0,94.12945613821633,False,20
NW6 3,277,787500.0,1132025.9963898917,600000.0,1170055.0,96.520257938922,False,20
NW6 4,183,605000.0,770408.4043715846,465000.0,835000.0,91.79340552378635,False,20
NW6 5,239,535000.0,650117.2594142259,440000.0,725000.0,87.71140041367563,False,20
NW6 6,317,840000.0,1298442.5993690852,575000.0,1960000.0,97.03735247597032,False,20
NW6 7,368,625000.0,866778.929347826,460000.0,1103750.0,92.6146733179219,False,20
NW7 1,424,560500.0,624317.1721698113,412250.0,726750.0,89.49385570020684,False,20
NW7 2,210,695000.0,780954.9238095238,502500.0,899987.5,94.72563572210731,False,20
NW7 3,161,740000.0,810229.3913043478,445000.0,1012500.0,95.72332400535345,False,20
NW7 4,169,1010000.0,1326601.295857988,675000.0,1525000.0,98.15062659690959,False,20
NW8 0,136,990000.0,2545525.9411764704,540000.0,4087500.0,98.07154155006693,False,20
NW8 6,140,1552500.0,3613898.1642857143,974375.0,2961250.0,99.20914953157319,False,20
NW8 7,193,960000.0,1672985.2279792747,635000.0,2300000.0,97.9194549215233,False,20
NW8 8,119,835000.0,887874.4117647059,480000.0,1087800.0,97.00085168511986,False,20
NW8 9,258,779914.0,1648079.6937984496,477500.0,1468170.0,96.38642170580363,False,20
NW9 0,234,457500.0,468620.4188034188,330000.0,599250.0,80.91616985034675,False,20
NW9 4,440,477600.0,480943.81136363634,388300.0,562861.25,83.07579997566614,False,20
NW9 5,304,390000.0,390566.1710526316,290000.0,469250.0,70.97578780873586,False,20
NW9 6,234,529137.5,505654.5512820513,400000.0,618450.0,87.28555785375349,False,20
NW9 7,336,469000.0,464677.6845238095,379960.0,542625.0,81.9016912033094,False,20
NW9 8,129,550000.0,558810.0775193798,385000.0,680000.0,88.66650444092954,False,20
NW9 9,130,540000.0,519175.54615384614,395750.0,625000.0,88.00340674047938,False,20
OL1 1,4,82500.0,100625.0,67500.0,115625.0,0.5657622581822606,True,20
OL1 2,131,192500.0,235055.26717557252,130000.0,277000.0,20.68986494707385,False,20
OL1 3,53,120000.0,117433.96226415095,97000.0,136000.0,3.686579875897311,False,20
OL1 4,283,155000.0,168722.148409894,126500.0,197150.0,10.700815184328993,False,20
OL10 1,156,160000.0,180158.8141025641,130000.0,217750.0,11.856673561260495,False,20
OL10 2,400,280000.0,276567.6175,181500.0,349996.25,46.40467210122886,False,20
OL10 3,287,164000.0,179266.6898954704,136500.0,215000.0,12.732692541671737,False,20
OL10 4,272,171750.0,192487.0625,136750.0,220000.0,14.70373524759703,False,20
OL11 1,87,130000.0,134154.02298850575,105000.0,161500.0,5.493369022995498,False,20
OL11 2,362,175000.0,182223.30110497237,130000.0,214995.0,15.500669181165591,False,20
OL11 3,329,170000.0,193110.62613981764,132000.0,250000.0,14.296143083100135,False,20
OL11 4,213,220000.0,266871.41314553993,126500.0,327500.0,28.555785375349803,False,20
OL11 5,469,250000.0,296244.5223880597,193000.0,365000.0,37.717483878817376,False,20
OL12 0,153,140000.0,153416.66666666666,115000.0,175000.0,7.409660542645091,False,20
OL12 6,264,180000.0,197283.11363636365,130000.0,231000.0,16.912033094050372,False,20
OL12 7,436,223500.0,252212.27064220182,162875.0,318875.0,29.54739019345419,False,20
OL12 8,377,189995.0,203408.2228116711,141000.0,240000.0,19.534006570142353,False,20
OL12 9,319,190000.0,205312.75235109718,140500.0,253500.0,19.959849130064487,False,20
OL13 0,190,140000.0,144266.46315789473,98500.0,177500.0,7.409660542645091,False,20
OL13 8,186,162500.0,193273.41397849462,105750.0,243375.0,12.471103540576713,False,20
OL13 9,301,160000.0,192294.08637873753,120000.0,250000.0,11.856673561260495,False,20
OL14 5,247,155000.0,169792.46963562752,120000.0,200000.0,10.700815184328993,False,20
OL14 6,161,189000.0,260076.4037267081,145000.0,350000.0,19.40625380216571,False,20
OL14 7,134,210000.0,249381.71641791044,147000.0,296837.5,25.6053047816036,False,20
OL14 8,231,175000.0,217401.03896103895,130000.0,260000.0,15.500669181165591,False,20
OL15 0,162,250000.0,263593.6111111111,176237.5,309375.0,37.717483878817376,False,20
OL15 8,293,230000.0,250238.55290102388,167000.0,309995.0,31.71918724905706,False,20
OL15 9,242,177000.0,202954.4173553719,138875.0,235000.0,16.084681834773086,False,20
OL16 1,9,100000.0,125111.11111111111,68000.0,128000.0,1.648619053412824,True,20
OL16 2,178,152000.0,177011.57303370786,117750.0,208750.0,9.952548971894391,False,20
OL16 3,334,195000.0,218736.84131736527,150000.0,249987.5,21.395546903516244,False,20
OL16 4,432,208750.0,230813.77314814815,162000.0,285750.0,25.009125197712617,False,20
OL16 5,117,147500.0,148464.94871794872,115000.0,171000.0,8.863608711522083,False,20
OL2 5,387,220000.0,240137.42894056847,169975.0,276000.0,28.555785375349803,False,20
OL2 6,633,220000.0,243073.775671406,160000.0,290000.0,28.555785375349803,False,20
OL2 7,458,210000.0,224544.1899563319,165000.0,257998.75,25.6053047816036,False,20
OL2 8,254,187250.0,219455.7716535433,150500.0,249875.0,19.089913614794987,False,20
OL3 5,312,341250.0,371643.0512820513,235000.0,465000.0,61.64983574644117,False,20
OL3 6,173,274999.0,321673.78034682083,200000.0,385000.0,44.42146246502007,False,20
OL3 7,216,319550.0,349559.662037037,236875.0,426250.0,55.99221316461856,False,20
OL4 1,93,132000.0,135001.61290322582,110000.0,155000.0,5.931378513201119,False,20
OL4 2,316,185000.0,195795.2911392405,135000.0,240000.0,18.432899379486557,False,20
OL4 3,241,195000.0,200903.73443983402,150000.0,238000.0,21.395546903516244,False,20
OL4 4,332,267500.0,322024.7409638554,194500.0,375000.0,42.84584499330819,False,20
OL4 5,290,170000.0,204505.55172413794,138125.0,233750.0,14.296143083100135,False,20
OL5 0,247,188000.0,213354.1093117409,163700.0,235000.0,19.272417569047327,False,20
OL5 9,276,195000.0,219165.3152173913,157750.0,266250.0,21.395546903516244,False,20
OL6 6,194,167750.0,191596.70103092783,135000.0,226750.0,13.69996349920915,False,20
OL6 7,32,147000.0,146343.75,103750.0,187750.0,8.760189804112423,False,20
OL6 8,309,213000.0,224339.38187702265,161000.0,276000.0,26.487407227156588,False,20
OL6 9,412,252497.5,244082.2572815534,160000.0,309315.5,38.417082370118024,False,20
OL7 0,145,150000.0,155324.32413793102,130000.0,177000.0,9.465871760554812,False,20
OL7 9,335,199950.0,215415.7552238806,161000.0,250000.0,22.314150139919697,False,20
OL8 1,133,120000.0,135842.93233082705,98000.0,165000.0,3.686579875897311,False,20
OL8 2,266,177500.0,191082.57518796992,133500.0,240000.0,16.169850346757514,False,20
OL8 3,228,182500.0,185076.0394736842,137337.5,224250.0,17.79413553960336,False,20
OL8 4,178,165000.0,180777.88202247192,133412.5,220000.0,13.079450054751184,False,20
OL9 0,293,220000.0,229331.72696245732,169000.0,265000.0,28.555785375349803,False,20
OL9 6,63,130000.0,124545.95238095238,85000.0,155650.0,5.493369022995498,False,20
OL9 7,122,148500.0,151510.38524590165,121998.75,180000.0,8.991361479498723,False,20
OL9 8,342,175000.0,178572.5701754386,146125.0,212437.5,15.500669181165591,False,20
OL9 9,382,230000.0,242135.94764397905,170000.0,293625.0,31.71918724905706,False,20
OX1 1,79,440000.0,511185.0,385000.0,530000.0,78.6652877479012,False,20
OX1 2,31,640000.0,760774.1935483871,408500.0,850000.0,93.16218518067892,False,20
OX1 4,186,460000.0,524752.7419354839,375000.0,656000.0,81.13517459544957,False,20
OX1 5,211,495000.0,601097.8909952607,407000.0,652500.0,84.52366467940139,False,20
OX10 0,320,443750.0,493587.40625,319500.0,612750.0,79.10329723810683,False,20
OX10 6,371,494000.0,574876.2183288409,405000.0,650000.0,84.4019953765665,False,20
OX10 7,182,407500.0,544908.6813186813,300000.0,675000.0,73.39700693515027,False,20
OX10 8,140,428250.0,485432.9428571428,370000.0,535000.0,77.01058522934665,False,20
OX10 9,408,469750.0,524363.725490196,375000.0,600000.0,81.91994159873464,False,20
OX11 0,275,407500.0,461554.92,345000.0,544000.0,73.39700693515027,False,20
OX11 6,558,377750.0,358667.51075268816,282875.0,425000.0,68.93782698625137,False,20
OX11 7,534,320000.0,342559.84269662923,275000.0,395000.0,56.54580849251734,False,20
OX11 8,339,320000.0,315487.3244837758,250000.0,370000.0,56.54580849251734,False,20
OX11 9,584,440475.0,521237.21404109587,349950.0,595000.0,78.90254288842925,False,20
OX12 0,556,360498.0,402271.02877697843,285000.0,460000.0,65.45808492517338,False,20
OX12 7,465,385000.0,393003.023655914,321100.0,435000.0,70.2214381311595,False,20
OX12 8,244,385000.0,445901.0081967213,266500.0,550000.0,70.2214381311595,False,20
OX12 9,475,350000.0,420466.6694736842,271250.0,470800.0,63.219369753011314,False,20
OX13 5,254,485000.0,641468.9015748032,365000.0,748750.0,83.62331183842316,False,20
OX13 6,415,455000.0,498570.8192771084,335500.0,575000.0,80.72149896581092,False,20
OX14 1,601,425000.0,443705.4026622296,320000.0,541500.0,76.45698990144787,False,20
OX14 2,332,420000.0,465576.3524096386,340000.0,530000.0,75.5627205256114,False,20
OX14 3,383,395000.0,434813.0104438642,255000.0,548500.0,71.68146976517824,False,20
OX14 4,398,450000.0,541291.8216080402,353125.0,637562.5,80.05840126536074,False,20
OX14 5,415,320000.0,323540.34457831323,258975.0,375500.0,56.54580849251734,False,20
OX15 0,139,450000.0,494204.6402877698,312500.0,638750.0,80.05840126536074,False,20
OX15 4,345,368000.0,434762.14782608696,311000.0,490000.0,66.66869448838058,False,20
OX15 5,199,450000.0,522469.8743718593,341750.0,620000.0,80.05840126536074,False,20
OX15 6,98,575000.0,655319.8979591837,417500.0,800750.0,90.29687309891715,False,20
OX16 0,269,265000.0,277091.54275092937,238000.0,300000.0,42.18274729285801,False,20
OX16 1,581,305000.0,315224.1979345955,241595.0,370000.0,52.81664436062782,False,20
OX16 2,213,260000.0,250520.6572769953,137000.0,335000.0,40.716632193697535,False,20
OX16 3,177,250000.0,264997.5423728814,220000.0,313500.0,37.717483878817376,False,20
OX16 4,147,225000.0,223212.5850340136,165000.0,265000.0,30.143569777345174,False,20
OX16 5,91,170000.0,193742.3076923077,122500.0,218500.0,14.296143083100135,False,20
OX16 9,716,356125.0,368828.9734636872,293750.0,435000.0,64.47256357221073,False,20
OX17 1,172,433750.0,501396.06395348837,325000.0,576250.0,77.81968609319868,False,20
OX17 2,301,390000.0,460832.15282392025,320000.0,535000.0,70.97578780873586,False,20
OX17 3,287,430000.0,516240.7804878049,345000.0,635000.0,77.35125927728434,False,20
OX18 1,481,320000.0,340312.8856548857,275000.0,390000.0,56.54580849251734,False,20
OX18 2,266,440000.0,540321.1353383459,327750.0,645000.0,78.6652877479012,False,20
OX18 3,281,325000.0,349305.16014234873,280000.0,384000.0,57.99367319625258,False,20
OX18 4,212,572500.0,750381.1603773584,403750.0,876250.0,90.14478647037353,False,20
OX2 0,163,505000.0,523709.60122699384,390000.0,635000.0,85.6004380094902,False,20
OX2 6,277,870000.0,1306741.9711191335,600000.0,1400000.0,97.3476091981993,False,20
OX2 7,311,780000.0,889105.115755627,438750.0,1175000.0,96.40467210122885,False,20
OX2 8,235,690000.0,804761.9106382979,442250.0,948500.0,94.59179948898893,False,20
OX2 9,401,455000.0,562132.0174563591,395000.0,615000.0,80.72149896581092,False,20
OX20 1,275,572500.0,634911.7672727272,396500.0,775000.0,90.14478647037353,False,20
OX25 1,53,335000.0,448551.88679245283,290000.0,500000.0,60.3479742061078,False,20
OX25 2,333,395000.0,413523.4114114114,290000.0,520000.0,71.68146976517824,False,20
OX25 3,35,610000.0,677928.5714285715,412500.0,825000.0,92.03674412945614,False,20
OX25 4,58,519000.0,704642.3275862068,386500.0,968750.0,86.57987589731111,False,20
OX25 5,212,429997.5,464627.7075471698,367775.0,507500.0,77.10792067161455,False,20
OX25 6,38,447500.0,520631.5789473684,342500.0,670625.0,79.51697286774547,False,20
OX26 1,344,438800.0,455869.4069767442,384937.5,557625.0,78.3793648862392,False,20
OX26 2,282,325000.0,354124.1489361702,288500.0,410000.0,57.99367319625258,False,20
OX26 3,291,350000.0,367894.54639175255,271500.0,430000.0,63.219369753011314,False,20
OX26 4,198,319500.0,339806.88383838383,291250.0,377750.0,55.96787930405159,False,20
OX26 5,53,385000.0,417320.28301886795,310000.0,480000.0,70.2214381311595,False,20
OX26 6,449,313000.0,332658.0734966592,240000.0,405000.0,54.70251855456868,False,20
OX27 0,52,515000.0,551432.6730769231,392500.0,675000.0,86.35478768706655,False,20
OX27 7,99,430000.0,475797.9797979798,348000.0,545000.0,77.35125927728434,False,20
OX27 8,206,395500.0,411606.67475728155,331497.5,483750.0,71.86397371943059,False,20
OX27 9,21,575000.0,709595.2380952381,352500.0,805000.0,90.29687309891715,False,20
OX28 1,347,350000.0,373104.37752161385,247000.0,441250.0,63.219369753011314,False,20
OX28 2,21,380000.0,444357.14285714284,300000.0,575000.0,69.34541915074827,False,20
OX28 3,127,340000.0,352728.4094488189,282500.0,407500.0,61.309161698503466,False,20
OX28 4,162,299000.0,287440.16049382713,211250.0,364860.0,50.906436306119964,False,20
OX28 5,329,330000.0,357891.50151975686,285000.0,422000.0,59.15561503832583,False,20
OX28 6,277,342500.0,380533.2310469314,230000.0,467500.0,61.747171188709096,False,20
OX29 0,94,472500.0,467004.62765957444,372000.0,555000.0,82.40053534493246,False,20
OX29 4,221,420000.0,473712.1809954751,343000.0,585000.0,75.5627205256114,False,20
OX29 5,61,635000.0,659387.4426229508,525000.0,825000.0,93.02834894756053,False,20
OX29 6,94,510000.0,555248.7021276596,366594.25,710000.0,85.96544591799488,False,20
OX29 7,261,408000.0,485975.5785440613,335000.0,528000.0,73.50042584255992,False,20
OX29 8,273,432500.0,491428.36996337,337500.0,595000.0,77.69193332522205,False,20
OX29 9,71,485000.0,622461.2676056338,356500.0,675000.0,83.62331183842316,False,20
OX3 0,272,505000.0,580585.0220588235,413375.0,625000.0,85.6004380094902,False,20
OX3 7,288,445000.0,512014.39930555556,345000.0,587500.0,79.26146733179219,False,20
OX3 8,338,421235.0,459607.42899408285,345000.0,519000.0,75.88514417812387,False,20
OX3 9,284,460000.0,560937.4647887324,340000.0,690000.0,81.13517459544957,False,20
OX33 1,253,477500.0,561125.209486166,372000.0,650000.0,83.02104878939043,False,20
OX39 4,404,436250.0,507591.6163366337,375000.0,551250.0,78.16644360627814,False,20
OX4 1,287,592000.0,616085.4285714285,425000.0,775000.0,91.16680861418665,False,20
OX4 2,281,380000.0,387039.13523131673,315000.0,450000.0,69.34541915074827,False,20
OX4 3,351,425000.0,432162.6438746439,375000.0,480000.0,76.45698990144787,False,20
OX4 4,308,373000.0,430311.0681818182,300000.0,486250.0,67.64204891105973,False,20
OX4 6,111,325000.0,321959.23423423426,295000.0,360000.0,57.99367319625258,False,20
OX4 7,84,310075.0,306794.5833333333,287000.0,342500.0,54.325343715780505,False,20
OX44 7,232,436500.0,521614.9396551724,375000.0,560750.0,78.19077746684512,False,20
OX44 9,72,477500.0,621235.4166666666,383750.0,766250.0,83.02104878939043,False,20
OX49 5,228,493750.0,591147.5877192982,398000.0,652500.0,84.37766151599952,False,20
OX5 1,414,380000.0,397586.78985507245,315500.0,436875.0,69.34541915074827,False,20
OX5 2,326,414500.0,452264.9846625767,340000.0,524787.5,74.41294561382163,False,20
OX5 3,110,475000.0,563775.009090909,396250.0,647000.0,82.6621243460275,False,20
OX7 3,198,560000.0,685114.8737373737,401375.0,831125.0,89.33568560652148,False,20
OX7 4,60,555000.0,1000677.5,347500.0,838750.0,89.01326195400901,False,20
OX7 5,421,366250.0,423295.9382422803,275000.0,487500.0,66.42535588271079,False,20
OX7 6,313,635000.0,760963.9744408946,400000.0,925000.0,93.02834894756053,False,20
OX7 7,83,437000.0,550454.2168674698,331500.0,623750.0,78.23944518797907,False,20
OX9 2,182,525500.0,568815.1098901099,335000.0,680750.0,87.21863973719431,False,20
OX9 3,529,422500.0,457730.28166351607,340500.0,550000.0,76.00073001581701,False,20
OX9 7,32,480000.0,518562.5,388750.0,562500.0,83.24005353449326,False,20
PE1 1,19,115500.0,116000.0,100000.0,136250.0,3.1390680131402844,True,20
PE1 2,168,175000.0,182523.58333333334,121625.0,225000.0,15.500669181165591,False,20
PE1 3,303,205500.0,206285.86138613863,170000.0,240000.0,24.522447986373038,False,20
PE1 4,391,220000.0,232945.47314578004,166000.0,277750.0,28.555785375349803,False,20
PE1 5,207,190000.0,190380.80193236715,142500.0,240000.0,19.959849130064487,False,20
PE10 0,623,240000.0,281662.4831460674,195000.0,336250.0,34.59058279596058,False,20
PE10 2,359,275496.0,291438.5487465181,234473.0,329975.0,45.30964837571481,False,20
PE10 9,583,250000.0,269048.3053173242,195000.0,325000.0,37.717483878817376,False,20
PE11 1,418,196250.0,214964.13397129186,155677.5,250000.0,21.857890254288844,False,20
PE11 2,452,194975.0,209564.54203539822,157500.0,254625.0,21.00620513444458,False,20
PE11 3,644,230000.0,250850.35869565216,187450.0,295000.0,31.71918724905706,False,20
PE11 4,524,260000.0,278083.3740458015,210000.0,328000.0,40.716632193697535,False,20
PE11 5,92,325000.0,316407.5543478261,261962.5,375000.0,57.99367319625258,False,20
PE11 7,12,214375.0,236916.66666666666,118062.5,350750.0,26.63341039055846,True,20
PE12 0,270,305500.0,324736.8851851852,225000.0,399998.75,53.029565640588885,False,20
PE12 6,534,275000.0,295537.8127340824,216090.0,355000.0,44.84730502494221,False,20
PE12 7,538,219497.5,226972.79553903345,175250.0,260000.0,28.008273512592773,False,20
PE12 8,262,260000.0,270966.106870229,199000.0,320000.0,40.716632193697535,False,20
PE12 9,512,215000.0,226797.5078125,162375.0,270000.0,26.998418299063147,False,20
PE13 1,113,180000.0,216684.95575221238,120000.0,260000.0,16.912033094050372,False,20
PE13 2,310,190000.0,199949.48387096773,150000.0,245000.0,19.959849130064487,False,20
PE13 3,330,180000.0,191628.22424242424,140825.0,220750.0,16.912033094050372,False,20
PE13 4,297,258500.0,292463.9191919192,205000.0,370000.0,39.992699841829904,False,20
PE13 5,329,238000.0,268805.41641337384,194500.0,300000.0,33.90315123494342,False,20
PE14 0,245,230000.0,254357.99591836735,190000.0,295000.0,31.71918724905706,False,20
PE14 7,241,275000.0,307391.4730290456,205000.0,385000.0,44.84730502494221,False,20
PE14 8,250,275000.0,291930.82,195000.0,345000.0,44.84730502494221,False,20
PE14 9,156,280000.0,308627.46794871794,190000.0,380000.0,46.40467210122886,False,20
PE15 0,405,290000.0,304791.0444444445,217000.0,360000.0,48.89280934420246,False,20
PE15 8,546,220000.0,230551.30952380953,175000.0,274375.0,28.555785375349803,False,20
PE15 9,405,238000.0,256674.17283950618,190000.0,310000.0,33.90315123494342,False,20
PE16 6,588,230000.0,247133.3962585034,185750.0,290250.0,31.71918724905706,False,20
PE19 0,424,413472.5,417971.00235849054,359048.75,494800.0,74.32777710183721,False,20
PE19 1,295,300000.0,309137.0847457627,219500.0,380000.0,51.65470251855457,False,20
PE19 2,538,278000.0,288113.90520446096,230000.0,337500.0,45.759824796203915,False,20
PE19 5,271,375000.0,407143.58671586716,286500.0,471000.0,68.18956077381677,False,20
PE19 6,573,340000.0,363206.2914485166,280000.0,440000.0,61.309161698503466,False,20
PE19 7,228,381000.0,391543.20175438595,280000.0,486250.0,69.6495924078355,False,20
PE19 8,325,295000.0,322080.3076923077,245000.0,375000.0,50.121669302834896,False,20
PE2 5,381,205000.0,235317.06036745408,175000.0,270000.0,24.20610779900231,False,20
PE2 6,158,282750.0,319244.41139240505,235000.0,390000.0,47.2806910816401,False,20
PE2 7,129,307000.0,330488.2403100775,215000.0,390000.0,53.1816522691325,False,20
PE2 8,709,240000.0,235936.26375176304,195000.0,275000.0,34.59058279596058,False,20
PE2 9,360,211250.0,228248.09722222222,175000.0,270000.0,26.146733179218884,False,20
PE20 1,359,244000.0,262792.28969359334,182250.0,309000.0,35.69777345175812,False,20
PE20 2,174,223720.0,254626.9712643678,190000.0,282250.0,29.577807519162914,False,20
PE20 3,253,240000.0,251016.55731225296,179950.0,300000.0,34.59058279596058,False,20
PE21 0,404,185000.0,193615.77227722772,152000.0,227282.5,18.432899379486557,False,20
PE21 6,77,137500.0,151634.41558441558,99000.0,187000.0,6.764813237620149,False,20
PE21 7,465,200000.0,216513.12688172044,152000.0,272500.0,22.885995863243703,False,20
PE21 8,297,145000.0,157517.99663299663,110000.0,190000.0,8.316096848765056,False,20
PE21 9,465,220000.0,225589.50537634408,160000.0,279950.0,28.555785375349803,False,20
PE22 0,269,230000.0,253013.47211895912,184500.0,294000.0,31.71918724905706,False,20
PE22 7,177,215000.0,242714.14689265538,178995.0,280000.0,26.998418299063147,False,20
PE22 8,165,252500.0,261306.9393939394,180000.0,320000.0,38.46575009125198,False,20
PE22 9,127,240000.0,245894.29133858267,172500.0,295500.0,34.59058279596058,False,20
PE23 4,127,305000.0,353250.3385826772,220000.0,450000.0,52.81664436062782,False,20
PE23 5,270,206500.0,241100.62962962964,155000.0,289625.0,24.723202336050615,False,20
PE24 4,134,199975.0,221800.37313432837,164250.0,259375.0,22.362817861053657,False,20
PE24 5,367,200000.0,218762.73841961852,160000.0,248225.0,22.885995863243703,False,20
PE25 1,345,190000.0,200194.91594202898,155995.0,235000.0,19.959849130064487,False,20
PE25 2,304,165000.0,167679.7697368421,117750.0,200250.0,13.079450054751184,False,20
PE25 3,200,205000.0,214229.97,160000.0,245625.0,24.20610779900231,False,20
PE26 1,345,275000.0,293335.93913043477,207000.0,375000.0,44.84730502494221,False,20
PE26 2,255,289995.0,320693.6156862745,238000.0,375000.0,48.53388490083952,False,20
PE27 3,312,280000.0,296242.6826923077,225000.0,350000.0,46.40467210122886,False,20
PE27 4,112,405997.5,413598.6964285714,294750.0,494749.5,73.28142109745711,False,20
PE27 5,245,305000.0,324566.4530612245,200000.0,390000.0,52.81664436062782,False,20
PE27 6,199,325000.0,347637.3366834171,275000.0,400000.0,57.99367319625258,False,20
PE28 0,207,425000.0,466117.35265700484,300000.0,557500.0,76.45698990144787,False,20
PE28 2,414,318750.0,375208.04347826086,240000.0,460000.0,55.864460396641924,False,20
PE28 3,384,320000.0,369330.078125,265000.0,445000.0,56.54580849251734,False,20
PE28 4,777,379750.0,398213.27155727154,310000.0,469750.0,69.03516242851929,False,20
PE28 5,369,315000.0,361071.56368563685,255000.0,430000.0,55.170945370483025,False,20
PE28 9,249,425000.0,514428.875502008,325000.0,610000.0,76.45698990144787,False,20
PE29 1,398,282000.0,308356.52010050253,230000.0,356500.0,47.086020197104276,False,20
PE29 2,461,349995.0,362566.885032538,270000.0,435995.0,62.842194914223136,False,20
PE29 3,169,175000.0,224203.60946745562,130000.0,250000.0,15.500669181165591,False,20
PE29 6,211,335000.0,332462.45023696683,265000.0,415000.0,60.3479742061078,False,20
PE29 7,103,215000.0,212637.99029126213,183750.0,240000.0,26.998418299063147,False,20
PE3 6,256,310500.0,355832.421875,208750.0,451500.0,54.36792797177272,False,20
PE3 7,100,182250.0,186158.95,169500.0,206250.0,17.727217423044166,False,20
PE3 8,152,195000.0,215692.76315789475,175000.0,222250.0,21.395546903516244,False,20
PE3 9,271,267000.0,281374.71955719555,206750.0,350000.0,42.75459301618202,False,20
PE30 1,91,156000.0,180944.94505494504,120000.0,202000.0,11.041489232266699,False,20
PE30 2,197,161000.0,168280.26395939087,121000.0,190100.0,12.294683051466116,False,20
PE30 3,679,279995.0,295402.0073637703,230000.0,345000.0,45.91191142474754,False,20
PE30 4,391,200000.0,216817.452685422,171500.0,248500.0,22.885995863243703,False,20
PE30 5,314,163000.0,173549.9585987261,123250.0,214650.0,12.574522447986372,False,20
PE31 6,333,300000.0,346136.0960960961,245000.0,395000.0,51.65470251855457,False,20
PE31 7,412,290000.0,326435.7791262136,240000.0,363125.0,48.89280934420246,False,20
PE31 8,287,535000.0,663873.9965156794,350625.0,800000.0,87.71140041367563,False,20
PE32 1,351,300000.0,354938.73219373217,240000.0,402500.0,51.65470251855457,False,20
PE32 2,249,325000.0,377400.1285140562,240000.0,470000.0,57.99367319625258,False,20
PE33 0,308,270000.0,301112.4512987013,215000.0,351250.0,43.569777345175815,False,20
PE33 9,272,274500.0,310883.95955882355,205000.0,396250.0,44.39104513931135,False,20
PE34 3,191,250000.0,283836.9109947644,213500.0,332500.0,37.717483878817376,False,20
PE34 4,315,260000.0,296683.873015873,216750.0,332500.0,40.716632193697535,False,20
PE36 5,261,280000.0,285854.11877394636,204000.0,330000.0,46.40467210122886,False,20
PE36 6,198,465000.0,535775.8383838384,302500.0,640000.0,81.53059982966298,False,20
PE37 7,347,235000.0,244346.41786743517,175000.0,300000.0,33.14271809222533,False,20
PE37 8,424,290000.0,304447.4716981132,240000.0,354996.25,48.89280934420246,False,20
PE38 0,198,275000.0,309056.8232323232,195750.0,399000.0,44.84730502494221,False,20
PE38 9,628,260000.0,274593.82484076434,210000.0,325000.0,40.716632193697535,False,20
PE4 5,202,222125.0,229759.32178217822,167000.0,290000.0,29.285801192359166,False,20
PE4 6,419,241000.0,256678.11455847256,195000.0,285000.0,35.16242851928458,False,20
PE4 7,484,228000.0,228306.6632231405,185000.0,260000.0,31.007421827472932,False,20
PE5 7,54,477500.0,610748.0555555555,342500.0,680000.0,83.02104878939043,False,20
PE6 0,398,260000.0,284179.3567839196,213875.0,329500.0,40.716632193697535,False,20
PE6 7,393,280000.0,324695.3740458015,230000.0,352000.0,46.40467210122886,False,20
PE6 8,637,270000.0,301178.1726844584,220000.0,355000.0,43.569777345175815,False,20
PE6 9,275,375000.0,417438.0909090909,271000.0,500000.0,68.18956077381677,False,20
PE7 0,51,247000.0,235249.49019607843,209750.0,266250.0,36.56162550188588,False,20
PE7 1,690,243375.0,258492.2855072464,205000.0,295000.0,35.62477187005719,False,20
PE7 2,441,270750.0,290709.2653061224,235000.0,332500.0,43.91045139311352,False,20
PE7 3,706,267750.0,292024.17705382436,215000.0,345000.0,42.92493004015087,False,20
PE7 4,57,374950.0,401181.6666666667,310000.0,439950.0,67.76980167903638,False,20
PE7 7,54,354995.0,366571.01851851854,329996.25,409995.0,63.98588636087115,False,20
PE7 8,1186,302500.0,316857.76306913997,243000.0,389358.75,52.4333860566979,False,20
PE8 4,276,354000.0,391047.4275362319,271875.0,471250.0,63.91288477917022,False,20
PE8 5,137,565000.0,667562.1167883212,385000.0,715000.0,89.68244311960093,False,20
PE8 6,369,295000.0,366095.52032520325,200000.0,430000.0,50.121669302834896,False,20
PE9 1,401,275000.0,306347.5536159601,225000.0,335000.0,44.84730502494221,False,20
PE9 2,586,349997.5,434551.15358361776,265000.0,484787.5,62.854361844506634,False,20
PE9 3,290,450000.0,549287.2103448276,325000.0,650000.0,80.05840126536074,False,20
PE9 4,206,366250.0,454024.33980582526,275000.0,538000.0,66.42535588271079,False,20
PL1 1,4,108000.0,105500.0,102500.0,111000.0,2.2569655675872977,True,20
PL1 2,111,181000.0,230987.3873873874,130000.0,277750.0,17.404793770531697,False,20
PL1 3,323,205000.0,235637.67801857585,155000.0,300000.0,24.20610779900231,False,20
PL1 4,296,175600.0,208062.19932432432,128750.0,265750.0,15.853510159386786,False,20
PL1 5,325,160000.0,193548.41846153847,118000.0,231000.0,11.856673561260495,False,20
PL10 1,143,295000.0,361996.7762237762,235250.0,435000.0,50.121669302834896,False,20
PL11 2,353,210000.0,223759.71671388103,170000.0,260000.0,25.6053047816036,False,20
PL11 3,131,430000.0,454703.2900763359,260000.0,585000.0,77.35125927728434,False,20
PL12 4,384,240000.0,273454.234375,195000.0,310000.0,34.59058279596058,False,20
PL12 5,83,285000.0,354373.421686747,216000.0,410000.0,47.773451758121425,False,20
PL12 6,549,283000.0,314460.3296903461,230000.0,365000.0,47.31719187249057,False,20
PL13 1,229,270000.0,319131.67248908296,200000.0,370000.0,43.569777345175815,False,20
PL13 2,266,282500.0,330601.6466165414,215000.0,378750.0,47.20160603479742,False,20
PL14 3,422,225000.0,250672.31753554504,178000.0,295000.0,30.143569777345174,False,20
PL14 4,246,244500.0,278298.2520325203,175125.0,315000.0,35.72819077746684,False,20
PL14 5,230,250000.0,289303.7086956522,198125.0,340000.0,37.717483878817376,False,20
PL14 6,166,268000.0,297352.0240963855,208500.0,353750.0,42.99184815671006,False,20
PL15 7,287,265000.0,299486.95818815334,200500.0,365000.0,42.18274729285801,False,20
PL15 8,209,250000.0,292003.6794258373,165000.0,395000.0,37.717483878817376,False,20
PL15 9,295,240000.0,282296.77966101695,176500.0,317500.0,34.59058279596058,False,20
PL16 0,69,320000.0,381759.4202898551,250000.0,435000.0,56.54580849251734,False,20
PL17 7,292,269997.5,287577.6780821918,195987.5,360000.0,43.26560408808858,False,20
PL17 8,188,297500.0,318076.2074468085,201875.0,413125.0,50.71784888672588,False,20
PL18 9,241,280000.0,309898.15352697094,200000.0,362500.0,46.40467210122886,False,20
PL19 0,220,275000.0,309823.4318181818,169375.0,402431.25,44.84730502494221,False,20
PL19 8,330,296500.0,333365.56363636366,216250.0,390000.0,50.57792918846575,False,20
PL19 9,299,327500.0,377178.59531772573,240000.0,458250.0,58.62635357099404,False,20
PL2 1,514,175000.0,175552.75097276265,140000.0,200000.0,15.500669181165591,False,20
PL2 2,364,188000.0,193193.41758241758,160000.0,232500.0,19.272417569047327,False,20
PL2 3,485,225000.0,232313.55670103093,180000.0,278000.0,30.143569777345174,False,20
PL20 6,186,349500.0,394626.6935483871,250000.0,506875.0,62.7813602628057,False,20
PL20 7,277,282500.0,346653.64259927796,220000.0,425000.0,47.20160603479742,False,20
PL21 0,612,329450.0,368433.76470588235,264000.0,435000.0,58.729772478403696,False,20
PL21 9,402,270000.0,304519.355721393,215000.0,350000.0,43.569777345175815,False,20
PL22 0,157,295000.0,347894.58598726115,201500.0,430000.0,50.121669302834896,False,20
PL23 1,194,420000.0,552830.9278350516,260500.0,650000.0,75.5627205256114,False,20
PL24 2,398,230000.0,263547.3542713568,180625.0,309500.0,31.71918724905706,False,20
PL25 3,572,275000.0,325811.3811188811,218712.5,360000.0,44.84730502494221,False,20
PL25 4,345,235000.0,236691.30724637682,168000.0,288000.0,33.14271809222533,False,20
PL25 5,302,268826.5,277675.64238410594,201250.0,351350.0,43.16826864582066,False,20
PL26 6,238,423000.0,477224.15546218486,291250.0,565000.0,76.04331427180922,False,20
PL26 7,386,261088.0,296851.7901554404,195625.0,350000.0,41.28239445187979,False,20
PL26 8,485,224000.0,245639.95876288658,170000.0,315000.0,29.65080910086385,False,20
PL27 6,315,445000.0,621294.6825396825,310000.0,711000.0,79.26146733179219,False,20
PL27 7,297,319781.0,359850.1212121212,225000.0,435000.0,56.004380094902054,False,20
PL28 8,228,560000.0,686441.0087719298,315000.0,850000.0,89.33568560652148,False,20
PL29 3,55,435000.0,527185.4363636364,350000.0,590000.0,77.95960579145881,False,20
PL3 4,484,270000.0,267839.19834710745,200000.0,315000.0,43.569777345175815,False,20
PL3 5,440,320000.0,350890.79545454547,230000.0,450000.0,56.54580849251734,False,20
PL3 6,479,200000.0,241914.5866388309,170000.0,240000.0,22.885995863243703,False,20
PL30 3,137,355000.0,439448.5109489051,233300.0,515000.0,64.21705803625746,False,20
PL30 4,119,375000.0,388755.0420168067,243750.0,512500.0,68.18956077381677,False,20
PL30 5,121,355000.0,418034.5041322314,250000.0,525000.0,64.21705803625746,False,20
PL31 1,331,217000.0,234385.0422960725,166000.0,277500.0,27.539846696678428,False,20
PL31 2,317,250000.0,261885.39432176657,165000.0,340000.0,37.717483878817376,False,20
PL32 9,155,260000.0,287716.7612903226,187750.0,370000.0,40.716632193697535,False,20
PL33 9,76,257500.0,283902.36842105264,205000.0,330000.0,39.76761163158535,False,20
PL34 0,84,350000.0,376985.4285714286,265000.0,470000.0,63.219369753011314,False,20
PL35 0,47,350000.0,389275.40425531915,252500.0,467500.0,63.219369753011314,False,20
PL4 0,122,185000.0,236124.18032786885,145250.0,257500.0,18.432899379486557,False,20
PL4 6,181,190000.0,187441.22099447515,120000.0,248500.0,19.959849130064487,False,20
PL4 7,346,200000.0,200505.9942196532,150250.0,235000.0,22.885995863243703,False,20
PL4 8,319,175000.0,179236.67711598746,116750.0,225000.0,15.500669181165591,False,20
PL4 9,317,183000.0,177710.04100946372,132000.0,220000.0,17.891470981871276,False,20
PL5 1,426,185000.0,187663.67840375588,156625.0,219750.0,18.432899379486557,False,20
PL5 2,346,200000.0,205893.20231213872,175000.0,230000.0,22.885995863243703,False,20
PL5 3,434,190500.0,211355.17741935485,163500.0,237000.0,20.397858620270107,False,20
PL5 4,354,186500.0,198129.68926553673,155250.0,220000.0,18.96216084681835,False,20
PL6 5,525,250000.0,280355.25523809524,207000.0,332000.0,37.717483878817376,False,20
PL6 6,379,192000.0,248445.73350923482,165000.0,298500.0,20.549945248813724,False,20
PL6 7,386,275000.0,304567.7461139896,210000.0,370000.0,44.84730502494221,False,20
PL6 8,402,210000.0,239614.89054726367,185000.0,280000.0,25.6053047816036,False,20
PL7 1,424,250000.0,271623.5778301887,219500.0,305250.0,37.717483878817376,False,20
PL7 2,536,230000.0,247968.96455223882,184750.0,285000.0,31.71918724905706,False,20
PL7 4,372,275000.0,284862.9946236559,235750.0,312125.0,44.84730502494221,False,20
PL7 5,99,314000.0,356545.45454545453,226250.0,436500.0,54.82418785740357,False,20
PL8 1,93,715000.0,786490.5483870967,460000.0,990000.0,95.18189560773817,False,20
PL8 2,156,385750.0,447467.6282051282,290000.0,531250.0,70.47086020197104,False,20
PL9 0,157,422500.0,481644.4076433121,325000.0,565000.0,76.00073001581701,False,20
PL9 7,347,270750.0,295226.0432276657,222000.0,337500.0,43.91045139311352,False,20
PL9 8,778,332075.0,345287.71722365037,280000.0,400000.0,59.75179462221681,False,20
PL9 9,602,268750.0,280399.79568106314,205000.0,325000.0,43.137851320111935,False,20
PO1 1,36,165500.0,172597.22222222222,105125.0,229375.0,13.347122520987956,False,20
PO1 2,150,370000.0,386955.05333333334,243125.0,485000.0,67.1067039785862,False,20
PO1 3,78,255000.0,295708.71794871794,170000.0,361562.5,39.068013140284705,False,20
PO1 4,28,212500.0,197327.39285714287,158000.0,231000.0,26.40832218031391,False,20
PO1 5,345,213675.0,270504.2463768116,192000.0,235000.0,26.536074948290544,False,20
PO10 7,457,420000.0,500424.56236323854,327500.0,600000.0,75.5627205256114,False,20
PO10 8,364,387250.0,431203.62637362635,324625.0,484875.0,70.53169485338849,False,20
PO11 0,364,372250.0,392780.0796703297,285000.0,475000.0,67.53863000365008,False,20
PO11 9,446,337500.0,358629.78475336323,239250.0,441875.0,60.80423409173865,False,20
PO12 1,415,190000.0,199495.8265060241,141125.0,239000.0,19.959849130064487,False,20
PO12 2,471,330000.0,364796.2781316348,245000.0,467500.0,59.15561503832583,False,20
PO12 3,483,220000.0,229325.52795031056,188400.0,260000.0,28.555785375349803,False,20
PO12 4,638,242750.0,240102.76489028212,190000.0,277000.0,35.44835138094658,False,20
PO13 0,489,270000.0,276384.4846625767,240000.0,312000.0,43.569777345175815,False,20
PO13 8,308,290000.0,312879.06493506493,220000.0,390000.0,48.89280934420246,False,20
PO13 9,505,280000.0,324987.64554455446,183000.0,400000.0,46.40467210122886,False,20
PO14 1,293,298300.0,302651.0409556314,235000.0,345000.0,50.83343472441902,False,20
PO14 2,419,399000.0,419577.2911694511,327625.0,485000.0,72.15598004623433,False,20
PO14 3,302,365000.0,438115.8410596026,299250.0,548750.0,66.10293223019832,False,20
PO14 4,411,347500.0,379181.2287104623,270000.0,440000.0,62.611023238836836,False,20
PO15 5,355,360000.0,385348.2957746479,300000.0,445000.0,65.14174473780265,False,20
PO15 6,305,300000.0,344999.9672131148,260000.0,360000.0,51.65470251855457,False,20
PO15 7,527,360000.0,379394.09108159394,304000.0,425000.0,65.14174473780265,False,20
PO16 0,243,285800.0,276302.4279835391,190750.0,334750.0,48.13237620148437,False,20
PO16 7,477,315000.0,323341.8364779874,175000.0,425000.0,55.170945370483025,False,20
PO16 8,421,340000.0,369484.9002375297,290000.0,425000.0,61.309161698503466,False,20
PO16 9,369,327500.0,335724.2113821138,280000.0,382500.0,58.62635357099404,False,20
PO17 5,267,330000.0,379902.2471910112,240000.0,436500.0,59.15561503832583,False,20
PO17 6,46,503997.5,650520.8478260869,427998.75,671248.75,85.47268524151357,False,20
PO18 0,188,471500.0,622004.7021276596,350000.0,740000.0,82.29711643752282,False,20
PO18 8,297,480000.0,666741.5420875421,340000.0,780000.0,83.24005353449326,False,20
PO18 9,51,787500.0,914260.0,635000.0,1002500.0,96.520257938922,False,20
PO19 1,130,360000.0,456529.3153846154,249962.5,563000.25,65.14174473780265,False,20
PO19 3,392,399995.0,448189.82653061225,329998.75,550000.0,72.22289816279353,False,20
PO19 5,148,605000.0,722115.1351351351,382500.0,942375.0,91.79340552378635,False,20
PO19 6,381,395000.0,433798.094488189,285000.0,565000.0,71.68146976517824,False,20
PO19 7,326,322750.0,341248.236196319,244875.0,400000.0,57.31232510037717,False,20
PO19 8,216,380000.0,409992.5,295000.0,515625.0,69.34541915074827,False,20
PO2 0,398,280000.0,274895.17085427133,220000.0,322500.0,46.40467210122886,False,20
PO2 7,379,225000.0,215071.7018469657,190000.0,247750.0,30.143569777345174,False,20
PO2 8,305,217000.0,211142.88196721312,190000.0,238000.0,27.539846696678428,False,20
PO2 9,269,265000.0,258273.91078066913,175000.0,322000.0,42.18274729285801,False,20
PO20 0,513,340000.0,349559.5769980507,290000.0,405000.0,61.309161698503466,False,20
PO20 1,88,382500.0,448301.8522727273,306875.0,517500.0,69.8260128969461,False,20
PO20 2,370,370000.0,392057.8108108108,283498.75,485000.0,67.1067039785862,False,20
PO20 3,294,360000.0,394254.0136054422,299961.25,439998.75,65.14174473780265,False,20
PO20 7,135,710000.0,917007.7777777778,462500.0,968750.0,95.07239323518675,False,20
PO20 8,351,490000.0,608216.7435897436,350000.0,677500.0,84.0917386543375,False,20
PO20 9,82,353500.0,414340.7195121951,288750.0,475000.0,63.85205012775277,False,20
PO21 1,253,150500.0,175601.69960474307,105000.0,220000.0,9.824796203917751,False,20
PO21 2,405,250000.0,280970.3802469136,168000.0,365000.0,37.717483878817376,False,20
PO21 3,421,367000.0,377891.4228028504,295000.0,450000.0,66.52877479012045,False,20
PO21 4,412,387500.0,465517.109223301,315000.0,585000.0,70.56819564423897,False,20
PO21 5,422,309000.0,315340.92654028436,251750.0,371625.0,53.443241270227524,False,20
PO22 0,210,401250.0,433587.85714285716,300000.0,534075.0,72.8859958632437,False,20
PO22 6,294,342250.0,358917.07482993195,267750.0,435000.0,61.70458693271688,False,20
PO22 7,282,407500.0,483729.7695035461,285000.0,600000.0,73.39700693515027,False,20
PO22 8,323,350000.0,358418.2043343653,300000.0,411140.0,63.219369753011314,False,20
PO22 9,262,273500.0,280135.01908396947,230625.0,311875.0,44.28762623190169,False,20
PO3 5,357,259500.0,262696.4593837535,212000.0,310000.0,40.18737072636574,False,20
PO3 6,444,281250.0,278479.7702702703,250000.0,322625.0,46.96435089426937,False,20
PO30 1,285,210000.0,244157.8140350877,160000.0,300000.0,25.6053047816036,False,20
PO30 2,329,235000.0,236612.96352583586,195000.0,265000.0,33.14271809222533,False,20
PO30 3,72,343000.0,401990.27777777775,267250.0,455000.0,61.82625623555177,False,20
PO30 4,127,380000.0,426768.3464566929,315000.0,500000.0,69.34541915074827,False,20
PO30 5,515,210000.0,220166.3650485437,150000.0,275000.0,25.6053047816036,False,20
PO31 7,437,265000.0,311911.99313501146,217500.0,365000.0,42.18274729285801,False,20
PO31 8,271,330000.0,432103.0590405904,243000.0,489150.0,59.15561503832583,False,20
PO32 6,403,228500.0,244653.66253101738,185000.0,285500.0,31.104757269740844,False,20
PO33 1,365,240000.0,284019.8684931507,165000.0,330000.0,34.59058279596058,False,20
PO33 2,402,185000.0,203556.37313432837,140000.0,239875.0,18.432899379486557,False,20
PO33 3,386,265000.0,297247.8886010363,220000.0,335000.0,42.18274729285801,False,20
PO33 4,234,345000.0,377763.13675213675,245125.0,485000.0,62.16084681834773,False,20
PO34 5,123,440000.0,488212.39837398374,336250.0,547500.0,78.6652877479012,False,20
PO35 5,190,440000.0,495874.94736842107,311250.0,573750.0,78.6652877479012,False,20
PO36 0,154,309000.0,335612.94155844155,220500.0,427500.0,53.443241270227524,False,20
PO36 8,262,247000.0,267690.4198473282,161125.0,340000.0,36.56162550188588,False,20
PO36 9,296,253000.0,259550.0608108108,194375.0,317250.0,38.52658474266942,False,20
PO37 6,190,237750.0,286068.2052631579,145000.0,363750.0,33.84840004866772,False,20
PO37 7,216,289975.0,287695.39814814815,210000.0,330625.0,48.51563450541428,False,20
PO38 1,267,245000.0,326409.83895131084,180000.0,390000.0,36.05061442997932,False,20
PO38 2,121,370000.0,429339.0495867769,300000.0,525000.0,67.1067039785862,False,20
PO38 3,186,296250.0,323825.29032258067,226250.0,350000.0,50.541428397615284,False,20
PO39 0,153,300000.0,365508.3464052288,225000.0,460000.0,51.65470251855457,False,20
PO4 0,486,250000.0,284112.3004115226,212125.0,320000.0,37.717483878817376,False,20
PO4 8,620,273750.0,280107.54354838707,229500.0,322125.0,44.29979316218518,False,20
PO4 9,687,268500.0,303418.962154294,229200.0,335000.0,43.07701666869449,False,20
PO40 9,284,300000.0,312761.5633802817,210000.0,380000.0,51.65470251855457,False,20
PO41 0,93,435000.0,482119.79569892475,280000.0,535000.0,77.95960579145881,False,20
PO5 1,282,217500.0,252839.45744680852,155000.0,274250.0,27.661515999513327,False,20
PO5 2,316,253250.0,315871.2563291139,180000.0,385000.0,38.55700206837815,False,20
PO5 3,275,195000.0,273116.7090909091,155000.0,303000.0,21.395546903516244,False,20
PO5 4,67,205000.0,237942.83582089553,128500.0,298000.0,24.20610779900231,False,20
PO6 1,300,375000.0,405009.9166666667,285000.0,480925.0,68.18956077381677,False,20
PO6 2,454,335000.0,343263.15198237885,282875.0,405000.0,60.3479742061078,False,20
PO6 3,210,248250.0,376914.67619047617,208125.0,289180.0,36.817131037839154,False,20
PO6 4,314,255000.0,281167.2484076433,222000.0,310000.0,39.068013140284705,False,20
PO7 3,172,422475.0,430761.86627906974,350000.0,530000.0,75.95814575982479,False,20
PO7 4,43,661000.0,746174.4186046511,394000.0,925000.0,93.83744981141258,False,20
PO7 5,460,335750.0,357112.22826086957,290000.0,415000.0,60.67039785862028,False,20
PO7 6,423,355000.0,389970.768321513,293250.0,450000.0,64.21705803625746,False,20
PO7 7,407,323000.0,339963.24815724813,242500.0,428250.0,57.367076286652875,False,20
PO7 8,315,267500.0,287189.56825396826,215000.0,330000.0,42.84584499330819,False,20
PO8 0,469,385000.0,433467.64392324095,310000.0,520000.0,70.2214381311595,False,20
PO8 8,407,330000.0,345095.04914004914,290000.0,394000.0,59.15561503832583,False,20
PO8 9,555,370000.0,386165.13693693693,300000.0,450000.0,67.1067039785862,False,20
PO9 1,241,245000.0,304966.60995850625,163000.0,375000.0,36.05061442997932,False,20
PO9 2,375,313000.0,349430.30933333334,250000.0,399625.0,54.70251855456868,False,20
PO9 3,608,347375.0,358665.7450657895,270875.0,408875.0,62.51368779656893,False,20
PO9 4,200,250000.0,246214.035,224625.0,267500.0,37.717483878817376,False,20
PO9 5,305,248000.0,252143.31475409836,215000.0,280000.0,36.768463316705194,False,20
PO9 6,112,617000.0,661379.4196428572,394375.0,816250.0,92.26183233970069,False,20
PR1 0,414,265000.0,284278.2173913043,217000.0,325000.0,42.18274729285801,False,20
PR1 1,125,134451.0,140830.4,120000.0,148357.0,6.168633653729164,False,20
PR1 2,25,100000.0,98039.96,59500.0,135000.0,1.648619053412824,False,20
PR1 3,114,115997.5,130451.62280701754,76250.0,146125.0,3.163401873707264,False,20
PR1 4,187,110000.0,118912.50267379679,80000.0,145000.0,2.463803382406619,False,20
PR1 5,221,110000.0,116480.27601809955,89000.0,135000.0,2.463803382406619,False,20
PR1 6,236,130000.0,136265.88983050847,101500.0,162750.0,5.493369022995498,False,20
PR1 7,127,111000.0,115381.88976377953,92500.0,128975.0,2.6037230806667475,False,20
PR1 8,199,120000.0,124764.92462311558,96750.0,144000.0,3.686579875897311,False,20
PR1 9,651,200000.0,229375.36712749617,157250.0,289750.0,22.885995863243703,False,20
PR2 1,516,170000.0,185164.2519379845,136900.0,216250.0,14.296143083100135,False,20
PR2 2,404,128000.0,134993.83910891088,114750.0,155000.0,5.085776858498601,False,20
PR2 3,616,195000.0,203689.95616883118,150712.5,240000.0,21.395546903516244,False,20
PR2 5,255,339995.0,339811.93333333335,236000.0,395997.5,61.023238836841465,False,20
PR2 6,318,145000.0,161121.9182389937,120250.0,182750.0,8.316096848765056,False,20
PR2 7,271,255000.0,246466.1143911439,155898.0,324747.5,39.068013140284705,False,20
PR2 8,247,230000.0,250068.1012145749,158250.0,315000.0,31.71918724905706,False,20
PR2 9,647,230000.0,252350.14219474499,181000.0,297700.0,31.71918724905706,False,20
PR25 1,461,200000.0,245657.7809110629,160000.0,339950.0,22.885995863243703,False,20
PR25 2,171,145000.0,157347.42105263157,130000.0,178000.0,8.316096848765056,False,20
PR25 3,520,210000.0,227089.37692307692,166500.0,270498.75,25.6053047816036,False,20
PR25 4,248,180000.0,188546.91532258064,144500.0,210000.0,16.912033094050372,False,20
PR25 5,214,272500.0,274721.2897196262,176375.0,352248.75,44.11120574279109,False,20
PR26 6,276,255000.0,264476.25,220000.0,307437.5,39.068013140284705,False,20
PR26 7,291,260000.0,263150.15120274917,190625.0,318750.0,40.716632193697535,False,20
PR26 8,26,184000.0,305461.53846153844,128500.0,388750.0,18.02530721498966,False,20
PR26 9,161,292000.0,370401.60248447204,220000.0,425000.0,49.47682199780995,False,20
PR3 0,472,298497.5,324257.75423728814,232871.25,380995.0,50.84560165470252,False,20
PR3 1,501,250000.0,284956.98403193615,199950.0,350000.0,37.717483878817376,False,20
PR3 2,613,260000.0,304742.8123980424,210000.0,357500.0,40.716632193697535,False,20
PR3 3,423,212000.0,246662.1914893617,165000.0,294565.5,26.23190169120331,False,20
PR3 5,476,339972.5,352000.1701680672,278000.0,415000.0,61.00498844141623,False,20
PR3 6,81,289950.0,323627.16049382713,225000.0,370000.0,48.49130064484731,False,20
PR4 0,1116,276700.0,299083.7517921147,220000.0,349996.25,45.44348460883319,False,20
PR4 1,525,215000.0,232387.22095238094,170000.0,270000.0,26.998418299063147,False,20
PR4 2,466,225000.0,268501.9957081545,160500.0,332062.5,30.143569777345174,False,20
PR4 3,443,290000.0,319388.3769751693,185000.0,399995.0,48.89280934420246,False,20
PR4 4,274,280000.0,364753.8686131387,214250.0,430000.0,46.40467210122886,False,20
PR4 5,398,275000.0,334398.6608040201,215000.0,398712.5,44.84730502494221,False,20
PR4 6,529,280000.0,302434.1833648393,210000.0,360000.0,46.40467210122886,False,20
PR5 0,235,227500.0,288649.81276595744,180000.0,307497.5,30.91616985034676,False,20
PR5 4,551,190000.0,217077.00544464609,152250.0,264000.0,19.959849130064487,False,20
PR5 5,444,172750.0,194794.1644144144,150000.0,225000.0,14.904489597274608,False,20
PR5 6,551,190000.0,203909.7894736842,141750.0,248497.0,19.959849130064487,False,20
PR5 8,91,170000.0,174947.7032967033,130497.5,200000.0,14.296143083100135,False,20
PR6 0,334,145000.0,157649.69461077845,120000.0,184045.0,8.316096848765056,False,20
PR6 7,462,240000.0,279792.3398268398,175000.0,351875.0,34.59058279596058,False,20
PR6 8,285,277500.0,332103.15087719297,210000.0,395000.0,45.63815549336902,False,20
PR6 9,337,225000.0,258059.9821958457,185000.0,305000.0,30.143569777345174,False,20
PR7 1,246,245000.0,256546.23983739837,165000.0,336875.0,36.05061442997932,False,20
PR7 2,402,160150.0,177323.53482587065,120000.0,220000.0,12.191264144056454,False,20
PR7 3,458,200000.0,224354.74890829696,157000.0,280000.0,22.885995863243703,False,20
PR7 4,241,190000.0,230712.3070539419,155000.0,265995.0,19.959849130064487,False,20
PR7 5,487,230000.0,272445.97535934293,160000.0,310500.0,31.71918724905706,False,20
PR7 6,461,265000.0,297749.45986984816,205000.0,349995.0,42.18274729285801,False,20
PR7 7,636,190000.0,206112.25157232705,124562.5,249250.0,19.959849130064487,False,20
PR8 1,167,125500.0,163127.80838323353,85000.0,203500.0,4.684268159143448,False,20
PR8 2,439,300000.0,360799.8724373576,187250.0,475000.0,51.65470251855457,False,20
PR8 3,574,249997.5,268495.6411149826,189625.0,330000.0,37.12738776006814,False,20
PR8 4,452,240000.0,277757.9469026549,180000.0,338124.75,34.59058279596058,False,20
PR8 5,388,221250.0,232144.9793814433,163875.0,290000.0,29.176298819807762,False,20
PR8 6,523,215000.0,228589.72275334608,167000.0,265000.0,26.998418299063147,False,20
PR9 0,294,140750.0,171339.74489795917,95000.0,200000.0,7.738167660299307,False,20
PR9 7,458,205000.0,238531.2729257642,160000.0,308750.0,24.20610779900231,False,20
PR9 8,648,227750.0,237763.1435185185,184750.0,279995.0,30.940503710913735,False,20
PR9 9,753,200000.0,226411.3492695883,150000.0,265000.0,22.885995863243703,False,20
RG1 1,24,258750.0,258822.5,187500.0,298750.0,40.06570142353084,False,20
RG1 2,196,295000.0,295074.70408163266,250000.0,328125.0,50.121669302834896,False,20
RG1 3,350,311260.0,331776.91714285716,282250.0,390000.0,54.45917994889889,False,20
RG1 4,134,265000.0,281186.4104477612,202750.0,322500.0,42.18274729285801,False,20
RG1 5,261,317500.0,389110.83141762455,260000.0,455000.0,55.66978951210609,False,20
RG1 6,367,325000.0,346697.33242506813,232500.0,417000.0,57.99367319625258,False,20
RG1 7,267,268000.0,284573.55805243447,195000.0,340000.0,42.99184815671006,False,20
RG1 8,129,375000.0,380862.496124031,300000.0,467500.0,68.18956077381677,False,20
RG10 0,238,614000.0,753435.2731092437,428125.0,868750.0,92.12799610658232,False,20
RG10 8,135,785000.0,941890.074074074,541250.0,1100000.0,96.48375714807153,False,20
RG10 9,386,576250.0,616346.5829015544,438125.0,764375.0,90.44287626231902,False,20
RG12 0,345,358000.0,360521.5768115942,315000.0,400000.0,64.6854848521718,False,20
RG12 1,122,299950.0,299245.31967213115,270462.5,319950.0,50.98552135296265,False,20
RG12 2,212,369000.0,416269.8113207547,261875.0,531875.0,66.74777953522326,False,20
RG12 7,676,365000.0,357729.474852071,295000.0,413687.5,66.10293223019832,False,20
RG12 8,493,380000.0,455500.0912778905,320000.0,483750.0,69.34541915074827,False,20
RG12 9,485,360000.0,378474.42886597937,267500.0,450000.0,65.14174473780265,False,20
RG14 1,338,310000.0,378049.8461538461,212000.0,424000.0,53.948168876992334,False,20
RG14 2,412,375000.0,411694.5072815534,295000.0,465000.0,68.18956077381677,False,20
RG14 3,84,585000.0,607860.5714285715,473000.0,689000.0,90.9295534736586,False,20
RG14 5,276,245000.0,285067.84420289856,185000.0,361000.0,36.05061442997932,False,20
RG14 6,313,455000.0,494696.16613418533,365000.0,595000.0,80.72149896581092,False,20
RG14 7,657,370000.0,379853.63774733635,248850.0,479950.0,67.1067039785862,False,20
RG17 0,295,360000.0,426938.81355932204,265500.0,486250.0,65.14174473780265,False,20
RG17 7,81,495000.0,677712.3456790124,330000.0,813500.0,84.52366467940139,False,20
RG17 8,133,315000.0,394924.5112781955,260000.0,440000.0,55.170945370483025,False,20
RG17 9,132,575000.0,706202.9393939395,382500.0,820000.0,90.29687309891715,False,20
RG18 0,24,450000.0,569533.0833333334,373750.0,831000.0,80.05840126536074,False,20
RG18 3,262,366855.0,381098.51145038166,327125.0,435000.0,66.4801070689865,False,20
RG18 4,169,390000.0,409957.81656804733,300000.0,530000.0,70.97578780873586,False,20
RG18 9,213,675000.0,721853.2676056338,479000.0,850000.0,94.12945613821633,False,20
RG19 3,374,330000.0,333193.16310160427,281250.0,384000.0,59.15561503832583,False,20
RG19 4,283,335000.0,341305.2826855124,271250.0,413750.0,60.3479742061078,False,20
RG19 8,121,610000.0,673662.7685950414,460000.0,800000.0,92.03674412945614,False,20
RG2 0,271,295000.0,301121.47970479704,220000.0,372500.0,50.121669302834896,False,20
RG2 6,317,465000.0,461944.19558359624,379525.0,540000.0,81.53059982966298,False,20
RG2 7,215,355000.0,387588.6046511628,293000.0,428750.0,64.21705803625746,False,20
RG2 8,282,360000.0,358448.90070921986,320000.0,404250.0,65.14174473780265,False,20
RG2 9,906,485000.0,491027.81677704194,400000.0,596500.0,83.62331183842316,False,20
RG20 0,60,725000.0,859345.0,558000.0,963750.0,95.376566492274,False,20
RG20 4,31,407600.0,500737.2580645161,338500.0,567500.0,73.46392505170945,False,20
RG20 5,124,400687.5,457384.22580645164,298750.0,495000.0,72.81907774668451,False,20
RG20 6,43,445000.0,539569.7674418605,377000.0,615000.0,79.26146733179219,False,20
RG20 7,62,563500.0,607979.7419354839,352825.0,733750.0,89.57294074704953,False,20
RG20 8,131,600000.0,734898.6106870229,412000.0,857500.0,91.54398345297481,False,20
RG20 9,154,747500.0,914970.577922078,571250.0,1056250.0,95.85716023847183,False,20
RG21 3,345,315000.0,341486.18260869564,210000.0,425000.0,55.170945370483025,False,20
RG21 4,188,300000.0,303433.9095744681,225812.5,336950.0,51.65470251855457,False,20
RG21 5,210,300000.0,317019.36666666664,252250.0,376500.0,51.65470251855457,False,20
RG21 6,89,250000.0,276137.0786516854,205000.0,320000.0,37.717483878817376,False,20
RG21 7,228,186000.0,231000.86403508772,160000.0,319323.75,18.88915926511741,False,20
RG21 8,160,290000.0,301873.21875,225000.0,371250.0,48.89280934420246,False,20
RG22 4,837,335000.0,352413.4265232975,277500.0,420000.0,60.3479742061078,False,20
RG22 5,356,428250.0,436723.17415730335,315000.0,517500.0,77.01058522934665,False,20
RG22 6,295,325000.0,336464.9152542373,289250.0,382750.0,57.99367319625258,False,20
RG23 7,585,450000.0,470776.71794871794,380550.0,560000.0,80.05840126536074,False,20
RG23 8,244,327550.0,356206.7581967213,280000.0,421250.0,58.68110475726974,False,20
RG24 7,253,547500.0,540551.4980237155,394000.0,670000.0,88.35016425355883,False,20
RG24 8,633,355000.0,369771.24802527647,257000.0,460000.0,64.21705803625746,False,20
RG24 9,798,314500.0,328164.179197995,250000.0,384750.0,54.89110597396277,False,20
RG25 2,105,675000.0,1010168.0476190476,500000.0,1050000.0,94.12945613821633,False,20
RG25 3,211,450000.0,496855.7630331754,335000.0,601000.0,80.05840126536074,False,20
RG26 3,390,360000.0,394807.1794871795,295000.0,467500.0,65.14174473780265,False,20
RG26 4,208,355000.0,359522.83653846156,304500.0,405000.0,64.21705803625746,False,20
RG26 5,364,465500.0,545590.6868131869,373500.0,635500.0,81.6826864582066,False,20
RG27 0,350,450000.0,519528.6828571429,366250.0,599998.75,80.05840126536074,False,20
RG27 8,356,550000.0,641145.3398876404,400000.0,771250.0,88.66650444092954,False,20
RG27 9,453,450000.0,495868.07947019866,332500.0,600000.0,80.05840126536074,False,20
RG28 7,270,385000.0,425238.5333333333,310000.0,498750.0,70.2214381311595,False,20
RG29 1,233,520000.0,662440.2532188841,395000.0,815000.0,86.67721133957902,False,20
RG30 1,173,285000.0,279433.6069364162,214000.0,327000.0,47.773451758121425,False,20
RG30 2,593,309000.0,306823.849915683,230000.0,350000.0,53.443241270227524,False,20
RG30 3,231,375000.0,408251.7316017316,312500.0,451000.0,68.18956077381677,False,20
RG30 4,400,365000.0,395701.4925,315000.0,445000.0,66.10293223019832,False,20
RG30 6,234,340000.0,349014.1623931624,311250.0,374375.0,61.309161698503466,False,20
RG31 4,148,375000.0,394118.8243243243,329625.0,433500.0,68.18956077381677,False,20
RG31 5,312,415000.0,403882.53205128206,329250.0,478500.0,74.71103540576712,False,20
RG31 6,424,435000.0,473538.41273584904,365000.0,575000.0,77.95960579145881,False,20
RG31 7,285,360000.0,387023.5824561404,285000.0,465000.0,65.14174473780265,False,20
RG4 5,263,435000.0,455311.1825095057,371250.0,505000.0,77.95960579145881,False,20
RG4 6,252,480000.0,571898.1706349206,408000.0,626250.0,83.24005353449326,False,20
RG4 7,384,640000.0,675066.9166666666,444387.5,858125.0,93.16218518067892,False,20
RG4 8,521,420000.0,489965.23992322455,330000.0,615000.0,75.5627205256114,False,20
RG4 9,271,620000.0,689043.1771217713,447500.0,833250.0,92.35308431682687,False,20
RG40 1,526,425000.0,443135.3212927757,295000.0,535000.0,76.45698990144787,False,20
RG40 2,321,395000.0,464966.10591900314,275000.0,552500.0,71.68146976517824,False,20
RG40 3,233,685000.0,834679.5150214592,525000.0,940000.0,94.41537899987833,False,20
RG40 4,506,557500.0,611837.7430830039,445000.0,720000.0,89.14709818712738,False,20
RG40 5,251,505000.0,526489.8725099602,390000.0,617500.0,85.6004380094902,False,20
RG41 1,320,536750.0,534741.578125,439362.5,626250.0,87.83306971651052,False,20
RG41 2,200,496500.0,535697.19,342875.0,690000.0,84.65750091251977,False,20
RG41 3,226,470000.0,500449.38053097343,380000.0,600000.0,82.10852901812873,False,20
RG41 4,147,605000.0,649157.6870748299,502500.0,756500.0,91.79340552378635,False,20
RG41 5,359,480000.0,525677.1114206128,407500.0,630000.0,83.24005353449326,False,20
RG42 1,192,370000.0,377597.65625,303000.0,435000.0,67.1067039785862,False,20
RG42 2,207,410000.0,441534.7826086957,365000.0,500000.0,73.84109989049763,False,20
RG42 3,209,470000.0,485329.6650717703,338000.0,625000.0,82.10852901812873,False,20
RG42 4,473,490000.0,508402.87949260045,379612.0,614000.0,84.0917386543375,False,20
RG42 5,187,583200.0,613461.9144385026,475000.0,692500.0,90.80180070568196,False,20
RG42 6,252,590000.0,665870.5079365079,485750.0,808750.0,91.08772356734396,False,20
RG42 7,68,592500.0,663934.5588235294,441375.0,824875.0,91.19114247475362,False,20
RG45 6,574,525000.0,564674.1393728222,387875.0,690000.0,87.06046964350894,False,20
RG45 7,211,465000.0,461594.05213270144,245500.0,587000.0,81.53059982966298,False,20
RG5 3,396,426000.0,439277.41414141416,370000.0,500000.0,76.86458206594476,False,20
RG5 4,618,460000.0,455753.08252427186,350000.0,530000.0,81.13517459544957,False,20
RG6 1,220,416000.0,447933.5409090909,309500.0,570000.0,75.08212677941356,False,20
RG6 3,174,399000.0,411503.3045977011,340000.0,500000.0,72.15598004623433,False,20
RG6 4,313,421000.0,433518.4345047923,292500.0,545000.0,75.84255992213164,False,20
RG6 5,219,502500.0,496781.09589041094,282500.0,675750.0,85.41793405523786,False,20
RG6 7,239,560000.0,570515.7573221758,467500.0,646250.0,89.33568560652148,False,20
RG7 1,481,465000.0,501484.2785862786,360000.0,620000.0,81.53059982966298,False,20
RG7 2,44,630000.0,811386.3636363636,482500.0,1150000.0,92.87626231901692,False,20
RG7 3,422,465000.0,501305.0236966825,360000.0,582687.25,81.53059982966298,False,20
RG7 4,108,441500.0,529807.7777777778,334375.0,683500.0,78.9512106095632,False,20
RG7 5,204,377500.0,440784.82352941175,274250.0,496250.0,68.87090886969217,False,20
RG7 6,94,750000.0,855469.8617021276,526875.0,975000.0,95.92407835503103,False,20
RG8 0,223,595000.0,729653.8340807175,440000.0,862500.0,91.2823944518798,False,20
RG8 7,202,620000.0,774976.2128712871,395000.0,985000.0,92.35308431682687,False,20
RG8 8,197,550000.0,701517.1065989848,420000.0,800000.0,88.66650444092954,False,20
RG8 9,117,670000.0,890448.6923076923,525000.0,1179000.0,94.01995376566492,False,20
RG9 1,408,665000.0,777361.5,461500.0,923500.0,93.90436792797178,False,20
RG9 2,169,660000.0,759777.8816568047,455000.0,871950.0,93.78269862513687,False,20
RG9 3,67,1350000.0,1483529.8507462686,850000.0,1707500.0,98.94756053047816,False,20
RG9 4,127,725000.0,897992.4409448819,501000.0,1025000.0,95.376566492274,False,20
RG9 5,128,828750.0,1002854.1015625,603750.0,1302500.0,96.95826742912763,False,20
RG9 6,80,995000.0,1505660.525,791250.0,1856250.0,98.08979194549215,False,20
RH1 1,260,281750.0,319893.34230769234,217000.0,391250.0,47.025185545686824,False,20
RH1 2,318,429000.0,440825.8113207547,285500.0,541875.0,77.04708602019711,False,20
RH1 3,273,430000.0,468235.2747252747,330000.0,550000.0,77.35125927728434,False,20
RH1 4,240,522500.0,563642.525,410000.0,650000.0,86.79888064241392,False,20
RH1 5,285,477000.0,568442.2315789474,408000.0,665000.0,82.9480472076895,False,20
RH1 6,557,407500.0,448432.89946140035,277000.0,550000.0,73.39700693515027,False,20
RH10 1,289,310500.0,318751.79930795846,224000.0,400000.0,54.36792797177272,False,20
RH10 2,90,475000.0,509989.44444444444,440000.0,613750.0,82.6621243460275,False,20
RH10 3,798,430000.0,445890.30325814534,350000.0,528713.75,77.35125927728434,False,20
RH10 4,285,485000.0,533947.8947368421,400000.0,615000.0,83.62331183842316,False,20
RH10 5,193,355000.0,347358.2331606218,320000.0,380000.0,64.21705803625746,False,20
RH10 6,294,360000.0,359838.9455782313,297375.0,420000.0,65.14174473780265,False,20
RH10 7,599,370000.0,398553.12520868116,314250.0,475000.0,67.1067039785862,False,20
RH10 8,194,335000.0,342385.69587628864,250000.0,410375.0,60.3479742061078,False,20
RH10 9,8,160250.0,161681.25,148112.5,170625.0,12.203431074339944,True,20
RH11 0,358,343000.0,361225.5502793296,290750.0,405125.0,61.82625623555177,False,20
RH11 6,44,235000.0,260763.63636363635,192250.0,342750.0,33.14271809222533,False,20
RH11 7,351,345000.0,336310.0455840456,291250.0,390000.0,62.16084681834773,False,20
RH11 8,429,335000.0,334323.4125874126,283000.0,377000.0,60.3479742061078,False,20
RH11 9,554,350000.0,420918.0776173285,285000.0,490000.0,63.219369753011314,False,20
RH12 0,189,403703.0,383603.7724867725,332500.0,445000.0,73.03808249178732,False,20
RH12 1,632,360000.0,437089.87341772154,262875.0,547000.0,65.14174473780265,False,20
RH12 2,402,442250.0,462354.39303482586,310000.0,550075.0,78.98771140041367,False,20
RH12 3,418,456250.0,523872.7727272727,361250.0,578750.0,80.83708480350408,False,20
RH12 4,449,405000.0,443893.4521158129,335000.0,497500.0,73.17191872490571,False,20
RH12 5,386,415000.0,466152.9715025907,345000.0,550000.0,74.71103540576712,False,20
RH12 6,132,450000.0,444677.5,390000.0,490000.0,80.05840126536074,False,20
RH13 0,172,615000.0,680424.0697674418,405250.0,925000.0,92.18883075799975,False,20
RH13 5,451,385000.0,400622.1840354767,251250.0,492500.0,70.2214381311595,False,20
RH13 6,279,572000.0,618387.3369175628,381700.0,745000.0,90.09611874923957,False,20
RH13 8,205,475000.0,550987.5609756098,365000.0,680000.0,82.6621243460275,False,20
RH13 9,428,445500.0,469807.8808411215,354750.0,580500.0,79.38922009976883,False,20
RH14 0,216,700000.0,760897.3194444445,449750.0,915000.0,94.8473050249422,False,20
RH14 9,531,425000.0,454992.35969868174,332000.0,500000.0,76.45698990144787,False,20
RH15 0,825,435000.0,474171.6533333333,350000.0,560000.0,77.95960579145881,False,20
RH15 8,526,370000.0,388771.9087452472,310500.0,450000.0,67.1067039785862,False,20
RH15 9,379,375000.0,378806.64907651715,313500.0,436747.5,68.18956077381677,False,20
RH16 1,337,487500.0,556866.8991097923,275000.0,725000.0,83.89706776980168,False,20
RH16 2,408,552500.0,632762.725490196,405000.0,750000.0,88.91592651174108,False,20
RH16 3,458,350000.0,366018.18995633186,250000.0,430000.0,63.219369753011314,False,20
RH16 4,679,410000.0,435842.14580265095,285000.0,515000.0,73.84109989049763,False,20
RH17 5,280,660000.0,779979.6285714286,490000.0,905000.0,93.78269862513687,False,20
RH17 6,193,509000.0,646527.689119171,382000.0,700000.0,85.80727582430953,False,20
RH17 7,252,575000.0,695070.7936507936,425000.0,796250.0,90.29687309891715,False,20
RH18 5,156,475000.0,582101.0256410256,338750.0,685250.0,82.6621243460275,False,20
RH19 1,374,338500.0,376851.10427807487,230000.0,510000.0,60.931986859715295,False,20
RH19 2,342,500000.0,601225.0467836257,400000.0,718750.0,85.14417812385935,False,20
RH19 3,513,405000.0,446747.7894736842,315000.0,520000.0,73.17191872490571,False,20
RH19 4,392,470000.0,497882.69897959183,350000.0,610000.0,82.10852901812873,False,20
RH2 0,367,532000.0,711239.2479564033,325000.0,995500.0,87.58973111084073,False,20
RH2 7,337,530000.0,677327.6795252225,375000.0,862500.0,87.43156101715537,False,20
RH2 8,258,536000.0,602798.1279069767,425000.0,689000.0,87.80873585594354,False,20
RH2 9,254,570000.0,680531.7874015748,336250.0,799487.5,89.97444944640466,False,20
RH20 1,207,450000.0,566398.0676328503,337500.0,702500.0,80.05840126536074,False,20
RH20 2,320,672500.0,712393.453125,401500.0,931250.0,94.06253802165713,False,20
RH20 3,334,497500.0,547160.6676646706,367125.0,683125.0,84.7426694245042,False,20
RH20 4,290,421000.0,480858.34827586205,332125.0,581875.0,75.84255992213164,False,20
RH3 7,175,675000.0,806599.9371428571,550000.0,930000.0,94.12945613821633,False,20
RH4 1,277,450000.0,499534.42960288806,342500.0,610000.0,80.05840126536074,False,20
RH4 2,173,385000.0,489129.0115606936,283000.0,650000.0,70.2214381311595,False,20
RH4 3,217,540000.0,659105.6774193548,385000.0,850000.0,88.00340674047938,False,20
RH5 4,301,440000.0,570035.5481727575,360000.0,635000.0,78.6652877479012,False,20
RH5 5,136,667500.0,744670.8455882353,442500.0,940125.0,93.97128604453097,False,20
RH5 6,97,920000.0,1011851.4536082475,675000.0,1205000.0,97.62744859471955,False,20
RH6 0,114,495000.0,565619.7368421053,393750.0,645000.0,84.52366467940139,False,20
RH6 7,325,290000.0,342818.56,220000.0,444000.0,48.89280934420246,False,20
RH6 8,590,433750.0,438825.8338983051,360250.0,510000.0,77.81968609319868,False,20
RH6 9,559,437000.0,461287.36314847943,340000.0,569000.0,78.23944518797907,False,20
RH7 6,298,499975.0,566844.1241610738,395000.0,678750.0,84.88867258790607,False,20
RH8 0,362,609250.0,779492.638121547,460000.0,898750.0,91.95765908261345,False,20
RH8 9,274,569000.0,665508.6423357665,421250.0,754500.0,89.86494707385326,False,20
RH9 8,162,471250.0,546194.9814814815,385000.0,673750.0,82.28494950723932,False,20
RM1 1,90,280000.0,266986.1111111111,196250.0,350000.0,46.40467210122886,False,20
RM1 2,241,285000.0,323079.6804979253,215000.0,423000.0,47.773451758121425,False,20
RM1 3,118,280000.0,352226.27118644066,210500.0,518000.0,46.40467210122886,False,20
RM1 4,463,515000.0,522361.1900647948,437500.0,605000.0,86.35478768706655,False,20
RM10 7,217,385000.0,369186.79262672813,320000.0,430000.0,70.2214381311595,False,20
RM10 8,315,372000.0,353989.5238095238,281500.0,415000.0,67.52037960822484,False,20
RM10 9,211,365000.0,353092.2748815166,327000.0,400000.0,66.10293223019832,False,20
RM11 1,426,470000.0,484488.8450704225,390000.0,560000.0,82.10852901812873,False,20
RM11 2,407,525000.0,590778.5503685503,426500.0,669000.0,87.06046964350894,False,20
RM11 3,412,511000.0,602123.4247572816,410750.0,675000.0,86.10536561625501,False,20
RM12 4,631,460000.0,465016.75118858955,405000.0,535000.0,81.13517459544957,False,20
RM12 5,327,445000.0,450830.6422018349,410000.0,492500.0,79.26146733179219,False,20
RM12 6,444,425000.0,437547.7252252252,317000.0,530000.0,76.45698990144787,False,20
RM13 7,322,420000.0,413403.94720496895,385000.0,450000.0,75.5627205256114,False,20
RM13 8,337,395000.0,379437.65578635014,305000.0,455000.0,71.68146976517824,False,20
RM13 9,462,420000.0,410026.2554112554,362375.0,465000.0,75.5627205256114,False,20
RM14 1,470,501000.0,592537.4446808511,420000.0,648750.0,85.37534979924565,False,20
RM14 2,351,580000.0,592279.0370370371,437500.0,731000.0,90.64971407713833,False,20
RM14 3,275,650000.0,681699.5163636364,550000.0,775000.0,93.44810804234092,False,20
RM15 4,316,375000.0,369676.7405063291,326500.0,418000.0,68.18956077381677,False,20
RM15 5,407,345000.0,331959.98525798524,275000.0,385000.0,62.16084681834773,False,20
RM15 6,261,345000.0,358844.52107279695,290000.0,425000.0,62.16084681834773,False,20
RM16 2,387,415000.0,427415.82428940566,375000.0,475000.0,74.71103540576712,False,20
RM16 3,132,432500.0,482664.7727272727,374375.0,556250.0,77.69193332522205,False,20
RM16 4,254,360000.0,368822.437007874,327625.0,400000.0,65.14174473780265,False,20
RM16 5,23,500000.0,547630.4347826086,414750.0,677500.0,85.14417812385935,False,20
RM16 6,551,360000.0,370315.4664246824,250000.0,459000.0,65.14174473780265,False,20
RM17 5,397,346500.0,352485.40302267,265000.0,420000.0,62.45893661029322,False,20
RM17 6,490,287750.0,291686.14081632654,220000.0,353249.25,48.339214016303686,False,20
RM18 7,84,265000.0,263373.21428571426,199995.0,329000.0,42.18274729285801,False,20
RM18 8,350,330000.0,332066.8857142857,300000.0,374000.0,59.15561503832583,False,20
RM19 1,228,235000.0,259011.16228070174,185000.0,321250.0,33.14271809222533,False,20
RM2 5,287,537000.0,581886.8257839722,435000.0,692500.0,87.845236646794,False,20
RM2 6,305,475000.0,503397.70819672133,295000.0,645000.0,82.6621243460275,False,20
RM20 3,138,283000.0,299156.72463768115,232250.0,355000.0,47.31719187249057,False,20
RM20 4,131,302000.0,285413.9923664122,208000.0,360000.0,52.360384474996955,False,20
RM3 0,520,425000.0,429354.75,335000.0,505750.0,76.45698990144787,False,20
RM3 7,281,400000.0,398195.6334519573,355000.0,440000.0,72.52707141988076,False,20
RM3 8,234,351500.0,335211.7521367521,265125.0,400000.0,63.62696191750822,False,20
RM3 9,307,410000.0,398961.86970684037,350897.0,450000.0,73.84109989049763,False,20
RM4 1,171,610000.0,685394.0058479533,456750.0,795000.0,92.03674412945614,False,20
RM5 2,265,428000.0,429950.72075471695,394000.0,470000.0,76.9801679036379,False,20
RM5 3,338,440000.0,429397.9556213018,375500.0,480000.0,78.6652877479012,False,20
RM6 4,246,415000.0,379714.6138211382,257750.0,490000.0,74.71103540576712,False,20
RM6 5,255,437000.0,413392.7254901961,335250.0,490000.0,78.23944518797907,False,20
RM6 6,216,437000.0,421926.1574074074,385000.0,476250.0,78.23944518797907,False,20
RM7 0,368,415000.0,391933.83152173914,310000.0,461250.0,74.71103540576712,False,20
RM7 7,174,427500.0,415833.908045977,365000.0,485000.0,76.94366711278744,False,20
RM7 8,251,430000.0,421526.0996015936,375000.0,485000.0,77.35125927728434,False,20
RM7 9,170,412500.0,385613.1176470588,305000.0,460000.0,74.23652512471104,False,20
RM8 1,235,385000.0,363932.84255319147,321500.0,427500.0,70.2214381311595,False,20
RM8 2,294,369000.0,360768.00680272107,330000.0,407250.0,66.74777953522326,False,20
RM8 3,221,375000.0,361522.39819004526,340000.0,405000.0,68.18956077381677,False,20
RM9 4,224,370000.0,369250.60714285716,335000.0,411250.0,67.1067039785862,False,20
RM9 5,227,367000.0,364794.8678414097,340000.0,400000.0,66.52877479012045,False,20
RM9 6,231,370000.0,346322.2164502164,325000.0,410000.0,67.1067039785862,False,20
S1 1,7,140000.0,142142.85714285713,137000.0,150500.0,7.409660542645091,True,20
S1 2,154,153995.0,150061.51298701297,110000.0,174562.5,10.305389950115586,False,20
S1 4,135,125000.0,127846.94814814815,86750.0,165611.0,4.4652634140406375,False,20
S10 1,572,260000.0,277367.6293706294,225000.0,311500.0,40.716632193697535,False,20
S10 2,122,327500.0,379418.737704918,200000.0,498750.0,58.62635357099404,False,20
S10 3,383,430000.0,514236.55091383815,299375.0,662500.0,77.35125927728434,False,20
S10 4,253,420000.0,461503.70355731226,346000.0,575000.0,75.5627205256114,False,20
S10 5,371,380500.0,398199.2749326145,235000.0,485000.0,69.63134201241027,False,20
S11 7,460,380000.0,401566.2260869565,311375.0,460250.0,69.34541915074827,False,20
S11 8,413,282500.0,302455.0774818402,210000.0,362500.0,47.20160603479742,False,20
S11 9,457,500000.0,534409.5711159738,312500.0,685000.0,85.14417812385935,False,20
S12 2,503,182000.0,190969.09741550696,155000.0,220000.0,17.599464655067525,False,20
S12 3,297,195000.0,218960.19865319866,161500.0,237050.0,21.395546903516244,False,20
S12 4,403,170000.0,185992.99503722086,150000.0,201500.0,14.296143083100135,False,20
S13 7,277,163750.0,176837.70397111913,130000.0,215000.0,12.690108285679525,False,20
S13 8,352,175750.0,183902.92897727274,145000.0,210000.0,15.877844019953766,False,20
S13 9,348,190000.0,198385.97701149425,155375.0,227625.0,19.959849130064487,False,20
S14 1,169,127000.0,135667.96449704142,110000.0,145000.0,4.8971894391045145,False,20
S17 3,338,560000.0,610139.6656804733,390000.0,732246.25,89.33568560652148,False,20
S17 4,397,360000.0,385989.080604534,285000.0,475000.0,65.14174473780265,False,20
S18 1,311,285000.0,305343.62057877815,240000.0,355500.0,47.773451758121425,False,20
S18 2,241,263000.0,283794.13692946057,220000.0,321500.0,41.598734639250516,False,20
S18 3,82,270000.0,303962.5731707317,226750.0,369500.0,43.569777345175815,False,20
S18 4,44,245000.0,341797.7272727273,180000.0,471250.0,36.05061442997932,False,20
S18 7,62,425000.0,581483.4354838709,206875.0,846750.0,76.45698990144787,False,20
S18 8,242,325000.0,342002.2190082645,258500.0,415000.0,57.99367319625258,False,20
S2 1,463,194995.0,194267.5939524838,154875.0,239995.0,21.030538995011558,False,20
S2 2,211,161750.0,183462.27962085308,130000.0,218500.0,12.361601168025308,False,20
S2 3,321,185950.0,189808.19937694704,140000.0,230000.0,18.82224114855822,False,20
S2 4,100,137750.0,154787.08,91902.0,181000.0,6.8134809587541065,False,20
S2 5,129,150000.0,160428.6899224806,122100.0,195558.0,9.465871760554812,False,20
S20 1,218,175000.0,192374.79816513762,142125.0,228000.0,15.500669181165591,False,20
S20 2,144,226250.0,238569.44444444444,185000.0,295000.0,30.672831244676967,False,20
S20 3,6,344500.0,295250.0,222750.0,377000.0,61.88100742182747,True,20
S20 4,196,210000.0,221149.806122449,162000.0,270000.0,25.6053047816036,False,20
S20 5,212,235000.0,250080.75943396226,180000.0,291000.0,33.14271809222533,False,20
S20 6,155,279995.0,280101.67741935485,212500.0,357500.0,45.91191142474754,False,20
S20 7,132,185000.0,205081.84848484848,157750.0,250000.0,18.432899379486557,False,20
S20 8,103,135000.0,183839.12621359224,116750.0,234000.0,6.3328872125562725,False,20
S21 1,257,215000.0,234982.859922179,170000.0,285000.0,26.998418299063147,False,20
S21 2,51,193000.0,217342.1568627451,147750.0,260000.0,20.817617715050492,False,20
S21 3,107,170000.0,206552.33644859813,118500.0,260000.0,14.296143083100135,False,20
S21 4,282,185000.0,215132.82624113475,150000.0,259687.5,18.432899379486557,False,20
S21 5,30,214750.0,330406.3,156625.0,392750.0,26.68207811169242,False,20
S25 1,50,268750.0,350741.0,166750.0,509750.0,43.137851320111935,False,20
S25 2,563,224000.0,221630.47246891653,155750.0,284995.5,29.65080910086385,False,20
S25 3,161,177000.0,171055.8944099379,140000.0,200000.0,16.084681834773086,False,20
S25 4,219,184000.0,207883.64383561644,160000.0,225750.0,18.02530721498966,False,20
S25 5,95,250000.0,266241.5263157895,193750.0,320000.0,37.717483878817376,False,20
S26 1,76,271000.0,314945.3947368421,233750.0,375625.0,43.96520257938922,False,20
S26 2,270,215750.0,237464.25185185185,185250.0,260000.0,27.369509672709576,False,20
S26 3,84,236250.0,255067.55952380953,154250.0,301875.0,33.67197955955712,False,20
S26 4,306,225000.0,241888.26143790848,160000.0,334245.0,30.143569777345174,False,20
S26 5,226,240000.0,244933.05309734514,180250.0,281500.0,34.59058279596058,False,20
S26 6,149,180000.0,205109.0268456376,145000.0,215000.0,16.912033094050372,False,20
S26 7,96,312499.0,345806.5104166667,249500.0,436249.75,54.59301618201727,False,20
S3 7,102,118000.0,127635.88235294117,95625.0,151500.0,3.36415622338484,False,20
S3 8,238,149650.0,182812.07142857142,128000.0,207312.5,9.076529991483149,False,20
S3 9,48,135000.0,155390.0,113875.0,177500.0,6.3328872125562725,False,20
S32 1,56,436000.0,541033.0535714285,345000.0,706250.0,78.12385935028591,False,20
S32 2,33,405000.0,483195.8787878788,358000.0,630314.0,73.17191872490571,False,20
S32 3,60,525000.0,639708.3333333334,422500.0,778250.0,87.06046964350894,False,20
S32 4,25,300000.0,345994.2,230000.0,420000.0,51.65470251855457,False,20
S32 5,51,355000.0,413760.7843137255,282500.0,505000.0,64.21705803625746,False,20
S33 0,64,382500.0,501656.25,273375.0,622750.0,69.8260128969461,False,20
S33 6,36,323500.0,437569.02777777775,275000.0,558000.0,57.42182747292858,False,20
S33 7,7,490050.0,548578.5714285715,395000.0,710000.0,84.24382528288112,True,20
S33 8,15,410000.0,446733.3333333333,336500.0,481500.0,73.84109989049763,True,20
S33 9,70,335000.0,365300.4285714286,241750.0,475000.0,60.3479742061078,False,20
S35 0,405,313495.0,336471.1728395062,230000.0,404995.0,54.72685241513566,False,20
S35 1,295,220000.0,239333.2033898305,171100.0,287500.0,28.555785375349803,False,20
S35 2,214,200000.0,220705.69626168226,158000.0,258962.5,22.885995863243703,False,20
S35 3,107,195000.0,213286.40186915887,149250.0,260750.0,21.395546903516244,False,20
S35 4,236,183250.0,202311.2711864407,144500.0,248500.0,17.946222168146978,False,20
S35 7,97,325000.0,374092.0618556701,225000.0,490000.0,57.99367319625258,False,20
S35 8,180,260000.0,288003.5,221612.5,330250.0,40.716632193697535,False,20
S35 9,168,185000.0,215050.3392857143,140000.0,271250.0,18.432899379486557,False,20
S36 1,299,180000.0,193837.8662207358,147250.0,230000.0,16.912033094050372,False,20
S36 2,423,235000.0,244630.90543735225,160000.0,317500.0,33.14271809222533,False,20
S36 3,7,225000.0,273928.5714285714,210000.0,310000.0,30.143569777345174,True,20
S36 4,35,263000.0,338928.28571428574,174750.0,475000.0,41.598734639250516,False,20
S36 6,314,212000.0,224039.77070063693,160000.0,270000.0,26.23190169120331,False,20
S36 7,86,333750.0,372958.66279069765,243500.0,490000.0,59.89779778561869,False,20
S36 8,212,347497.5,360386.4433962264,272884.5,457245.75,62.56235551770288,False,20
S36 9,202,270000.0,307800.9108910891,202750.0,373750.0,43.569777345175815,False,20
S4 7,96,117250.0,130455.85416666667,92500.0,140000.0,3.2181530599829666,False,20
S4 8,118,90000.0,104466.78813559322,63250.0,125000.0,0.9246867015452002,False,20
S40 1,212,160000.0,183762.9245283019,130000.0,211250.0,11.856673561260495,False,20
S40 2,389,150000.0,167071.48586118253,117500.0,200000.0,9.465871760554812,False,20
S40 3,454,285500.0,320511.21365638764,218487.5,389371.25,48.108042340917386,False,20
S40 4,432,227000.0,243705.00694444444,175000.0,280625.0,30.818834408078843,False,20
S41 0,592,205000.0,231507.26351351352,158875.0,275000.0,24.20610779900231,False,20
S41 7,353,189950.0,216038.4447592068,150000.0,265000.0,19.485338849008397,False,20
S41 8,462,210000.0,234761.33982683983,165000.0,295000.0,25.6053047816036,False,20
S41 9,220,162000.0,198439.51363636364,136750.0,210000.0,12.40418542401752,False,20
S42 5,721,200000.0,212591.25242718446,151996.0,260000.0,22.885995863243703,False,20
S42 6,675,265000.0,287944.12296296295,210000.0,329225.0,42.18274729285801,False,20
S42 7,184,340000.0,394657.60326086957,236500.0,485000.0,61.309161698503466,False,20
S43 1,406,180000.0,206885.921182266,137000.0,245000.0,16.912033094050372,False,20
S43 2,284,160875.0,179382.64084507042,135000.0,206000.0,12.26426572575739,False,20
S43 3,596,189495.0,216704.35570469798,157771.25,265000.0,19.45492152329967,False,20
S43 4,538,200000.0,217728.81040892194,147250.0,258625.0,22.885995863243703,False,20
S44 5,386,210000.0,250695.72538860104,170000.0,310000.0,25.6053047816036,False,20
S44 6,960,195000.0,219101.65208333332,142836.25,280000.0,21.395546903516244,False,20
S45 0,63,500000.0,531976.1111111111,307500.0,697500.0,85.14417812385935,False,20
S45 8,195,196000.0,215561.38974358974,150000.0,245000.0,21.80313906801314,False,20
S45 9,447,218000.0,223278.92170022373,150000.0,279997.5,27.83185302348218,False,20
S5 0,212,135000.0,138179.50471698114,123750.0,155000.0,6.3328872125562725,False,20
S5 6,241,128000.0,130505.90456431535,102500.0,155000.0,5.085776858498601,False,20
S5 7,222,139750.0,150565.88288288287,120000.0,177250.0,7.044652634140407,False,20
S5 8,316,160000.0,168595.68354430379,129000.0,210500.0,11.856673561260495,False,20
S5 9,341,178000.0,185724.4193548387,155000.0,214000.0,16.303686579875897,False,20
S6 1,508,180000.0,203759.71653543308,145000.0,230000.0,16.912033094050372,False,20
S6 2,376,210000.0,207573.65425531915,170000.0,245000.0,25.6053047816036,False,20
S6 3,294,213750.0,225324.73469387754,170000.0,265000.0,26.560408808857527,False,20
S6 4,584,220000.0,232289.88184931508,185000.0,261662.5,28.555785375349803,False,20
S6 5,548,250000.0,253937.02737226276,190000.0,300000.0,37.717483878817376,False,20
S6 6,276,325000.0,370544.1666666667,260000.0,415250.0,57.99367319625258,False,20
S60 1,36,132500.0,120217.80555555556,77250.0,145000.0,6.016547025185546,False,20
S60 2,153,170000.0,182733.045751634,117000.0,210000.0,14.296143083100135,False,20
S60 3,323,255000.0,279411.9256965944,209997.5,315000.0,39.068013140284705,False,20
S60 4,255,208000.0,228489.20392156864,175000.0,258750.0,24.905706290302955,False,20
S60 5,600,176765.0,194688.77,147000.0,215125.0,16.048181043922618,False,20
S60 8,519,304995.0,312299.1290944123,261000.0,379045.5,52.60980654580849,False,20
S61 1,236,130000.0,146077.99152542374,85000.0,183030.0,5.493369022995498,False,20
S61 2,542,200000.0,229641.34686346864,152000.0,266496.25,22.885995863243703,False,20
S61 3,171,148000.0,150210.52631578947,127750.0,165000.0,8.94877722350651,False,20
S61 4,211,140000.0,157663.69194312795,119000.0,177000.0,7.409660542645091,False,20
S62 5,205,134000.0,138600.49268292682,112500.0,165000.0,6.15038325830393,False,20
S62 6,128,139500.0,141917.0859375,90000.0,175000.0,7.032485703856917,False,20
S62 7,273,175000.0,210086.7912087912,140000.0,245000.0,15.500669181165591,False,20
S63 0,488,159997.5,160532.58401639343,120000.0,197621.25,11.509916048181044,False,20
S63 6,369,175000.0,194620.18157181572,129000.0,235000.0,15.500669181165591,False,20
S63 7,305,195000.0,238801.78360655738,135000.0,245000.0,21.395546903516244,False,20
S63 8,305,125000.0,138792.60983606556,97500.0,165000.0,4.4652634140406375,False,20
S63 9,419,135000.0,144772.3937947494,70000.0,200000.0,6.3328872125562725,False,20
S64 0,285,163500.0,178712.98596491228,120000.0,210000.0,12.665774425112545,False,20
S64 5,119,170000.0,175115.08403361344,145750.0,198500.0,14.296143083100135,False,20
S64 8,459,172500.0,182445.2265795207,136500.0,220000.0,14.849738410998906,False,20
S64 9,257,95000.0,107394.01556420233,68000.0,140000.0,1.228859958632437,False,20
S65 1,111,77000.0,89401.99099099099,54500.0,113300.0,0.40759216449689745,False,20
S65 2,302,130000.0,127588.54966887417,100000.0,145000.0,5.493369022995498,False,20
S65 3,290,200000.0,226469.6551724138,160000.0,275000.0,22.885995863243703,False,20
S65 4,269,240000.0,271974.6431226766,161500.0,380000.0,34.59058279596058,False,20
S66 1,292,265000.0,335410.2842465753,191875.0,413125.0,42.18274729285801,False,20
S66 2,327,185000.0,205016.9724770642,154000.0,239000.0,18.432899379486557,False,20
S66 3,235,205000.0,220761.87234042553,150000.0,277500.0,24.20610779900231,False,20
S66 7,344,125000.0,167788.89825581395,91375.0,195000.0,4.4652634140406375,False,20
S66 8,379,188000.0,200376.1899736148,155000.0,230000.0,19.272417569047327,False,20
S66 9,214,163500.0,181069.238317757,123125.0,220000.0,12.665774425112545,False,20
S7 1,329,281611.0,341490.1610942249,212500.0,416000.0,47.00085168511984,False,20
S7 2,352,370000.0,389382.34375,215000.0,505000.0,67.1067039785862,False,20
S70 1,213,117500.0,132555.5164319249,85000.0,165000.0,3.2850711765421585,False,20
S70 2,76,144520.0,184260.82894736843,103875.0,239999.25,8.066674777953523,False,20
S70 3,311,153000.0,167706.42443729902,120000.0,200000.0,10.19588757756418,False,20
S70 4,340,155000.0,178356.22352941177,111000.0,225250.0,10.700815184328993,False,20
S70 5,351,189995.0,205965.88034188034,141000.0,250000.0,19.534006570142353,False,20
S70 6,372,135000.0,168008.061827957,95000.0,205000.0,6.3328872125562725,False,20
S71 1,274,130500.0,141940.3102189781,92250.0,170000.0,5.773208419515756,False,20
S71 2,376,175500.0,187084.18882978722,147750.0,210000.0,15.835259763961554,False,20
S71 3,281,148000.0,163005.17081850534,121000.0,180000.0,8.94877722350651,False,20
S71 4,390,175000.0,190356.28717948718,130000.0,243000.0,15.500669181165591,False,20
S71 5,322,182250.0,186381.22670807454,140000.0,220000.0,17.727217423044166,False,20
S72 0,106,160000.0,189401.88679245283,115000.0,216250.0,11.856673561260495,False,20
S72 7,174,137500.0,155448.27586206896,120000.0,161375.0,6.764813237620149,False,20
S72 8,559,163500.0,182277.15921288016,126500.0,228000.0,12.665774425112545,False,20
S72 9,179,220000.0,236658.6312849162,172500.0,277500.0,28.555785375349803,False,20
S73 0,543,178500.0,193906.64456721916,125000.0,236250.0,16.352354301009857,False,20
S73 8,395,165000.0,172200.07594936708,120000.0,213247.5,13.079450054751184,False,20
S73 9,245,160000.0,164343.0612244898,123000.0,195000.0,11.856673561260495,False,20
S74 0,281,154000.0,185628.7971530249,125000.0,215000.0,10.335807275824308,False,20
S74 8,144,170000.0,190108.25,125000.0,220000.0,14.296143083100135,False,20
S74 9,218,160000.0,187982.8486238532,125000.0,212000.0,11.856673561260495,False,20
S75 1,369,220000.0,234045.2059620596,160000.0,293000.0,28.555785375349803,False,20
S75 2,383,206000.0,227001.4908616188,150000.0,275000.0,24.619783428640954,False,20
S75 3,274,197500.0,241331.86496350364,150000.0,318750.0,22.00389341769072,False,20
S75 4,165,390000.0,403008.2727272727,229000.0,530000.0,70.97578780873586,False,20
S75 5,340,195000.0,214229.57352941178,140000.0,267875.0,21.395546903516244,False,20
S75 6,342,209000.0,229286.88596491228,160000.0,275000.0,25.05170945370483,False,20
S8 0,590,223000.0,258558.73220338984,180000.0,312375.0,29.49263900717849,False,20
S8 7,429,260000.0,270606.08624708623,162000.0,352500.0,40.716632193697535,False,20
S8 8,524,228000.0,252736.29389312977,155000.0,335000.0,31.007421827472932,False,20
S8 9,442,255000.0,267289.9321266968,217500.0,300000.0,39.068013140284705,False,20
S80 1,258,140000.0,172376.22093023255,91127.5,223750.0,7.409660542645091,False,20
S80 2,238,120000.0,121111.97899159664,90000.0,145000.0,3.686579875897311,False,20
S80 3,264,214497.5,259004.76136363635,179246.25,280000.0,26.64557732084195,False,20
S80 4,485,160000.0,182642.23917525774,120000.0,222000.0,11.856673561260495,False,20
S81 0,403,185000.0,203064.48635235731,150000.0,228250.0,18.432899379486557,False,20
S81 7,577,227000.0,237814.5129982669,170000.0,299995.0,30.818834408078843,False,20
S81 8,491,277450.0,306832.2301425662,219950.0,341497.5,45.5529869813846,False,20
S81 9,582,204620.5,208589.59621993126,157496.25,244746.25,23.908018007056818,False,20
S9 1,280,145000.0,141621.01071428572,115000.0,165000.0,8.316096848765056,False,20
S9 3,44,117500.0,143106.0,94250.0,186250.0,3.2850711765421585,False,20
S9 4,304,150000.0,146999.93092105264,125000.0,170000.0,9.465871760554812,False,20
S9 5,49,122000.0,127847.95918367348,106000.0,155000.0,3.9299184815671,False,20
SA1 1,171,155000.0,183467.26900584795,125500.0,228500.0,10.700815184328993,False,20
SA1 2,187,125000.0,129474.91978609626,105000.0,141500.0,4.4652634140406375,False,20
SA1 3,127,163000.0,165350.1968503937,134500.0,190000.0,12.574522447986372,False,20
SA1 4,122,143500.0,150965.88524590165,70250.0,203750.0,7.999756661394331,False,20
SA1 5,6,109000.0,144333.33333333334,93750.0,144500.0,2.311716753863,True,20
SA1 6,385,131000.0,145865.64675324675,105000.0,162000.0,5.834043070933204,False,20
SA1 7,251,140000.0,149720.05976095618,110000.0,185000.0,7.409660542645091,False,20
SA1 8,311,146000.0,161332.83601286175,120000.0,179000.0,8.644603966419274,False,20
SA10 6,421,166000.0,185853.47743467934,131000.0,220000.0,13.414040637547147,False,20
SA10 7,340,215000.0,234785.2588235294,174812.5,286237.5,26.998418299063147,False,20
SA10 8,224,190000.0,219574.9732142857,145000.0,260500.0,19.959849130064487,False,20
SA10 9,135,130000.0,147961.8148148148,111000.0,170500.0,5.493369022995498,False,20
SA11 1,237,115000.0,128275.04219409282,97000.0,140000.0,3.0295656405888796,False,20
SA11 2,378,130000.0,140959.75396825396,100000.0,163000.0,5.493369022995498,False,20
SA11 3,456,180000.0,197879.45175438595,145000.0,245000.0,16.912033094050372,False,20
SA11 4,154,122500.0,146551.41558441558,103875.0,170000.0,3.990753132984548,False,20
SA11 5,218,155000.0,170316.07798165138,120000.0,193750.0,10.700815184328993,False,20
SA12 6,484,150000.0,171089.2417355372,115000.0,220000.0,9.465871760554812,False,20
SA12 7,207,157000.0,160540.72463768115,135000.0,177250.0,11.163158535101594,False,20
SA12 8,297,190000.0,208586.01683501684,157500.0,240000.0,19.959849130064487,False,20
SA12 9,231,150000.0,164442.87012987013,122250.0,185000.0,9.465871760554812,False,20
SA13 1,239,127500.0,133294.10041841003,111500.0,150000.0,4.9762744859471955,False,20
SA13 2,312,167250.0,202480.25961538462,130000.0,220000.0,13.584377661516001,False,20
SA13 3,138,105000.0,116739.63043478261,75125.0,129500.0,1.96495924078355,False,20
SA14 6,291,182500.0,206820.9965635739,137000.0,255000.0,17.79413553960336,False,20
SA14 7,321,210000.0,231106.9906542056,165000.0,273500.0,25.6053047816036,False,20
SA14 8,440,175000.0,196575.60227272726,139337.5,235000.0,15.500669181165591,False,20
SA14 9,278,184000.0,198149.1798561151,135000.0,245000.0,18.02530721498966,False,20
SA15 1,272,125000.0,136048.86029411765,104750.0,160000.0,4.4652634140406375,False,20
SA15 2,302,125000.0,162385.76490066224,108250.0,180000.0,4.4652634140406375,False,20
SA15 3,266,155000.0,184521.37218045112,117625.0,210000.0,10.700815184328993,False,20
SA15 4,217,179950.0,220500.9400921659,140000.0,250000.0,16.47402360384475,False,20
SA15 5,251,175000.0,216893.1593625498,131250.0,293750.0,15.500669181165591,False,20
SA16 0,399,185000.0,205953.71679197994,135000.0,250000.0,18.432899379486557,False,20
SA17 4,340,186000.0,205756.85,135000.0,265000.0,18.88915926511741,False,20
SA17 5,130,196000.0,231338.76153846155,144000.0,283750.0,21.80313906801314,False,20
SA18 1,299,149950.0,164420.3779264214,120000.0,189997.5,9.088696921766639,False,20
SA18 2,323,199500.0,225944.07120743033,149500.0,274500.0,22.247232023360507,False,20
SA18 3,377,181000.0,205438.35543766577,146500.0,245000.0,17.404793770531697,False,20
SA19 6,128,222500.0,252526.296875,157375.0,331250.0,29.413553960335808,False,20
SA19 7,93,290000.0,309180.72043010755,200000.0,380000.0,48.89280934420246,False,20
SA19 8,50,275000.0,333106.6,177750.0,468750.0,44.84730502494221,False,20
SA19 9,38,302500.0,329722.15789473685,161750.0,430000.0,52.4333860566979,False,20
SA2 0,409,225000.0,247306.6870415648,175000.0,292000.0,30.143569777345174,False,20
SA2 7,475,267500.0,299171.18315789476,215000.0,360000.0,42.84584499330819,False,20
SA2 8,209,345000.0,340631.65071770333,185000.0,435000.0,62.16084681834773,False,20
SA2 9,312,272500.0,287061.82692307694,197750.0,350000.0,44.11120574279109,False,20
SA20 0,106,229625.0,269503.30188679247,170000.0,350000.0,31.244676968000974,False,20
SA3 1,95,500000.0,477716.8,363750.0,590000.0,85.14417812385935,False,20
SA3 2,112,394875.0,444859.96428571426,333750.0,481250.0,71.49288234578415,False,20
SA3 3,178,352500.0,363522.8146067416,256250.0,460000.0,63.736464290059615,False,20
SA3 4,390,375000.0,427570.2846153846,273250.0,525000.0,68.18956077381677,False,20
SA3 5,365,320000.0,356324.1479452055,228000.0,440000.0,56.54580849251734,False,20
SA31 1,195,146500.0,162747.7435897436,115000.0,189500.0,8.693271687553231,False,20
SA31 2,149,252500.0,276288.1073825503,187500.0,335000.0,38.46575009125198,False,20
SA31 3,316,220000.0,228455.36075949366,159712.5,275625.0,28.555785375349803,False,20
SA32 7,99,300000.0,319582.6767676768,188250.0,399475.0,51.65470251855457,False,20
SA32 8,93,295000.0,352209.12903225806,201000.0,447500.0,50.121669302834896,False,20
SA33 4,176,226250.0,266599.86363636365,176875.0,312500.0,30.672831244676967,False,20
SA33 5,87,262000.0,302771.0344827586,189500.0,380000.0,41.404063754714684,False,20
SA33 6,80,263500.0,279774.3125,173712.5,365000.0,41.67173622095145,False,20
SA34 0,179,240000.0,272982.5810055866,185000.0,314500.0,34.59058279596058,False,20
SA35 0,24,244500.0,291220.875,210000.0,341250.0,35.72819077746684,False,20
SA36 0,18,228250.0,263055.55555555556,170500.0,297500.0,31.062173013748627,True,20
SA37 0,47,270000.0,282053.08510638296,241250.0,321250.0,43.569777345175815,False,20
SA38 9,151,245000.0,261673.0132450331,175000.0,317500.0,36.05061442997932,False,20
SA39 9,69,230000.0,264641.3043478261,150000.0,325000.0,31.71918724905706,False,20
SA4 0,151,205000.0,254028.00662251655,154000.0,327000.0,24.20610779900231,False,20
SA4 3,387,240000.0,268528.0516795866,176500.0,322500.0,34.59058279596058,False,20
SA4 4,504,180000.0,194025.1865079365,145000.0,230000.0,16.912033094050372,False,20
SA4 6,267,210000.0,225126.12734082396,164000.0,268997.5,25.6053047816036,False,20
SA4 8,323,189995.0,206338.95046439627,145000.0,250500.0,19.534006570142353,False,20
SA4 9,417,280000.0,281336.1079136691,220000.0,329995.0,46.40467210122886,False,20
SA40 9,91,192500.0,223182.57142857142,148500.0,281250.0,20.68986494707385,False,20
SA41 3,41,209000.0,263876.8292682927,175000.0,275000.0,25.05170945370483,False,20
SA42 0,88,375000.0,403561.9318181818,300000.0,477250.0,68.18956077381677,False,20
SA43 1,186,238250.0,260835.72043010753,181587.5,325000.0,33.93356856065215,False,20
SA43 2,214,250000.0,288688.95327102806,185000.0,365625.0,37.717483878817376,False,20
SA43 3,111,225000.0,268318.91891891893,179975.0,325250.0,30.143569777345174,False,20
SA44 4,134,212500.0,240458.62686567163,153500.0,300000.0,26.40832218031391,False,20
SA44 5,157,265000.0,273125.9554140127,178000.0,349950.0,42.18274729285801,False,20
SA44 6,111,277000.0,301623.87387387385,208000.0,353750.0,45.49823579510889,False,20
SA45 9,73,299000.0,308984.9315068493,229500.0,380000.0,50.906436306119964,False,20
SA46 0,97,275000.0,294784.80412371136,220000.0,345000.0,44.84730502494221,False,20
SA47 0,24,241450.0,248995.83333333334,214500.0,277875.0,35.19892931013505,False,20
SA48 7,131,198000.0,239597.2900763359,161500.0,297250.0,22.095145394816885,False,20
SA48 8,135,247000.0,274224.85925925925,190000.0,328500.0,36.56162550188588,False,20
SA5 4,171,180000.0,189883.42105263157,140000.0,225000.0,16.912033094050372,False,20
SA5 5,142,137500.0,148722.62676056338,111625.0,180000.0,6.764813237620149,False,20
SA5 7,148,161250.0,190448.41216216216,135000.0,210000.0,12.331183842316582,False,20
SA5 8,254,146000.0,149403.1692913386,120000.0,175000.0,8.644603966419274,False,20
SA5 9,306,145000.0,152814.85294117648,124250.0,178875.0,8.316096848765056,False,20
SA6 5,300,169497.5,202526.38666666666,135000.0,248687.5,13.931135174595449,False,20
SA6 6,508,206500.0,221316.17125984252,160000.0,262250.0,24.723202336050615,False,20
SA6 7,156,150000.0,164572.07692307694,118000.0,210500.0,9.465871760554812,False,20
SA6 8,154,117275.0,131983.32467532466,98125.0,144375.0,3.2364034554082,False,20
SA61 1,356,192500.0,217187.92134831462,153750.0,260000.0,20.68986494707385,False,20
SA61 2,252,191500.0,197281.90873015873,125000.0,256883.0,20.519527923105,False,20
SA62 3,209,225000.0,267711.23923444975,178000.0,320000.0,30.143569777345174,False,20
SA62 4,168,262500.0,302074.0714285714,200000.0,373125.0,41.495315731840854,False,20
SA62 5,172,268750.0,297085.2034883721,177750.0,381250.0,43.137851320111935,False,20
SA62 6,204,312500.0,336848.29901960783,230000.0,420000.0,54.63560043800949,False,20
SA63 4,36,297500.0,313595.8333333333,236000.0,380000.0,50.71784888672588,False,20
SA64 0,83,180000.0,205339.7590361446,138500.0,270000.0,16.912033094050372,False,20
SA65 9,180,220000.0,230854.70555555556,155000.0,272125.0,28.555785375349803,False,20
SA66 7,93,265000.0,295794.08602150535,200000.0,375000.0,42.18274729285801,False,20
SA67 7,145,199000.0,222612.58620689655,148500.0,286000.0,22.18639737194306,False,20
SA67 8,170,302500.0,332882.0470588235,205625.0,417500.0,52.4333860566979,False,20
SA68 0,212,259000.0,276936.11320754717,210000.0,330000.0,40.13870300523178,False,20
SA69 9,210,300000.0,337558.1476190476,231250.0,401500.0,51.65470251855457,False,20
SA7 0,82,257500.0,251948.17073170733,201250.0,290375.0,39.76761163158535,False,20
SA7 9,423,178000.0,193251.46572104018,142000.0,221500.0,16.303686579875897,False,20
SA70 7,177,290000.0,331510.46327683615,220000.0,395000.0,48.89280934420246,False,20
SA70 8,266,260000.0,307537.3120300752,210000.0,372250.0,40.716632193697535,False,20
SA71 4,248,190000.0,202267.73790322582,154000.0,240000.0,19.959849130064487,False,20
SA71 5,185,265000.0,276606.9459459459,180000.0,337500.0,42.18274729285801,False,20
SA72 4,22,255500.0,309681.8181818182,220250.0,386250.0,39.46952183963986,False,20
SA72 6,364,153350.0,167541.63736263735,120000.0,190333.25,10.244555298698138,False,20
SA73 1,327,216000.0,243695.25382262998,160000.0,295000.0,27.412093928701786,False,20
SA73 2,238,145000.0,161685.54201680672,125000.0,181930.0,8.316096848765056,False,20
SA73 3,234,159999.0,187470.0641025641,127625.0,233750.0,11.522082978464534,False,20
SA8 3,220,224500.0,241256.37272727274,174500.0,285625.0,29.705560287139555,False,20
SA8 4,259,187000.0,199006.66023166024,139000.0,240000.0,19.041245893661028,False,20
SA9 1,299,184900.0,215710.4515050167,139500.0,284085.0,18.09222533154885,False,20
SA9 2,299,150000.0,166790.77591973243,111000.0,200000.0,9.465871760554812,False,20
SE1 0,269,776000.0,785126.9442379182,600000.0,935000.0,96.32558705438618,False,20
SE1 1,95,625000.0,694362.6736842105,451500.0,820000.0,92.6146733179219,False,20
SE1 2,376,688500.0,786857.7473404255,500000.0,895000.0,94.53704830271322,False,20
SE1 3,295,555000.0,647678.5593220339,428750.0,753000.0,89.01326195400901,False,20
SE1 4,248,525500.0,620782.0564516129,400000.0,710000.0,87.21863973719431,False,20
SE1 5,200,468500.0,535661.445,350000.0,686250.0,81.86519041245893,False,20
SE1 6,216,472500.0,568989.9907407408,374250.0,697500.0,82.40053534493246,False,20
SE1 7,204,617500.0,933716.4068627451,450000.0,918750.0,92.27399926998419,False,20
SE1 8,124,757500.0,841852.8225806452,529000.0,1022000.0,96.08224844871638,False,20
SE1 9,171,1200000.0,1574796.4444444445,805000.0,2000000.0,98.70422192480837,False,20
SE10 0,753,550000.0,561821.3280212483,415000.0,655000.0,88.66650444092954,False,20
SE10 8,553,510000.0,664735.6184448462,417000.0,750000.0,85.96544591799488,False,20
SE10 9,464,550000.0,574532.551724138,400000.0,685000.0,88.66650444092954,False,20
SE11 4,273,580000.0,705799.2271062271,417500.0,780000.0,90.64971407713833,False,20
SE11 5,414,648800.0,690095.4009661836,486250.0,862187.5,93.34468913493126,False,20
SE11 6,135,408000.0,492041.54814814817,353500.0,550000.0,73.50042584255992,False,20
SE12 0,253,475000.0,480593.20553359686,323830.0,595000.0,82.6621243460275,False,20
SE12 8,278,467750.0,601935.6762589928,360000.0,771375.0,81.82868962160846,False,20
SE12 9,259,445000.0,469137.5791505792,334000.0,575000.0,79.26146733179219,False,20
SE13 5,498,482250.0,600136.9257028112,360375.0,769250.0,83.42255748874558,False,20
SE13 6,433,422000.0,473690.36951501155,334615.0,566500.0,75.91556150383258,False,20
SE13 7,572,421000.0,529963.6520979021,320000.0,644375.0,75.84255992213164,False,20
SE14 5,429,451000.0,559201.3822843822,300000.0,685750.0,80.49641075556637,False,20
SE14 6,272,450000.0,479688.89705882355,339500.0,600000.0,80.05840126536074,False,20
SE15 1,180,445750.0,472946.18333333335,361875.0,574060.0,79.4135539603358,False,20
SE15 2,376,470000.0,546951.0585106383,364375.0,686000.0,82.10852901812873,False,20
SE15 3,457,557500.0,646215.4814004377,420000.0,835000.0,89.14709818712738,False,20
SE15 4,335,676000.0,787748.0925373135,520000.0,1030000.0,94.20854118505902,False,20
SE15 5,196,525000.0,653704.387755102,379375.0,702500.0,87.06046964350894,False,20
SE15 6,197,375000.0,396018.8781725888,320000.0,430000.0,68.18956077381677,False,20
SE16 2,147,415000.0,459650.51020408166,330000.0,567000.0,74.71103540576712,False,20
SE16 3,308,450000.0,478159.211038961,334750.0,610000.0,80.05840126536074,False,20
SE16 4,221,490000.0,536291.5520361991,372500.0,635000.0,84.0917386543375,False,20
SE16 5,225,505000.0,546583.2888888889,425000.0,640000.0,85.6004380094902,False,20
SE16 6,173,560000.0,590214.6242774567,460000.0,708000.0,89.33568560652148,False,20
SE16 7,377,475000.0,512597.3474801061,380000.0,620000.0,82.6621243460275,False,20
SE17 1,323,634600.0,620542.6501547988,420000.0,805000.0,92.99184815671006,False,20
SE17 2,127,436000.0,456797.2440944882,340000.0,533750.0,78.12385935028591,False,20
SE17 3,345,485000.0,558000.3275362318,420000.0,670500.0,83.62331183842316,False,20
SE18 1,204,400000.0,392344.7450980392,359000.0,450000.0,72.52707141988076,False,20
SE18 2,231,425000.0,428537.7316017316,373547.0,470000.0,76.45698990144787,False,20
SE18 3,253,460000.0,461116.3517786561,300000.0,575000.0,81.13517459544957,False,20
SE18 4,160,362500.0,386102.81875,282250.0,450000.0,65.65883927485096,False,20
SE18 5,108,300000.0,357444.4259259259,236875.0,457500.0,51.65470251855457,False,20
SE18 6,795,460000.0,484579.4981132075,385000.0,600000.0,81.13517459544957,False,20
SE18 7,158,379500.0,380134.4556962025,277000.0,455000.0,69.0229954982358,False,20
SE19 1,361,450000.0,539804.2271468145,350000.0,600000.0,80.05840126536074,False,20
SE19 2,464,422250.0,493411.0301724138,326625.0,575625.0,75.9459788295413,False,20
SE19 3,392,450000.0,505674.2882653061,332875.0,626250.0,80.05840126536074,False,20
SE2 0,333,437000.0,439967.0660660661,393500.0,490000.0,78.23944518797907,False,20
SE2 9,235,392500.0,373423.91489361704,315000.0,439725.0,71.34687918238228,False,20
SE20 7,404,452500.0,484582.19554455444,331875.0,615000.0,80.56332887212557,False,20
SE20 8,436,355750.0,392048.9747706422,300000.0,445000.0,64.44822971164376,False,20
SE21 7,113,1800000.0,1954145.2831858408,1070000.0,2625000.0,99.43423774181774,False,20
SE21 8,398,615000.0,806680.6633165829,420500.0,963937.5,92.18883075799975,False,20
SE22 0,472,625000.0,784569.4957627119,450000.0,996250.0,92.6146733179219,False,20
SE22 8,430,625000.0,838092.7860465116,438125.0,1100000.0,92.6146733179219,False,20
SE22 9,445,731000.0,806054.6988764044,500000.0,1040000.0,95.55907044652633,False,20
SE23 1,362,505000.0,587481.9143646408,410750.0,766500.0,85.6004380094902,False,20
SE23 2,475,513900.0,562267.1894736842,380000.0,690000.0,86.21486798880642,False,20
SE23 3,463,450000.0,592242.444924406,360000.0,737000.0,80.05840126536074,False,20
SE24 0,312,632500.0,849255.6153846154,500000.0,1057750.0,92.96751429614308,False,20
SE24 9,324,713750.0,985402.5432098765,483750.0,1340000.0,95.15756174717119,False,20
SE25 4,435,430000.0,422897.4551724138,325000.0,506750.0,77.35125927728434,False,20
SE25 5,317,360000.0,367857.55835962144,282500.0,450000.0,65.14174473780265,False,20
SE25 6,414,364500.0,390299.11352657,278500.0,470000.0,65.81700936853632,False,20
SE26 4,364,490000.0,542171.5054945055,366500.0,665750.0,84.0917386543375,False,20
SE26 5,391,440000.0,502061.6905370844,318000.0,621525.0,78.6652877479012,False,20
SE26 6,352,446025.0,536869.9147727273,374937.5,622375.0,79.45005475118627,False,20
SE27 0,391,540000.0,593238.6445012788,400000.0,755000.0,88.00340674047938,False,20
SE27 9,344,506000.0,628078.7761627907,382250.0,740000.0,85.70385691689987,False,20
SE28 0,398,357500.0,363511.19095477386,313250.0,430000.0,64.62465020075435,False,20
SE28 8,236,355000.0,340523.9406779661,270000.0,400000.0,64.21705803625746,False,20
SE3 0,221,625000.0,833295.4389140272,395000.0,995000.0,92.6146733179219,False,20
SE3 7,375,530000.0,736095.7226666666,393500.0,853625.0,87.43156101715537,False,20
SE3 8,253,565000.0,572314.185770751,430000.0,658000.0,89.68244311960093,False,20
SE3 9,537,540000.0,616383.4394785847,425000.0,730000.0,88.00340674047938,False,20
SE4 1,615,603000.0,660822.5235772358,437750.0,814875.0,91.72040394208541,False,20
SE4 2,385,515000.0,580343.1896103896,400000.0,735000.0,86.35478768706655,False,20
SE5 0,217,466000.0,499016.7419354839,353000.0,575000.0,81.70702031877357,False,20
SE5 7,269,415000.0,475371.08550185873,350000.0,545000.0,74.71103540576712,False,20
SE5 8,463,518000.0,710078.747300216,400000.0,890000.0,86.54337510646064,False,20
SE5 9,295,500000.0,614003.2745762712,400000.0,755500.0,85.14417812385935,False,20
SE6 1,402,545000.0,533826.8731343284,375000.0,658750.0,88.21632802044044,False,20
SE6 2,293,450000.0,506714.4266211604,325000.0,660000.0,80.05840126536074,False,20
SE6 3,190,387500.0,389727.8263157895,308200.0,450000.0,70.56819564423897,False,20
SE6 4,439,454000.0,480610.96355353075,333750.0,597475.0,80.59982966297603,False,20
SE7 7,310,468500.0,510035.5806451613,360625.0,650000.0,81.86519041245893,False,20
SE7 8,150,488000.0,526570.9933333333,370125.0,672500.0,83.9274850955104,False,20
SE8 3,234,425550.0,462277.7094017094,360000.0,535375.0,76.84633167051953,False,20
SE8 4,218,400000.0,453215.9128440367,297000.0,573750.0,72.52707141988076,False,20
SE8 5,241,410000.0,445338.1701244813,337000.0,545000.0,73.84109989049763,False,20
SE9 1,429,565000.0,600979.6713286713,450000.0,710000.0,89.68244311960093,False,20
SE9 2,321,470000.0,481721.5669781931,335000.0,595000.0,82.10852901812873,False,20
SE9 3,328,524500.0,510696.8475609756,378750.0,620000.0,86.88404915439834,False,20
SE9 4,312,400000.0,433783.8044871795,340000.0,475500.0,72.52707141988076,False,20
SE9 5,181,390000.0,464778.8895027624,315640.0,466000.0,70.97578780873586,False,20
SE9 6,257,450000.0,457335.7159533074,415000.0,515000.0,80.05840126536074,False,20
SG1 1,205,286000.0,260791.21463414634,180500.0,335000.0,48.16279352719309,False,20
SG1 2,284,383000.0,408580.29225352115,295000.0,496250.0,69.85034675751308,False,20
SG1 3,283,372500.0,392287.04593639576,260000.0,490000.0,67.58729772478404,False,20
SG1 4,378,330000.0,364658.51322751323,238500.0,443000.0,59.15561503832583,False,20
SG1 5,324,321250.0,313375.9259259259,278750.0,370625.0,57.12982114612484,False,20
SG1 6,286,366250.0,373901.33916083915,312500.0,425000.0,66.42535588271079,False,20
SG10 6,62,685000.0,753921.7741935484,435000.0,898750.0,94.41537899987833,False,20
SG11 1,201,455000.0,534850.592039801,375000.0,617000.0,80.72149896581092,False,20
SG11 2,78,605000.0,720727.7564102564,492500.0,836250.0,91.79340552378635,False,20
SG12 0,378,424500.0,472967.84656084655,300000.0,550000.0,76.07981506265969,False,20
SG12 7,373,440000.0,448723.5147453083,330000.0,542500.0,78.6652877479012,False,20
SG12 8,246,445000.0,496443.68699186994,290000.0,653750.0,79.26146733179219,False,20
SG12 9,292,320000.0,434462.8630136986,256930.75,523500.0,56.54580849251734,False,20
SG13 7,540,410000.0,470061.7092592593,320000.0,599950.0,73.84109989049763,False,20
SG13 8,291,625000.0,713070.4432989691,440000.0,905000.0,92.6146733179219,False,20
SG14 1,268,352500.0,413187.1082089552,299500.0,463750.0,63.736464290059615,False,20
SG14 2,372,445500.0,528053.5483870967,360000.0,600000.0,79.38922009976883,False,20
SG14 3,383,500000.0,550587.5718015666,388000.0,644000.0,85.14417812385935,False,20
SG15 6,256,320000.0,338807.25,259750.0,406250.0,56.54580849251734,False,20
SG16 6,401,385000.0,426761.74314214464,315000.0,520000.0,70.2214381311595,False,20
SG17 5,812,410000.0,429772.5578817734,318000.0,549950.0,73.84109989049763,False,20
SG18 0,420,318000.0,324896.6095238095,240000.0,415000.0,55.773208419515754,False,20
SG18 8,737,357467.0,362954.4803256445,270000.0,419000.0,64.58206594476214,False,20
SG18 9,386,436000.0,466297.81865284976,335037.75,560000.0,78.12385935028591,False,20
SG19 1,381,290500.0,313059.3700787402,246500.0,365000.0,49.28823457841587,False,20
SG19 2,437,366000.0,389743.00915331807,290000.0,450000.0,66.38885509186032,False,20
SG19 3,222,391250.0,466970.2702702703,310000.0,583750.0,71.23737680983088,False,20
SG2 0,295,330000.0,334128.8101694915,300000.0,357500.0,59.15561503832583,False,20
SG2 7,296,446250.0,500658.7128378378,330000.0,610000.0,79.46830514661151,False,20
SG2 8,417,342500.0,355683.9520383693,295000.0,400000.0,61.747171188709096,False,20
SG2 9,419,330510.0,347489.58711217187,300000.0,375000.0,59.59362452853145,False,20
SG3 6,342,450000.0,505956.12573099416,347750.0,608750.0,80.05840126536074,False,20
SG4 0,491,410000.0,443983.0733197556,285000.0,569950.0,73.84109989049763,False,20
SG4 7,182,600000.0,717532.8681318681,401250.0,928125.0,91.54398345297481,False,20
SG4 8,361,530000.0,588393.9141274238,395000.0,695000.0,87.43156101715537,False,20
SG4 9,423,490000.0,565000.4397163121,323750.0,680000.0,84.0917386543375,False,20
SG5 1,416,420000.0,447007.9711538461,280000.0,581000.0,75.5627205256114,False,20
SG5 2,322,436250.0,502169.9254658385,335500.0,608712.5,78.16644360627814,False,20
SG5 3,304,540000.0,591353.1743421053,390000.0,752000.0,88.00340674047938,False,20
SG5 4,674,430000.0,444422.7715133531,325250.0,520000.0,77.35125927728434,False,20
SG6 1,279,340000.0,379745.8817204301,243750.0,453000.0,61.309161698503466,False,20
SG6 2,231,440000.0,468845.5974025974,313500.0,606250.0,78.6652877479012,False,20
SG6 3,231,420000.0,517693.9567099567,288500.0,692500.0,75.5627205256114,False,20
SG6 4,402,360000.0,385473.2860696517,300000.0,446500.0,65.14174473780265,False,20
SG7 5,211,435000.0,507791.2559241706,307500.0,640000.0,77.95960579145881,False,20
SG7 6,346,355000.0,364248.4971098266,248500.0,450000.0,64.21705803625746,False,20
SG8 0,154,565000.0,622054.6558441558,384832.5,750000.0,89.68244311960093,False,20
SG8 5,440,365000.0,396577.525,250000.0,487000.0,66.10293223019832,False,20
SG8 6,300,432500.0,492685.88333333336,334500.0,593250.0,77.69193332522205,False,20
SG8 7,420,411000.0,455295.6404761905,339375.0,535000.0,74.12093928701789,False,20
SG8 8,108,545000.0,633775.4629629629,438750.0,731250.0,88.21632802044044,False,20
SG8 9,342,413750.0,449569.5789473684,345000.0,566500.0,74.35211096240418,False,20
SG9 0,92,616250.0,690293.4782608695,464500.0,832500.0,92.2496654094172,False,20
SG9 9,370,434625.0,477716.0675675676,362750.0,550000.0,77.84401995376567,False,20
SK1 1,27,160000.0,164018.88888888888,143000.0,192750.0,11.856673561260495,False,20
SK1 2,146,173250.0,174788.96575342465,147000.0,202500.0,15.001825039542524,False,20
SK1 3,113,155000.0,186734.73451327434,120500.0,180000.0,10.700815184328993,False,20
SK1 4,340,215000.0,217291.20294117648,190000.0,245750.0,26.998418299063147,False,20
SK10 1,379,345000.0,342783.06332453823,228750.0,438972.5,62.16084681834773,False,20
SK10 2,543,295000.0,338336.2725598527,200000.0,433750.0,50.121669302834896,False,20
SK10 3,555,309995.0,322794.2846846847,207500.0,414497.5,53.54057671249544,False,20
SK10 4,332,793500.0,959185.3644578314,508250.0,1100000.0,96.59325952062294,False,20
SK10 5,439,303000.0,350800.6127562642,230000.0,410000.0,52.49422070811535,False,20
SK11 0,190,432795.0,458562.0315789474,300000.0,574375.0,77.75885144178125,False,20
SK11 6,307,178000.0,190174.9674267101,152000.0,229975.0,16.303686579875897,False,20
SK11 7,604,245000.0,257563.07781456952,187375.0,315000.0,36.05061442997932,False,20
SK11 8,582,255000.0,285659.3109965636,195000.0,345525.0,39.068013140284705,False,20
SK11 9,176,477500.0,559182.9375,385000.0,686500.0,83.02104878939043,False,20
SK12 1,799,435000.0,483086.61827284103,350500.0,579997.5,77.95960579145881,False,20
SK12 2,245,340000.0,397705.5387755102,255000.0,513000.0,61.309161698503466,False,20
SK13 0,22,142500.0,136054.54545454544,115000.0,150000.0,7.920671614551648,False,20
SK13 1,238,227198.0,245378.90336134454,185000.0,279998.75,30.8675021292128,False,20
SK13 2,162,240000.0,248287.37037037036,185000.0,293750.0,34.59058279596058,False,20
SK13 5,80,276250.0,313937.125,212002.5,341250.0,45.41915074826621,False,20
SK13 6,204,323000.0,320815.6862745098,240000.0,395000.0,57.367076286652875,False,20
SK13 7,201,295000.0,334709.9004975124,205500.0,389000.0,50.121669302834896,False,20
SK13 8,456,227250.0,254192.73684210525,178000.0,295000.0,30.885752524638033,False,20
SK14 1,122,148000.0,168604.65573770492,130000.0,179125.0,8.94877722350651,False,20
SK14 2,218,184000.0,203681.63302752294,150000.0,240000.0,18.02530721498966,False,20
SK14 3,242,234500.0,255322.95454545456,170000.0,280000.0,32.704708602019714,False,20
SK14 4,613,225000.0,235464.53996737357,165000.0,285000.0,30.143569777345174,False,20
SK14 5,473,235000.0,262353.49048625794,190000.0,300000.0,33.14271809222533,False,20
SK14 6,195,210000.0,243137.04615384617,148997.5,298000.0,25.6053047816036,False,20
SK14 8,116,184500.0,217498.7068965517,147875.0,236250.0,18.08005840126536,False,20
SK15 1,270,185000.0,194361.05925925926,152125.0,235000.0,18.432899379486557,False,20
SK15 2,365,200000.0,263870.93972602737,160000.0,340000.0,22.885995863243703,False,20
SK15 3,280,222500.0,238679.97857142857,160000.0,299962.5,29.413553960335808,False,20
SK16 4,264,175000.0,187567.8143939394,142875.0,215000.0,15.500669181165591,False,20
SK16 5,378,232500.0,243625.1322751323,185000.0,285000.0,32.516121182625625,False,20
SK17 0,61,395000.0,437918.0327868852,280000.0,565000.0,71.68146976517824,False,20
SK17 6,406,252250.0,273856.49261083745,160000.0,345000.0,38.3866650444093,False,20
SK17 7,255,187500.0,206304.70980392158,155000.0,230000.0,19.175082126779415,False,20
SK17 8,237,280000.0,322291.970464135,220000.0,362500.0,46.40467210122886,False,20
SK17 9,559,278000.0,301919.24686940963,230000.0,346000.0,45.759824796203915,False,20
SK2 5,544,280000.0,284938.6268382353,220750.0,330500.0,46.40467210122886,False,20
SK2 6,378,259000.0,289572.68253968254,210000.0,322375.0,40.13870300523178,False,20
SK2 7,361,280000.0,294469.57617728534,220000.0,352500.0,46.40467210122886,False,20
SK22 1,41,280000.0,347229.14634146343,220000.0,350000.0,46.40467210122886,False,20
SK22 2,92,290500.0,337332.01086956525,234750.0,405000.0,49.28823457841587,False,20
SK22 3,120,304500.0,328851.625,228750.0,410000.0,52.597639615525004,False,20
SK22 4,329,257000.0,287570.7568389058,207000.0,347500.0,39.66419272417569,False,20
SK23 0,214,260000.0,285879.27102803736,220000.0,325000.0,40.716632193697535,False,20
SK23 6,121,322000.0,343004.8512396694,235000.0,399950.0,57.202822727825776,False,20
SK23 7,382,285997.5,329763.5026178011,215375.0,426746.25,48.144543131767854,False,20
SK23 9,112,286250.0,357307.14285714284,230000.0,451250.0,48.18104392261832,False,20
SK3 0,300,275500.0,277354.4266666667,232500.0,324491.5,45.333982236281784,False,20
SK3 8,425,249950.0,287575.1694117647,197500.0,325000.0,37.04830271322545,False,20
SK3 9,411,230000.0,234763.29683698298,195375.0,259010.0,31.71918724905706,False,20
SK4 1,157,215000.0,215851.91719745222,175000.0,249998.0,26.998418299063147,False,20
SK4 2,328,332000.0,350413.31707317074,260000.0,430000.0,59.721377296508095,False,20
SK4 3,383,347500.0,384459.26109660574,275000.0,450000.0,62.611023238836836,False,20
SK4 4,398,407500.0,439207.7286432161,226250.0,590000.0,73.39700693515027,False,20
SK4 5,260,355000.0,358581.47307692305,289375.0,403125.0,64.21705803625746,False,20
SK5 6,611,203000.0,211863.30605564648,167750.0,250000.0,23.749847913371454,False,20
SK5 7,335,230000.0,234621.16716417912,199000.0,265000.0,31.71918724905706,False,20
SK5 8,157,200000.0,211681.56050955414,170000.0,262000.0,22.885995863243703,False,20
SK6 1,339,265000.0,278543.4365781711,220000.0,320000.0,42.18274729285801,False,20
SK6 2,328,235000.0,239810.96341463414,205000.0,272500.0,33.14271809222533,False,20
SK6 3,237,262500.0,272284.029535865,195000.0,340000.0,41.495315731840854,False,20
SK6 4,273,325000.0,352073.0989010989,238500.0,435000.0,57.99367319625258,False,20
SK6 5,215,412500.0,463090.9069767442,305000.0,585000.0,74.23652512471104,False,20
SK6 6,290,375000.0,402127.3965517241,272750.0,474000.0,68.18956077381677,False,20
SK6 7,322,317250.0,353255.4440993789,263500.0,401500.0,55.602871395546906,False,20
SK6 8,205,380000.0,390540.8292682927,315000.0,450000.0,69.34541915074827,False,20
SK7 1,564,577500.0,619242.9574468085,452998.75,729250.0,90.49154398345297,False,20
SK7 2,348,500000.0,565921.985632184,364337.5,695000.0,85.14417812385935,False,20
SK7 3,265,425000.0,522934.4716981132,294000.0,660000.0,76.45698990144787,False,20
SK7 4,413,243000.0,256422.3583535109,191000.0,299000.0,35.55177028835625,False,20
SK7 5,304,327250.0,350609.00657894736,275750.0,411250.0,58.56551891957659,False,20
SK7 6,289,387500.0,392647.87197231833,330000.0,437500.0,70.56819564423897,False,20
SK8 1,231,331000.0,389716.24675324676,237500.0,509000.0,59.64229224966541,False,20
SK8 2,360,291250.0,300321.5861111111,250000.0,350000.0,49.367319625258546,False,20
SK8 3,613,363000.0,377333.2805872757,295000.0,440000.0,65.74400778683538,False,20
SK8 4,324,400000.0,402216.70061728393,330000.0,480000.0,72.52707141988076,False,20
SK8 5,400,345000.0,365224.08,251875.0,445000.0,62.16084681834773,False,20
SK8 6,318,376750.0,407845.28301886795,300000.0,484500.0,68.70057184572332,False,20
SK8 7,311,455000.0,488370.6109324759,370000.0,580000.0,80.72149896581092,False,20
SK9 1,168,522500.0,568610.2083333334,264250.0,772496.25,86.79888064241392,False,20
SK9 2,422,450000.0,593071.5355450237,273125.0,721875.0,80.05840126536074,False,20
SK9 3,487,370452.0,382572.18480492814,230000.0,501250.0,67.41696070081518,False,20
SK9 4,231,390000.0,476935.70995670994,265000.0,660000.0,70.97578780873586,False,20
SK9 5,309,510000.0,615041.5631067961,355000.0,775000.0,85.96544591799488,False,20
SK9 6,280,525000.0,594921.2,415000.0,701250.0,87.06046964350894,False,20
SK9 7,345,550000.0,739787.4608695653,366550.0,900000.0,88.66650444092954,False,20
SL0 0,220,563250.0,639211.3636363636,421125.0,755750.0,89.56077381676603,False,20
SL0 9,186,494000.0,587039.3655913979,411250.0,748750.0,84.4019953765665,False,20
SL1 1,108,241950.0,286961.56481481483,189987.5,366250.0,35.284097822119485,False,20
SL1 2,258,324250.0,328155.29069767444,218125.0,410000.0,57.48874558948778,False,20
SL1 3,322,365917.5,368087.48757763975,284952.0,436375.0,66.3584377661516,False,20
SL1 4,10,226500.0,240300.0,193500.0,265375.0,30.71541550066918,True,20
SL1 5,354,410000.0,395063.50282485876,350000.0,453250.0,73.84109989049763,False,20
SL1 6,227,398000.0,396460.34801762115,249999.5,510000.0,72.08906192967515,False,20
SL1 7,133,505000.0,514674.06015037594,385000.0,600000.0,85.6004380094902,False,20
SL1 8,148,547065.0,658777.3378378379,402462.5,881250.0,88.3075799975666,False,20
SL1 9,113,340000.0,309053.5398230089,210000.0,390000.0,61.309161698503466,False,20
SL2 1,171,375000.0,357637.04678362573,286000.0,425000.0,68.18956077381677,False,20
SL2 2,224,375250.0,385285.9375,341875.0,425000.0,68.59715293831367,False,20
SL2 3,281,600000.0,791987.1459074733,375000.0,1120000.0,91.54398345297481,False,20
SL2 4,191,575000.0,708611.1256544503,407500.0,837500.0,90.29687309891715,False,20
SL2 5,250,385000.0,367334.436,260000.0,450000.0,70.2214381311595,False,20
SL3 0,101,315000.0,338826.7326732673,250000.0,430000.0,55.170945370483025,False,20
SL3 6,72,501250.0,676340.2777777778,424375.0,707500.0,85.38751672952914,False,20
SL3 7,311,525000.0,549778.003215434,375000.0,722500.0,87.06046964350894,False,20
SL3 8,443,425000.0,434414.77200902934,301250.0,542000.0,76.45698990144787,False,20
SL3 9,176,494000.0,557685.5340909091,368750.0,718500.0,84.4019953765665,False,20
SL4 1,154,491500.0,556676.5909090909,325000.0,702500.0,84.28640953887334,False,20
SL4 2,187,575000.0,692473.7914438503,468500.0,815500.0,90.29687309891715,False,20
SL4 3,448,467500.0,562974.6696428572,354250.0,678250.0,81.78002190047451,False,20
SL4 4,317,477500.0,657674.3123028391,399000.0,685000.0,83.02104878939043,False,20
SL4 5,401,525000.0,567194.4538653366,430000.0,648500.0,87.06046964350894,False,20
SL4 6,129,470000.0,526962.4031007752,412500.0,575000.0,82.10852901812873,False,20
SL5 0,301,785000.0,1061362.6910299002,475000.0,1265000.0,96.48375714807153,False,20
SL5 7,245,755000.0,918317.1224489796,500000.0,1175000.0,96.00924686701545,False,20
SL5 8,349,565000.0,647757.6131805157,430000.0,745000.0,89.68244311960093,False,20
SL5 9,349,820000.0,1101157.1633237822,505000.0,1300000.0,96.86701545200145,False,20
SL6 0,325,425000.0,537921.603076923,330000.0,600000.0,76.45698990144787,False,20
SL6 1,392,395000.0,500368.07653061225,300000.0,525750.0,71.68146976517824,False,20
SL6 2,385,575000.0,650289.1584415585,410000.0,792500.0,90.29687309891715,False,20
SL6 3,352,550000.0,654088.90625,437500.0,730000.0,88.66650444092954,False,20
SL6 4,316,435250.0,544859.8860759494,333750.0,636250.0,78.07519162915196,False,20
SL6 5,199,600000.0,694857.824120603,478750.0,795000.0,91.54398345297481,False,20
SL6 6,423,580000.0,656320.4680851063,465500.0,780000.0,90.64971407713833,False,20
SL6 7,455,362500.0,398172.2153846154,279500.0,453000.0,65.65883927485096,False,20
SL6 8,409,470000.0,576735.3618581907,310000.0,747500.0,82.10852901812873,False,20
SL6 9,196,650000.0,996424.7653061225,495000.0,1031250.0,93.44810804234092,False,20
SL7 1,344,570375.0,673876.8808139535,416875.0,826250.0,90.0717848886726,False,20
SL7 2,192,844000.0,1107549.1302083333,600000.0,1277187.5,97.06776980167903,False,20
SL7 3,298,670000.0,701021.3288590604,526275.0,823750.0,94.01995376566492,False,20
SL8 5,309,570000.0,682054.9644012945,420000.0,800000.0,89.97444944640466,False,20
SL9 0,200,802500.0,847142.655,669500.0,951950.75,96.70276189317435,False,20
SL9 7,190,1322500.0,1391518.4210526317,946500.0,1690000.0,98.8988928093442,False,20
SL9 8,189,1050000.0,1155260.9576719576,674750.0,1460000.0,98.28446283002799,False,20
SL9 9,251,630000.0,704923.0199203187,469000.0,847500.0,92.87626231901692,False,20
SM1 1,100,416750.0,407244.66,324500.0,478750.0,75.09429370969704,False,20
SM1 2,552,450000.0,478117.268115942,328250.0,580000.0,80.05840126536074,False,20
SM1 3,446,525000.0,504771.3587443946,392125.0,620000.0,87.06046964350894,False,20
SM1 4,437,343000.0,379047.6796338673,270000.0,475000.0,61.82625623555177,False,20
SM2 5,490,370000.0,504404.2244897959,275000.0,689875.0,67.1067039785862,False,20
SM2 6,461,345000.0,452938.4772234273,275000.0,540000.0,62.16084681834773,False,20
SM2 7,180,968750.0,1016948.1666666666,545000.0,1297750.0,97.94378878209028,False,20
SM3 8,319,550000.0,555576.6457680251,375000.0,700000.0,88.66650444092954,False,20
SM3 9,421,545000.0,521050.65795724466,458575.0,622500.0,88.21632802044044,False,20
SM4 4,422,555000.0,555436.6161137441,475000.0,650000.0,89.01326195400901,False,20
SM4 5,236,468750.0,452984.8771186441,320000.0,560000.0,81.88344080788417,False,20
SM4 6,329,440000.0,446226.20364741643,386100.0,499000.0,78.6652877479012,False,20
SM5 1,261,415000.0,414176.0459770115,380000.0,450000.0,74.71103540576712,False,20
SM5 2,505,411500.0,414231.40594059404,305000.0,515000.0,74.13918968244312,False,20
SM5 3,258,609750.0,607941.6356589147,426250.0,760000.0,91.96982601289695,False,20
SM5 4,193,650000.0,671778.0362694301,472500.0,850000.0,93.44810804234092,False,20
SM6 0,279,307444.0,469645.0501792115,245000.0,470000.0,53.21815305998297,False,20
SM6 7,355,389500.0,413681.6901408451,285000.0,542750.0,70.6959484122156,False,20
SM6 8,338,475000.0,459847.2337278107,315500.0,574071.25,82.6621243460275,False,20
SM6 9,322,460000.0,511717.6366459627,300000.0,714500.0,81.13517459544957,False,20
SM7 1,235,740000.0,791081.2978723404,585000.0,960000.0,95.72332400535345,False,20
SM7 2,312,580000.0,583939.5032051282,350000.0,730000.0,90.64971407713833,False,20
SM7 3,183,600000.0,723018.3060109289,485000.0,875000.0,91.54398345297481,False,20
SN1 1,21,140000.0,161261.90476190476,125000.0,195000.0,7.409660542645091,False,20
SN1 2,258,240000.0,242973.98062015505,203500.0,285000.0,34.59058279596058,False,20
SN1 3,339,218000.0,220887.9498525074,180500.0,260000.0,27.83185302348218,False,20
SN1 4,419,280000.0,312151.3770883055,160000.0,381750.0,46.40467210122886,False,20
SN1 5,198,200000.0,189904.69696969696,170000.0,217750.0,22.885995863243703,False,20
SN1 7,519,350000.0,338709.0462427746,265750.0,399995.0,63.219369753011314,False,20
SN10 1,238,218500.0,275794.53781512607,141250.0,325000.0,27.91093807032486,False,20
SN10 2,356,295000.0,324738.2921348315,220000.0,393500.0,50.121669302834896,False,20
SN10 3,283,297500.0,362443.0212014134,236250.0,395500.0,50.71784888672588,False,20
SN10 4,224,377000.0,452302.3348214286,282250.0,579962.5,68.74315610171554,False,20
SN10 5,350,335000.0,374338.7342857143,235000.0,482500.0,60.3479742061078,False,20
SN11 0,374,325000.0,346707.19251336897,245500.0,410000.0,57.99367319625258,False,20
SN11 8,468,276000.0,319445.1858974359,230000.0,375000.0,45.388733422557486,False,20
SN11 9,342,260000.0,296591.850877193,200128.25,333000.0,40.716632193697535,False,20
SN12 6,587,323000.0,336723.32879045996,263000.0,395000.0,57.367076286652875,False,20
SN12 7,547,264500.0,277905.03839122487,220000.0,315000.0,41.76907166321937,False,20
SN12 8,255,330000.0,374840.8980392157,250000.0,437500.0,59.15561503832583,False,20
SN13 0,196,275000.0,330049.26020408166,196000.0,387250.0,44.84730502494221,False,20
SN13 8,113,558000.0,638330.3097345133,375000.0,820000.0,89.18359897797785,False,20
SN13 9,474,380000.0,403713.7046413502,295500.0,483875.0,69.34541915074827,False,20
SN14 0,654,302500.0,317188.51529051986,245000.0,385000.0,52.4333860566979,False,20
SN14 6,250,407500.0,465535.32,275625.0,595375.0,73.39700693515027,False,20
SN14 7,98,532497.5,657303.112244898,347625.0,778750.0,87.60189804112423,False,20
SN14 8,158,440000.0,548123.6392405063,297125.0,628125.0,78.6652877479012,False,20
SN15 1,446,315000.0,335709.99103139015,265125.0,380000.0,55.170945370483025,False,20
SN15 2,350,382000.0,417310.8914285714,300000.0,490000.0,69.76517824552866,False,20
SN15 3,577,267500.0,281739.78682842286,191000.0,345000.0,42.84584499330819,False,20
SN15 4,245,375000.0,430425.6530612245,260000.0,535000.0,68.18956077381677,False,20
SN15 5,165,560000.0,587074.5212121212,337500.0,730000.0,89.33568560652148,False,20
SN16 0,397,370496.0,442459.4105793451,285000.0,522496.0,67.42912763109868,False,20
SN16 9,374,425000.0,504008.0695187166,310250.0,620000.0,76.45698990144787,False,20
SN2 1,434,245000.0,248721.7741935484,210000.0,280000.0,36.05061442997932,False,20
SN2 2,579,217000.0,223130.11744386874,167500.0,260000.0,27.539846696678428,False,20
SN2 5,59,205000.0,206351.69491525425,171250.0,235000.0,24.20610779900231,False,20
SN2 7,418,274000.0,277945.6220095694,235625.0,320000.0,44.34237741817739,False,20
SN2 8,73,220000.0,216776.7123287671,195000.0,239000.0,28.555785375349803,False,20
SN25 1,461,280000.0,272762.4620390456,175000.0,325000.0,46.40467210122886,False,20
SN25 2,866,290000.0,300171.5612009238,180750.0,367437.5,48.89280934420246,False,20
SN25 3,312,290000.0,290074.64423076925,246875.0,327250.0,48.89280934420246,False,20
SN25 4,459,320000.0,329985.23093681916,261917.5,395000.0,56.54580849251734,False,20
SN25 5,2,400000.0,400000.0,337500.0,462500.0,72.52707141988076,True,20
SN25 6,2,429000.0,429000.0,408500.0,449500.0,77.04708602019711,True,20
SN26 7,106,397500.0,445996.62264150946,350000.0,516500.0,72.0160603479742,False,20
SN26 8,58,412500.0,415362.0689655172,379250.0,508000.0,74.23652512471104,False,20
SN3 0,77,409995.0,403353.0779220779,359995.0,469995.0,73.58559435454436,False,20
SN3 1,435,330000.0,354508.4068965517,266850.0,405000.0,59.15561503832583,False,20
SN3 2,235,228000.0,222761.16170212766,206500.0,248000.0,31.007421827472932,False,20
SN3 3,390,260000.0,264626.92307692306,230000.0,310000.0,40.716632193697535,False,20
SN3 4,652,300000.0,303792.3880368098,250000.0,345436.5,51.65470251855457,False,20
SN3 5,242,290000.0,293501.826446281,240000.0,326500.0,48.89280934420246,False,20
SN3 6,454,304000.0,327863.2973568282,255000.0,377975.0,52.561138824674536,False,20
SN4 0,348,420000.0,485284.7011494253,324250.0,582000.0,75.5627205256114,False,20
SN4 7,309,297000.0,340743.52427184465,220000.0,396000.0,50.626596909599705,False,20
SN4 8,334,301000.0,312483.52994011977,240000.0,370000.0,52.244798637303816,False,20
SN4 9,299,320000.0,366229.4682274248,269500.0,407500.0,56.54580849251734,False,20
SN5 3,45,500000.0,507124.8888888889,406500.0,590000.0,85.14417812385935,False,20
SN5 4,277,335000.0,370087.5451263538,265000.0,450000.0,60.3479742061078,False,20
SN5 5,415,280000.0,306112.29156626505,225000.0,382500.0,46.40467210122886,False,20
SN5 6,214,292750.0,296705.6074766355,225000.0,365000.0,49.61674169607008,False,20
SN5 7,173,227000.0,243870.23121387284,185000.0,288000.0,30.818834408078843,False,20
SN5 8,335,250000.0,261618.57014925373,216000.0,300000.0,37.717483878817376,False,20
SN6 6,289,389000.0,468110.29411764705,293000.0,615000.0,70.66553108650687,False,20
SN6 7,411,295000.0,341313.3868613139,230000.0,399997.5,50.121669302834896,False,20
SN6 8,372,415000.0,444081.8333333333,317250.0,530000.0,74.71103540576712,False,20
SN7 7,627,350000.0,380349.24401913874,280000.0,460000.0,63.219369753011314,False,20
SN7 8,255,395000.0,484405.7607843137,300000.0,569250.0,71.68146976517824,False,20
SN8 1,252,431250.0,492773.59523809527,269625.0,590000.0,77.63718213894634,False,20
SN8 2,212,485000.0,607614.570754717,340000.0,696250.0,83.62331183842316,False,20
SN8 3,237,517000.0,587705.6962025317,342500.0,750000.0,86.48254045504319,False,20
SN8 4,168,363750.0,458333.09523809527,276500.0,550750.0,65.77442511254411,False,20
SN9 5,219,360000.0,441703.7397260274,270000.0,507875.0,65.14174473780265,False,20
SN9 6,100,387500.0,470817.5,284812.5,550000.0,70.56819564423897,False,20
SO14 0,157,220000.0,221709.87898089172,189000.0,256000.0,28.555785375349803,False,20
SO14 1,25,145000.0,163023.96,125000.0,205000.0,8.316096848765056,False,20
SO14 2,50,208000.0,229590.0,154750.0,270750.0,24.905706290302955,False,20
SO14 3,305,205000.0,231754.98032786886,148000.0,270000.0,24.20610779900231,False,20
SO14 5,69,156576.0,165448.5652173913,122500.0,205000.0,11.10840734882589,False,20
SO14 6,128,250000.0,252221.1171875,215000.0,285000.0,37.717483878817376,False,20
SO14 7,16,187275.0,209409.375,166500.0,263750.0,19.114247475361967,True,20
SO15 0,67,155000.0,188635.8208955224,125000.0,258000.0,10.700815184328993,False,20
SO15 1,68,176000.0,178765.88235294117,136500.0,215625.0,15.950845601654704,False,20
SO15 2,414,206000.0,232938.03381642513,166625.0,277125.0,24.619783428640954,False,20
SO15 3,273,221600.0,217926.52380952382,143000.0,275000.0,29.188465750091254,False,20
SO15 4,127,335000.0,320466.53543307085,300000.0,360750.0,60.3479742061078,False,20
SO15 5,413,320828.0,321909.7675544794,191000.0,425000.0,57.07506995984913,False,20
SO15 7,110,460000.0,450125.9,392500.0,533750.0,81.13517459544957,False,20
SO15 8,139,268500.0,249436.41007194246,188750.0,295250.0,43.07701666869449,False,20
SO16 0,109,382000.0,386485.77981651376,300000.0,480000.0,69.76517824552866,False,20
SO16 2,29,302000.0,323258.6206896552,255000.0,425000.0,52.360384474996955,False,20
SO16 3,246,282500.0,354795.4674796748,235000.0,437500.0,47.20160603479742,False,20
SO16 4,262,205000.0,214365.82061068702,148250.0,275000.0,24.20610779900231,False,20
SO16 5,214,255000.0,255481.261682243,220000.0,292500.0,39.068013140284705,False,20
SO16 6,205,260000.0,265045.9609756098,200000.0,325000.0,40.716632193697535,False,20
SO16 7,251,421000.0,501864.18326693226,224000.0,605750.0,75.84255992213164,False,20
SO16 8,386,305000.0,347298.36010362697,257625.0,400000.0,52.81664436062782,False,20
SO16 9,280,245000.0,232542.51785714287,185500.0,275000.0,36.05061442997932,False,20
SO17 1,262,250000.0,343130.7061068702,166875.0,410000.0,37.717483878817376,False,20
SO17 2,224,217000.0,228995.5982142857,150000.0,289962.5,27.539846696678428,False,20
SO17 3,83,275000.0,273572.2891566265,187500.0,355000.0,44.84730502494221,False,20
SO18 1,342,272500.0,275060.8567251462,177250.0,359812.5,44.11120574279109,False,20
SO18 2,286,270000.0,271531.8916083916,235000.0,315000.0,43.569777345175815,False,20
SO18 3,209,275000.0,300377.5119617225,210000.0,360000.0,44.84730502494221,False,20
SO18 4,171,265000.0,276663.83040935674,190500.0,347500.0,42.18274729285801,False,20
SO18 5,281,275000.0,265638.256227758,205000.0,320000.0,44.84730502494221,False,20
SO18 6,141,250000.0,249682.41134751774,158000.0,327000.0,37.717483878817376,False,20
SO19 0,111,250000.0,250044.4054054054,204500.0,285500.0,37.717483878817376,False,20
SO19 1,127,250000.0,257058.66141732284,227500.0,285000.0,37.717483878817376,False,20
SO19 2,295,265000.0,258099.29491525423,213500.0,303750.0,42.18274729285801,False,20
SO19 4,48,345000.0,355677.2916666667,317250.0,393125.0,62.16084681834773,False,20
SO19 5,59,311000.0,309947.69491525425,259000.0,358000.0,54.422679158048425,False,20
SO19 6,200,258750.0,261706.07,221750.0,305750.0,40.06570142353084,False,20
SO19 7,284,266000.0,270369.1338028169,221000.0,325000.0,42.620756783063634,False,20
SO19 8,362,272950.0,262306.76243093924,215625.0,310000.0,44.208541185059005,False,20
SO19 9,649,250000.0,246015.26194144838,175000.0,305000.0,37.717483878817376,False,20
SO20 6,167,630000.0,719969.754491018,412500.0,860000.0,92.87626231901692,False,20
SO20 8,100,585000.0,819649.56,386500.0,990875.0,90.9295534736586,False,20
SO21 1,242,520000.0,695364.9297520661,398500.0,810575.0,86.67721133957902,False,20
SO21 2,171,742000.0,917423.567251462,447500.0,1160000.0,95.80240905219614,False,20
SO21 3,174,537475.0,569302.7183908046,406250.0,675000.0,87.8574035770775,False,20
SO22 4,333,415000.0,538798.8588588588,315000.0,600000.0,74.71103540576712,False,20
SO22 5,453,685000.0,787179.706401766,485000.0,995000.0,94.41537899987833,False,20
SO22 6,541,585000.0,640381.561922366,395000.0,800000.0,90.9295534736586,False,20
SO23 0,180,417250.0,499502.35555555555,336875.0,572750.0,75.15512836111449,False,20
SO23 7,409,529448.0,575193.7408312958,365000.0,746000.0,87.29772478403699,False,20
SO23 8,149,425000.0,480922.6912751678,257500.0,635000.0,76.45698990144787,False,20
SO23 9,191,620000.0,738319.8795811519,388056.0,862500.0,92.35308431682687,False,20
SO24 0,99,780000.0,892948.0101010101,523750.0,1164902.0,96.40467210122885,False,20
SO24 9,283,500000.0,639042.9717314488,382750.0,690000.0,85.14417812385935,False,20
SO30 0,388,325000.0,339730.1005154639,275000.0,390000.0,57.99367319625258,False,20
SO30 2,740,347250.0,360538.9297297297,267500.0,423250.0,62.50152086628543,False,20
SO30 3,306,327250.0,341051.454248366,228125.0,420000.0,58.56551891957659,False,20
SO30 4,237,345000.0,357441.10126582277,270000.0,423000.0,62.16084681834773,False,20
SO31 1,126,380000.0,438173.84920634923,266250.0,525000.0,69.34541915074827,False,20
SO31 4,206,325000.0,398683.859223301,260500.0,482500.0,57.99367319625258,False,20
SO31 5,285,342500.0,366026.56140350876,270000.0,415000.0,61.747171188709096,False,20
SO31 6,529,365000.0,379398.3610586011,265000.0,475000.0,66.10293223019832,False,20
SO31 7,333,390000.0,450411.6546546547,324000.0,530000.0,70.97578780873586,False,20
SO31 8,308,319250.0,384899.512987013,269625.0,432500.0,55.94354544348461,False,20
SO31 9,420,442500.0,522010.5142857143,342000.0,585000.0,79.02421219126414,False,20
SO32 1,368,381500.0,470378.8206521739,298750.0,558125.0,69.71042705925295,False,20
SO32 2,944,439997.5,481545.04131355934,370000.0,552125.0,78.44019953765665,False,20
SO32 3,76,700000.0,774889.4736842106,507500.0,891750.0,94.8473050249422,False,20
SO40 2,305,325000.0,393405.4295081967,280000.0,477500.0,57.99367319625258,False,20
SO40 3,333,320000.0,313760.06006006006,235000.0,375000.0,56.54580849251734,False,20
SO40 4,217,325000.0,350788.65898617514,240000.0,440000.0,57.99367319625258,False,20
SO40 7,199,495000.0,529193.8190954773,375000.0,626750.0,84.52366467940139,False,20
SO40 8,382,315000.0,322694.5026178011,265000.0,390000.0,55.170945370483025,False,20
SO40 9,219,310000.0,316323.76712328766,265000.0,365000.0,53.948168876992334,False,20
SO41 0,502,519000.0,618643.0338645418,373125.0,748750.0,86.57987589731111,False,20
SO41 3,172,785000.0,833532.023255814,561250.0,1060000.0,96.48375714807153,False,20
SO41 5,34,905000.0,1026288.7352941176,746250.0,1197500.0,97.54228008273512,False,20
SO41 6,133,650000.0,786796.2556390978,490000.0,885000.0,93.44810804234092,False,20
SO41 8,233,475000.0,565809.957081545,315000.0,685000.0,82.6621243460275,False,20
SO41 9,393,385000.0,443107.68193384225,280000.0,537950.0,70.2214381311595,False,20
SO42 7,189,820000.0,994768.074074074,495000.0,1150000.0,96.86701545200145,False,20
SO43 7,191,485000.0,637050.1361256544,365000.0,775000.0,83.62331183842316,False,20
SO45 1,230,362500.0,414930.8652173913,300375.0,455000.0,65.65883927485096,False,20
SO45 2,234,307500.0,325106.52991452994,273500.0,369987.5,53.26682078111692,False,20
SO45 3,129,300000.0,323425.5813953488,275000.0,340000.0,51.65470251855457,False,20
SO45 4,188,383750.0,423028.56382978725,320750.0,500000.0,69.92334833921402,False,20
SO45 5,326,325000.0,343200.92024539877,251250.0,415000.0,57.99367319625258,False,20
SO45 6,143,313500.0,360429.006993007,240500.0,417500.0,54.757269740844386,False,20
SO50 4,328,311500.0,327145.52134146343,257875.0,375000.0,54.47743034432413,False,20
SO50 5,417,260000.0,250576.9664268585,191500.0,305000.0,40.716632193697535,False,20
SO50 6,265,320000.0,358018.27924528305,274000.0,420000.0,56.54580849251734,False,20
SO50 7,403,375000.0,387059.1811414392,306750.0,462500.0,68.18956077381677,False,20
SO50 8,275,330000.0,341633.5272727273,278750.0,400000.0,59.15561503832583,False,20
SO50 9,445,350000.0,356902.6539325843,255000.0,455000.0,63.219369753011314,False,20
SO51 0,360,495000.0,571372.5111111111,384375.0,681875.0,84.52366467940139,False,20
SO51 5,194,380000.0,385568.8711340206,325000.0,434250.0,69.34541915074827,False,20
SO51 6,124,635000.0,672438.7661290322,497500.0,795000.0,93.02834894756053,False,20
SO51 7,363,340000.0,414114.9862258953,285000.0,555000.0,61.309161698503466,False,20
SO51 8,302,357500.0,378597.3509933775,242500.0,453750.0,64.62465020075435,False,20
SO51 9,37,800000.0,910928.9189189189,445000.0,1274000.0,96.67842803260737,False,20
SO52 9,329,370000.0,410768.6595744681,306000.0,495000.0,67.1067039785862,False,20
SO53 1,201,515000.0,536648.815920398,371000.0,650000.0,86.35478768706655,False,20
SO53 2,389,368000.0,396972.6041131105,311008.0,450000.0,66.66869448838058,False,20
SO53 3,242,358750.0,386151.80165289255,275000.0,475000.0,64.74631950358925,False,20
SO53 4,277,450000.0,457764.1913357401,322000.0,579950.0,80.05840126536074,False,20
SO53 5,182,535000.0,564562.9065934066,342500.0,740000.0,87.71140041367563,False,20
SP1 1,256,300000.0,332706.2109375,220000.0,390000.0,51.65470251855457,False,20
SP1 2,197,290000.0,354913.6649746193,220000.0,365000.0,48.89280934420246,False,20
SP1 3,661,325000.0,367021.2980332829,232000.0,465000.0,57.99367319625258,False,20
SP10 1,163,245000.0,245115.77300613496,194500.0,295000.0,36.05061442997932,False,20
SP10 2,425,305000.0,320942.2564705882,226000.0,400000.0,52.81664436062782,False,20
SP10 3,523,296000.0,310521.7342256214,241000.0,365000.0,50.49276067648132,False,20
SP10 4,270,301500.0,316166.1111111111,220000.0,379250.0,52.28738289329602,False,20
SP10 5,147,237500.0,250327.1768707483,215000.0,266250.0,33.79364886239202,False,20
SP11 0,99,500000.0,736294.9494949495,348500.0,750000.0,85.14417812385935,False,20
SP11 6,767,335000.0,355517.44589309,268000.0,400000.0,60.3479742061078,False,20
SP11 7,170,520000.0,597777.8647058824,371000.0,723250.0,86.67721133957902,False,20
SP11 8,117,490000.0,574149.5726495726,350000.0,670000.0,84.0917386543375,False,20
SP11 9,371,310000.0,334792.6118598383,227500.0,365567.5,53.948168876992334,False,20
SP2 0,248,325000.0,351228.125,238000.0,421250.0,57.99367319625258,False,20
SP2 7,440,250000.0,281298.7909090909,199462.5,305000.0,37.717483878817376,False,20
SP2 8,322,375000.0,421330.2732919255,280000.0,510000.0,68.18956077381677,False,20
SP2 9,415,310000.0,314515.5903614458,260000.0,368000.0,53.948168876992334,False,20
SP3 4,145,390000.0,447883.4482758621,295000.0,500000.0,70.97578780873586,False,20
SP3 5,98,585000.0,724918.224489796,388875.0,858750.0,90.9295534736586,False,20
SP3 6,162,430000.0,530570.2222222222,300187.5,608000.0,77.35125927728434,False,20
SP4 0,106,433000.0,490817.2641509434,355000.0,638007.5,77.77710183720647,False,20
SP4 6,306,347500.0,393291.8464052288,270000.0,498746.25,62.611023238836836,False,20
SP4 7,589,315000.0,315078.0458404075,265000.0,365000.0,55.170945370483025,False,20
SP4 8,186,308250.0,323181.98924731184,260000.0,375000.0,53.351989293101354,False,20
SP4 9,82,300000.0,346404.7195121951,250000.0,383750.0,51.65470251855457,False,20
SP5 1,139,550000.0,627598.0143884892,435000.0,725000.0,88.66650444092954,False,20
SP5 2,175,615000.0,671319.8457142857,475000.0,770000.0,92.18883075799975,False,20
SP5 3,298,385000.0,435706.0268456376,295000.0,538000.0,70.2214381311595,False,20
SP5 4,58,584997.5,653607.6724137932,442500.0,768750.0,90.81396763596544,False,20
SP5 5,97,475000.0,565449.649484536,340000.0,715000.0,82.6621243460275,False,20
SP6 1,351,365000.0,370046.2250712251,285500.0,439250.0,66.10293223019832,False,20
SP6 2,90,750000.0,789047.5555555555,590250.0,908687.5,95.92407835503103,False,20
SP6 3,172,435500.0,473252.61627906974,330000.0,560000.0,78.08735855943544,False,20
SP7 0,123,525000.0,678238.6991869919,375000.0,715000.0,87.06046964350894,False,20
SP7 8,647,290000.0,324614.9227202473,225000.0,404975.0,48.89280934420246,False,20
SP7 9,140,450000.0,512510.53571428574,321250.0,627500.0,80.05840126536074,False,20
SP8 4,669,260000.0,276086.3348281016,207500.0,340000.0,40.716632193697535,False,20
SP8 5,173,400000.0,478319.9421965318,295000.0,550000.0,72.52707141988076,False,20
SP9 7,215,258750.0,278013.5953488372,211000.0,318125.0,40.06570142353084,False,20
SR1 1,39,49950.0,55308.97435897436,35750.0,63250.0,0.06083465141744738,False,20
SR1 2,29,64600.0,75849.8275862069,43000.0,89995.0,0.1946708845358316,False,20
SR1 3,22,89975.0,86815.90909090909,69000.0,105000.0,0.8516851198442633,False,20
SR2 0,494,185000.0,192657.16801619434,128862.5,240750.0,18.432899379486557,False,20
SR2 7,360,150000.0,176339.57222222222,90000.0,240000.0,9.465871760554812,False,20
SR2 8,221,73000.0,98247.78733031674,49000.0,124000.0,0.27983939652025797,False,20
SR2 9,225,162500.0,178512.3777777778,120000.0,219950.0,12.471103540576713,False,20
SR3 1,473,199950.0,200373.1226215645,134000.0,257950.0,22.314150139919697,False,20
SR3 2,684,235000.0,246819.2076023392,169712.5,325000.0,33.14271809222533,False,20
SR3 3,268,160750.0,179638.2276119403,110000.0,220000.0,12.227764934906924,False,20
SR3 4,122,119997.5,128344.01639344262,99962.5,143125.0,3.504075921644969,False,20
SR4 0,198,130000.0,140632.898989899,107625.0,159837.5,5.493369022995498,False,20
SR4 6,235,94950.0,103610.20425531914,67500.0,123997.5,1.1558583769315,False,20
SR4 7,427,130000.0,137098.31147540984,105000.0,161500.0,5.493369022995498,False,20
SR4 8,255,150000.0,164352.13333333333,110750.0,210000.0,9.465871760554812,False,20
SR4 9,174,164000.0,171278.10344827586,120875.0,214682.5,12.732692541671737,False,20
SR5 1,157,190000.0,187560.83439490446,129950.0,240000.0,19.959849130064487,False,20
SR5 2,111,76000.0,82707.33333333333,58500.0,102488.5,0.3345905827959606,False,20
SR5 3,174,129500.0,154673.27011494254,100500.0,207500.0,5.201362696191751,False,20
SR5 4,119,112000.0,103332.23529411765,88000.0,125000.0,2.6888915926511743,False,20
SR5 5,145,119950.0,116786.24137931035,90000.0,139000.0,3.4858255262197346,False,20
SR6 0,215,158000.0,161886.0465116279,120000.0,185550.5,11.315245163645212,False,20
SR6 7,421,250000.0,312241.1163895487,160000.0,405000.0,37.717483878817376,False,20
SR6 8,258,230000.0,260303.97674418605,188875.0,293750.0,31.71918724905706,False,20
SR6 9,410,169950.0,198755.143902439,132125.0,244202.5,13.949385570020684,False,20
SR7 0,213,140000.0,171853.18309859154,100000.0,200000.0,7.409660542645091,False,20
SR7 7,390,134500.0,158835.7,78249.25,210000.0,6.186884049154398,False,20
SR7 8,282,136250.0,166968.26241134753,93125.0,197250.0,6.551891957659082,False,20
SR7 9,250,97000.0,120118.452,76625.0,145125.0,1.368779656892566,False,20
SR8 1,161,176000.0,191761.149068323,108000.0,265000.0,15.950845601654704,False,20
SR8 2,234,86500.0,110984.10683760684,75000.0,125000.0,0.7300158170093685,False,20
SR8 3,452,83999.0,113099.21902654867,53000.0,150000.0,0.5961795838909844,False,20
SR8 4,400,56150.0,66600.3775,35000.0,87125.0,0.10950237255140528,False,20
SR8 5,225,88000.0,101690.86222222222,74000.0,115000.0,0.7847670032850711,False,20
SS0 0,349,375000.0,394245.3094555874,310000.0,470000.0,68.18956077381677,False,20
SS0 7,370,252500.0,285931.4864864865,180750.0,330000.0,38.46575009125198,False,20
SS0 8,301,290000.0,473136.5348837209,220000.0,710000.0,48.89280934420246,False,20
SS0 9,556,288500.0,298311.2158273381,210000.0,370000.0,48.40613213286288,False,20
SS1 1,127,230000.0,296411.5905511811,181000.0,359997.5,31.71918724905706,False,20
SS1 2,414,240000.0,280404.27777777775,180000.0,374500.0,34.59058279596058,False,20
SS1 3,392,600000.0,605475.5867346938,398750.0,765000.0,91.54398345297481,False,20
SS11 7,446,425000.0,457149.0112107623,350000.0,541875.0,76.45698990144787,False,20
SS11 8,472,370000.0,380213.6970338983,309556.75,436250.0,67.1067039785862,False,20
SS12 0,321,395000.0,413475.44859813084,340000.0,462500.0,71.68146976517824,False,20
SS12 9,461,345000.0,361151.37744034705,310000.0,410000.0,62.16084681834773,False,20
SS13 1,310,283500.0,271192.70645161293,206000.0,325000.0,47.35369266334104,False,20
SS13 2,162,372500.0,391306.23456790124,320000.0,450000.0,67.58729772478404,False,20
SS13 3,186,293000.0,292041.6666666667,256250.0,320000.0,49.653242486920554,False,20
SS14 1,256,311000.0,305906.24609375,280000.0,345000.0,54.422679158048425,False,20
SS14 2,400,316000.0,309373.81,280000.0,345000.0,55.48728555785375,False,20
SS14 3,237,360000.0,345298.54008438817,295000.0,402500.0,65.14174473780265,False,20
SS15 4,240,355000.0,371919.3541666667,266500.0,464500.0,64.21705803625746,False,20
SS15 5,482,314500.0,314446.0560165975,268225.0,360000.0,54.89110597396277,False,20
SS15 6,394,345000.0,354554.1878172589,287000.0,420000.0,62.16084681834773,False,20
SS16 4,304,300000.0,286791.6118421053,205000.0,350000.0,51.65470251855457,False,20
SS16 5,525,370000.0,415753.7485714286,300000.0,500000.0,67.1067039785862,False,20
SS16 6,297,415000.0,429976.73063973064,280000.0,550000.0,74.71103540576712,False,20
SS17 0,336,350000.0,344280.1785714286,287500.0,408125.0,63.219369753011314,False,20
SS17 7,405,350000.0,358702.9975308642,315000.0,400000.0,63.219369753011314,False,20
SS17 8,310,375000.0,410401.9322580645,335000.0,451875.0,68.18956077381677,False,20
SS17 9,220,415000.0,426985.7545454545,353375.0,465000.0,74.71103540576712,False,20
SS2 4,542,325000.0,330639.99446494464,265250.0,385000.0,57.99367319625258,False,20
SS2 5,265,280000.0,269970.5283018868,193000.0,341500.0,46.40467210122886,False,20
SS2 6,523,310000.0,302779.70745697897,235000.0,365000.0,53.948168876992334,False,20
SS3 0,316,362375.0,380394.15189873416,309375.0,425000.0,65.59192115829177,False,20
SS3 8,199,358000.0,396086.9296482412,267000.0,467500.0,64.6854848521718,False,20
SS3 9,485,325000.0,373012.2969072165,265000.0,415000.0,57.99367319625258,False,20
SS4 1,670,355000.0,367146.10447761195,290500.0,425000.0,64.21705803625746,False,20
SS4 2,20,365000.0,416250.0,330000.0,388750.0,66.10293223019832,False,20
SS4 3,342,380000.0,400552.52923976607,323125.0,465000.0,69.34541915074827,False,20
SS5 4,453,426000.0,468772.348785872,345000.0,565000.0,76.86458206594476,False,20
SS5 5,257,415000.0,457535.87548638135,360500.0,485000.0,74.71103540576712,False,20
SS5 6,388,425000.0,464087.7345360825,361749.0,550000.0,76.45698990144787,False,20
SS6 7,382,395000.0,442220.99214659684,320000.0,503750.0,71.68146976517824,False,20
SS6 8,504,415000.0,428536.1011904762,355000.0,483125.0,74.71103540576712,False,20
SS6 9,705,417000.0,429781.4567375886,350000.0,500000.0,75.13079450054751,False,20
SS7 1,402,430000.0,491606.0497512438,360000.0,560000.0,77.35125927728434,False,20
SS7 2,479,400000.0,421863.54488517746,325000.0,500000.0,72.52707141988076,False,20
SS7 3,471,375000.0,412802.2929936306,330000.0,446000.0,68.18956077381677,False,20
SS7 4,334,372500.0,371691.33832335327,330625.0,415000.0,67.58729772478404,False,20
SS7 5,498,385000.0,400580.0401606426,335000.0,458750.0,70.2214381311595,False,20
SS8 0,266,335000.0,346232.7067669173,286250.0,380000.0,60.3479742061078,False,20
SS8 7,358,314375.0,327542.3044692737,265250.0,375000.0,54.86068864825404,False,20
SS8 8,308,313000.0,317780.3409090909,265000.0,360000.0,54.70251855456868,False,20
SS8 9,524,310000.0,322819.3358778626,270000.0,365000.0,53.948168876992334,False,20
SS9 1,502,406250.0,462181.37250996014,295000.0,598750.0,73.31792188830758,False,20
SS9 2,397,480000.0,508911.5717884131,282500.0,675000.0,83.24005353449326,False,20
SS9 3,435,505000.0,518843.6666666667,364500.0,625000.0,85.6004380094902,False,20
SS9 4,400,375000.0,389188.5075,325000.0,450000.0,68.18956077381677,False,20
SS9 5,492,370000.0,395050.0081300813,325000.0,430000.0,67.1067039785862,False,20
ST1 2,111,91000.0,95803.37837837837,78500.0,113350.0,1.0159386786713713,False,20
ST1 3,232,115000.0,120094.5948275862,84500.0,155000.0,3.0295656405888796,False,20
ST1 4,91,85000.0,95480.61538461539,78500.0,110500.0,0.6691811655919212,False,20
ST1 5,119,92000.0,111286.13445378152,70500.0,142000.0,1.0402725392383503,False,20
ST1 6,521,152000.0,155036.7773512476,115000.0,186000.0,9.952548971894391,False,20
ST10 1,628,220000.0,231071.2117834395,175000.0,279995.0,28.555785375349803,False,20
ST10 2,157,235000.0,288757.9617834395,190000.0,362000.0,33.14271809222533,False,20
ST10 3,61,290000.0,308768.54098360654,205000.0,390000.0,48.89280934420246,False,20
ST10 4,323,258000.0,308714.00619195047,180000.0,407500.0,39.87711400413676,False,20
ST11 9,463,232000.0,264695.1749460043,190000.0,300000.0,32.39445187979073,False,20
ST12 9,177,295000.0,346718.95480225986,230000.0,449995.0,50.121669302834896,False,20
ST13 5,318,187250.0,232785.05660377358,139612.5,284000.0,19.089913614794987,False,20
ST13 6,248,163000.0,181437.17741935485,130000.0,200500.0,12.574522447986372,False,20
ST13 7,299,240000.0,281663.3779264214,183500.0,345000.0,34.59058279596058,False,20
ST13 8,339,220000.0,242126.8407079646,150000.0,275000.0,28.555785375349803,False,20
ST14 5,376,270000.0,299313.6808510638,204987.5,360625.0,43.569777345175815,False,20
ST14 7,366,215000.0,237882.95081967214,180000.0,265000.0,26.998418299063147,False,20
ST14 8,474,309995.0,324179.68776371307,235000.0,390000.0,53.54057671249544,False,20
ST15 0,520,267750.0,284610.9,215000.0,345425.75,42.92493004015087,False,20
ST15 8,511,235000.0,293003.6927592955,165000.0,375000.0,33.14271809222533,False,20
ST16 1,978,256498.0,273972.7351738241,205000.0,335000.0,39.579024212191264,False,20
ST16 2,113,135000.0,158980.75221238937,114500.0,175000.0,6.3328872125562725,False,20
ST16 3,611,180000.0,192038.0130932897,146625.0,230000.0,16.912033094050372,False,20
ST17 0,493,330000.0,380621.4929006085,260000.0,435000.0,59.15561503832583,False,20
ST17 4,677,235000.0,242880.18906942394,185000.0,284953.0,33.14271809222533,False,20
ST17 9,500,195000.0,224222.232,165000.0,255000.0,21.395546903516244,False,20
ST18 0,465,320000.0,355406.79569892475,250000.0,415000.0,56.54580849251734,False,20
ST18 9,195,330000.0,379727.9487179487,262250.0,430000.0,59.15561503832583,False,20
ST19 5,397,275000.0,298251.70780856424,220000.0,372000.0,44.84730502494221,False,20
ST19 9,193,335000.0,362348.1347150259,272000.0,425000.0,60.3479742061078,False,20
ST2 0,129,130000.0,129606.2015503876,116000.0,145000.0,5.493369022995498,False,20
ST2 7,386,186000.0,201930.08549222798,150000.0,235000.0,18.88915926511741,False,20
ST2 8,207,150000.0,164266.66666666666,125250.0,180000.0,9.465871760554812,False,20
ST2 9,270,152750.0,169494.90740740742,126362.5,197625.0,10.159386786713712,False,20
ST20 0,260,287500.0,322858.73076923075,225000.0,386250.0,48.290546295169726,False,20
ST21 6,216,323750.0,359480.0925925926,259250.0,440000.0,57.44616133349556,False,20
ST3 1,194,153000.0,152154.06701030929,127250.0,175000.0,10.19588757756418,False,20
ST3 2,256,160000.0,166224.57421875,135000.0,195000.0,11.856673561260495,False,20
ST3 3,164,145000.0,156463.5975609756,124500.0,172250.0,8.316096848765056,False,20
ST3 4,276,160000.0,171805.05434782608,119250.0,207250.0,11.856673561260495,False,20
ST3 5,537,166000.0,172884.6033519553,140000.0,199995.0,13.414040637547147,False,20
ST3 6,497,180000.0,185256.88732394367,140000.0,220000.0,16.912033094050372,False,20
ST3 7,463,225000.0,248533.46220302375,175000.0,295000.0,30.143569777345174,False,20
ST4 1,58,59975.0,68599.13793103448,58950.0,72375.0,0.1581700936853632,False,20
ST4 2,115,120000.0,124481.82608695653,86750.0,150000.0,3.686579875897311,False,20
ST4 3,289,105000.0,107743.02076124567,85000.0,128000.0,1.96495924078355,False,20
ST4 4,303,110000.0,121038.60726072607,80000.0,149500.0,2.463803382406619,False,20
ST4 5,249,147000.0,169810.7469879518,115000.0,190250.0,8.760189804112423,False,20
ST4 6,290,167125.0,180442.76896551723,128125.0,215000.0,13.566127266090767,False,20
ST4 7,318,140000.0,176529.30188679244,108000.0,230000.0,7.409660542645091,False,20
ST4 8,618,265995.0,293746.78317152103,211625.0,348788.75,42.584255992213166,False,20
ST5 0,437,170000.0,194066.78260869565,130000.0,230000.0,14.296143083100135,False,20
ST5 1,217,84999.0,122416.23502304147,79999.0,140000.0,0.6205134444579633,False,20
ST5 2,419,220000.0,227804.84248210024,147250.0,289995.0,28.555785375349803,False,20
ST5 3,425,254250.0,285679.61176470586,190000.0,350000.0,38.66650444092956,False,20
ST5 4,276,231500.0,259129.1884057971,181750.0,315250.0,32.29711643752281,False,20
ST5 5,126,389500.0,401539.7619047619,288425.0,472250.0,70.6959484122156,False,20
ST5 6,337,150000.0,166375.69732937685,122500.0,185000.0,9.465871760554812,False,20
ST5 7,326,155000.0,172786.43865030675,118037.5,209375.0,10.700815184328993,False,20
ST5 8,463,177000.0,192455.2807775378,135250.0,234997.5,16.084681834773086,False,20
ST5 9,311,180000.0,191133.31189710612,148000.0,230000.0,16.912033094050372,False,20
ST6 1,293,102000.0,110488.45392491468,85000.0,126000.0,1.8067891470981872,False,20
ST6 2,187,159679.0,138370.08021390374,75500.0,186000.0,11.461248327047086,False,20
ST6 3,90,103750.0,106487.22222222222,80000.0,125000.0,1.8615403333738896,False,20
ST6 4,163,106000.0,120960.18404907975,74500.0,156000.0,2.086628543618445,False,20
ST6 5,373,130000.0,146256.0857908847,95000.0,180000.0,5.493369022995498,False,20
ST6 6,451,140000.0,151231.57206208425,100000.0,192500.0,7.409660542645091,False,20
ST6 7,262,160000.0,162131.37022900765,135000.0,185000.0,11.856673561260495,False,20
ST6 8,465,169950.0,187823.70967741936,125000.0,235000.0,13.949385570020684,False,20
ST7 1,493,174995.0,180515.369168357,139995.0,212500.0,15.184328993794866,False,20
ST7 2,806,274706.0,297060.50620347395,200037.5,358950.0,44.409295534736586,False,20
ST7 3,320,250000.0,299797.53125,200000.0,345375.0,37.717483878817376,False,20
ST7 4,600,185000.0,204921.66666666666,155000.0,245000.0,18.432899379486557,False,20
ST7 8,293,172000.0,212021.33105802047,137000.0,263000.0,14.75240296873099,False,20
ST8 6,482,179000.0,194751.96265560167,140000.0,230000.0,16.4131889524273,False,20
ST8 7,409,240000.0,262806.66992665036,189500.0,315000.0,34.59058279596058,False,20
ST9 0,264,214500.0,241374.10984848486,179500.0,260000.0,26.663827716267186,False,20
ST9 9,220,311000.0,350503.43636363634,250000.0,425000.0,54.422679158048425,False,20
SW10 0,327,1265000.0,1747933.7859327218,691250.0,2362500.0,98.77114004136757,False,20
SW10 9,353,940000.0,1908880.8016997166,650000.0,1550000.0,97.75520136269618,False,20
SW11 1,485,697500.0,820854.7195876288,495000.0,937500.0,94.78647037352475,False,20
SW11 2,415,610000.0,677183.6168674699,422500.0,882500.0,92.03674412945614,False,20
SW11 3,525,565000.0,696190.9866666667,415000.0,800000.0,89.68244311960093,False,20
SW11 4,626,999500.0,1218664.7715654953,700000.0,1453750.0,98.11412580605912,False,20
SW11 5,590,740000.0,801025.2474576271,486250.0,983409.0,95.72332400535345,False,20
SW11 6,467,1477500.0,1443631.0149892934,836250.0,1877500.0,99.16048181043922,False,20
SW11 7,307,975000.0,980808.0749185667,734200.0,1199250.0,97.98637303808249,False,20
SW11 8,518,1020000.0,1335256.1003861004,700000.0,1525000.0,98.18104392261833,False,20
SW12 0,414,725000.0,802192.6884057971,565000.0,935000.0,95.376566492274,False,20
SW12 8,623,775000.0,1040696.0593900481,535000.0,1350000.0,96.28300279839397,False,20
SW12 9,547,666000.0,779407.6855575868,496000.0,921500.0,93.94086871882224,False,20
SW13 0,342,1050000.0,1305837.894736842,725375.0,1620000.0,98.28446283002799,False,20
SW13 8,91,1100000.0,1221868.4065934066,742500.0,1477502.5,98.41829906314636,False,20
SW13 9,245,1460000.0,1924306.6,796000.0,2500000.0,99.12398101958875,False,20
SW14 7,263,1115000.0,1107232.8288973384,580000.0,1462500.0,98.44871638885509,False,20
SW14 8,463,950000.0,1065055.1900647948,630464.0,1335000.0,97.8525368049641,False,20
SW15 1,435,935000.0,1057070.2091954022,595000.0,1420000.0,97.70045017642049,False,20
SW15 2,598,625000.0,782071.4899665551,475000.0,862500.0,92.6146733179219,False,20
SW15 3,377,523900.0,668340.1644562334,390000.0,740000.0,86.87188222411486,False,20
SW15 4,106,350000.0,412966.9811320755,250000.0,473750.0,63.219369753011314,False,20
SW15 5,294,637500.0,824725.9965986394,465625.0,850000.0,93.07093320355274,False,20
SW15 6,438,550000.0,893944.1027397261,425000.0,850000.0,88.66650444092954,False,20
SW16 1,416,443750.0,618610.8100961539,350000.0,620000.0,79.10329723810683,False,20
SW16 2,682,439750.0,505719.2008797654,350000.0,596875.0,78.40369874680619,False,20
SW16 3,259,635000.0,675399.749034749,437500.0,835000.0,93.02834894756053,False,20
SW16 4,272,487500.0,495081.6544117647,399250.0,585000.0,83.89706776980168,False,20
SW16 5,498,500000.0,530531.1666666666,370000.0,621880.0,85.14417812385935,False,20
SW16 6,581,480000.0,576114.604130809,392730.0,725000.0,83.24005353449326,False,20
SW17 0,812,554750.0,595390.6945812808,425000.0,725499.75,88.9585107677333,False,20
SW17 6,93,442000.0,470317.55913978495,372000.0,520000.0,78.97554447013019,False,20
SW17 7,599,640000.0,797581.592654424,450000.0,891250.0,93.16218518067892,False,20
SW17 8,700,655000.0,802169.1428571428,515000.0,890625.0,93.63061199659326,False,20
SW17 9,583,545000.0,574090.922813036,437500.0,690871.0,88.21632802044044,False,20
SW18 1,862,585000.0,725635.2122969838,445000.0,891367.0,90.9295534736586,False,20
SW18 2,543,610000.0,843811.7605893186,475000.0,1110000.0,92.03674412945614,False,20
SW18 3,735,725000.0,1020894.8176870749,560000.0,1247500.0,95.376566492274,False,20
SW18 4,682,525000.0,590522.4721407625,415000.0,693750.0,87.06046964350894,False,20
SW18 5,633,860000.0,926989.5371248025,552250.0,1258851.0,97.2259398953644,False,20
SW19 1,499,575000.0,643790.2565130261,415000.0,827500.0,90.29687309891715,False,20
SW19 2,524,460000.0,498282.143129771,370000.0,600000.0,81.13517459544957,False,20
SW19 3,415,815000.0,861577.2939759037,492500.0,1100000.0,96.80009733544227,False,20
SW19 4,292,737500.0,1318106.9828767122,517875.0,1406250.0,95.66857281907775,False,20
SW19 5,180,1322500.0,2175455.7277777777,711250.0,2625000.0,98.8988928093442,False,20
SW19 6,349,430000.0,577083.4555873926,369000.0,610000.0,77.35125927728434,False,20
SW19 7,259,975802.0,1529446.7142857143,555000.0,1953000.0,98.0289572940747,False,20
SW19 8,666,811000.0,828851.8618618619,455750.0,1129250.25,96.78793040515878,False,20
SW1A 1,8,2425000.0,3416875.0,1497500.0,5081250.0,99.67149288234577,True,20
SW1A 2,49,4200000.0,6868754.6122448975,1400000.0,8930000.0,99.87833069716511,False,20
SW1E 5,25,1875000.0,3041546.4,1165000.0,4786735.0,99.50115585837693,False,20
SW1E 6,33,1635000.0,2309653.0303030303,825000.0,3400000.0,99.33081883440808,False,20
SW1H 0,63,1683300.0,2979834.492063492,1095000.0,3247750.0,99.35515269497506,False,20
SW1H 9,26,883000.0,3001705.769230769,466250.0,2766250.0,97.42061077990023,False,20
SW1P 1,80,1015000.0,1164621.875,637500.0,1500000.0,98.16279352719309,False,20
SW1P 2,128,976250.0,1109853.2890625,623750.0,1442750.0,98.04112422435819,False,20
SW1P 3,122,2113550.0,2512714.1639344264,1142450.0,2953750.0,99.59849130064484,False,20
SW1P 4,212,702500.0,896982.0424528302,543750.0,1106250.0,94.90205621121791,False,20
SW1V 1,59,1000000.0,1262460.6101694915,537500.0,1775000.5,98.13237620148436,False,20
SW1V 2,206,728000.0,932975.9805825243,553750.0,1015000.0,95.43740114369145,False,20
SW1V 3,132,597500.0,800779.5833333334,460000.0,1082500.0,91.36147949872247,False,20
SW1V 4,192,643750.0,915163.4479166666,540000.0,906250.0,93.25343715780508,False,20
SW1W 0,35,1850000.0,3399675.1428571427,1020000.0,2798500.0,99.48290546295169,False,20
SW1W 8,191,1575000.0,3616306.9842931936,845500.0,4354305.5,99.25781725270714,False,20
SW1W 9,115,2550000.0,3396584.0347826085,874000.0,4575000.0,99.72016060347974,False,20
SW1X 0,107,2075000.0,2602854.495327103,1135000.0,3300000.0,99.57415744007787,False,20
SW1X 7,59,5035000.0,11552923.118644068,2387500.0,14750000.0,99.93916534858255,False,20
SW1X 8,78,2537500.0,4063631.5256410255,1606250.0,4918750.0,99.70799367319626,False,20
SW1X 9,53,2735000.0,3667814.150943396,1245000.0,4200000.0,99.79316218518068,False,20
SW1Y 5,5,2600000.0,3917380.0,1165000.0,4050000.0,99.73841099890498,True,20
SW1Y 6,15,915000.0,1340450.0,485000.0,1965000.0,97.59094780386908,True,20
SW2 1,254,515000.0,579494.6968503937,399103.75,658750.0,86.35478768706655,False,20
SW2 2,387,550000.0,632711.5322997416,411000.0,762500.0,88.66650444092954,False,20
SW2 3,433,492000.0,594749.5127020786,357000.0,738000.0,84.31682686458205,False,20
SW2 4,448,475000.0,544046.0848214285,350000.0,650000.0,82.6621243460275,False,20
SW2 5,419,577500.0,623110.8520286396,475000.0,722500.0,90.49154398345297,False,20
SW20 0,357,795000.0,1075045.0028011205,450000.0,1425000.0,96.61759338118992,False,20
SW20 8,553,655000.0,731220.8408679927,435000.0,887500.0,93.63061199659326,False,20
SW20 9,276,705000.0,688302.6739130435,453750.0,860000.0,94.9689743277771,False,20
SW3 1,46,1337500.0,2368172.8260869565,996250.0,3455000.0,98.91714320476945,False,20
SW3 2,159,2100000.0,2719728.7924528304,1172500.0,3500000.0,99.58632437036135,False,20
SW3 3,178,945000.0,1534677.168539326,516250.0,1876625.0,97.79778561868841,False,20
SW3 4,183,1720000.0,2411072.338797814,995000.0,3125000.0,99.37948655554204,False,20
SW3 5,247,1350000.0,2808693.623481781,750000.0,2927500.0,98.94756053047816,False,20
SW3 6,117,1917500.0,4079354.700854701,890000.0,5125000.0,99.52548971894392,False,20
SW4 0,301,710000.0,1015773.8803986711,527500.0,1065000.0,95.07239323518675,False,20
SW4 6,314,561587.5,661716.2738853503,442500.0,720000.0,89.53643995619906,False,20
SW4 7,283,561500.0,634909.5053003534,460000.0,700000.0,89.52427302591556,False,20
SW4 8,195,510000.0,729691.9948717948,400000.0,725000.0,85.96544591799488,False,20
SW4 9,425,868000.0,1080611.28,590000.0,1458250.0,97.33544226791581,False,20
SW5 0,240,1100000.0,1414170.8708333333,681375.0,1846250.0,98.41829906314636,False,20
SW5 9,275,770000.0,860059.9527272728,533500.0,1070000.0,96.21000121669303,False,20
SW6 1,250,700000.0,919211.08,546250.0,1073000.0,94.8473050249422,False,20
SW6 2,1100,925700.0,1136439.7672727273,700000.0,1358387.5,97.65178245528652,False,20
SW6 3,371,1600000.0,1861227.2264150945,777500.0,2647425.0,99.27606764813237,False,20
SW6 4,328,866587.5,1181208.405487805,571500.0,1656250.0,97.32327533763232,False,20
SW6 5,278,787500.0,1143040.7841726618,575500.0,1503317.25,96.520257938922,False,20
SW6 6,500,835000.0,1135889.972,654175.0,1396250.0,97.00085168511986,False,20
SW6 7,437,850000.0,980681.6636155606,590000.0,1300000.0,97.14077138337997,False,20
SW7 1,104,2942500.0,3561987.6923076925,1500000.0,4050000.0,99.81749604574766,False,20
SW7 2,58,3025000.0,3686729.896551724,1912687.5,5000000.0,99.82966297603116,False,20
SW7 3,152,1635000.0,1931606.9144736843,1045000.0,2506250.0,99.33081883440808,False,20
SW7 4,219,1175000.0,1654143.2374429223,842500.0,1900000.0,98.59471955225698,False,20
SW7 5,175,1450000.0,1961425.72,925000.0,2115000.0,99.09964715902177,False,20
SW8 1,432,735750.0,919384.6412037037,492500.0,1130080.5,95.64423895851077,False,20
SW8 2,370,540000.0,688220.5081081081,410000.0,744250.0,88.00340674047938,False,20
SW8 3,236,595499.5,635249.529661017,500000.0,715500.0,91.33714563815549,False,20
SW8 4,160,480000.0,538593.3125,399500.0,602587.5,83.24005353449326,False,20
SW8 5,197,1360680.0,1855862.3553299492,955000.0,1730700.0,98.99014478647037,False,20
SW9 0,360,515000.0,586822.55,415000.0,613125.0,86.35478768706655,False,20
SW9 6,191,475000.0,519712.8219895288,385000.0,600000.0,82.6621243460275,False,20
SW9 7,123,435000.0,469474.4959349593,359750.0,568875.0,77.95960579145881,False,20
SW9 8,118,495000.0,533735.593220339,406250.0,600000.0,84.52366467940139,False,20
SW9 9,393,575000.0,648056.7302798983,450000.0,770000.0,90.29687309891715,False,20
SY1 1,107,251000.0,334441.5420560748,185600.0,397500.0,38.30149653242486,False,20
SY1 2,394,211500.0,230151.59137055837,170000.0,255000.0,26.15890010950237,False,20
SY1 3,241,218000.0,223181.32780082987,190000.0,250000.0,27.83185302348218,False,20
SY1 4,327,210000.0,218850.6880733945,180000.0,245000.0,25.6053047816036,False,20
SY10 0,80,281625.0,302748.75,201250.0,381250.0,47.01301861540333,False,20
SY10 7,188,240000.0,292715.9574468085,158000.0,385000.0,34.59058279596058,False,20
SY10 8,119,370000.0,414671.9075630252,287500.0,497500.0,67.1067039785862,False,20
SY10 9,177,330000.0,347513.1073446328,220000.0,420000.0,59.15561503832583,False,20
SY11 1,294,195250.0,227125.22108843538,143125.0,282875.0,21.754471346879182,False,20
SY11 2,367,205000.0,228422.8855585831,169475.0,265000.0,24.20610779900231,False,20
SY11 3,293,222500.0,249959.35494880547,180000.0,299995.0,29.413553960335808,False,20
SY11 4,216,275000.0,315695.9259259259,218750.0,370000.0,44.84730502494221,False,20
SY12 0,274,225000.0,260369.59124087592,165000.0,305000.0,30.143569777345174,False,20
SY12 9,152,279997.5,329667.8947368421,224500.0,395000.0,45.93624528531451,False,20
SY13 1,519,220000.0,240866.4816955684,160750.0,300000.0,28.555785375349803,False,20
SY13 2,190,305000.0,333921.2631578947,237562.5,378750.0,52.81664436062782,False,20
SY13 3,179,302500.0,320693.2625698324,243750.0,380000.0,52.4333860566979,False,20
SY13 4,114,382500.0,412211.98245614034,275000.0,504250.0,69.8260128969461,False,20
SY14 7,121,450000.0,494522.5619834711,325000.0,625000.0,80.05840126536074,False,20
SY14 8,149,330000.0,390138.57718120806,236250.0,488495.0,59.15561503832583,False,20
SY15 6,181,255000.0,292975.96132596687,200000.0,350000.0,39.068013140284705,False,20
SY16 1,138,160000.0,169255.97826086957,140000.0,185000.0,11.856673561260495,False,20
SY16 2,182,200000.0,214825.03296703298,145125.0,269250.0,22.885995863243703,False,20
SY16 3,105,275000.0,296600.0,175000.0,380000.0,44.84730502494221,False,20
SY16 4,147,235000.0,256899.89115646257,186000.0,300000.0,33.14271809222533,False,20
SY17 5,125,240000.0,269576.992,165500.0,355000.0,34.59058279596058,False,20
SY18 6,159,200000.0,230195.5786163522,129750.0,283750.0,22.885995863243703,False,20
SY19 7,34,252500.0,283345.5588235294,178750.0,371250.0,38.46575009125198,False,20
SY2 5,583,290000.0,303488.55231560895,234500.0,359975.0,48.89280934420246,False,20
SY2 6,574,281200.0,302035.4860627178,230000.0,352000.0,46.95218396398589,False,20
SY20 8,160,192500.0,223507.43125,153000.0,294250.0,20.68986494707385,False,20
SY20 9,117,180000.0,235394.44444444444,140000.0,307500.0,16.912033094050372,False,20
SY21 0,88,249950.0,288598.29545454547,159750.0,376875.0,37.04830271322545,False,20
SY21 7,175,185000.0,198110.36,149225.0,232500.0,18.432899379486557,False,20
SY21 8,147,270000.0,291421.02040816325,195000.0,359500.0,43.569777345175815,False,20
SY21 9,105,270000.0,310352.38095238095,205000.0,375000.0,43.569777345175815,False,20
SY22 5,59,225000.0,267542.3728813559,136250.0,372500.0,30.143569777345174,False,20
SY22 6,277,265000.0,289405.1913357401,200000.0,340000.0,42.18274729285801,False,20
SY23 1,192,200000.0,223075.76041666666,170000.0,250000.0,22.885995863243703,False,20
SY23 2,94,182250.0,227020.21276595743,151250.0,283000.0,17.727217423044166,False,20
SY23 3,315,235000.0,246997.45396825398,179250.0,290000.0,33.14271809222533,False,20
SY23 4,177,260000.0,279964.3672316384,182500.0,340000.0,40.716632193697535,False,20
SY23 5,115,229000.0,246820.86956521738,182500.0,298750.0,31.183842316583526,False,20
SY24 5,163,225000.0,244723.82208588958,170000.0,284250.0,30.143569777345174,False,20
SY25 6,140,195000.0,241831.7857142857,137500.0,318900.0,21.395546903516244,False,20
SY3 0,205,280000.0,312580.2536585366,245000.0,333000.0,46.40467210122886,False,20
SY3 5,388,280125.0,293865.3402061856,218122.0,362695.25,46.86701545200146,False,20
SY3 6,101,241000.0,267111.801980198,210000.0,300000.0,35.16242851928458,False,20
SY3 7,329,265000.0,337900.0455927052,195000.0,374500.0,42.18274729285801,False,20
SY3 8,460,370000.0,388909.35869565216,255000.0,484250.0,67.1067039785862,False,20
SY3 9,266,350000.0,390692.1729323308,254250.0,500000.0,63.219369753011314,False,20
SY4 1,132,336000.0,399867.51515151514,247875.0,472500.0,60.706898649470745,False,20
SY4 2,233,360000.0,366454.24463519314,265000.0,419950.0,65.14174473780265,False,20
SY4 3,127,345000.0,390495.9763779527,285000.0,445000.0,62.16084681834773,False,20
SY4 4,205,334500.0,365160.28292682924,235000.0,450000.0,59.97079936731963,False,20
SY4 5,368,258250.0,287261.39130434784,185000.0,355000.0,39.93186519041246,False,20
SY5 0,259,285000.0,342770.2084942085,235000.0,420000.0,47.773451758121425,False,20
SY5 6,118,320000.0,390890.1440677966,250000.0,473750.0,56.54580849251734,False,20
SY5 7,83,342000.0,445304.7710843373,255000.0,557500.0,61.680253072149895,False,20
SY5 8,156,322750.0,352476.3012820513,253750.0,421250.0,57.31232510037717,False,20
SY5 9,133,325000.0,352852.5714285714,230000.0,455000.0,57.99367319625258,False,20
SY6 6,191,348000.0,364688.1832460733,210670.0,480000.0,62.68402482053778,False,20
SY6 7,97,500000.0,529007.8969072165,360000.0,695000.0,85.14417812385935,False,20
SY7 0,145,309995.0,367551.32413793105,228500.0,450000.0,53.54057671249544,False,20
SY7 7,1,425000.0,425000.0,425000.0,425000.0,76.45698990144787,True,20
SY7 8,104,366750.0,394733.16346153844,266875.0,525000.0,66.46794013870301,False,20
SY7 9,129,310000.0,343084.4651162791,200000.0,425000.0,53.948168876992334,False,20
SY8 1,451,250000.0,296799.2461197339,185000.0,344950.0,37.717483878817376,False,20
SY8 2,181,267000.0,307260.91160220996,185000.0,365000.0,42.75459301618202,False,20
SY8 3,99,296012.0,362261.3333333333,245000.0,467000.0,50.529261467331786,False,20
SY8 4,156,413750.0,433865.0641025641,299375.0,515000.0,74.35211096240418,False,20
SY9 5,99,290000.0,325890.1313131313,197500.0,445000.0,48.89280934420246,False,20
TA1 1,383,215000.0,235264.02872062664,158000.0,273475.0,26.998418299063147,False,20
TA1 2,402,235500.0,246317.83582089553,195000.0,285000.0,33.586811047572695,False,20
TA1 3,533,299000.0,313351.78424015007,215000.0,377500.0,50.906436306119964,False,20
TA1 4,339,283000.0,304679.7935103245,194000.0,379000.0,47.31719187249057,False,20
TA1 5,249,315000.0,339831.124497992,250000.0,406000.0,55.170945370483025,False,20
TA10 0,154,380000.0,404485.6233766234,285625.0,453750.0,69.34541915074827,False,20
TA10 9,259,330000.0,404940.4517374517,244000.0,500000.0,59.15561503832583,False,20
TA11 6,370,335000.0,377767.73783783783,260000.0,427498.75,60.3479742061078,False,20
TA11 7,97,450000.0,507452.1030927835,290000.0,630000.0,80.05840126536074,False,20
TA12 6,284,263000.0,313782.21830985916,200000.0,360000.0,41.598734639250516,False,20
TA13 5,202,373250.0,404566.7574257426,256250.0,503750.0,67.67246623676846,False,20
TA14 6,141,307500.0,346204.9645390071,240000.0,415000.0,53.26682078111692,False,20
TA15 6,21,310000.0,386571.4285714286,240000.0,420000.0,53.948168876992334,False,20
TA16 5,82,277000.0,317502.43902439025,222625.0,353750.0,45.49823579510889,False,20
TA17 8,36,486250.0,559765.4722222222,347500.0,731250.0,83.82406618810074,False,20
TA18 7,221,268000.0,282058.9411764706,170000.0,365000.0,42.99184815671006,False,20
TA18 8,427,245000.0,259172.2669789227,190000.0,295000.0,36.05061442997932,False,20
TA19 0,270,280000.0,325703.1777777778,222875.0,378625.0,46.40467210122886,False,20
TA19 9,302,323500.0,357521.38410596026,240000.0,445000.0,57.42182747292858,False,20
TA2 6,505,260000.0,274295.6514851485,209000.0,325000.0,40.716632193697535,False,20
TA2 7,334,235000.0,244405.45508982035,195750.0,280000.0,33.14271809222533,False,20
TA2 8,567,300000.0,342639.0546737213,237750.0,405000.0,51.65470251855457,False,20
TA20 1,469,248000.0,250968.2409381663,183000.0,306000.0,36.768463316705194,False,20
TA20 2,297,266350.0,286985.2457912458,190000.0,343000.0,42.669424504197586,False,20
TA20 3,73,465000.0,516517.80821917806,330000.0,655000.0,81.53059982966298,False,20
TA20 4,74,417500.0,464216.2972972973,271250.0,574375.0,75.18554568682322,False,20
TA21 0,155,282000.0,371949.0,219750.0,470000.0,47.086020197104276,False,20
TA21 8,388,260250.0,282255.4510309278,204250.0,340000.0,41.19114247475362,False,20
TA21 9,417,290000.0,312725.30455635494,230000.0,385000.0,48.89280934420246,False,20
TA22 9,86,327500.0,365050.0,218500.0,442250.0,58.62635357099404,False,20
TA23 0,261,258000.0,303720.0114942529,210000.0,350000.0,39.87711400413676,False,20
TA24 5,300,241000.0,261332.18666666668,150000.0,330000.0,35.16242851928458,False,20
TA24 6,240,280000.0,319398.8958333333,220000.0,410000.0,46.40467210122886,False,20
TA24 7,57,380000.0,405453.7192982456,275000.0,465000.0,69.34541915074827,False,20
TA24 8,234,325000.0,363821.2606837607,255000.0,424375.0,57.99367319625258,False,20
TA3 5,254,326250.0,366622.83464566927,255125.0,419750.0,58.52293466358438,False,20
TA3 6,152,437500.0,471658.0592105263,316000.0,591250.0,78.31244676968001,False,20
TA3 7,175,425000.0,483933.1314285714,333500.0,600000.0,76.45698990144787,False,20
TA4 1,334,316000.0,353817.5898203593,260000.0,400000.0,55.48728555785375,False,20
TA4 2,173,337246.0,375187.9942196532,242000.0,440000.0,60.76164983574645,False,20
TA4 3,268,346250.0,406885.2835820895,270000.0,470000.0,62.44068621486799,False,20
TA4 4,153,299995.0,331241.98039215687,225000.0,405000.0,51.058522934663586,False,20
TA5 1,280,307750.0,352049.475,245000.0,439625.0,53.315488502250886,False,20
TA5 2,366,300750.0,325930.71857923496,255000.0,380000.0,52.23263170702032,False,20
TA6 3,358,195000.0,198876.8966480447,151709.75,231500.0,21.395546903516244,False,20
TA6 4,576,220000.0,228943.28298611112,189983.75,260000.0,28.555785375349803,False,20
TA6 5,236,200000.0,204862.6779661017,154250.0,248000.0,22.885995863243703,False,20
TA6 6,561,248000.0,269899.4099821747,202000.0,320000.0,36.768463316705194,False,20
TA6 7,331,313950.0,320185.0604229607,257250.0,370000.0,54.7998539968366,False,20
TA7 0,174,342250.0,387070.5114942529,255625.0,475000.0,61.70458693271688,False,20
TA7 8,279,290000.0,318755.5734767025,228000.0,370000.0,48.89280934420246,False,20
TA7 9,125,380000.0,439725.16,290000.0,534000.0,69.34541915074827,False,20
TA8 1,386,260750.0,268070.8678756477,216250.0,315000.0,41.23981019588758,False,20
TA8 2,533,285000.0,299712.72983114445,217000.0,360000.0,47.773451758121425,False,20
TA9 3,473,260000.0,254714.5708245243,217000.0,289995.0,40.716632193697535,False,20
TA9 4,149,400000.0,419143.28859060403,285000.0,512000.0,72.52707141988076,False,20
TD12 4,37,275000.0,275454.0540540541,200000.0,340000.0,44.84730502494221,False,20
TD15 1,259,170000.0,237144.47876447876,125500.0,310000.0,14.296143083100135,False,20
TD15 2,458,190000.0,233829.53056768558,140000.0,290000.0,19.959849130064487,False,20
TD9 0,3,135000.0,186598.33333333334,107500.0,239897.5,6.3328872125562725,True,20
TF1 1,148,177500.0,186925.33783783784,143000.0,225000.0,16.169850346757514,False,20
TF1 2,283,220000.0,250042.6183745583,166250.0,300000.0,28.555785375349803,False,20
TF1 3,292,220000.0,241690.9623287671,195000.0,280250.0,28.555785375349803,False,20
TF1 5,444,195000.0,201285.06981981982,152187.5,240000.0,21.395546903516244,False,20
TF1 6,380,245500.0,261369.36842105264,185000.0,324962.5,36.366954617350046,False,20
TF10 7,564,263975.0,281917.1914893617,212000.0,335000.0,41.70823701180193,False,20
TF10 8,137,418000.0,461401.496350365,310000.0,605000.0,75.22812994281543,False,20
TF10 9,116,365000.0,396446.5,260875.0,483750.0,66.10293223019832,False,20
TF11 8,329,269995.0,302037.43161094224,211000.0,370000.0,43.241270227521596,False,20
TF11 9,141,275000.0,349285.8014184397,225000.0,430000.0,44.84730502494221,False,20
TF12 5,188,246250.0,287565.5319148936,194750.0,351250.0,36.47645698990144,False,20
TF13 6,145,389950.0,413102.4137931034,280000.0,516800.0,70.72028227278257,False,20
TF2 0,80,181250.0,214649.025,160000.0,265000.0,17.441294561382165,False,20
TF2 5,134,283000.0,290932.98507462686,249250.0,320000.0,47.31719187249057,False,20
TF2 6,245,190000.0,199236.4163265306,165000.0,221750.0,19.959849130064487,False,20
TF2 7,300,200000.0,208087.84,169587.5,248000.0,22.885995863243703,False,20
TF2 8,320,209500.0,228482.04375,165000.0,278500.0,25.082126779413557,False,20
TF2 9,725,295000.0,301936.41793103446,205000.0,379995.0,50.121669302834896,False,20
TF3 1,261,173000.0,185731.40996168583,132500.0,230000.0,14.95924078355031,False,20
TF3 2,207,165000.0,179866.42512077294,133750.0,212500.0,13.079450054751184,False,20
TF3 4,3,430000.0,459166.6666666667,430000.0,473750.0,77.35125927728434,True,20
TF3 5,290,235000.0,238253.76206896553,186250.0,289500.0,33.14271809222533,False,20
TF4 2,611,240000.0,245226.84779050737,182500.0,299226.0,34.59058279596058,False,20
TF4 3,471,225000.0,234783.05944798302,170000.0,280125.0,30.143569777345174,False,20
TF5 0,186,300000.0,332851.3602150538,217750.0,395000.0,51.65470251855457,False,20
TF6 5,251,265000.0,303121.7091633466,249500.0,342500.0,42.18274729285801,False,20
TF6 6,226,335237.5,374269.8539823009,265000.0,424625.0,60.652147463195035,False,20
TF7 4,147,140000.0,185727.89115646257,115000.0,224997.5,7.409660542645091,False,20
TF7 5,326,165000.0,184566.24233128835,125000.0,215000.0,13.079450054751184,False,20
TF8 7,193,275000.0,303974.40414507774,220000.0,385000.0,44.84730502494221,False,20
TF9 1,265,222500.0,247327.22264150943,181950.0,280000.0,29.413553960335808,False,20
TF9 2,193,340000.0,396962.46113989636,240000.0,485000.0,61.309161698503466,False,20
TF9 3,369,240000.0,270429.0704607046,185000.0,335000.0,34.59058279596058,False,20
TF9 4,267,365000.0,382016.06741573033,257500.0,447500.0,66.10293223019832,False,20
TN1 1,274,325000.0,472114.6167883212,236275.0,600000.0,57.99367319625258,False,20
TN1 2,366,357250.0,478844.01092896174,245000.0,524000.0,64.56989901447865,False,20
TN10 3,244,446250.0,493833.20081967214,359000.0,550000.0,79.46830514661151,False,20
TN10 4,266,510000.0,538238.7481203007,411250.0,650000.0,85.96544591799488,False,20
TN11 0,150,403500.0,491986.2,320000.0,519375.0,73.0198320963621,False,20
TN11 8,75,750000.0,969588.0933333334,525000.0,975000.0,95.92407835503103,False,20
TN11 9,249,625000.0,721135.389558233,475000.0,830000.0,92.6146733179219,False,20
TN12 0,280,380000.0,406142.4392857143,307500.0,472748.75,69.34541915074827,False,20
TN12 5,86,405000.0,442833.72093023255,331375.0,479750.0,73.17191872490571,False,20
TN12 6,663,450000.0,480803.5037707391,365250.0,579750.0,80.05840126536074,False,20
TN12 7,107,640000.0,695815.3177570093,406500.0,917500.0,93.16218518067892,False,20
TN12 8,79,560000.0,644259.493670886,400000.0,735000.0,89.33568560652148,False,20
TN12 9,197,425000.0,482309.4771573604,310000.0,640000.0,76.45698990144787,False,20
TN13 1,276,608000.0,945810.0833333334,381875.0,1395000.0,91.92724175690473,False,20
TN13 2,359,710000.0,867588.6128133704,460000.0,1150000.0,95.07239323518675,False,20
TN13 3,446,685000.0,847906.9887892377,472375.0,1078750.0,94.41537899987833,False,20
TN14 5,312,522500.0,587814.2307692308,347375.0,735000.0,86.79888064241392,False,20
TN14 6,87,730000.0,875234.4827586206,458250.0,1100000.0,95.51040272539238,False,20
TN14 7,176,643750.0,725711.5681818182,470000.0,850000.0,93.25343715780508,False,20
TN15 0,165,770000.0,1033612.6666666666,490000.0,1200000.0,96.21000121669303,False,20
TN15 6,319,518000.0,599582.1003134797,410000.0,680000.0,86.54337510646064,False,20
TN15 7,108,500000.0,609011.574074074,341500.0,785000.0,85.14417812385935,False,20
TN15 8,269,440000.0,494292.01115241635,355000.0,535000.0,78.6652877479012,False,20
TN15 9,55,825000.0,925118.1818181818,610000.0,1162500.0,96.93393356856065,False,20
TN16 1,189,475000.0,631848.9576719577,385000.0,695000.0,82.6621243460275,False,20
TN16 2,89,630000.0,736535.8426966292,500000.0,940000.0,92.87626231901692,False,20
TN16 3,478,450000.0,485571.0251046025,386250.0,575000.0,80.05840126536074,False,20
TN17 1,72,442500.0,593444.4444444445,283750.0,745000.0,79.02421219126414,False,20
TN17 2,143,530000.0,660503.4965034965,384630.0,829750.0,87.43156101715537,False,20
TN17 3,212,421250.0,494384.2783018868,310000.0,604625.0,75.89731110840735,False,20
TN17 4,102,440000.0,565733.2843137255,318500.0,739250.0,78.6652877479012,False,20
TN18 4,171,365000.0,452636.91228070174,292000.0,541175.0,66.10293223019832,False,20
TN18 5,84,550000.0,626635.8333333334,373750.0,810000.0,88.66650444092954,False,20
TN19 7,167,450000.0,566635.3832335329,320000.0,705000.0,80.05840126536074,False,20
TN2 3,497,375000.0,413553.4144869215,277500.0,520000.0,68.18956077381677,False,20
TN2 4,335,452500.0,562491.4865671642,350000.0,668908.5,80.56332887212557,False,20
TN2 5,507,595000.0,672950.3116370809,394750.0,861415.0,91.2823944518798,False,20
TN20 6,121,585000.0,685262.8099173554,395000.0,850000.0,90.9295534736586,False,20
TN21 0,296,420000.0,504428.6722972973,325000.0,563750.0,75.5627205256114,False,20
TN21 8,375,325000.0,351777.2,235000.0,430000.0,57.99367319625258,False,20
TN21 9,90,485000.0,585326.6666666666,385000.0,693750.0,83.62331183842316,False,20
TN22 1,321,320000.0,341623.17445482867,277500.0,375000.0,56.54580849251734,False,20
TN22 2,141,500000.0,596833.3333333334,380000.0,650000.0,85.14417812385935,False,20
TN22 3,159,608000.0,703051.3773584906,428750.0,826250.0,91.92724175690473,False,20
TN22 4,117,570000.0,629030.7692307692,425000.0,770000.0,89.97444944640466,False,20
TN22 5,544,430000.0,477453.09375,355000.0,550000.0,77.35125927728434,False,20
TN23 1,60,272750.0,255814.51666666666,167750.0,350000.0,44.178123859350286,False,20
TN23 3,707,345000.0,364274.125884017,262750.0,441250.0,62.16084681834773,False,20
TN23 4,208,265000.0,283957.5721153846,219750.0,322000.0,42.18274729285801,False,20
TN23 5,496,262750.0,265274.1995967742,230000.0,300250.0,41.543983452974814,False,20
TN23 6,45,270000.0,287232.22222222225,250000.0,310000.0,43.569777345175815,False,20
TN23 7,167,270000.0,264483.77245508984,221000.0,300500.0,43.569777345175815,False,20
TN23 8,89,520000.0,535482.584269663,380000.0,665000.0,86.67721133957902,False,20
TN24 0,578,305000.0,322957.26816608995,250000.0,375000.0,52.81664436062782,False,20
TN24 8,238,280000.0,293717.512605042,230000.0,345000.0,46.40467210122886,False,20
TN24 9,534,348000.0,370319.0411985019,290000.0,450000.0,62.68402482053778,False,20
TN25 4,192,475750.0,504641.9322916667,350000.0,622375.0,82.86896216084682,False,20
TN25 5,129,480000.0,522445.54263565893,360000.0,625000.0,83.24005353449326,False,20
TN25 6,225,420000.0,473450.73333333334,322500.0,560000.0,75.5627205256114,False,20
TN25 7,392,375000.0,387068.9974489796,305000.0,440000.0,68.18956077381677,False,20
TN26 1,85,475000.0,518370.5882352941,340000.0,661000.0,82.6621243460275,False,20
TN26 2,187,437500.0,476229.2245989305,340000.0,580000.0,78.31244676968001,False,20
TN26 3,165,500000.0,593492.0848484848,372000.0,770000.0,85.14417812385935,False,20
TN27 0,170,497500.0,588139.4941176471,365000.0,782500.0,84.7426694245042,False,20
TN27 8,94,482500.0,588008.2553191489,361875.0,799250.0,83.44689134931257,False,20
TN27 9,273,412500.0,476627.4358974359,340000.0,550000.0,74.23652512471104,False,20
TN28 8,424,345000.0,354026.42452830187,273750.0,415000.0,62.16084681834773,False,20
TN29 0,313,315000.0,341239.92012779554,278000.0,370000.0,55.170945370483025,False,20
TN29 9,194,277750.0,317990.8608247423,231250.0,349500.0,45.711157075069956,False,20
TN3 0,184,777500.0,891148.2282608695,523750.0,1052500.0,96.34992091495316,False,20
TN3 8,43,515000.0,683679.8837209302,384020.0,762500.0,86.35478768706655,False,20
TN3 9,161,598306.0,782915.1366459627,395000.0,950000.0,91.38581335928944,False,20
TN30 6,315,415000.0,486101.1746031746,331250.0,605000.0,74.71103540576712,False,20
TN30 7,200,569725.0,569213.41,399483.75,669996.25,89.87711400413676,False,20
TN31 6,278,457500.0,521740.4244604317,352875.0,623750.0,80.91616985034675,False,20
TN31 7,382,376000.0,442881.2382198953,280000.0,500000.0,68.6579875897311,False,20
TN32 5,151,470000.0,538637.417218543,327500.0,655000.0,82.10852901812873,False,20
TN33 0,325,419000.0,468443.3353846154,280000.0,570000.0,75.28896459423288,False,20
TN33 9,120,477500.0,510317.9166666667,353750.0,620487.5,83.02104878939043,False,20
TN34 1,334,195000.0,247356.62874251496,130000.0,325000.0,21.395546903516244,False,20
TN34 2,548,345000.0,358713.0018248175,278750.0,420000.0,62.16084681834773,False,20
TN34 3,505,265000.0,303888.6792079208,190000.0,360000.0,42.18274729285801,False,20
TN35 4,263,390000.0,448760.7946768061,310000.0,545000.0,70.97578780873586,False,20
TN35 5,359,285000.0,303708.16991643456,228250.0,347500.0,47.773451758121425,False,20
TN36 4,107,440000.0,573550.0,336500.0,635000.0,78.6652877479012,False,20
TN37 6,496,210000.0,242036.94758064515,155000.0,290000.0,25.6053047816036,False,20
TN37 7,383,322000.0,341951.8276762402,270000.0,391250.0,57.202822727825776,False,20
TN38 0,744,261500.0,313841.81586021505,185000.0,390000.0,41.367562963864216,False,20
TN38 8,191,285000.0,318162.1832460733,250000.0,350000.0,47.773451758121425,False,20
TN38 9,342,312747.5,327209.70175438595,258500.0,384995.0,54.67818469400171,False,20
TN39 3,557,339950.0,393968.0771992819,227000.0,520000.0,60.986738045991,False,20
TN39 4,565,400000.0,424192.90442477877,305000.0,515000.0,72.52707141988076,False,20
TN39 5,184,300000.0,329328.1956521739,240000.0,385625.0,51.65470251855457,False,20
TN4 0,386,450000.0,547266.170984456,320000.0,734500.0,80.05840126536074,False,20
TN4 8,389,412500.0,568917.2724935733,295000.0,595000.0,74.23652512471104,False,20
TN4 9,565,445000.0,533735.8495575221,330000.0,680000.0,79.26146733179219,False,20
TN40 1,524,210000.0,236728.60877862596,149987.5,290250.0,25.6053047816036,False,20
TN40 2,557,310000.0,313061.32854578097,250000.0,378000.0,53.948168876992334,False,20
TN5 6,205,540000.0,656356.0975609756,380000.0,800000.0,88.00340674047938,False,20
TN5 7,159,465000.0,565661.4088050314,360000.0,646900.0,81.53059982966298,False,20
TN6 1,388,475000.0,534507.9226804124,315000.0,725625.0,82.6621243460275,False,20
TN6 2,533,420000.0,447492.45778611634,326000.0,525000.0,75.5627205256114,False,20
TN6 3,340,455000.0,518074.1529411765,365000.0,600750.0,80.72149896581092,False,20
TN7 4,61,720000.0,832119.655737705,462500.0,1020000.0,95.26706411972259,False,20
TN8 5,196,410000.0,469917.85714285716,345000.0,535000.0,73.84109989049763,False,20
TN8 6,214,450000.0,519641.0654205608,346250.0,584250.0,80.05840126536074,False,20
TN8 7,69,775000.0,885587.2028985508,550000.0,1195000.0,96.28300279839397,False,20
TN9 1,399,317000.0,380865.39348370925,230000.0,451000.0,55.56637060469644,False,20
TN9 2,481,410000.0,445034.0498960499,325000.0,545000.0,73.84109989049763,False,20
TQ1 1,368,197750.0,246269.02173913043,150000.0,255000.0,22.04647767368293,False,20
TQ1 2,248,300000.0,422958.5887096774,178237.5,576250.0,51.65470251855457,False,20
TQ1 3,467,195000.0,225847.98286937902,143250.0,285000.0,21.395546903516244,False,20
TQ1 4,442,230000.0,255757.2149321267,172625.0,284375.0,31.71918724905706,False,20
TQ10 9,145,310000.0,388561.724137931,245000.0,420000.0,53.948168876992334,False,20
TQ11 0,154,240000.0,303588.55194805196,195297.25,321875.0,34.59058279596058,False,20
TQ12 1,699,265000.0,286154.7782546495,206375.0,344997.5,42.18274729285801,False,20
TQ12 2,267,189000.0,221608.3220973783,149000.0,260000.0,19.40625380216571,False,20
TQ12 3,530,286000.0,307539.26981132076,230000.0,375000.0,48.16279352719309,False,20
TQ12 4,371,265000.0,303221.96226415096,218500.0,348750.0,42.18274729285801,False,20
TQ12 5,395,335000.0,370921.0582278481,275000.0,402500.0,60.3479742061078,False,20
TQ12 6,323,320000.0,346387.8637770898,239000.0,416000.0,56.54580849251734,False,20
TQ13 0,300,300000.0,351415.9666666667,243825.0,401250.0,51.65470251855457,False,20
TQ13 7,218,310000.0,385927.4862385321,240000.0,463750.0,53.948168876992334,False,20
TQ13 8,185,440000.0,526778.5945945946,310000.0,596000.0,78.6652877479012,False,20
TQ13 9,449,395000.0,461620.1804008909,299950.0,550000.0,71.68146976517824,False,20
TQ14 0,106,452500.0,530165.962264151,347444.0,693750.0,80.56332887212557,False,20
TQ14 8,459,295000.0,326478.58605664485,187250.0,438000.0,50.121669302834896,False,20
TQ14 9,439,312500.0,347138.1617312073,233000.0,425000.0,54.63560043800949,False,20
TQ2 5,185,149500.0,202112.96756756757,110000.0,240000.0,9.058279596057915,False,20
TQ2 6,406,265000.0,314188.8103448276,215000.0,365000.0,42.18274729285801,False,20
TQ2 7,419,250000.0,277472.0787589499,210000.0,340000.0,37.717483878817376,False,20
TQ2 8,295,255000.0,276655.49491525424,195000.0,329000.0,39.068013140284705,False,20
TQ3 1,343,339175.0,374736.44897959183,282750.0,425000.0,60.95632072028228,False,20
TQ3 2,450,227250.0,242904.0888888889,158487.5,300000.0,30.885752524638033,False,20
TQ3 3,535,220000.0,224846.81495327104,180000.0,267000.0,28.555785375349803,False,20
TQ4 5,243,200000.0,231076.33744855967,140500.0,284000.0,22.885995863243703,False,20
TQ4 6,222,290000.0,338726.8153153153,185000.0,469500.0,48.89280934420246,False,20
TQ4 7,597,290000.0,305530.75711892796,250000.0,344995.0,48.89280934420246,False,20
TQ5 0,213,325000.0,384156.4600938967,252000.0,480000.0,57.99367319625258,False,20
TQ5 8,231,290000.0,300616.4502164502,212000.0,358250.0,48.89280934420246,False,20
TQ5 9,388,283750.0,335335.6649484536,225000.0,418500.0,47.37194305876628,False,20
TQ6 0,211,400000.0,559282.3412322275,316250.0,650000.0,72.52707141988076,False,20
TQ6 9,295,365000.0,474172.36610169493,236000.0,606500.0,66.10293223019832,False,20
TQ7 1,329,335000.0,387673.86930091184,225000.0,475000.0,60.3479742061078,False,20
TQ7 2,242,425000.0,536196.6115702479,321250.0,615000.0,76.45698990144787,False,20
TQ7 3,214,550000.0,636440.1401869159,350000.0,772500.0,88.66650444092954,False,20
TQ7 4,144,437500.0,536412.1111111111,288750.0,687500.0,78.31244676968001,False,20
TQ8 8,175,808000.0,1021772.0228571428,547500.0,1300000.0,96.7635965445918,False,20
TQ9 5,454,377475.0,418001.1057268722,281718.75,510712.5,68.7918238228495,False,20
TQ9 6,300,512500.0,571332.9766666667,369246.25,690498.75,86.14794987224724,False,20
TQ9 7,189,465000.0,509232.4338624339,300000.0,627450.0,81.53059982966298,False,20
TR1 1,387,299950.0,358513.3333333333,222500.0,417250.0,50.98552135296265,False,20
TR1 2,248,296000.0,374907.6129032258,220750.0,486250.0,50.49276067648132,False,20
TR1 3,364,305000.0,331997.8489010989,224750.0,390000.0,52.81664436062782,False,20
TR10 8,321,255000.0,286107.4548286604,205000.0,340000.0,39.068013140284705,False,20
TR10 9,135,320000.0,375673.8888888889,224000.0,422500.0,56.54580849251734,False,20
TR11 2,308,310000.0,369302.6720779221,250000.0,441487.5,53.948168876992334,False,20
TR11 3,178,350250.0,395886.5168539326,260000.0,448750.0,63.584377661516,False,20
TR11 4,407,332500.0,420979.0221130221,270000.0,466250.0,59.806545808492515,False,20
TR11 5,626,400000.0,500933.1341853035,285000.0,605000.0,72.52707141988076,False,20
TR12 6,163,399950.0,470199.0613496933,267250.0,574683.5,72.18639737194306,False,20
TR12 7,182,338750.0,383308.6098901099,248125.0,473750.0,60.94415378999878,False,20
TR13 0,182,337250.0,368026.2417582418,260000.0,443750.0,60.77381676602993,False,20
TR13 8,447,255000.0,273382.4317673378,202500.0,338750.0,39.068013140284705,False,20
TR13 9,254,361190.0,397949.91338582675,268125.0,495000.0,65.50675264630733,False,20
TR14 0,258,255000.0,307973.1782945736,195000.0,356375.0,39.068013140284705,False,20
TR14 7,328,256000.0,268209.39024390245,190000.0,327750.0,39.51818956077381,False,20
TR14 8,399,185000.0,189163.4260651629,135000.0,230000.0,18.432899379486557,False,20
TR14 9,122,262500.0,284620.4918032787,200000.0,308750.0,41.495315731840854,False,20
TR15 1,293,210000.0,214084.1228668942,150000.0,265000.0,25.6053047816036,False,20
TR15 2,293,235000.0,244865.96928327644,167000.0,295000.0,33.14271809222533,False,20
TR15 3,352,250000.0,258190.9090909091,195000.0,305625.0,37.717483878817376,False,20
TR16 4,252,303750.0,337622.0238095238,226875.0,390000.0,52.51855456868232,False,20
TR16 5,206,288500.0,326115.359223301,235000.0,398750.0,48.40613213286288,False,20
TR16 6,156,260000.0,300480.7628205128,213750.0,339125.0,40.716632193697535,False,20
TR17 0,32,377500.0,485937.5,289250.0,553750.0,68.87090886969217,False,20
TR18 2,288,226750.0,240419.91319444444,179750.0,280000.0,30.75191629151965,False,20
TR18 3,181,255000.0,271465.3425414365,193127.0,325000.0,39.068013140284705,False,20
TR18 4,247,317000.0,368235.6275303644,246500.0,477500.0,55.56637060469644,False,20
TR18 5,139,300000.0,344456.54676258995,209000.0,415000.0,51.65470251855457,False,20
TR19 6,153,410000.0,453363.28104575165,270000.0,597500.0,73.84109989049763,False,20
TR19 7,224,275000.0,329010.84821428574,213750.0,391250.0,44.84730502494221,False,20
TR2 4,236,310000.0,349266.7966101695,233750.0,402750.0,53.948168876992334,False,20
TR2 5,168,517500.0,713055.0,360000.0,810000.0,86.50687431561018,False,20
TR20 8,192,310000.0,356143.265625,239750.0,450000.0,53.948168876992334,False,20
TR20 9,155,375000.0,414750.79354838707,245000.0,512500.0,68.18956077381677,False,20
TR21 0,47,445000.0,522446.8085106383,310000.0,672500.0,79.26146733179219,False,20
TR22 0,1,440000.0,440000.0,440000.0,440000.0,78.6652877479012,True,20
TR26 1,184,370000.0,433674.402173913,285000.0,510000.0,67.1067039785862,False,20
TR26 2,323,395000.0,521326.19504643965,265000.0,619000.0,71.68146976517824,False,20
TR26 3,73,410000.0,443677.397260274,250000.0,575000.0,73.84109989049763,False,20
TR27 4,344,283000.0,301550.19476744183,217875.0,363125.0,47.31719187249057,False,20
TR27 5,170,290000.0,348633.26470588235,230000.0,420000.0,48.89280934420246,False,20
TR27 6,147,357500.0,371846.71428571426,275000.0,465000.0,64.62465020075435,False,20
TR3 6,346,400000.0,498033.40462427743,295000.0,588750.0,72.52707141988076,False,20
TR3 7,180,369000.0,428584.9166666667,280000.0,525625.0,66.74777953522326,False,20
TR4 8,243,320000.0,357078.71193415637,220000.0,428000.0,56.54580849251734,False,20
TR4 9,217,360000.0,387575.11059907835,253000.0,468000.0,65.14174473780265,False,20
TR5 0,185,460000.0,540660.318918919,346000.0,668000.0,81.13517459544957,False,20
TR6 0,175,380000.0,469845.5657142857,289400.0,570000.0,69.34541915074827,False,20
TR7 1,401,350000.0,393789.97007481294,246000.0,437000.0,63.219369753011314,False,20
TR7 2,466,295000.0,309988.1223175966,215625.0,385000.0,50.121669302834896,False,20
TR7 3,389,315000.0,337619.90745501284,249000.0,390000.0,55.170945370483025,False,20
TR8 4,541,325000.0,390108.42144177447,256500.0,425000.0,57.99367319625258,False,20
TR8 5,209,357000.0,414318.1004784689,280000.0,520000.0,64.55164861905341,False,20
TR9 6,308,267500.0,293437.82467532466,204750.0,363125.0,42.84584499330819,False,20
TS1 1,3,37500.0,37500.0,36250.0,38750.0,0.02433386056697895,True,20
TS1 2,12,105000.0,126479.16666666667,74000.0,141562.5,1.96495924078355,True,20
TS1 3,84,66000.0,72178.98809523809,51625.0,76375.0,0.21900474510281057,False,20
TS1 4,232,70000.0,70291.99137931035,60000.0,80000.0,0.24333860566978952,False,20
TS1 5,9,80000.0,76327.77777777778,64500.0,85500.0,0.4988441416230685,True,20
TS10 1,233,138000.0,141207.21030042917,107500.0,169000.0,6.892566005596788,False,20
TS10 2,538,192500.0,204183.00185873607,148625.0,249937.5,20.68986494707385,False,20
TS10 3,224,140250.0,146654.04017857142,110000.0,167625.0,7.701666869448838,False,20
TS10 4,272,158975.0,163998.75,125000.0,190000.0,11.436914466480106,False,20
TS10 5,188,137250.0,152934.1755319149,115000.0,195000.0,6.703978586202701,False,20
TS11 6,163,180000.0,200025.67484662577,158000.0,215000.0,16.912033094050372,False,20
TS11 7,178,175750.0,193278.65168539327,145000.0,225000.0,15.877844019953766,False,20
TS11 8,131,185000.0,192138.12977099235,150000.0,235000.0,18.432899379486557,False,20
TS12 1,329,235000.0,263461.04863221885,176000.0,320000.0,33.14271809222533,False,20
TS12 2,588,164500.0,173951.72448979592,117875.0,221250.0,12.781360262805693,False,20
TS12 3,123,115000.0,132598.72357723577,90000.0,150000.0,3.0295656405888796,False,20
TS13 4,291,105000.0,129656.23711340207,73500.0,153500.0,1.96495924078355,False,20
TS13 5,104,238750.0,301581.73076923075,181000.0,325000.0,33.970069351502616,False,20
TS14 6,256,125750.0,149918.4375,100000.0,170000.0,4.726852415135661,False,20
TS14 7,234,182500.0,195442.7564102564,155000.0,225000.0,17.79413553960336,False,20
TS14 8,255,277000.0,291341.29411764705,211500.0,343000.0,45.49823579510889,False,20
TS15 0,92,450000.0,464822.72826086957,287500.0,531250.0,80.05840126536074,False,20
TS15 9,715,293000.0,333145.1734265734,205000.0,419995.0,49.653242486920554,False,20
TS16 0,649,247000.0,279599.84129429894,191995.0,329995.0,36.56162550188588,False,20
TS16 9,127,241000.0,276353.3779527559,169000.0,312500.0,35.16242851928458,False,20
TS17 0,649,200000.0,221103.03235747304,159995.0,280000.0,22.885995863243703,False,20
TS17 5,631,247500.0,259969.4152139461,189497.5,314995.0,36.67112787443728,False,20
TS17 6,114,85000.0,92333.18421052632,68687.5,104750.0,0.6691811655919212,False,20
TS17 7,49,85000.0,89874.42857142857,65000.0,110000.0,0.6691811655919212,False,20
TS17 8,222,125000.0,127253.43243243243,98000.0,145000.0,4.4652634140406375,False,20
TS17 9,191,132000.0,130916.722513089,105000.0,156250.0,5.931378513201119,False,20
TS18 1,48,59500.0,67372.08333333333,50000.0,80625.0,0.14600316340187372,False,20
TS18 2,132,145250.0,145558.37121212122,126258.0,180000.0,8.559435454434846,False,20
TS18 3,309,145000.0,142531.18770226536,74000.0,186000.0,8.316096848765056,False,20
TS18 4,208,180000.0,191776.74038461538,120000.0,250000.0,16.912033094050372,False,20
TS18 5,278,200000.0,227239.62230215827,165000.0,254625.0,22.885995863243703,False,20
TS19 0,357,128750.0,144803.83193277312,90000.0,187000.0,5.146611509916048,False,20
TS19 7,357,174000.0,183590.9887955182,145000.0,210000.0,15.080910086385204,False,20
TS19 8,367,146500.0,160386.5667574932,110500.0,188500.0,8.693271687553231,False,20
TS19 9,143,112000.0,121079.61538461539,95250.0,130000.0,2.6888915926511743,False,20
TS2 1,19,45000.0,58363.0,39200.0,69250.0,0.03650079085046843,True,20
TS20 1,475,165000.0,186303.2105263158,130000.0,225000.0,13.079450054751184,False,20
TS20 2,343,118000.0,119934.2944606414,91499.5,142750.0,3.36415622338484,False,20
TS21 1,368,241497.5,267371.2418478261,185183.75,302995.0,35.21109624041854,False,20
TS21 2,143,260000.0,276993.1188811189,195500.0,349997.5,40.716632193697535,False,20
TS21 3,216,179975.0,213712.49537037036,132837.5,275625.0,16.492273999269987,False,20
TS21 4,95,105000.0,122553.13684210526,75000.0,158750.0,1.96495924078355,False,20
TS22 5,852,334995.0,368487.9542253521,224750.0,449996.25,60.01946708845358,False,20
TS23 1,184,132250.0,139932.15217391305,115000.0,157500.0,5.986129699476822,False,20
TS23 2,266,118500.0,122659.84586466165,98500.0,139500.0,3.4189074096605423,False,20
TS23 3,481,140000.0,154628.25363825363,105100.0,188000.0,7.409660542645091,False,20
TS23 4,48,115000.0,123707.1875,101500.0,130125.0,3.0295656405888796,False,20
TS24 0,330,145250.0,149531.73939393938,105000.0,185000.0,8.559435454434846,False,20
TS24 7,36,56500.0,69188.69444444444,39212.5,86999.25,0.12166930283489476,False,20
TS24 8,189,85000.0,88439.4074074074,66950.0,115000.0,0.6691811655919212,False,20
TS24 9,185,105000.0,125275.51351351352,80000.0,165000.0,1.96495924078355,False,20
TS25 1,278,152500.0,165006.56115107914,112000.0,210000.0,10.074218274729285,False,20
TS25 2,447,170000.0,179978.00447427292,149997.5,205000.0,14.296143083100135,False,20
TS25 3,121,100000.0,108228.47107438017,85000.0,127500.0,1.648619053412824,False,20
TS25 4,131,87000.0,93777.18320610687,75475.0,106000.0,0.7482662124346028,False,20
TS25 5,445,98000.0,109774.62471910112,71999.0,145000.0,1.435697773451758,False,20
TS26 0,823,222500.0,242695.32320777644,152250.0,310000.0,29.413553960335808,False,20
TS26 8,271,81999.0,98631.53874538746,45750.0,115700.0,0.5475118627570265,False,20
TS26 9,261,140000.0,158840.92720306513,73000.0,220000.0,7.409660542645091,False,20
TS27 3,400,207500.0,221886.43,154525.0,281249.0,24.83270470860202,False,20
TS27 4,398,106448.0,132738.62060301506,72999.25,170933.75,2.1292127996106585,False,20
TS28 5,312,174500.0,172346.00961538462,99000.0,235661.25,15.135661272660908,False,20
TS29 6,264,98910.0,122018.94318181818,69750.0,148497.0,1.4843654945857159,False,20
TS3 0,162,98000.0,101095.65432098765,80499.75,115000.0,1.435697773451758,False,20
TS3 6,171,55000.0,63932.538011695906,40750.0,82999.0,0.0973354422679158,False,20
TS3 7,139,88000.0,92036.08633093526,78000.0,105000.0,0.7847670032850711,False,20
TS3 8,92,94500.0,101884.21739130435,80000.0,121250.0,1.1315245163645211,False,20
TS3 9,112,93975.0,101021.96428571429,75750.0,119996.25,1.1071906557975422,False,20
TS4 2,211,118000.0,119505.8672985782,89500.0,138500.0,3.36415622338484,False,20
TS4 3,326,165500.0,183463.73926380367,112875.0,243000.0,13.347122520987956,False,20
TS5 4,244,119497.5,124382.5368852459,100000.0,152607.5,3.455408200511011,False,20
TS5 5,294,150500.0,164884.88095238095,112125.0,205000.0,9.824796203917751,False,20
TS5 6,286,123500.0,123422.95104895104,90000.0,143375.0,4.100255505535953,False,20
TS5 7,290,165000.0,180387.14137931034,140000.0,201875.0,13.079450054751184,False,20
TS5 8,553,185000.0,194574.4068716094,155000.0,223500.0,18.432899379486557,False,20
TS6 0,600,174590.0,186949.01833333334,140000.0,231433.75,15.147828202944396,False,20
TS6 6,64,53000.0,74362.03125,44736.25,87499.75,0.08516851198442633,False,20
TS6 7,69,79000.0,78716.46376811594,62500.0,93250.0,0.4562598856308554,False,20
TS6 8,70,90000.0,100544.77142857143,75000.0,122750.0,0.9246867015452002,False,20
TS6 9,407,140000.0,148734.38329238328,110000.0,188497.5,7.409660542645091,False,20
TS7 0,488,299747.5,322852.29918032786,210000.0,412750.0,50.94293709697043,False,20
TS7 8,447,192000.0,218616.1476510067,160000.0,266250.0,20.549945248813724,False,20
TS7 9,193,136500.0,150321.54404145078,112000.0,182000.0,6.576225818226061,False,20
TS8 0,289,177000.0,201851.03460207614,135000.0,237000.0,16.084681834773086,False,20
TS8 9,756,190000.0,203283.11111111112,155000.0,244995.0,19.959849130064487,False,20
TS9 5,277,295000.0,317476.58844765346,225995.0,390000.0,50.121669302834896,False,20
TS9 6,259,230000.0,290716.0193050193,180500.0,317500.0,31.71918724905706,False,20
TS9 7,74,447500.0,540429.0675675676,326250.0,645000.0,79.51697286774547,False,20
TW1 1,399,725000.0,895164.7368421053,461000.0,1133272.0,95.376566492274,False,20
TW1 2,309,720000.0,1011458.4563106796,475000.0,1400000.0,95.26706411972259,False,20
TW1 3,226,572475.0,852265.4690265487,425500.0,1100000.0,90.10828567952306,False,20
TW1 4,292,730000.0,875261.5034246575,442250.0,1176250.0,95.51040272539238,False,20
TW10 5,146,685000.0,1065716.9657534247,480000.0,1307500.0,94.41537899987833,False,20
TW10 6,419,865000.0,1322901.6396181383,615000.0,1400000.0,97.29894147706534,False,20
TW10 7,218,764790.0,1015003.3944954128,600000.0,983750.0,96.13091616985034,False,20
TW11 0,288,765000.0,810777.6597222222,433750.0,1060500.0,96.15525003041732,False,20
TW11 8,369,730000.0,787287.8509485095,435000.0,970000.0,95.51040272539238,False,20
TW11 9,367,861517.0,966572.1798365123,505000.0,1318423.0,97.27460761649836,False,20
TW12 1,264,622500.0,708766.9962121212,420750.0,861250.0,92.40175203796083,False,20
TW12 2,320,689500.0,788094.2875,450000.0,942500.0,94.54921523299672,False,20
TW12 3,248,499975.0,648046.3346774194,404575.0,767000.0,84.88867258790607,False,20
TW13 4,373,373230.0,345348.0026809652,260000.0,437000.0,67.66029930648497,False,20
TW13 5,218,450000.0,435247.7293577982,370000.0,505000.0,80.05840126536074,False,20
TW13 6,181,417500.0,416018.4751381216,370000.0,475000.0,75.18554568682322,False,20
TW13 7,128,415500.0,416036.9765625,365000.0,472972.75,75.03345905827959,False,20
TW14 0,145,415000.0,399001.3724137931,324662.0,481750.0,74.71103540576712,False,20
TW14 8,184,425500.0,398466.8369565217,295000.0,482125.0,76.83416474023605,False,20
TW14 9,222,425000.0,415262.7207207207,360000.0,479750.0,76.45698990144787,False,20
TW15 1,444,450000.0,447955.5382882883,369250.0,525000.0,80.05840126536074,False,20
TW15 2,312,440000.0,436667.6923076923,310000.0,551000.0,78.6652877479012,False,20
TW15 3,304,448975.0,452035.2039473684,344000.0,535000.0,79.55955712373768,False,20
TW16 5,242,597475.0,647835.7644628099,402750.0,786250.0,91.34931256843898,False,20
TW16 6,239,575000.0,636604.690376569,441000.0,797250.0,90.29687309891715,False,20
TW16 7,310,414250.0,398202.8387096774,280000.0,490750.0,74.40077868353814,False,20
TW17 0,181,485000.0,495674.7182320442,415000.0,575000.0,83.62331183842316,False,20
TW17 8,237,530000.0,558459.7594936709,425000.0,635000.0,87.43156101715537,False,20
TW17 9,136,567500.0,597456.6176470588,355000.0,736250.0,89.8162793527193,False,20
TW18 1,260,475000.0,508596.53846153844,425000.0,580000.0,82.6621243460275,False,20
TW18 2,322,443000.0,475963.08385093167,316250.0,613750.0,79.0728799123981,False,20
TW18 3,206,420000.0,460255.0533980582,362500.0,508750.0,75.5627205256114,False,20
TW18 4,432,381250.0,410083.38194444444,309675.0,500350.0,69.68000973354422,False,20
TW19 5,96,692500.0,745851.0416666666,538750.0,853750.0,94.65871760554812,False,20
TW19 6,57,425000.0,415149.1228070175,370000.0,467000.0,76.45698990144787,False,20
TW19 7,316,408000.0,383629.2943037975,280000.0,470000.0,73.50042584255992,False,20
TW2 5,400,599975.0,674122.9,434250.0,786250.0,91.39798028957294,False,20
TW2 6,416,655250.0,675420.34375,560750.0,795000.0,93.67319625258548,False,20
TW2 7,321,625000.0,646812.5981308412,497000.0,778000.0,92.6146733179219,False,20
TW20 0,268,552500.0,750461.5111940298,400000.0,900000.0,88.91592651174108,False,20
TW20 8,240,467750.0,486437.62916666665,399500.0,538500.0,81.82868962160846,False,20
TW20 9,272,417500.0,456355.1875,274750.0,572132.25,75.18554568682322,False,20
TW3 1,149,338000.0,354548.610738255,275000.0,430000.0,60.877235673439586,False,20
TW3 2,192,535000.0,516063.5833333333,427250.0,608125.0,87.71140041367563,False,20
TW3 3,128,381250.0,381159.921875,249500.0,512500.0,69.68000973354422,False,20
TW3 4,206,444000.0,437707.5145631068,342341.0,520000.0,79.12154763353206,False,20
TW4 5,122,422125.0,425731.5573770492,301250.0,556875.0,75.93381189925782,False,20
TW4 6,102,479750.0,470667.01960784313,449500.0,509375.0,83.10621730137487,False,20
TW4 7,73,480000.0,456081.09589041094,330000.0,570000.0,83.24005353449326,False,20
TW5 0,166,537500.0,531485.3855421686,372500.0,650000.0,87.88782090278623,False,20
TW5 9,171,530000.0,519315.2105263158,386000.0,621250.0,87.43156101715537,False,20
TW7 4,213,420000.0,497835.2957746479,300000.0,692000.0,75.5627205256114,False,20
TW7 5,214,467500.0,539855.9205607476,351250.0,689375.0,81.78002190047451,False,20
TW7 6,338,497475.0,514722.4378698225,350250.0,628750.0,84.70616863365373,False,20
TW7 7,283,549500.0,560919.4734982332,386000.0,688950.0,88.42924930040151,False,20
TW8 0,501,460000.0,504639.44910179643,375000.0,620000.0,81.13517459544957,False,20
TW8 8,364,512250.0,554957.4615384615,418000.0,676250.0,86.11753254653851,False,20
TW8 9,141,595000.0,580080.035460993,371500.0,751000.0,91.2823944518798,False,20
TW9 1,215,625000.0,866390.6418604652,450000.0,1067500.0,92.6146733179219,False,20
TW9 2,309,757000.0,949235.928802589,514000.0,1107500.0,96.0700815184329,False,20
TW9 3,165,775000.0,1085596.2121212122,510000.0,1450000.0,96.28300279839397,False,20
TW9 4,291,789950.0,929083.8797250859,510750.0,1215000.0,96.54459179948898,False,20
UB1 1,215,450000.0,431487.26976744185,379524.5,510375.0,80.05840126536074,False,20
UB1 2,157,500000.0,463471.2101910828,400000.0,545000.0,85.14417812385935,False,20
UB1 3,75,456000.0,439239.32,291000.0,577500.0,80.82491787322058,False,20
UB10 0,321,470000.0,484305.3987538941,335000.0,575000.0,82.10852901812873,False,20
UB10 8,469,683500.0,716738.9765458422,465000.0,850000.0,94.33021048789391,False,20
UB10 9,301,515000.0,543136.6810631229,455000.0,595000.0,86.35478768706655,False,20
UB2 4,146,405000.0,458962.4589041096,298500.0,546250.0,73.17191872490571,False,20
UB2 5,202,425000.0,432637.8118811881,296250.0,525000.0,76.45698990144787,False,20
UB3 1,253,430000.0,412356.837944664,305000.0,508000.0,77.35125927728434,False,20
UB3 2,208,440000.0,408606.85096153844,300000.0,520000.0,78.6652877479012,False,20
UB3 3,138,395000.0,396178.72463768115,325000.0,475000.0,71.68146976517824,False,20
UB3 4,309,410000.0,404891.30420711974,328000.0,485000.0,73.84109989049763,False,20
UB3 5,114,306000.0,330437.3070175439,223500.0,426212.5,53.08431682686459,False,20
UB4 0,143,515000.0,480339.11188811186,425000.0,550000.0,86.35478768706655,False,20
UB4 8,315,500000.0,450566.5523809524,350000.0,550000.0,85.14417812385935,False,20
UB4 9,193,395000.0,387272.7409326425,290000.0,492500.0,71.68146976517824,False,20
UB5 4,294,451500.0,421283.65986394556,308125.0,525000.0,80.50857768584986,False,20
UB5 5,199,428000.0,401511.45728643215,272500.0,502500.0,76.9801679036379,False,20
UB5 6,285,325000.0,352842.4666666667,250000.0,475000.0,57.99367319625258,False,20
UB6 0,226,513500.0,499304.889380531,442500.0,570000.0,86.19053412823945,False,20
UB6 7,142,500000.0,464497.5352112676,336250.0,565000.0,85.14417812385935,False,20
UB6 8,238,515000.0,483498.00420168065,363125.0,585000.0,86.35478768706655,False,20
UB6 9,261,470000.0,446203.7701149425,330000.0,550000.0,82.10852901812873,False,20
UB7 0,35,430000.0,392700.0,295000.0,473500.0,77.35125927728434,False,20
UB7 7,261,380000.0,403417.4137931034,275000.0,500000.0,69.34541915074827,False,20
UB7 8,143,415000.0,385959.3006993007,275000.0,485000.0,74.71103540576712,False,20
UB7 9,286,360000.0,384749.92307692306,290000.0,480000.0,65.14174473780265,False,20
UB8 1,190,390000.0,471174.84736842103,300000.0,608750.0,70.97578780873586,False,20
UB8 2,330,410000.0,396500.8333333333,276250.0,500000.0,73.84109989049763,False,20
UB8 3,377,480000.0,469718.1326259947,345000.0,565000.0,83.24005353449326,False,20
UB9 4,93,515000.0,611736.5591397849,413000.0,705000.0,86.35478768706655,False,20
UB9 5,221,543000.0,596549.3212669683,395000.0,695000.0,88.15549336902299,False,20
UB9 6,237,440000.0,468419.8270042194,350000.0,547000.0,78.6652877479012,False,20
W10 4,175,735000.0,743674.9885714286,503000.0,940000.0,95.61990509794379,False,20
W10 5,153,655000.0,962167.6993464052,500000.0,1000000.0,93.63061199659326,False,20
W10 6,217,820000.0,1224210.9907834101,565000.0,1540000.0,96.86701545200145,False,20
W11 1,181,740000.0,1094373.1270718232,515000.0,1200000.0,95.72332400535345,False,20
W11 2,236,1295000.0,2482201.254237288,797500.0,2385000.0,98.87455894877722,False,20
W11 3,193,1822500.0,3287816.6373056993,1000000.0,3500000.0,99.46465506752646,False,20
W11 4,162,1267500.0,1955464.586419753,761250.0,2326250.0,98.78330697165106,False,20
W12 0,209,615000.0,698408.5406698565,510000.0,850000.0,92.18883075799975,False,20
W12 7,668,940000.0,1023137.8143712574,690843.75,1260037.5,97.75520136269618,False,20
W12 8,241,522500.0,689106.3526970955,415000.0,770000.0,86.79888064241392,False,20
W12 9,383,625000.0,852208.0966057441,450000.0,1100000.0,92.6146733179219,False,20
W13 0,316,606550.0,666539.743670886,425000.0,900000.0,91.87249057062903,False,20
W13 8,269,728500.0,920194.9814126394,435000.0,1280000.0,95.44956807397493,False,20
W13 9,594,781160.0,784969.7424242424,525000.0,960000.0,96.4229224966541,False,20
W14 0,409,650000.0,941137.359413203,480000.0,1200000.0,93.44810804234092,False,20
W14 8,343,990000.0,1952418.1545189505,650000.0,1977500.0,98.07154155006693,False,20
W14 9,463,550000.0,657842.6609071274,452500.0,738750.0,88.66650444092954,False,20
W1B 1,28,2400000.0,4146766.0714285714,1118750.0,4842125.0,99.65932595206229,False,20
W1D 2,1,1700000.0,1700000.0,1700000.0,1700000.0,99.36731962525855,True,20
W1D 3,9,2197505.0,2044836.111111111,690000.0,3400000.0,99.62282516121182,True,20
W1D 4,3,1198392.0,1153928.0,1131696.0,1198392.0,98.68597152938314,True,20
W1D 5,2,680000.0,680000.0,645000.0,715000.0,94.28762623190168,True,20
W1D 6,1,380000.0,380000.0,380000.0,380000.0,69.34541915074827,True,20
W1D 7,3,450000.0,858333.3333333334,412500.0,1100000.0,80.05840126536074,True,20
W1F 0,15,1270000.0,1685666.6666666667,800000.0,2425000.0,98.80764083221804,True,20
W1F 7,6,718750.0,701250.0,596250.0,846875.0,95.23056332887214,True,20
W1F 8,48,1622950.0,1584294.7916666667,1228237.5,1869075.0,99.29431804355761,False,20
W1F 9,5,647000.0,684400.0,610000.0,740000.0,93.32035527436427,True,20
W1G 0,8,2600000.0,3343750.0,1762500.0,5650000.0,99.73841099890498,True,20
W1G 6,30,1625000.0,2134608.3333333335,937500.0,2887500.0,99.30648497384111,False,20
W1G 7,10,2468750.0,2521950.0,1236500.0,3712500.0,99.68365981262927,True,20
W1G 8,37,1559250.0,2297196.864864865,940000.0,2200000.0,99.22131646185667,False,20
W1G 9,29,2300000.0,2753840.5172413792,1575000.0,3625000.0,99.6471590217788,False,20
W1H 1,37,1275000.0,1714712.3783783785,699950.0,2850000.0,98.83805815792675,False,20
W1H 2,70,1758500.0,1978173.0,1075000.0,2700000.0,99.40382041610901,False,20
W1H 4,16,792500.0,1058550.0,568750.0,1425000.0,96.58109259033945,True,20
W1H 5,78,1145000.0,1457429.9615384615,757500.0,2048625.0,98.5034675751308,False,20
W1H 6,9,2000000.0,2142777.777777778,1340000.0,2545000.0,99.56199050979437,True,20
W1H 7,39,1635000.0,2847531.0512820515,1207500.0,3000055.5,99.33081883440808,False,20
W1J 0,3,2850000.0,2541666.6666666665,1562500.0,3675000.0,99.80532911546418,True,20
W1J 5,25,2700000.0,3913880.0,1490000.0,4750000.0,99.77491178975545,False,20
W1J 7,28,1535000.0,2228426.035714286,1189982.25,2825000.0,99.19698260128969,False,20
W1J 8,21,8345273.0,12255504.666666666,2750000.0,21340475.0,99.98783306971652,False,20
W1K 1,4,13212500.0,14558750.0,2368750.0,25402500.0,100.0,True,20
W1K 2,25,3400000.0,5219449.2,2450000.0,7850000.0,99.84182990631464,False,20
W1K 3,10,4875000.0,5236250.0,2377500.0,6511875.0,99.92699841829906,True,20
W1K 4,17,5895000.0,7252021.176470588,4050000.0,9250000.0,99.96349920914953,True,20
W1K 5,7,1030000.0,4099114.285714286,950000.0,4522900.0,98.2175447134688,True,20
W1K 6,18,3450000.0,7033713.777777778,2812500.0,6218572.75,99.85399683659813,True,20
W1K 7,22,4850000.0,6065772.7272727275,2925000.0,7217500.0,99.91483148801558,False,20
W1S 1,30,4705000.0,4879616.666666667,3260000.0,6100125.0,99.90266455773208,False,20
W1S 3,4,7340000.0,6945000.0,4100000.0,10185000.0,99.97566613943302,True,20
W1S 4,5,1800000.0,1638400.0,817000.0,2300000.0,99.43423774181774,True,20
W1T 1,24,1487500.0,1775019.625,893750.0,2181250.0,99.1726487407227,False,20
W1T 2,7,960000.0,1217857.142857143,887500.0,1550000.0,97.9194549215233,True,20
W1T 3,42,1295000.0,1541983.0238095238,1038750.0,2040000.0,98.87455894877722,False,20
W1T 4,30,860000.0,1135300.0,607500.0,1547375.0,97.2259398953644,False,20
W1T 5,10,777500.0,880750.0,595625.0,1150000.0,96.34992091495316,True,20
W1T 6,26,1087500.0,1291711.5384615385,535000.0,1887500.0,98.3817982722959,False,20
W1U 1,16,1350000.0,2333125.0,952500.0,2643750.0,98.94756053047816,True,20
W1U 2,7,1280000.0,1485285.7142857143,578500.0,2125000.0,98.856308553352,True,20
W1U 3,16,1375000.0,1805312.5,875000.0,2545000.0,99.02664557732083,True,20
W1U 4,68,4688325.0,4313596.352941177,1507500.0,6003750.0,99.8904976274486,False,20
W1U 5,47,960000.0,1854592.2340425532,657500.0,1362500.0,97.9194549215233,False,20
W1U 6,60,1260000.0,1567559.3333333333,942781.25,2005250.0,98.75288964594233,False,20
W1U 7,7,1475000.0,3890000.0,1027500.0,4550000.0,99.14831488015574,True,20
W1U 8,27,3600000.0,3337612.074074074,1772500.0,3942500.0,99.86616376688161,False,20
W1W 5,46,1409050.5,1706186.7173913044,653750.0,2088350.0,99.05097943788782,False,20
W1W 6,21,765000.0,1153848.5238095238,495500.0,1025000.0,96.15525003041732,False,20
W1W 7,21,915000.0,1553023.8095238095,680000.0,2125000.0,97.59094780386908,False,20
W1W 8,2,1431500.0,1431500.0,1384750.0,1478250.0,99.0753132984548,True,20
W2 1,174,1055000.0,1393283.264367816,558250.0,1519437.5,98.3148801557367,False,20
W2 2,227,860000.0,1519741.3259911893,506163.5,1925000.0,97.2259398953644,False,20
W2 3,232,950000.0,1982088.3793103448,690000.0,1741250.0,97.8525368049641,False,20
W2 4,347,1274000.0,2421375.4985590777,753000.0,2280000.0,98.81980776250153,False,20
W2 5,245,900000.0,1700914.9673469388,595000.0,2100000.0,97.51794622216815,False,20
W2 6,198,712750.0,915947.7272727273,482000.0,1075000.0,95.1453948168877,False,20
W3 0,136,705000.0,700319.6691176471,573750.0,850000.0,94.9689743277771,False,20
W3 6,575,480225.0,603460.7391304348,386780.0,687155.0,83.36780630246989,False,20
W3 7,426,455000.0,536557.7511737089,325000.0,662500.0,80.72149896581092,False,20
W3 8,405,550000.0,563995.5925925926,410000.0,655000.0,88.66650444092954,False,20
W3 9,256,619999.5,783876.69140625,430000.0,1057500.0,92.31050006083466,False,20
W4 1,375,1125000.0,1281117.4133333333,603500.0,1598495.0,98.46696678428033,False,20
W4 2,383,1020000.0,1155095.2167101828,575500.0,1395000.0,98.18104392261833,False,20
W4 3,368,900000.0,1080952.8152173914,490000.0,1443125.0,97.51794622216815,False,20
W4 4,210,618500.0,1010911.119047619,445000.0,984750.0,92.29833313055116,False,20
W4 5,540,691250.0,815183.0444444445,492500.0,1071250.0,94.64046721012288,False,20
W5 1,315,750000.0,766708.0603174603,450000.0,964975.0,95.92407835503103,False,20
W5 2,460,574960.0,879991.0391304347,450000.0,853875.0,90.181287261224,False,20
W5 3,342,550000.0,759200.298245614,435000.0,871250.0,88.66650444092954,False,20
W5 4,422,651500.0,716903.5568720379,481300.0,890600.0,93.55152694975058,False,20
W5 5,217,625000.0,849448.5253456221,467000.0,1225000.0,92.6146733179219,False,20
W6 0,411,770000.0,969449.0510948905,480000.0,1300500.0,96.21000121669303,False,20
W6 7,174,595000.0,1056477.0114942528,435250.0,1227500.0,91.2823944518798,False,20
W6 8,231,655000.0,804472.380952381,450000.0,1103912.5,93.63061199659326,False,20
W6 9,478,850000.0,937840.5334728033,532500.0,1196000.0,97.14077138337997,False,20
W7 1,179,499950.0,534119.905027933,415000.0,610000.0,84.84608833191386,False,20
W7 2,222,650000.0,656360.5540540541,451250.0,825000.0,93.44810804234092,False,20
W7 3,443,500000.0,530719.9164785553,400000.0,626300.0,85.14417812385935,False,20
W8 4,157,1275000.0,2545787.8089171974,720000.0,2635000.0,98.83805815792675,False,20
W8 5,189,1775000.0,3027920.793650794,1100000.0,3217000.0,99.41598734639251,False,20
W8 6,239,1898000.0,2830865.0753138075,862500.0,3960000.0,99.51332278866042,False,20
W8 7,203,1950000.0,2929090.7044334975,1150000.0,3100000.0,99.54982357951089,False,20
W9 1,483,940000.0,1307752.4265010352,702550.0,1300000.0,97.75520136269618,False,20
W9 2,358,677250.0,843908.4441340782,540000.0,879050.0,94.2207081153425,False,20
W9 3,352,550000.0,596848.8636363636,450000.0,680750.0,88.66650444092954,False,20
WA1 1,138,347495.0,323159.52173913043,272125.0,394998.75,62.5501885874194,False,20
WA1 2,130,137500.0,161500.0,120000.0,200000.0,6.764813237620149,False,20
WA1 3,439,210000.0,213279.92938496583,160000.0,250000.0,25.6053047816036,False,20
WA1 4,249,268000.0,283908.4337349398,220000.0,317950.0,42.99184815671006,False,20
WA10 1,86,95000.0,91213.83720930232,72375.0,115000.0,1.228859958632437,False,20
WA10 2,147,125000.0,139640.81632653062,92000.0,170000.0,4.4652634140406375,False,20
WA10 3,318,145000.0,170041.43081761006,120000.0,195000.0,8.316096848765056,False,20
WA10 4,374,142500.0,161281.4064171123,103000.0,191750.0,7.920671614551648,False,20
WA10 5,249,250000.0,293905.6224899598,220000.0,325000.0,37.717483878817376,False,20
WA10 6,297,210000.0,229852.69023569024,159000.0,275000.0,25.6053047816036,False,20
WA11 0,545,165000.0,169492.45137614678,125000.0,195000.0,13.079450054751184,False,20
WA11 7,202,189975.0,227770.53465346535,145000.0,278750.0,19.50358924443363,False,20
WA11 8,289,260000.0,283788.9204152249,210000.0,325000.0,40.716632193697535,False,20
WA11 9,337,170000.0,176193.66172106826,145000.0,200000.0,14.296143083100135,False,20
WA12 0,130,200000.0,257936.15384615384,155750.0,284500.0,22.885995863243703,False,20
WA12 8,332,219975.0,226820.57228915664,165000.0,275750.0,28.05694123372673,False,20
WA12 9,486,189997.5,208159.8497942387,150000.0,252375.0,19.56442389585108,False,20
WA13 0,289,410000.0,483604.0069204152,285000.0,615000.0,73.84109989049763,False,20
WA13 9,322,352000.0,399832.0248447205,288125.0,469500.0,63.65737924321694,False,20
WA14 1,270,328750.0,351261.8222222222,225000.0,442806.25,58.71152208297846,False,20
WA14 2,334,495050.0,655573.1646706586,349628.0,811375.0,84.6210001216693,False,20
WA14 3,155,876000.0,1028232.8064516129,514250.0,1266250.0,97.37194305876628,False,20
WA14 4,340,415000.0,520064.86176470586,298750.0,600000.0,74.71103540576712,False,20
WA14 5,370,334900.0,358205.64594594593,257250.0,439000.0,59.9951332278866,False,20
WA15 0,178,883750.0,1154380.8876404495,671875.0,1300000.0,97.43277771018371,False,20
WA15 6,522,435000.0,460326.5785440613,371125.0,525000.0,77.95960579145881,False,20
WA15 7,419,396500.0,415772.85680190934,265000.0,532500.0,71.92480837084804,False,20
WA15 8,394,500000.0,563787.0177664974,370000.0,693500.0,85.14417812385935,False,20
WA15 9,318,691250.0,804830.7295597484,528500.0,989862.5,94.64046721012288,False,20
WA16 0,376,510000.0,567298.7260638297,365000.0,715000.0,85.96544591799488,False,20
WA16 6,150,537500.0,681099.18,425000.0,733750.0,87.88782090278623,False,20
WA16 7,157,460000.0,604329.6114649682,275000.0,800000.0,81.13517459544957,False,20
WA16 8,456,430995.0,610167.0131578947,332375.0,617750.0,77.61284827837936,False,20
WA16 9,147,675000.0,781285.0340136054,489975.0,892500.0,94.12945613821633,False,20
WA2 0,458,203000.0,224228.81222707423,170000.0,260000.0,23.749847913371454,False,20
WA2 7,301,127500.0,139960.12292358803,110000.0,160000.0,4.9762744859471955,False,20
WA2 8,213,247000.0,293505.1408450704,195000.0,335000.0,36.56162550188588,False,20
WA2 9,258,173520.0,181075.62015503875,152250.0,200000.0,15.026158900109502,False,20
WA3 1,162,239475.0,286143.76543209876,180000.0,340000.0,34.02482053777832,False,20
WA3 2,557,260000.0,271387.9102333932,200000.0,340000.0,40.716632193697535,False,20
WA3 3,474,200000.0,209010.9324894515,144250.0,267998.75,22.885995863243703,False,20
WA3 4,197,420000.0,470374.57868020306,311000.0,562500.0,75.5627205256114,False,20
WA3 5,203,280000.0,317734.29556650243,240000.0,346250.0,46.40467210122886,False,20
WA3 6,335,215000.0,241821.48358208954,171500.0,288500.0,26.998418299063147,False,20
WA3 7,147,310000.0,337085.8163265306,200000.0,417500.0,53.948168876992334,False,20
WA4 1,434,165000.0,172936.66820276497,135000.0,193000.0,13.079450054751184,False,20
WA4 2,577,330000.0,368975.80935875216,273500.0,435000.0,59.15561503832583,False,20
WA4 3,253,370000.0,391046.80632411066,205000.0,531995.0,67.1067039785862,False,20
WA4 4,276,470000.0,493033.84057971014,394995.0,586750.0,82.10852901812873,False,20
WA4 5,436,491250.0,530882.2385321101,367437.5,625000.0,84.2681591434481,False,20
WA4 6,485,285000.0,322315.0020618557,228000.0,375000.0,47.773451758121425,False,20
WA5 0,162,165000.0,172440.82716049382,130000.0,209500.0,13.079450054751184,False,20
WA5 1,479,203000.0,204789.88517745302,151250.0,245500.0,23.749847913371454,False,20
WA5 2,387,262500.0,279224.58397932816,225000.0,311500.0,41.495315731840854,False,20
WA5 3,818,318247.5,323062.5183374083,250000.0,405000.0,55.80970921036622,False,20
WA5 4,166,200000.0,208484.51204819276,150250.0,229750.0,22.885995863243703,False,20
WA5 7,55,358000.0,315872.7272727273,186500.0,414000.0,64.6854848521718,False,20
WA5 8,267,285000.0,306818.26217228465,212250.0,390000.0,47.773451758121425,False,20
WA5 9,158,260000.0,274266.32911392406,190000.0,355000.0,40.716632193697535,False,20
WA6 0,208,230000.0,252760.09134615384,184875.0,285750.0,31.71918724905706,False,20
WA6 6,213,415000.0,464255.69953051646,285000.0,575000.0,74.71103540576712,False,20
WA6 7,243,245000.0,268410.9423868313,180000.0,330000.0,36.05061442997932,False,20
WA6 8,82,449500.0,494880.89024390245,360000.0,593750.0,79.60822484487163,False,20
WA6 9,90,365000.0,441479.6666666667,262000.0,580000.0,66.10293223019832,False,20
WA7 1,401,260000.0,245337.5511221945,132000.0,330000.0,40.716632193697535,False,20
WA7 2,348,150000.0,171129.54022988505,125000.0,209250.0,9.465871760554812,False,20
WA7 3,131,225000.0,243878.62595419848,180000.0,287500.0,30.143569777345174,False,20
WA7 4,366,179000.0,200641.3825136612,130000.0,254500.0,16.4131889524273,False,20
WA7 5,406,150000.0,156283.578817734,118500.0,190000.0,9.465871760554812,False,20
WA7 6,336,162750.0,189327.21130952382,123787.5,230000.0,12.525854726852415,False,20
WA8 0,111,127500.0,136657.9099099099,103000.0,165500.0,4.9762744859471955,False,20
WA8 3,257,212500.0,239774.02723735408,168000.0,285000.0,26.40832218031391,False,20
WA8 4,166,173750.0,207433.73493975904,130000.0,240000.0,15.038325830392992,False,20
WA8 5,178,291000.0,333675.98876404495,237500.0,408750.0,49.33690229954982,False,20
WA8 6,316,127000.0,153682.11075949366,105000.0,182250.0,4.8971894391045145,False,20
WA8 7,305,180000.0,196960.62295081967,140000.0,245000.0,16.912033094050372,False,20
WA8 8,354,155000.0,170312.08474576272,125000.0,199500.0,10.700815184328993,False,20
WA8 9,478,280000.0,297928.03347280336,210000.0,369375.0,46.40467210122886,False,20
WA9 1,110,97000.0,110044.04545454546,81000.0,139250.0,1.368779656892566,False,20
WA9 2,148,117250.0,119431.0472972973,90000.0,140000.0,3.2181530599829666,False,20
WA9 3,544,175000.0,179242.56801470587,120000.0,229995.0,15.500669181165591,False,20
WA9 4,543,173000.0,190459.73112338857,138000.0,230000.0,14.95924078355031,False,20
WA9 5,633,220000.0,224410.14691943128,145000.0,289995.0,28.555785375349803,False,20
WC1A 1,17,5625000.0,3917629.411764706,1075000.0,6350000.0,99.95133227886605,True,20
WC1A 2,15,866000.0,889333.3333333334,761500.0,1067000.0,97.31110840734883,True,20
WC1B 3,15,1250000.0,1273100.0,885750.0,1462500.0,98.73463925051709,True,20
WC1B 4,7,1055000.0,952476.0,846166.0,1112500.0,98.3148801557367,True,20
WC1B 5,8,743000.0,739375.0,661750.0,781250.0,95.81457598247962,True,20
WC1E 6,14,790000.0,777089.2857142857,431250.0,941250.0,96.56284219491423,True,20
WC1E 7,15,1130000.0,1210630.0,853750.0,1525975.0,98.4913006448473,True,20
WC1H 0,79,280000.0,319730.69620253163,260000.0,310000.0,46.40467210122886,False,20
WC1H 8,22,625000.0,750590.9090909091,471250.0,928750.0,92.6146733179219,False,20
WC1H 9,83,505000.0,550897.0361445784,405000.0,615000.0,85.6004380094902,False,20
WC1N 1,37,705000.0,725770.2702702703,535000.0,840000.0,94.9689743277771,False,20
WC1N 2,33,1350000.0,1562418.1818181819,880000.0,2000000.0,98.94756053047816,False,20
WC1N 3,21,645000.0,1128845.238095238,511000.0,922500.0,93.28993794865555,False,20
WC1R 4,12,850000.0,965062.5,539250.0,1045375.0,97.14077138337997,True,20
WC1R 5,3,1040000.0,1233333.3333333333,1020000.0,1350000.0,98.24187857403577,True,20
WC1V 6,2,1086250.0,1086250.0,1029375.0,1143125.0,98.36963134201241,True,20
WC1X 0,192,1267750.0,1175388.8802083333,986600.0,1426800.0,98.79547390193454,False,20
WC1X 8,28,557500.0,621820.5714285715,425000.0,724375.0,89.14709818712738,False,20
WC1X 9,55,800000.0,1050902.7272727273,517500.0,1407500.0,96.67842803260737,False,20
WC2A 1,1,525000.0,525000.0,525000.0,525000.0,87.06046964350894,True,20
WC2A 2,9,1564000.0,1792377.7777777778,1320000.0,2430000.0,99.23348339214016,True,20
WC2B 4,6,1500000.0,1547500.0,1006250.0,1720000.0,99.1848156710062,True,20
WC2B 5,37,950000.0,1501413.5675675676,650000.0,2050000.0,97.8525368049641,False,20
WC2B 6,1,2200000.0,2200000.0,2200000.0,2200000.0,99.6349920914953,True,20
WC2E 7,21,1178000.0,1533353.9523809524,857500.0,1560000.0,98.6129699476822,False,20
WC2E 8,5,2640000.0,2597000.0,1500000.0,3975000.0,99.75666139433021,True,20
WC2E 9,10,1566250.0,1930412.5,723750.0,3155000.0,99.24565032242366,True,20
WC2H 0,3,2700000.0,3166666.6666666665,1625000.0,4475000.0,99.77491178975545,True,20
WC2H 7,5,655000.0,755050.0,645250.0,925000.0,93.63061199659326,True,20
WC2H 8,17,940000.0,966044.1176470588,699000.0,1045000.0,97.75520136269618,True,20
WC2H 9,26,850000.0,1145875.0,747500.0,1143750.0,97.14077138337997,False,20
WC2N 4,4,1090000.0,1145625.0,935625.0,1300000.0,98.3939652025794,True,20
WC2N 5,4,1046250.0,1245625.0,706875.0,1585000.0,98.26012896946101,True,20
WC2N 6,14,1175000.0,1708349.142857143,947500.0,1925000.0,98.59471955225698,True,20
WC2R 0,3,1600000.0,1473333.3333333333,1210000.0,1800000.0,99.27606764813237,True,20
WC2R 1,23,1850000.0,1926907.608695652,929000.0,2100000.0,99.48290546295169,False,20
WC2R 3,2,1460000.0,1460000.0,1165000.0,1755000.0,99.12398101958875,True,20
WD17 1,147,361350.0,404275.9183673469,283150.0,544553.0,65.51891957659083,False,20
WD17 2,175,315000.0,309332.1257142857,228400.0,388500.0,55.170945370483025,False,20
WD17 3,131,948000.0,933670.7175572519,795000.0,1147500.0,97.80995254897189,False,20
WD17 4,297,430000.0,560536.4612794613,313000.0,788000.0,77.35125927728434,False,20
WD18 0,389,409950.0,391872.8637532134,334950.0,450000.0,73.56126049397737,False,20
WD18 6,112,274250.0,319401.78571428574,211500.0,435000.0,44.37279474388612,False,20
WD18 7,429,365000.0,394378.79254079255,285000.0,440000.0,66.10293223019832,False,20
WD18 8,30,420000.0,434016.6666666667,336250.0,501250.0,75.5627205256114,False,20
WD18 9,3,330000.0,608333.3333333334,287500.0,790000.0,59.15561503832583,True,20
WD19 4,342,580000.0,598067.6169590644,409250.0,735000.0,90.64971407713833,False,20
WD19 5,194,525000.0,513248.8917525773,450000.0,591500.0,87.06046964350894,False,20
WD19 6,178,420000.0,407764.7471910112,370750.0,456625.0,75.5627205256114,False,20
WD19 7,252,395000.0,392663.61904761905,355937.5,446250.0,71.68146976517824,False,20
WD23 1,257,580000.0,677980.4513618677,388000.0,822000.0,90.64971407713833,False,20
WD23 2,327,510000.0,571285.49235474,375000.0,675000.0,85.96544591799488,False,20
WD23 3,244,525000.0,522969.012295082,375250.0,625000.0,87.06046964350894,False,20
WD23 4,234,625000.0,652686.2991452991,421250.0,832875.0,92.6146733179219,False,20
WD24 4,155,415000.0,404837.70967741933,309250.0,475000.0,74.71103540576712,False,20
WD24 5,286,375000.0,372725.5839160839,297375.0,424500.0,68.18956077381677,False,20
WD24 6,127,425000.0,415591.0078740158,361250.0,486500.0,76.45698990144787,False,20
WD24 7,153,530000.0,512081.3725490196,450000.0,600000.0,87.43156101715537,False,20
WD25 0,237,470000.0,466367.6582278481,350000.0,555000.0,82.10852901812873,False,20
WD25 7,232,490000.0,485831.7629310345,406993.75,575000.0,84.0917386543375,False,20
WD25 8,37,861000.0,961352.7027027027,675000.0,1136300.0,97.26244068621487,False,20
WD25 9,302,450000.0,419920.65231788077,284250.0,535000.0,80.05840126536074,False,20
WD3 1,197,455000.0,580360.6446700507,349950.0,700000.0,80.72149896581092,False,20
WD3 3,499,640000.0,676078.5370741483,538750.0,779000.0,93.16218518067892,False,20
WD3 4,120,1373250.0,1426303.875,978500.0,1775625.0,99.01447864703735,False,20
WD3 5,317,860000.0,912525.4542586751,537500.0,1185000.0,97.2259398953644,False,20
WD3 6,36,721500.0,900438.3055555555,571500.0,1175000.0,95.30356491057306,False,20
WD3 7,128,920000.0,899798.4375,628750.0,1158125.0,97.62744859471955,False,20
WD3 8,203,475000.0,491634.97536945814,401250.0,585000.0,82.6621243460275,False,20
WD3 9,82,460000.0,463659.743902439,381250.0,548750.0,81.13517459544957,False,20
WD4 8,358,460000.0,502622.3044692737,325750.0,635000.0,81.13517459544957,False,20
WD4 9,144,900000.0,994750.0,688750.0,1181250.0,97.51794622216815,False,20
WD5 0,401,445000.0,500634.98753117205,347500.0,610000.0,79.26146733179219,False,20
WD6 1,270,423750.0,453670.5777777778,327125.0,557375.0,76.06764813237619,False,20
WD6 2,219,483000.0,522672.68493150687,411000.0,615000.0,83.4651417447378,False,20
WD6 3,166,715750.0,906187.3493975904,410000.0,1282750.0,95.19406253802167,False,20
WD6 4,147,446000.0,450126.7891156463,337500.0,517500.0,79.43180435576103,False,20
WD6 5,228,452000.0,491965.6666666667,364275.0,551250.0,80.5268280812751,False,20
WD7 7,138,1000000.0,1212403.347826087,600000.0,1565000.0,98.13237620148436,False,20
WD7 8,219,1040000.0,1447901.8264840182,701500.0,1699600.0,98.24187857403577,False,20
WD7 9,157,588000.0,649477.3885350318,476000.0,815000.0,91.05730624163525,False,20
WF1 1,64,108352.5,102921.78125,88750.0,115000.0,2.275215963012532,False,20
WF1 2,560,249997.5,265377.5696428571,190000.0,329962.5,37.12738776006814,False,20
WF1 3,274,193250.0,222661.77372262772,145375.0,282125.0,20.841951575617472,False,20
WF1 4,311,175000.0,207746.77491961414,135000.0,275000.0,15.500669181165591,False,20
WF1 5,351,200000.0,208146.03703703705,123650.0,264013.0,22.885995863243703,False,20
WF10 1,185,195000.0,203968.54054054053,140000.0,237500.0,21.395546903516244,False,20
WF10 2,351,180000.0,191658.698005698,137000.0,240000.0,16.912033094050372,False,20
WF10 3,399,185000.0,197658.39598997493,140000.0,242750.0,18.432899379486557,False,20
WF10 4,384,150000.0,173969.72916666666,123000.0,205250.0,9.465871760554812,False,20
WF10 5,745,208750.0,213402.92483221478,146000.0,270000.0,25.009125197712617,False,20
WF11 0,408,185122.5,185015.64460784313,156375.0,218495.0,18.76140649714077,False,20
WF11 8,226,160000.0,202364.82300884955,120000.0,192000.0,11.856673561260495,False,20
WF11 9,158,190500.0,231101.6582278481,154250.0,235000.0,20.397858620270107,False,20
WF12 0,255,180000.0,232491.65098039215,145000.0,290000.0,16.912033094050372,False,20
WF12 7,521,220000.0,224718.2725527831,179196.0,267000.0,28.555785375349803,False,20
WF12 8,237,155000.0,166080.8016877637,135000.0,195000.0,10.700815184328993,False,20
WF12 9,134,150000.0,168492.11194029852,120000.0,180000.0,9.465871760554812,False,20
WF13 1,22,109000.0,121020.63636363637,90625.0,172613.5,2.311716753863,False,20
WF13 2,97,90000.0,128612.26804123711,70000.0,177000.0,0.9246867015452002,False,20
WF13 3,199,131500.0,136146.17085427136,95000.0,166000.0,5.876627326925417,False,20
WF13 4,232,151000.0,170453.9396551724,120000.0,195750.0,9.891714320476943,False,20
WF14 0,346,230000.0,235674.32369942198,175000.0,271500.0,31.71918724905706,False,20
WF14 8,271,243000.0,273950.42804428044,170000.0,365373.0,35.55177028835625,False,20
WF14 9,353,230000.0,261194.26912181303,170000.0,315000.0,31.71918724905706,False,20
WF15 6,186,161000.0,186312.33333333334,122625.0,215000.0,12.294683051466116,False,20
WF15 7,313,195000.0,220901.0798722045,155000.0,270000.0,21.395546903516244,False,20
WF15 8,195,215000.0,265435.8615384615,169000.0,307500.0,26.998418299063147,False,20
WF16 0,148,157975.0,161711.5945945946,125000.0,186250.0,11.254410512227766,False,20
WF16 9,254,170000.0,170803.53937007874,130000.0,205000.0,14.296143083100135,False,20
WF17 0,269,225000.0,252137.73605947956,155000.0,315000.0,30.143569777345174,False,20
WF17 5,54,115000.0,115817.27777777778,80000.0,144750.0,3.0295656405888796,False,20
WF17 6,311,208000.0,211357.59807073954,140000.0,279995.0,24.905706290302955,False,20
WF17 7,138,145000.0,157520.65217391305,100000.0,186500.0,8.316096848765056,False,20
WF17 8,256,158725.0,171105.484375,125000.0,199961.25,11.40041367562964,False,20
WF17 9,255,172500.0,192402.6980392157,135000.0,230000.0,14.849738410998906,False,20
WF2 0,421,229000.0,246986.36104513064,175000.0,290000.0,31.183842316583526,False,20
WF2 6,355,358000.0,410015.19436619716,250000.0,472500.0,64.6854848521718,False,20
WF2 7,242,198500.0,248572.4132231405,155000.0,315000.0,22.131646185667357,False,20
WF2 8,394,208997.5,215857.94416243656,155250.0,262375.0,25.02737559313785,False,20
WF2 9,305,165000.0,181596.1475409836,125000.0,220000.0,13.079450054751184,False,20
WF3 1,444,243000.0,275769.1463963964,187750.0,350750.0,35.55177028835625,False,20
WF3 2,485,261495.0,266231.8907216495,175000.0,352921.0,41.34322910329723,False,20
WF3 3,446,240150.0,275417.57623318385,190000.0,334998.75,35.089426937583646,False,20
WF3 4,553,257000.0,273018.70524412295,195000.0,357196.0,39.66419272417569,False,20
WF4 1,278,206000.0,227394.28057553957,155000.0,276500.0,24.619783428640954,False,20
WF4 2,245,175000.0,267209.0081632653,135000.0,290000.0,15.500669181165591,False,20
WF4 3,389,215000.0,233574.67095115682,178000.0,265000.0,26.998418299063147,False,20
WF4 4,313,255000.0,299970.78274760384,186000.0,350000.0,39.068013140284705,False,20
WF4 5,210,217500.0,249620.6857142857,150000.0,292500.0,27.661515999513327,False,20
WF4 6,166,185000.0,226460.11445783134,157250.0,265000.0,18.432899379486557,False,20
WF5 0,281,225000.0,239887.7046263345,175000.0,275000.0,30.143569777345174,False,20
WF5 8,284,218000.0,240053.09507042254,174375.0,275500.0,27.83185302348218,False,20
WF5 9,263,180000.0,202708.7072243346,140000.0,245000.0,16.912033094050372,False,20
WF6 1,369,174000.0,195692.73983739837,140000.0,235000.0,15.080910086385204,False,20
WF6 2,436,200000.0,209799.5,150000.0,248123.75,22.885995863243703,False,20
WF7 5,336,190000.0,195756.80654761905,145000.0,228000.0,19.959849130064487,False,20
WF7 6,220,160000.0,183884.19090909092,126000.0,210625.0,11.856673561260495,False,20
WF7 7,356,235000.0,262969.12921348313,180000.0,300500.0,33.14271809222533,False,20
WF8 1,214,164000.0,167766.3551401869,98000.0,210000.0,12.732692541671737,False,20
WF8 2,596,187250.0,203020.31375838927,157000.0,245000.0,19.089913614794987,False,20
WF8 3,252,295000.0,344296.8214285714,230000.0,400000.0,50.121669302834896,False,20
WF8 4,396,246995.0,245031.90404040404,180000.0,289995.0,36.50079085046843,False,20
WF9 1,279,170000.0,204811.2759856631,140000.0,244500.0,14.296143083100135,False,20
WF9 2,388,164500.0,173571.29381443298,127875.0,205000.0,12.781360262805693,False,20
WF9 3,252,163287.5,173730.07936507938,129500.0,220000.0,12.629273634262075,False,20
WF9 4,339,172500.0,179562.19764011799,120500.0,217000.0,14.849738410998906,False,20
WF9 5,180,165000.0,175525.42222222223,135000.0,190125.0,13.079450054751184,False,20
WN1 1,65,124950.0,118893.87692307692,76500.0,131950.0,4.215841343229103,False,20
WN1 2,448,227500.0,268385.4308035714,175750.0,306250.0,30.91616985034676,False,20
WN1 3,259,144950.0,153451.33204633204,107750.0,182000.0,8.091008638520501,False,20
WN2 1,294,185500.0,214305.54081632654,160000.0,238746.25,18.785740357707752,False,20
WN2 2,451,218250.0,217765.63414634147,155000.0,260000.0,27.89877114004137,False,20
WN2 3,317,150000.0,161098.1829652997,115000.0,192000.0,9.465871760554812,False,20
WN2 4,559,177000.0,190655.42933810374,136750.0,230000.0,16.084681834773086,False,20
WN2 5,453,162500.0,170306.7902869757,125000.0,203000.0,12.471103540576713,False,20
WN3 4,158,140000.0,151852.3670886076,110909.5,175000.0,7.409660542645091,False,20
WN3 5,406,166625.0,173743.15024630542,135250.0,205000.0,13.493125684389828,False,20
WN3 6,476,212000.0,225611.73109243697,175000.0,260000.0,26.23190169120331,False,20
WN4 0,299,185000.0,205573.02006688964,160000.0,242500.0,18.432899379486557,False,20
WN4 8,316,210000.0,217952.20569620252,160000.0,255000.0,25.6053047816036,False,20
WN4 9,396,180000.0,206989.0176767677,140000.0,250000.0,16.912033094050372,False,20
WN5 0,273,140000.0,153323.0586080586,110000.0,185000.0,7.409660542645091,False,20
WN5 7,426,230250.0,254216.2676056338,187500.0,294500.0,32.16328020440443,False,20
WN5 8,498,192750.0,214271.5502008032,150500.0,259750.0,20.781116924200024,False,20
WN5 9,343,149995.0,148371.27113702623,125000.0,165500.0,9.106947317191873,False,20
WN6 0,889,253950.0,272771.79977502814,190000.0,339750.0,38.6178367197956,False,20
WN6 7,422,150500.0,161220.79383886256,130000.0,185000.0,9.824796203917751,False,20
WN6 8,421,195000.0,216750.0950118765,165000.0,255000.0,21.395546903516244,False,20
WN6 9,197,236000.0,299528.09137055837,197000.0,335000.0,33.62331183842316,False,20
WN7 1,342,137000.0,171181.48830409357,111250.0,215000.0,6.630977004501765,False,20
WN7 2,397,182500.0,197747.27959697734,125500.0,233000.0,17.79413553960336,False,20
WN7 3,406,217500.0,234516.29802955664,156587.5,294950.0,27.661515999513327,False,20
WN7 4,364,143250.0,158155.65934065933,110000.0,200000.0,7.981506265969096,False,20
WN7 5,564,176000.0,185836.3989361702,139998.75,224995.0,15.950845601654704,False,20
WN8 0,279,232500.0,262064.55913978495,175000.0,309750.0,32.516121182625625,False,20
WN8 6,500,167250.0,180384.328,120000.0,220000.0,13.584377661516001,False,20
WN8 7,170,333750.0,411832.65882352943,240500.0,498750.0,59.89779778561869,False,20
WN8 8,444,160000.0,190683.73198198198,118375.0,249950.0,11.856673561260495,False,20
WN8 9,202,125750.0,135687.1485148515,90000.0,165000.0,4.726852415135661,False,20
WR1 1,288,190000.0,210781.09375,136500.0,240000.0,19.959849130064487,False,20
WR1 2,128,197500.0,194534.796875,144750.0,235375.0,22.00389341769072,False,20
WR1 3,161,285000.0,347877.3354037267,175000.0,375000.0,47.773451758121425,False,20
WR10 1,359,295000.0,317001.99164345406,243000.0,365000.0,50.121669302834896,False,20
WR10 2,383,365000.0,412083.74673629244,285000.0,510000.0,66.10293223019832,False,20
WR10 3,173,440000.0,497062.20809248555,325000.0,600000.0,78.6652877479012,False,20
WR11 1,213,263000.0,273197.8169014084,215000.0,315000.0,41.598734639250516,False,20
WR11 2,442,295000.0,302464.54977375566,245000.0,351875.0,50.121669302834896,False,20
WR11 3,288,267500.0,289726.81944444444,209500.0,360000.0,42.84584499330819,False,20
WR11 4,316,248750.0,320578.93037974683,169375.0,406250.0,36.89621608468183,False,20
WR11 7,388,345000.0,386745.3969072165,275750.0,475000.0,62.16084681834773,False,20
WR11 8,319,352500.0,400228.8526645768,280000.0,475000.0,63.736464290059615,False,20
WR12 7,297,525000.0,674587.3131313132,347500.0,775000.0,87.06046964350894,False,20
WR13 5,169,432500.0,444712.2958579882,280000.0,565000.0,77.69193332522205,False,20
WR13 6,189,490000.0,513092.5925925926,332500.0,625000.0,84.0917386543375,False,20
WR14 1,580,266000.0,292560.5689655172,205000.0,338500.0,42.620756783063634,False,20
WR14 2,396,305000.0,324287.9318181818,239625.0,380000.0,52.81664436062782,False,20
WR14 3,407,340000.0,372433.23341523344,260000.0,430000.0,61.309161698503466,False,20
WR14 4,289,350000.0,407627.3079584775,250000.0,520000.0,63.219369753011314,False,20
WR15 8,259,320000.0,364867.7413127413,226250.0,464500.0,56.54580849251734,False,20
WR2 4,424,293500.0,335916.6108490566,248000.0,375000.0,49.67757634748753,False,20
WR2 5,791,280000.0,306780.54487989884,235000.0,363000.0,46.40467210122886,False,20
WR2 6,432,320000.0,375734.8333333333,262875.0,435375.0,56.54580849251734,False,20
WR3 7,533,320000.0,351505.54221388366,250000.0,416000.0,56.54580849251734,False,20
WR3 8,424,250000.0,285636.4433962264,205000.0,320627.5,37.717483878817376,False,20
WR4 0,466,285000.0,297205.2210300429,224187.5,365000.0,47.773451758121425,False,20
WR4 9,456,215000.0,210336.5350877193,185000.0,243000.0,26.998418299063147,False,20
WR5 1,401,250000.0,258259.67331670824,200000.0,292000.0,37.717483878817376,False,20
WR5 2,556,314500.0,343696.82194244605,249995.0,405750.0,54.89110597396277,False,20
WR5 3,649,277500.0,297070.75808936823,223500.0,350000.0,45.63815549336902,False,20
WR6 5,181,428000.0,477069.6629834254,300000.0,600000.0,76.9801679036379,False,20
WR6 6,253,425000.0,468198.7826086957,325000.0,570000.0,76.45698990144787,False,20
WR7 4,177,535000.0,546616.9435028249,377000.0,651199.0,87.71140041367563,False,20
WR8 0,231,340000.0,377325.6060606061,252500.0,450000.0,61.309161698503466,False,20
WR8 9,75,480000.0,526720.0,358500.0,642500.0,83.24005353449326,False,20
WR9 0,200,422500.0,470138.935,283250.0,575000.0,76.00073001581701,False,20
WR9 7,598,340000.0,369855.33277591976,250000.0,442800.0,61.309161698503466,False,20
WR9 8,467,250000.0,270536.44539614563,165000.0,350000.0,37.717483878817376,False,20
WR9 9,127,195000.0,209947.90551181103,165000.0,254750.0,21.395546903516244,False,20
WS1 1,36,86000.0,88250.94444444444,60000.0,111250.0,0.717848886725879,False,20
WS1 2,204,175000.0,237584.0637254902,123000.0,328250.0,15.500669181165591,False,20
WS1 3,138,192000.0,233481.73913043478,120000.0,300000.0,20.549945248813724,False,20
WS1 4,128,160833.0,170971.1953125,127750.0,198250.0,12.252098795473902,False,20
WS10 0,340,205750.0,205473.1911764706,165750.0,242125.0,24.565032242365252,False,20
WS10 7,153,200000.0,197749.6732026144,168000.0,237500.0,22.885995863243703,False,20
WS10 8,262,171750.0,177483.01526717556,141025.0,205000.0,14.70373524759703,False,20
WS10 9,299,200000.0,202413.8795986622,155000.0,245000.0,22.885995863243703,False,20
WS11 0,175,178000.0,182897.13714285713,142500.0,220000.0,16.303686579875897,False,20
WS11 1,380,253500.0,295659.91315789474,200000.0,354000.0,38.56916899866164,False,20
WS11 4,127,186000.0,187263.0,165000.0,206500.0,18.88915926511741,False,20
WS11 5,230,195000.0,207770.0,165000.0,235000.0,21.395546903516244,False,20
WS11 6,135,205000.0,208256.2962962963,165000.0,234250.0,24.20610779900231,False,20
WS11 7,188,236750.0,242720.21276595743,171500.0,315000.0,33.726730745832825,False,20
WS11 8,69,230000.0,238263.69565217392,151000.0,295000.0,31.71918724905706,False,20
WS11 9,376,260000.0,264730.05053191487,209375.0,305000.0,40.716632193697535,False,20
WS12 0,92,231000.0,252641.30434782608,180000.0,318500.0,32.22411485582188,False,20
WS12 1,237,215000.0,217716.3924050633,152500.0,265000.0,26.998418299063147,False,20
WS12 2,250,230000.0,251680.18,185000.0,300000.0,31.71918724905706,False,20
WS12 3,169,235000.0,247019.98816568046,195000.0,292000.0,33.14271809222533,False,20
WS12 4,837,235000.0,249293.44922341697,190000.0,295000.0,33.14271809222533,False,20
WS13 2,9,485000.0,408716.6666666667,299000.0,500000.0,83.62331183842316,True,20
WS13 6,615,290000.0,299238.8487804878,190000.0,390097.5,48.89280934420246,False,20
WS13 7,406,300000.0,318277.90640394087,232000.0,380000.0,51.65470251855457,False,20
WS13 8,626,375750.0,399219.5814696486,280000.0,477500.0,68.64582065944762,False,20
WS14 0,300,395000.0,494276.19333333336,304500.0,621250.0,71.68146976517824,False,20
WS14 9,659,374703.0,395093.1957511381,271250.0,484950.0,67.7454678184694,False,20
WS15 1,467,200000.0,225146.87366167022,155000.0,250000.0,22.885995863243703,False,20
WS15 2,549,220000.0,247281.93078324225,176500.0,280000.0,28.555785375349803,False,20
WS15 3,153,345000.0,436042.07843137253,260000.0,525000.0,62.16084681834773,False,20
WS15 4,305,280000.0,308739.8885245902,216995.0,350000.0,46.40467210122886,False,20
WS2 0,169,175000.0,179996.4201183432,152000.0,200000.0,15.500669181165591,False,20
WS2 7,167,170000.0,178347.00598802394,152500.0,205000.0,14.296143083100135,False,20
WS2 8,274,201846.0,193025.8613138686,129100.0,252950.0,23.494342377418178,False,20
WS2 9,212,160000.0,161699.48113207548,130000.0,185000.0,11.856673561260495,False,20
WS3 1,548,227000.0,226639.94343065695,181875.0,269000.0,30.818834408078843,False,20
WS3 2,329,170000.0,172148.17629179332,141500.0,192000.0,14.296143083100135,False,20
WS3 3,403,218000.0,242110.36972704716,175000.0,292750.0,27.83185302348218,False,20
WS3 4,315,235000.0,244179.44444444444,195000.0,277500.0,33.14271809222533,False,20
WS3 5,51,240000.0,248176.4705882353,202500.0,290000.0,34.59058279596058,False,20
WS4 1,442,212250.0,219785.1583710407,180000.0,257875.0,26.329237133471224,False,20
WS4 2,132,315000.0,316087.5,171950.0,430000.0,55.170945370483025,False,20
WS5 3,321,375000.0,394395.94704049843,300000.0,447500.0,68.18956077381677,False,20
WS5 4,251,220000.0,226033.33466135457,184500.0,260000.0,28.555785375349803,False,20
WS6 6,336,242750.0,258905.05952380953,195000.0,290000.0,35.44835138094658,False,20
WS6 7,320,255000.0,283148.790625,220000.0,305737.5,39.068013140284705,False,20
WS7 0,184,255000.0,300790.60869565216,215000.0,350625.0,39.068013140284705,False,20
WS7 1,209,242000.0,255520.16746411484,205000.0,288200.0,35.3145151478282,False,20
WS7 2,184,243500.0,249342.85326086957,215000.0,275718.25,35.63693880034067,False,20
WS7 3,120,243000.0,241012.08333333334,190000.0,290250.0,35.55177028835625,False,20
WS7 4,240,215000.0,232528.95833333334,180000.0,280000.0,26.998418299063147,False,20
WS7 9,211,310000.0,333118.2464454976,240000.0,412500.0,53.948168876992334,False,20
WS8 6,200,192250.0,210548.475,162250.0,230000.0,20.59252950480594,False,20
WS8 7,322,220000.0,224603.38198757765,182500.0,258375.0,28.555785375349803,False,20
WS9 0,328,324500.0,370796.7469512195,255000.0,421500.0,57.50091251977126,False,20
WS9 8,445,250000.0,263875.11235955055,168000.0,325000.0,37.717483878817376,False,20
WS9 9,274,272750.0,295469.1605839416,197000.0,355750.0,44.178123859350286,False,20
WV1 1,2,97250.0,97250.0,86125.0,108375.0,1.3870300523178003,True,20
WV1 2,166,180000.0,176355.38554216866,141000.0,210000.0,16.912033094050372,False,20
WV1 3,24,117500.0,122603.75,99250.0,126500.0,3.2850711765421585,False,20
WV1 4,66,141000.0,170538.33333333334,121875.0,179750.0,7.7564180557245415,False,20
WV10 0,207,175000.0,184400.86956521738,130000.0,233250.0,15.500669181165591,False,20
WV10 6,539,226000.0,227803.0853432282,186450.0,265000.0,30.630246988684757,False,20
WV10 7,226,255000.0,297442.4336283186,200000.0,350000.0,39.068013140284705,False,20
WV10 8,374,212050.0,219827.192513369,186375.0,240000.0,26.29273634262076,False,20
WV10 9,208,165000.0,161591.78846153847,131375.0,185000.0,13.079450054751184,False,20
WV11 1,333,219000.0,218003.04804804805,175000.0,265000.0,27.971772721742305,False,20
WV11 2,399,211000.0,241776.7117794486,178000.0,280000.0,26.11631585351016,False,20
WV11 3,352,220500.0,222497.44602272726,180000.0,250000.0,29.078963377539846,False,20
WV12 4,335,208000.0,208492.28059701493,170000.0,245000.0,24.905706290302955,False,20
WV12 5,449,208000.0,212557.38530066816,170000.0,247000.0,24.905706290302955,False,20
WV13 1,179,171000.0,183983.79888268156,143250.0,222750.0,14.655067526463073,False,20
WV13 2,156,175000.0,180938.77564102566,132375.0,220625.0,15.500669181165591,False,20
WV13 3,222,196000.0,200399.14414414414,165000.0,230000.0,21.80313906801314,False,20
WV14 0,148,195000.0,210929.66216216216,130375.0,266237.5,21.395546903516244,False,20
WV14 6,182,200000.0,202661.65934065933,165000.0,235000.0,22.885995863243703,False,20
WV14 7,89,167500.0,169847.75280898876,125000.0,206000.0,13.651295778075193,False,20
WV14 8,375,192500.0,196475.98666666666,165000.0,225000.0,20.68986494707385,False,20
WV14 9,328,200000.0,200874.60975609755,170000.0,230000.0,22.885995863243703,False,20
WV15 5,138,251750.0,322699.8985507246,200000.0,348750.0,38.34408078841708,False,20
WV15 6,165,278000.0,307908.9696969697,240000.0,345000.0,45.759824796203915,False,20
WV16 4,341,260000.0,308919.12903225806,200000.0,354000.0,40.716632193697535,False,20
WV16 5,144,310000.0,354620.8263888889,240000.0,455000.0,53.948168876992334,False,20
WV16 6,189,230000.0,277290.68783068785,175000.0,340000.0,31.71918724905706,False,20
WV2 1,65,160000.0,161243.84615384616,118000.0,205000.0,11.856673561260495,False,20
WV2 2,129,200000.0,199533.33333333334,165000.0,232000.0,22.885995863243703,False,20
WV2 3,66,152000.0,164757.42424242425,128375.0,188250.0,9.952548971894391,False,20
WV2 4,61,152500.0,176888.26229508198,116000.0,220000.0,10.074218274729285,False,20
WV3 0,143,137000.0,153892.5944055944,118300.5,165150.0,6.630977004501765,False,20
WV3 7,257,225000.0,231626.53307392995,185000.0,272500.0,30.143569777345174,False,20
WV3 8,212,284500.0,301147.2405660377,239875.0,346237.5,47.451028105608955,False,20
WV3 9,266,246000.0,264832.1466165414,178500.0,332750.0,36.42778926876749,False,20
WV4 4,347,248500.0,267148.09510086454,210000.0,310000.0,36.85363182868962,False,20
WV4 5,330,279000.0,293447.203030303,235000.0,330000.0,45.82674291276311,False,20
WV4 6,314,198000.0,193837.23248407643,135375.0,246500.0,22.095145394816885,False,20
WV5 0,223,280000.0,306344.3946188341,230000.0,365000.0,46.40467210122886,False,20
WV5 7,92,510000.0,562618.1086956522,388250.0,695000.0,85.96544591799488,False,20
WV5 8,154,303750.0,332705.6493506493,249950.0,394500.0,52.51855456868232,False,20
WV5 9,128,295000.0,310985.1171875,237062.5,367625.0,50.121669302834896,False,20
WV6 0,253,165000.0,181594.73913043478,111500.0,215000.0,13.079450054751184,False,20
WV6 7,510,280000.0,319801.4294117647,226625.0,353750.0,46.40467210122886,False,20
WV6 8,487,315650.0,368541.2422997947,209000.0,494000.0,55.44470130186154,False,20
WV6 9,271,255000.0,302254.6125461255,220000.0,337500.0,39.068013140284705,False,20
WV7 3,286,310000.0,322656.2167832168,235000.0,398746.25,53.948168876992334,False,20
WV8 1,368,251000.0,290936.910326087,195000.0,335000.0,38.30149653242486,False,20
WV8 2,172,377500.0,399114.24418604653,285000.0,491250.0,68.87090886969217,False,20
WV9 5,247,240000.0,250565.85020242914,190000.0,299750.0,34.59058279596058,False,20
YO1 6,122,325000.0,339555.5737704918,246237.5,418750.0,57.99367319625258,False,20
YO1 7,79,300000.0,429332.40506329114,217750.0,456250.0,51.65470251855457,False,20
YO1 8,4,520000.0,736750.0,281750.0,975000.0,86.67721133957902,True,20
YO1 9,68,300000.0,389992.64705882355,198750.0,476250.0,51.65470251855457,False,20
YO10 3,360,257000.0,280005.96944444446,215000.0,324250.0,39.66419272417569,False,20
YO10 4,287,338000.0,369039.82229965157,254000.0,420000.0,60.877235673439586,False,20
YO10 5,132,300000.0,344042.9318181818,235584.25,384607.0,51.65470251855457,False,20
YO11 1,145,129999.0,147249.30344827587,90000.0,182500.0,5.231780021900474,False,20
YO11 2,520,135000.0,167064.60576923078,97500.0,197250.0,6.3328872125562725,False,20
YO11 3,795,201000.0,216697.97232704403,160000.0,260000.0,23.43350772600073,False,20
YO12 4,499,188000.0,204413.58116232464,150000.0,240000.0,19.272417569047327,False,20
YO12 5,400,208500.0,228546.35,147875.0,281250.0,24.984791337145637,False,20
YO12 6,437,212500.0,228361.9885583524,162000.0,272000.0,26.40832218031391,False,20
YO12 7,559,143500.0,159549.4740608229,120000.0,180000.0,7.999756661394331,False,20
YO13 0,308,311000.0,337721.9837662338,238121.25,406250.0,54.422679158048425,False,20
YO13 9,231,280000.0,328082.93073593074,210000.0,375000.0,46.40467210122886,False,20
YO14 0,375,230000.0,241350.4,184500.0,285000.0,31.71918724905706,False,20
YO14 9,399,185000.0,214460.43859649124,137750.0,263500.0,18.432899379486557,False,20
YO15 1,199,215000.0,240781.58291457288,175000.0,287475.0,26.998418299063147,False,20
YO15 2,207,140000.0,165392.40579710144,97500.0,207500.0,7.409660542645091,False,20
YO15 3,389,205000.0,228053.76863753214,150000.0,270745.0,24.20610779900231,False,20
YO16 4,346,133000.0,144142.4682080925,95000.0,167000.0,6.071298211461248,False,20
YO16 6,599,220000.0,228566.1936560935,185000.0,269972.5,28.555785375349803,False,20
YO16 7,397,162500.0,168366.4937027708,135000.0,189950.0,12.471103540576713,False,20
YO17 6,127,319950.0,377447.2913385827,236625.0,445000.0,56.016547025185545,False,20
YO17 7,270,264250.0,310405.7481481481,210000.0,363750.0,41.744737802652395,False,20
YO17 8,215,240000.0,275135.4372093023,183000.0,320000.0,34.59058279596058,False,20
YO17 9,287,235000.0,267182.2090592334,181000.0,295000.0,33.14271809222533,False,20
YO18 7,431,290000.0,321499.78190255223,215500.0,390000.0,48.89280934420246,False,20
YO18 8,235,265000.0,298673.2085106383,215000.0,356500.0,42.18274729285801,False,20
YO19 4,163,360000.0,367576.2147239264,285000.0,416250.0,65.14174473780265,False,20
YO19 5,146,380000.0,411443.4246575342,300000.0,470000.0,69.34541915074827,False,20
YO19 6,257,395000.0,439947.373540856,275000.0,540000.0,71.68146976517824,False,20
YO21 1,282,265000.0,296111.9716312057,200500.0,350000.0,42.18274729285801,False,20
YO21 2,101,310000.0,365679.2079207921,240000.0,430000.0,53.948168876992334,False,20
YO21 3,255,250000.0,308833.52156862745,200000.0,374999.5,37.717483878817376,False,20
YO22 4,323,255000.0,271572.0866873065,200000.0,320000.0,39.068013140284705,False,20
YO22 5,137,327000.0,358369.70802919706,255000.0,400000.0,58.541185059009614,False,20
YO23 1,489,345000.0,370165.0961145194,254250.0,449950.0,62.16084681834773,False,20
YO23 2,171,410000.0,465914.08187134506,300000.0,527500.0,73.84109989049763,False,20
YO23 3,231,386000.0,437865.8441558442,295000.0,529000.0,70.50127752767976,False,20
YO23 7,38,450000.0,465001.3157894737,317500.0,563750.0,80.05840126536074,False,20
YO24 1,269,472500.0,527232.0185873606,332500.0,625000.0,82.40053534493246,False,20
YO24 2,315,281500.0,304804.24126984127,245000.0,340000.0,46.98260128969461,False,20
YO24 3,333,247500.0,262716.64864864864,215000.0,305000.0,36.67112787443728,False,20
YO24 4,369,275000.0,307298.3360433604,216000.0,358000.0,44.84730502494221,False,20
YO25 3,76,255000.0,290380.9210526316,170000.0,362500.0,39.068013140284705,False,20
YO25 4,223,247000.0,295098.12107623316,180000.0,370000.0,36.56162550188588,False,20
YO25 5,670,220000.0,231010.59402985073,175000.0,280000.0,28.555785375349803,False,20
YO25 6,356,166000.0,198526.1235955056,130000.0,235000.0,13.414040637547147,False,20
YO25 8,290,235000.0,273318.6620689655,175000.0,325750.0,33.14271809222533,False,20
YO25 9,294,248500.0,313405.5408163265,184250.0,372375.0,36.85363182868962,False,20
YO26 4,288,225000.0,249414.0,196125.0,275000.0,30.143569777345174,False,20
YO26 5,442,300000.0,318246.45701357466,245000.0,375000.0,51.65470251855457,False,20
YO26 6,355,450000.0,466775.54929577466,332495.5,540747.5,80.05840126536074,False,20
YO26 7,136,422500.0,435187.8455882353,304987.5,534950.0,76.00073001581701,False,20
YO26 8,154,450000.0,504180.71428571426,340750.0,568750.0,80.05840126536074,False,20
YO26 9,63,485000.0,579711.873015873,379995.0,772008.5,83.62331183842316,False,20
YO30 1,96,358475.0,406525.46875,262375.0,511875.0,64.72806910816401,False,20
YO30 2,91,254000.0,350709.46153846156,239500.0,447500.0,38.642170580362574,False,20
YO30 4,128,243000.0,258741.6015625,170000.0,331250.0,35.55177028835625,False,20
YO30 5,319,310000.0,338076.78056426335,262439.0,375000.0,53.948168876992334,False,20
YO30 6,318,275000.0,352621.09433962265,236000.0,369125.0,44.84730502494221,False,20
YO30 7,166,330000.0,427056.734939759,240875.0,518265.0,59.15561503832583,False,20
YO31 0,269,295000.0,317393.0408921933,245000.0,384000.0,50.121669302834896,False,20
YO31 1,204,403500.0,439053.04411764705,279500.0,550000.0,73.0198320963621,False,20
YO31 7,193,250000.0,299295.5440414508,175500.0,390000.0,37.717483878817376,False,20
YO31 8,377,255000.0,303647.48806366045,220000.0,361000.0,39.068013140284705,False,20
YO31 9,293,271000.0,284287.84641638224,230000.0,320000.0,43.96520257938922,False,20
YO32 2,277,280000.0,304071.3140794224,231500.0,351200.0,46.40467210122886,False,20
YO32 3,239,370000.0,393422.179916318,284000.0,465250.0,67.1067039785862,False,20
YO32 4,60,301250.0,283785.4,174861.25,359875.0,52.2569655675873,False,20
YO32 5,231,310000.0,354488.65367965365,255250.0,400000.0,53.948168876992334,False,20
YO32 9,283,325000.0,367331.8339222615,267250.0,420000.0,57.99367319625258,False,20
YO41 1,238,290000.0,327910.4201680672,235000.0,384500.0,48.89280934420246,False,20
YO41 4,81,380000.0,436607.16049382713,285000.0,525000.0,69.34541915074827,False,20
YO41 5,117,302500.0,376164.95726495725,245000.0,430000.0,52.4333860566979,False,20
YO42 1,135,360000.0,380033.9111111111,262825.0,468750.0,65.14174473780265,False,20
YO42 2,753,280000.0,297461.6586985392,217500.0,369950.0,46.40467210122886,False,20
YO42 4,165,350000.0,404876.3515151515,295000.0,505000.0,63.219369753011314,False,20
YO43 3,454,232250.0,247879.3744493392,185000.0,309620.0,32.46136999634992,False,20
YO43 4,206,250000.0,280134.6553398058,189962.5,330000.0,37.717483878817376,False,20
YO51 9,493,344995.0,353443.8377281947,270746.0,424995.0,61.89317435211096,False,20
YO60 6,59,355000.0,456049.1525423729,290500.0,515000.0,64.21705803625746,False,20
YO60 7,95,465000.0,507775.92631578946,282600.0,590000.0,81.53059982966298,False,20
YO61 1,232,439995.0,501542.9784482759,328289.5,640625.0,78.42194914223141,False,20
YO61 2,62,460000.0,477644.0806451613,325000.0,571250.0,81.13517459544957,False,20
YO61 3,401,334995.0,370414.00997506233,257995.0,464995.0,60.01946708845358,False,20
YO61 4,67,537500.0,964029.7014925373,376500.0,785000.0,87.88782090278623,False,20
YO62 4,103,365000.0,436975.8446601942,255000.0,496250.0,66.10293223019832,False,20
YO62 5,149,355000.0,402183.55704697984,245000.0,485000.0,64.21705803625746,False,20
YO62 6,247,262000.0,298197.7975708502,204750.0,337250.0,41.404063754714684,False,20
YO62 7,66,390000.0,432015.1515151515,306250.0,521250.0,70.97578780873586,False,20
YO7 1,442,230000.0,246767.33031674207,175000.0,295000.0,31.71918724905706,False,20
YO7 2,85,480000.0,551943.3411764706,343000.0,625000.0,83.24005353449326,False,20
YO7 3,349,290495.0,321239.77936962753,230000.0,384950.0,49.2517337875654,False,20
YO7 4,151,360000.0,411893.8013245033,255500.0,527500.0,65.14174473780265,False,20
YO8 3,240,220000.0,265117.1041666667,139500.0,350625.0,28.555785375349803,False,20
YO8 4,325,185000.0,225875.9476923077,145000.0,265000.0,18.432899379486557,False,20
YO8 5,353,230000.0,258138.7818696884,182000.0,289950.0,31.71918724905706,False,20
YO8 6,219,288000.0,329646.2374429224,210000.0,376500.0,48.35746441172893,False,20
YO8 8,461,205000.0,232868.90455531454,163000.0,275000.0,24.20610779900231,False,20
YO8 9,616,255000.0,268994.1396103896,205000.0,325250.0,39.068013140284705,False,20
