sector,layer,median_price,transaction_count,ew_percentile,neighbour_count,neighbourhood_median,pct_above_neighbourhood,low_transaction_count,min_sales_threshold,priced_neighbour_count,low_count_neighbour_count,has_geometry,analysis_status
WC1A 1,2,5625000.0,17,99.95133227886603,22,940000.0,4.98404255319149,True,20,21,13,True,ok
W1K 1,2,13212500.0,4,100.0,20,2618750.0,4.045346062052506,True,20,20,3,True,ok
CB2 7,2,2475000.0,12,99.69582674291276,14,575000.0,3.304347826086956,True,20,13,0,True,ok
W1J 8,2,8345273.0,21,99.98783306971652,20,2137500.0,2.904221286549708,False,20,18,10,True,ok
SE21 7,2,1800000.0,113,99.43423774181774,24,509950.0,2.5297578193940584,False,20,24,0,True,ok
EC2M 4,2,2142000.0,2,99.61065823092834,25,640000.0,2.346875,True,20,25,7,True,ok
W1U 4,2,4688325.0,68,99.8904976274486,18,1517125.0,2.0902694240751423,False,20,18,5,True,ok
DE22 5,2,840000.0,26,97.03735247597032,21,295000.0,1.847457627118644,False,20,21,0,True,ok
WD3 4,2,1373250.0,120,99.01447864703736,28,490000.0,1.8025510204081636,False,20,28,0,True,ok
TS22 5,2,334995.0,852,60.01946708845358,28,123625.0,1.709767441860465,False,20,28,1,True,ok
BH13 7,2,825000.0,275,96.93393356856063,10,315000.0,1.619047619047619,False,20,10,0,True,ok
W1U 8,2,3600000.0,27,99.8661637668816,19,1375000.0,1.6181818181818182,False,20,19,5,True,ok
CH48 1,2,862500.0,50,97.28677454678186,21,330000.0,1.6136363636363638,False,20,21,1,True,ok
CH64 5,2,625000.0,35,92.6146733179219,25,240000.0,1.6041666666666663,False,20,25,2,True,ok
CH63 4,2,762500.0,6,96.11266577442512,28,300875.0,1.5342750311591191,True,20,28,4,True,ok
SW1X 7,2,5035000.0,59,99.93916534858256,24,1987500.0,1.5333333333333332,False,20,24,2,True,ok
DH1 3,2,347500.0,157,62.61102323883684,17,140000.0,1.4821428571428572,False,20,17,0,True,ok
WC2H 0,2,2700000.0,3,99.77491178975544,29,1090000.0,1.477064220183486,True,20,27,17,True,ok
SL9 7,2,1322500.0,190,98.8988928093442,28,534000.0,1.4765917602996257,False,20,28,0,True,ok
LL64 5,2,503000.0,57,85.44835138094659,8,207500.0,1.4240963855421689,False,20,8,1,True,ok
CH64 8,2,836000.0,7,97.01910208054508,15,345000.0,1.4231884057971014,True,20,15,2,True,ok
CR3 7,2,1127050.0,60,98.47913371456382,21,475000.0,1.372736842105263,False,20,21,0,True,ok
L12 1,2,400000.0,28,72.52707141988076,24,169000.0,1.366863905325444,False,20,24,1,True,ok
RG9 3,2,1350000.0,67,98.94756053047816,35,570375.0,1.366863905325444,False,20,35,0,True,ok
CH48 2,2,772000.0,42,96.24041854240176,20,326250.0,1.3662835249042145,False,20,20,1,True,ok
DH1 4,2,350000.0,218,63.219369753011314,17,150000.0,1.3333333333333337,False,20,17,0,True,ok
W1G 7,2,2468750.0,10,99.68365981262929,20,1058750.0,1.331759149940968,True,20,20,3,True,ok
SW1Y 5,2,2600000.0,5,99.73841099890498,20,1132500.0,1.295805739514349,True,20,18,12,True,ok
W1D 3,2,2197505.0,9,99.62282516121182,29,960000.0,1.2890677083333335,True,20,27,16,True,ok
CH66 8,2,515000.0,2,86.35478768706655,25,226500.0,1.2737306843267109,True,20,25,2,True,ok
AL5 2,2,1425000.0,245,99.0631463681713,20,628750.0,1.2664015904572563,False,20,20,0,True,ok
L34 7,2,313500.0,4,54.75726974084439,42,138987.5,1.2555985250472164,True,20,42,9,True,ok
NE47 0,2,550000.0,21,88.66650444092954,19,245000.0,1.2448979591836733,False,20,19,1,True,ok
SW11 6,2,1477500.0,467,99.16048181043922,14,660500.0,1.2369417108251324,False,20,14,0,True,ok
L38 3,2,630000.0,9,92.87626231901692,14,285000.0,1.210526315789474,True,20,13,3,True,ok
NP8 1,2,420000.0,159,75.5627205256114,34,191750.0,1.1903520208604954,False,20,34,0,True,ok
PL8 1,2,715000.0,93,95.18189560773816,10,330762.5,1.1616718944862252,False,20,10,0,True,ok
EC2A 2,2,1237810.0,54,98.7224723202336,16,575250.0,1.1517774880486744,False,20,16,3,True,ok
NE2 3,2,377500.0,204,68.87090886969217,22,175500.0,1.150997150997151,False,20,22,2,True,ok
AL5 3,2,894000.0,183,97.46927850103418,25,420000.0,1.1285714285714286,False,20,25,0,True,ok
BN20 0,2,685000.0,52,94.41537899987831,11,322500.0,1.1240310077519382,False,20,11,0,True,ok
WA14 3,2,876000.0,155,97.37194305876628,22,412500.0,1.1236363636363635,False,20,22,0,True,ok
SE1 9,2,1200000.0,171,98.70422192480837,12,567500.0,1.1145374449339207,False,20,12,0,True,ok
SW8 5,2,1360680.0,197,98.99014478647037,10,646275.0,1.1054195195543692,False,20,10,0,True,ok
TS26 0,2,222500.0,823,29.413553960335808,14,105724.0,1.1045363399039003,False,20,14,0,True,ok
W1K 4,2,5895000.0,17,99.96349920914952,15,2821250.0,1.0894993354009743,True,20,14,7,True,ok
CF14 0,2,542995.0,458,88.13724297359776,31,260000.0,1.0884423076923078,False,20,31,0,True,ok
SA3 1,2,500000.0,95,85.14417812385935,7,240000.0,1.0833333333333337,False,20,7,0,True,ok
EN4 0,2,1197500.0,222,98.67380459909964,30,580000.0,1.0646551724137931,False,20,30,0,True,ok
CH60 8,2,722000.0,47,95.31573184085656,18,350000.0,1.0628571428571427,False,20,18,2,True,ok
WD17 3,2,948000.0,131,97.80995254897188,21,460000.0,1.0608695652173914,False,20,21,0,True,ok
NE20 0,2,524995.0,163,86.90229954982358,35,255000.0,1.0588039215686271,False,20,35,0,True,ok
NE3 4,2,360000.0,489,65.14174473780265,17,175000.0,1.057142857142857,False,20,17,1,True,ok
N20 8,2,1190000.0,129,98.62513687796567,20,582500.0,1.0429184549356223,False,20,20,0,True,ok
GU10 2,2,1115000.0,82,98.44871638885508,21,547650.0,1.0359718798502695,False,20,21,0,True,ok
W1K 3,2,4875000.0,10,99.92699841829906,21,2400000.0,1.03125,True,20,19,9,True,ok
BH24 4,2,877500.0,50,97.38410998904976,27,435500.0,1.0149253731343282,False,20,27,1,True,ok
NE20 9,2,475000.0,527,82.6621243460275,36,237498.75,1.0000105263711916,False,20,36,0,True,ok
S45 0,2,500000.0,63,85.14417812385935,23,250000.0,1.0,False,20,23,0,True,ok
CH60 6,2,611000.0,62,92.10366224601532,18,307500.0,0.9869918699186992,False,20,18,1,True,ok
W11 3,2,1822500.0,193,99.46465506752646,22,920000.0,0.9809782608695652,False,20,22,0,True,ok
SW1P 3,2,2113550.0,122,99.59849130064484,17,1068125.0,0.9787478057343476,False,20,16,7,True,ok
L3 0,2,235500.0,124,33.586811047572695,16,119125.0,0.9769150052465898,False,20,16,8,True,ok
WA15 0,2,883750.0,178,97.43277771018371,22,447500.0,0.9748603351955308,False,20,22,0,True,ok
L26 6,2,365995.0,187,66.37060469643508,20,185500.0,0.9730188679245284,False,20,20,4,True,ok
MK5 8,2,615000.0,82,92.18883075799975,31,313500.0,0.9617224880382776,False,20,31,1,True,ok
B94 5,2,663750.0,118,93.86786713712132,36,340000.0,0.9522058823529412,False,20,36,0,True,ok
L24 5,2,310500.0,25,54.36792797177272,18,159525.0,0.9464033850493654,False,20,18,1,True,ok
BH14 8,2,622500.0,548,92.40175203796085,12,320000.0,0.9453125,False,20,12,0,True,ok
BN3 6,2,816000.0,499,96.81226426572576,17,420000.0,0.9428571428571428,False,20,17,1,True,ok
L34 3,2,280995.0,161,46.91568317313542,15,145000.0,0.937896551724138,False,20,15,3,True,ok
SK10 4,2,793500.0,332,96.59325952062294,30,410497.5,0.933020298540186,False,20,30,0,True,ok
CV47 7,2,704500.0,33,94.9142231415014,17,365000.0,0.9301369863013698,False,20,17,0,True,ok
WC1X 0,2,1267750.0,192,98.79547390193454,17,660000.0,0.9208333333333334,False,20,17,2,True,ok
WA3 4,2,420000.0,197,75.5627205256114,20,218737.5,0.9201097205554604,False,20,20,0,True,ok
CF71 7,2,466500.0,440,81.7252707141988,38,243000.0,0.9197530864197532,False,20,38,0,True,ok
CH63 6,2,500000.0,11,85.14417812385935,33,261305.0,0.913472761715237,True,20,33,2,True,ok
W1K 7,2,4850000.0,22,99.91483148801558,23,2537500.0,0.911330049261084,False,20,23,7,True,ok
SM2 7,2,968750.0,180,97.94378878209028,18,509375.0,0.901840490797546,False,20,18,0,True,ok
L1 9,2,277500.0,14,45.63815549336902,16,145975.0,0.9010104469943484,True,20,15,5,True,ok
NG15 9,2,380000.0,239,69.34541915074827,21,200000.0,0.8999999999999999,False,20,21,0,True,ok
WC1N 2,2,1350000.0,33,98.94756053047816,23,711250.0,0.898066783831283,False,20,22,6,True,ok
PE8 5,2,565000.0,137,89.68244311960093,28,298750.0,0.891213389121339,False,20,28,0,True,ok
SS1 3,2,600000.0,392,91.5439834529748,10,317500.0,0.889763779527559,False,20,10,0,True,ok
SW7 2,2,3025000.0,58,99.82966297603116,34,1605000.0,0.8847352024922119,False,20,34,1,True,ok
L23 8,2,520000.0,83,86.67721133957902,17,276000.0,0.8840579710144927,False,20,16,3,True,ok
RG20 0,2,725000.0,60,95.376566492274,32,385000.0,0.8831168831168832,False,20,31,0,True,ok
SW6 3,2,1600000.0,371,99.27606764813235,9,850000.0,0.8823529411764706,False,20,9,0,True,ok
LL73 8,2,414000.0,6,74.38252828811291,14,220600.0,0.8766999093381687,True,20,14,3,True,ok
TQ8 8,2,808000.0,175,96.7635965445918,6,431250.0,0.873623188405797,False,20,6,0,True,ok
KT11 2,2,1260000.0,435,98.75288964594232,18,672500.0,0.8736059479553904,False,20,18,0,True,ok
DE56 4,2,475000.0,243,82.6621243460275,20,253862.5,0.8710916342508248,False,20,20,0,True,ok
LS22 4,2,735000.0,63,95.6199050979438,27,393000.0,0.8702290076335877,False,20,27,0,True,ok
TF3 4,2,430000.0,3,77.35125927728434,12,230000.0,0.8695652173913044,True,20,12,0,True,ok
LS16 8,2,569950.0,245,89.88928093442024,19,305000.0,0.8686885245901639,False,20,19,0,True,ok
BS28 4,2,590000.0,135,91.08772356734396,24,316125.0,0.8663503361012257,False,20,24,0,True,ok
SO41 5,2,905000.0,34,97.54228008273512,11,485000.0,0.865979381443299,False,20,11,0,True,ok
BH3 7,2,582500.0,204,90.78355031025671,22,312500.0,0.8640000000000001,False,20,22,0,True,ok
B76 0,2,510000.0,10,85.96544591799488,19,275000.0,0.8545454545454545,True,20,19,0,True,ok
RG20 9,2,747500.0,154,95.85716023847183,25,404143.75,0.8495894097087979,False,20,24,0,True,ok
WD7 8,2,1040000.0,219,98.24187857403577,20,562500.0,0.8488888888888888,False,20,20,0,True,ok
PO20 7,2,710000.0,135,95.07239323518677,16,385000.0,0.8441558441558441,False,20,16,0,True,ok
NE33 1,2,234995.0,147,32.716875532303206,8,127500.0,0.8430980392156864,False,20,8,0,True,ok
CB3 9,2,971000.0,100,97.95595571237376,22,528000.0,0.8390151515151516,False,20,21,1,True,ok
WF2 6,2,358000.0,355,64.6854848521718,19,195000.0,0.8358974358974358,False,20,19,0,True,ok
DY7 5,2,507500.0,36,85.75252463803382,40,276500.0,0.8354430379746836,False,20,40,0,True,ok
L16 0,2,550000.0,21,88.66650444092954,24,300000.0,0.8333333333333333,False,20,24,0,True,ok
NE44 6,2,449125.0,56,79.59605791458814,20,245000.0,0.8331632653061225,False,20,20,0,True,ok
WC2R 1,2,1850000.0,23,99.48290546295168,16,1011250.0,0.8294190358467244,False,20,14,8,True,ok
S75 4,2,390000.0,165,70.97578780873586,34,213500.0,0.8266978922716628,False,20,34,1,True,ok
WA16 9,2,675000.0,147,94.12945613821633,27,370000.0,0.8243243243243243,False,20,27,0,True,ok
DY12 3,2,510000.0,24,85.96544591799488,22,279750.0,0.8230563002680966,False,20,22,0,True,ok
WV5 7,2,510000.0,92,85.96544591799488,30,279987.5,0.8215098888343229,False,20,30,0,True,ok
W4 1,2,1125000.0,375,98.46696678428032,13,618500.0,0.8189167340339532,False,20,13,0,True,ok
NW10 3,2,1050000.0,217,98.284462830028,18,577500.0,0.8181818181818181,False,20,18,0,True,ok
L5 2,2,199950.0,43,22.314150139919697,17,110000.0,0.8177272727272726,False,20,17,4,True,ok
AL6 0,2,755275.0,236,96.04574765786592,25,415750.0,0.81665664461816,False,20,25,0,True,ok
DN5 7,2,290500.0,424,49.28823457841587,37,160000.0,0.815625,False,20,37,1,True,ok
L40 2,2,433000.0,49,77.77710183720647,25,238500.0,0.8155136268343814,False,20,25,0,True,ok
W1B 1,2,2400000.0,28,99.65932595206228,30,1322500.0,0.8147448015122873,False,20,28,10,True,ok
PO18 9,2,787500.0,51,96.520257938922,34,435000.0,0.8103448275862069,False,20,34,0,True,ok
RG7 6,2,750000.0,94,95.92407835503104,19,415000.0,0.8072289156626506,False,20,19,0,True,ok
L40 3,2,454000.0,32,80.59982966297603,12,251750.0,0.8033763654419066,False,20,12,0,True,ok
TS15 0,2,450000.0,92,80.05840126536074,21,249972.5,0.8001980217823961,False,20,21,0,True,ok
TQ14 0,2,452500.0,106,80.56332887212557,10,252500.0,0.7920792079207921,False,20,10,0,True,ok
PE31 8,2,535000.0,287,87.71140041367563,20,298775.0,0.7906451342983851,False,20,20,0,True,ok
NW1 4,2,1750000.0,61,99.39165348582551,35,977500.0,0.7902813299232736,False,20,35,7,True,ok
HX7 7,2,297500.0,109,50.71784888672588,23,166500.0,0.7867867867867868,False,20,23,0,True,ok
S20 3,2,344500.0,6,61.88100742182747,11,193000.0,0.7849740932642486,True,20,11,0,True,ok
NE47 8,2,410000.0,11,73.84109989049763,23,230000.0,0.7826086956521738,True,20,23,0,True,ok
SO42 7,2,820000.0,189,96.86701545200144,26,460500.0,0.780673181324647,False,20,26,0,True,ok
NW8 6,2,1552500.0,140,99.2091495315732,21,872500.0,0.7793696275071633,False,20,21,0,True,ok
PE5 7,2,477500.0,54,83.02104878939043,32,268875.0,0.7759181775918178,False,20,32,1,True,ok
MK15 0,2,530000.0,39,87.43156101715537,19,298500.0,0.7755443886097153,False,20,19,0,True,ok
TS21 2,2,260000.0,143,40.716632193697535,33,146500.0,0.7747440273037542,False,20,33,0,True,ok
NP23 8,2,250000.0,35,37.717483878817376,18,141000.0,0.7730496453900708,False,20,18,0,True,ok
HP9 1,2,950000.0,368,97.8525368049641,24,537907.5,0.7661029080278672,False,20,24,0,True,ok
WA5 7,2,358000.0,55,64.6854848521718,21,203000.0,0.7635467980295567,False,20,21,0,True,ok
NW3 7,2,1394607.5,216,99.03881250760432,28,791250.0,0.7625371248025277,False,20,28,0,True,ok
NG2 5,2,415000.0,368,74.71103540576712,20,236096.0,0.7577595554350773,False,20,20,1,True,ok
LS14 3,2,570000.0,128,89.97444944640466,31,325000.0,0.7538461538461538,False,20,31,0,True,ok
SW19 5,2,1322500.0,180,98.8988928093442,13,755350.0,0.7508439796121003,False,20,13,0,True,ok
NW7 4,2,1010000.0,169,98.1506265969096,22,580000.0,0.7413793103448276,False,20,22,0,True,ok
L17 5,2,430000.0,32,77.35125927728434,18,247500.0,0.7373737373737375,False,20,18,1,True,ok
TQ9 6,2,512500.0,300,86.14794987224724,30,295000.0,0.7372881355932204,False,20,30,0,True,ok
WD7 7,2,1000000.0,138,98.13237620148436,10,576750.0,0.7338534893801474,False,20,10,0,True,ok
RM14 3,2,650000.0,275,93.44810804234092,34,375000.0,0.7333333333333334,False,20,34,0,True,ok
YO1 8,2,520000.0,4,86.67721133957902,11,300000.0,0.7333333333333334,True,20,11,0,True,ok
CF3 2,2,400000.0,107,72.52707141988076,17,231000.0,0.7316017316017316,False,20,17,0,True,ok
CM11 1,2,733750.0,244,95.5955712373768,20,423750.0,0.7315634218289087,False,20,20,0,True,ok
NR25 7,2,580000.0,164,90.64971407713831,15,335000.0,0.7313432835820894,False,20,15,0,True,ok
HG2 9,2,610000.0,303,92.03674412945614,15,352500.0,0.7304964539007093,False,20,15,0,True,ok
S60 8,2,304995.0,519,52.60980654580849,16,176257.5,0.7303944512999447,False,20,16,0,True,ok
WA6 8,2,449500.0,82,79.60822484487163,19,260000.0,0.7288461538461539,False,20,19,0,True,ok
WA10 5,2,250000.0,249,37.717483878817376,29,145000.0,0.7241379310344827,False,20,29,6,True,ok
PL28 8,2,560000.0,228,89.33568560652148,5,325000.0,0.7230769230769232,False,20,5,0,True,ok
SN15 5,2,560000.0,165,89.33568560652148,26,325000.0,0.7230769230769232,False,20,25,0,True,ok
OX2 6,2,870000.0,277,97.3476091981993,12,505000.0,0.7227722772277227,False,20,11,0,True,ok
BA1 9,2,740000.0,58,95.72332400535343,32,430000.0,0.7209302325581395,False,20,32,0,True,ok
SO15 7,2,460000.0,110,81.13517459544957,20,267500.0,0.719626168224299,False,20,20,0,True,ok
BH19 3,2,625000.0,59,92.6146733179219,6,363750.0,0.7182130584192439,False,20,6,0,True,ok
SN5 3,2,500000.0,45,85.14417812385935,15,291375.0,0.716001716001716,False,20,14,0,True,ok
RG9 6,2,995000.0,80,98.08979194549217,25,580000.0,0.7155172413793103,False,20,25,0,True,ok
WD4 9,2,900000.0,144,97.51794622216816,24,525000.0,0.7142857142857142,False,20,24,0,True,ok
TN3 0,2,777500.0,184,96.34992091495316,28,453750.0,0.7134986225895317,False,20,28,0,True,ok
WR7 4,2,535000.0,177,87.71140041367563,32,312250.0,0.7133706965572457,False,20,32,0,True,ok
DY8 2,2,435000.0,192,77.95960579145881,17,255000.0,0.7058823529411764,False,20,17,0,True,ok
WS5 3,2,375000.0,321,68.18956077381677,21,220000.0,0.7045454545454546,False,20,21,0,True,ok
IG10 4,2,778888.5,192,96.37425477552014,23,457500.0,0.702488524590164,False,20,23,0,True,ok
L9 7,2,240000.0,19,34.59058279596058,22,141250.0,0.6991150442477876,True,20,22,0,True,ok
N1C 4,2,1150000.0,163,98.53996836598128,24,677500.0,0.6974169741697418,False,20,24,1,True,ok
HP9 2,2,975000.0,410,97.98637303808248,37,575000.0,0.6956521739130435,False,20,37,0,True,ok
OX2 7,2,780000.0,311,96.40467210122884,15,460000.0,0.6956521739130435,False,20,14,0,True,ok
BB2 5,2,265000.0,725,42.18274729285801,25,156500.0,0.6932907348242812,False,20,25,0,True,ok
EX3 0,2,550000.0,426,88.66650444092954,17,325000.0,0.6923076923076923,False,20,17,0,True,ok
DE21 5,2,383500.0,102,69.8807640832218,21,226750.0,0.691289966923925,False,20,21,0,True,ok
SY6 7,2,500000.0,97,85.14417812385935,23,296012.0,0.689120711322514,False,20,23,0,True,ok
GL53 9,2,678640.0,211,94.25720890619296,27,402000.0,0.6881592039800994,False,20,27,0,True,ok
LS17 9,2,595000.0,162,91.2823944518798,33,352500.0,0.6879432624113475,False,20,33,0,True,ok
HD2 2,2,300000.0,559,51.65470251855457,26,178000.0,0.6853932584269662,False,20,25,1,True,ok
BA2 7,2,640000.0,191,93.16218518067892,37,380000.0,0.6842105263157894,False,20,37,0,True,ok
S17 3,2,560000.0,338,89.33568560652148,24,332500.0,0.6842105263157894,False,20,24,0,True,ok
SR6 7,2,250000.0,421,37.717483878817376,18,148500.0,0.6835016835016836,False,20,18,0,True,ok
IP18 6,2,506500.0,244,85.71602384718335,14,301000.0,0.6827242524916943,False,20,14,0,True,ok
SP6 2,2,750000.0,90,95.92407835503104,25,446000.0,0.6816143497757847,False,20,25,0,True,ok
DL5 6,2,250000.0,181,37.717483878817376,30,148750.0,0.680672268907563,False,20,30,0,True,ok
RG9 5,2,828750.0,128,96.95826742912764,27,494000.0,0.6776315789473684,False,20,27,0,True,ok
ST9 9,2,311000.0,220,54.422679158048425,28,185500.0,0.6765498652291104,False,20,28,0,True,ok
NG14 7,2,460000.0,177,81.13517459544957,31,274500.0,0.6757741347905282,False,20,31,0,True,ok
BH6 4,2,615000.0,209,92.18883075799975,7,367000.0,0.6757493188010899,False,20,7,0,True,ok
TS12 1,2,235000.0,329,33.14271809222533,15,140250.0,0.6755793226381461,False,20,15,0,True,ok
S33 7,2,490050.0,7,84.24382528288112,22,292750.0,0.6739538855678906,True,20,22,1,True,ok
PL3 5,2,320000.0,440,56.54580849251734,16,191250.0,0.673202614379085,False,20,16,0,True,ok
BB12 9,2,267500.0,160,42.84584499330819,35,160000.0,0.671875,False,20,35,0,True,ok
BS6 7,2,685000.0,385,94.41537899987831,19,410000.0,0.6707317073170731,False,20,19,0,True,ok
B4 6,2,309000.0,158,53.44324127022752,14,185000.0,0.6702702702702703,False,20,14,4,True,ok
TR2 5,2,517500.0,168,86.50687431561018,7,310000.0,0.6693548387096775,False,20,7,0,True,ok
SL9 8,2,1050000.0,189,98.284462830028,15,630000.0,0.6666666666666667,False,20,15,0,True,ok
WA15 9,2,691250.0,318,94.64046721012288,17,415000.0,0.6656626506024097,False,20,17,0,True,ok
SR8 1,2,176000.0,161,15.950845601654704,16,105724.0,0.6647118913397148,False,20,16,0,True,ok
PO1 2,2,370000.0,150,67.1067039785862,16,222500.0,0.6629213483146068,False,20,16,0,True,ok
L26 0,2,299000.0,310,50.90643630611997,29,180000.0,0.6611111111111112,False,20,29,5,True,ok
BB6 8,2,350000.0,182,63.219369753011314,16,210750.0,0.66073546856465,False,20,16,0,True,ok
BB7 9,2,350000.0,677,63.219369753011314,34,210750.0,0.66073546856465,False,20,34,0,True,ok
L7 1,2,220000.0,33,28.555785375349803,19,132500.0,0.6603773584905661,False,20,18,4,True,ok
W8 7,2,1950000.0,203,99.54982357951089,19,1175000.0,0.6595744680851063,False,20,19,0,True,ok
CF64 3,2,389950.0,313,70.72028227278257,12,235000.0,0.6593617021276597,False,20,12,0,True,ok
AL5 4,2,705000.0,333,94.9689743277771,23,425000.0,0.6588235294117648,False,20,23,0,True,ok
HU6 0,2,240000.0,21,34.59058279596058,18,145000.0,0.6551724137931034,False,20,18,0,True,ok
CF23 5,2,440000.0,399,78.6652877479012,20,266375.0,0.6518066635382449,False,20,20,0,True,ok
WF8 3,2,295000.0,252,50.121669302834896,22,178750.0,0.6503496503496504,False,20,22,0,True,ok
CA8 9,2,330000.0,87,59.15561503832583,27,200000.0,0.6499999999999999,False,20,27,1,True,ok
GL4 8,2,506875.0,92,85.72819077746685,34,307500.0,0.6483739837398375,False,20,34,1,True,ok
HA6 2,2,880000.0,251,97.402360384475,26,534000.0,0.6479400749063671,False,20,26,0,True,ok
LA22 9,2,490250.0,108,84.25599221316462,26,297500.0,0.6478991596638655,False,20,26,1,True,ok
BA2 6,2,740000.0,410,95.72332400535343,22,449375.0,0.6467315716272601,False,20,22,0,True,ok
GL6 7,2,631000.0,126,92.93709697043435,26,383248.75,0.6464502493484976,False,20,26,0,True,ok
WC2A 2,2,1564000.0,9,99.23348339214016,22,950000.0,0.6463157894736842,True,20,19,11,True,ok
W11 4,2,1267500.0,162,98.78330697165106,19,770000.0,0.6461038961038961,False,20,19,0,True,ok
CV7 7,2,440000.0,413,78.6652877479012,37,267500.0,0.6448598130841121,False,20,37,1,True,ok
WA6 6,2,415000.0,213,74.71103540576712,22,252500.0,0.6435643564356435,False,20,22,0,True,ok
BR2 6,2,920000.0,110,97.62744859471955,21,560000.0,0.6428571428571428,False,20,21,0,True,ok
CH47 4,2,535000.0,35,87.71140041367563,20,326250.0,0.6398467432950192,False,20,20,1,True,ok
CH60 3,2,622700.0,41,92.42000243338606,14,379750.0,0.6397630019749836,False,20,14,3,True,ok
BN7 3,2,705000.0,110,94.9689743277771,37,430000.0,0.6395348837209303,False,20,37,1,True,ok
S11 9,2,500000.0,457,85.14417812385935,16,305000.0,0.639344262295082,False,20,16,0,True,ok
BS40 6,2,600000.0,67,91.5439834529748,30,367000.0,0.6348773841961852,False,20,30,1,True,ok
B91 1,2,555000.0,463,89.01326195400901,19,340000.0,0.6323529411764706,False,20,19,0,True,ok
CA27 0,2,220000.0,85,28.555785375349803,8,134975.0,0.6299314687905169,False,20,8,0,True,ok
CH60 2,2,480000.0,68,83.24005353449326,23,295000.0,0.6271186440677967,False,20,23,2,True,ok
M25 0,2,325000.0,200,57.99367319625258,17,200000.0,0.625,False,20,17,0,True,ok
NE41 8,2,325000.0,93,57.99367319625258,21,200000.0,0.625,False,20,21,0,True,ok
OL3 5,2,341250.0,312,61.64983574644117,36,210000.0,0.625,False,20,36,0,True,ok
WD25 8,2,861000.0,37,97.26244068621487,33,530000.0,0.6245283018867924,False,20,33,0,True,ok
WA4 5,2,491250.0,436,84.2681591434481,16,302500.0,0.6239669421487604,False,20,16,0,True,ok
SW7 1,2,2942500.0,104,99.81749604574766,38,1812500.0,0.623448275862069,False,20,38,6,True,ok
LA14 4,2,250000.0,279,37.717483878817376,10,154000.0,0.6233766233766234,False,20,10,0,True,ok
B46 2,2,422000.0,71,75.91556150383258,42,260000.0,0.6230769230769231,False,20,42,1,True,ok
SR3 2,2,235000.0,684,33.14271809222533,18,145000.0,0.6206896551724137,False,20,18,0,True,ok
WA4 4,2,470000.0,276,82.10852901812873,32,290000.0,0.6206896551724137,False,20,32,0,True,ok
TS7 0,2,299747.5,488,50.94293709697043,23,185000.0,0.6202567567567567,False,20,23,0,True,ok
HG3 1,2,574995.0,249,90.19345419150748,32,355000.0,0.6197042253521128,False,20,32,0,True,ok
NP25 4,2,510000.0,111,85.96544591799488,21,315000.0,0.6190476190476191,False,20,21,0,True,ok
SW1W 9,2,2550000.0,115,99.72016060347974,19,1575000.0,0.6190476190476191,False,20,19,0,True,ok
NE66 5,2,445000.0,11,79.26146733179219,9,275000.0,0.6181818181818182,True,20,9,0,True,ok
L5 1,2,171500.0,32,14.679401387030053,15,106000.0,0.6179245283018868,False,20,15,1,True,ok
NE3 5,2,354000.0,355,63.91288477917022,27,219372.5,0.6136936033459071,False,20,27,0,True,ok
BS32 4,2,580000.0,129,90.64971407713831,34,360000.0,0.6111111111111112,False,20,34,0,True,ok
CF64 5,2,390000.0,356,70.97578780873586,14,242500.0,0.6082474226804124,False,20,14,0,True,ok
NE45 5,2,407950.0,217,73.47609198199294,24,253750.0,0.6076847290640395,False,20,24,1,True,ok
KT17 3,2,860000.0,168,97.2259398953644,17,535000.0,0.6074766355140186,False,20,17,0,True,ok
L12 5,2,245000.0,110,36.05061442997932,25,152500.0,0.6065573770491803,False,20,25,5,True,ok
M7 4,2,350000.0,203,63.219369753011314,26,218000.0,0.6055045871559632,False,20,26,0,True,ok
TS27 3,2,207500.0,400,24.83270470860202,22,129250.0,0.6054158607350097,False,20,22,1,True,ok
CW4 8,2,472500.0,196,82.40053534493246,25,295000.0,0.6016949152542372,False,20,25,0,True,ok
CV4 7,2,498000.0,99,84.78525368049641,24,311000.0,0.6012861736334405,False,20,24,0,True,ok
DL13 3,2,255000.0,120,39.06801314028471,32,159250.0,0.6012558869701727,False,20,32,0,True,ok
W1G 9,2,2300000.0,29,99.6471590217788,20,1442025.25,0.5949790060888323,False,20,20,7,True,ok
LN6 4,2,385000.0,11,70.2214381311595,19,241500.0,0.5942028985507246,True,20,19,0,True,ok
B17 9,2,367500.0,352,66.61394330210489,18,230550.0,0.5940143135979181,False,20,18,0,True,ok
EX34 7,2,510000.0,91,85.96544591799488,5,320000.0,0.59375,False,20,5,0,True,ok
TS28 5,2,174500.0,312,15.135661272660908,24,109500.0,0.5936073059360731,False,20,24,0,True,ok
BS48 3,2,650000.0,256,93.44810804234092,32,407948.0,0.5933403276888232,False,20,32,1,True,ok
PO9 6,2,617000.0,112,92.26183233970067,21,387250.0,0.5932859909619108,False,20,21,0,True,ok
GU10 3,2,940000.0,141,97.75520136269618,14,590000.0,0.5932203389830508,False,20,14,0,True,ok
DN41 7,2,287120.0,175,48.22971164375228,14,180250.0,0.5928987517337032,False,20,14,1,True,ok
PL11 3,2,430000.0,131,77.35125927728434,9,270000.0,0.5925925925925926,False,20,9,0,True,ok
CH48 8,2,533000.0,53,87.6262319016912,13,335000.0,0.5910447761194031,False,20,13,0,True,ok
SO32 3,2,700000.0,76,94.8473050249422,23,439997.5,0.5909181302166489,False,20,23,0,True,ok
S26 7,2,312499.0,96,54.59301618201727,22,196500.0,0.590325699745547,False,20,22,0,True,ok
BS7 8,2,580000.0,402,90.64971407713831,15,365000.0,0.5890410958904109,False,20,15,0,True,ok
AL5 5,2,695000.0,330,94.72563572210731,32,437500.0,0.5885714285714285,False,20,32,0,True,ok
LN2 1,2,368000.0,81,66.66869448838058,17,231750.0,0.5879180151024812,False,20,17,0,True,ok
WC2B 4,2,1500000.0,6,99.1848156710062,11,945000.0,0.5873015873015872,True,20,10,7,True,ok
PO35 5,2,440000.0,190,78.6652877479012,12,277487.5,0.585657011577098,False,20,12,0,True,ok
BL6 4,2,319995.0,431,56.03479742061078,20,201875.0,0.5851145510835913,False,20,20,0,True,ok
DY9 0,2,420000.0,541,75.5627205256114,29,265000.0,0.5849056603773586,False,20,29,0,True,ok
DL11 7,2,393000.0,98,71.41988076408322,29,248000.0,0.5846774193548387,False,20,29,0,True,ok
RG19 8,2,610000.0,121,92.03674412945614,30,385000.0,0.5844155844155845,False,20,29,0,True,ok
NP16 6,2,499999.0,191,84.92517337875654,16,315750.0,0.5835281076801266,False,20,16,0,True,ok
CM4 9,2,728697.5,312,95.46173500425844,24,460500.0,0.5824049945711183,False,20,24,0,True,ok
PL27 6,2,445000.0,315,79.26146733179219,18,281500.0,0.580817051509769,False,20,18,0,True,ok
L12 2,2,270000.0,33,43.569777345175815,20,171000.0,0.5789473684210527,False,20,20,0,True,ok
BS39 4,2,576250.0,62,90.44287626231902,34,365000.0,0.5787671232876712,False,20,34,0,True,ok
CA12 5,2,380000.0,152,69.34541915074827,24,240750.0,0.5784008307372794,False,20,24,1,True,ok
CH45 0,2,301500.0,76,52.28738289329602,14,191250.0,0.5764705882352941,False,20,14,0,True,ok
PE36 6,2,465000.0,198,81.53059982966298,8,295000.0,0.576271186440678,False,20,8,0,True,ok
ST5 5,2,389500.0,126,70.6959484122156,28,247125.0,0.5761254425897826,False,20,28,0,True,ok
DE6 4,2,448995.0,114,79.57172405402117,35,285000.0,0.575421052631579,False,20,35,0,True,ok
NE3 1,2,315000.0,463,55.17094537048303,19,200000.0,0.575,False,20,19,0,True,ok
NW3 1,2,1460000.0,167,99.12398101958875,19,927500.0,0.5741239892183287,False,20,19,0,True,ok
PL26 6,2,423000.0,238,76.04331427180922,11,268826.5,0.5735055881767608,False,20,11,0,True,ok
ME4 3,2,377500.0,258,68.87090886969217,7,240000.0,0.5729166666666667,False,20,7,0,True,ok
KT22 0,2,1057500.0,228,98.33313055116194,24,672500.0,0.5724907063197027,False,20,24,0,True,ok
CA14 4,2,220000.0,473,28.555785375349803,21,139950.0,0.5719899964272954,False,20,21,0,True,ok
DY14 0,2,465000.0,33,81.53059982966298,19,296012.0,0.570882261529938,False,20,19,0,True,ok
SO21 2,2,742000.0,171,95.80240905219614,38,472500.0,0.5703703703703704,False,20,38,0,True,ok
CH66 5,2,355000.0,24,64.21705803625746,21,226500.0,0.5673289183222958,False,20,21,2,True,ok
WA8 5,2,291000.0,178,49.33690229954982,32,185750.0,0.5666218034993271,False,20,32,4,True,ok
OX15 6,2,575000.0,98,90.29687309891716,20,367125.0,0.5662240381341506,False,20,20,0,True,ok
EX14 9,2,508750.0,68,85.78902542888429,30,324875.0,0.565986918045402,False,20,30,1,True,ok
GU10 5,2,712500.0,154,95.12714442146246,34,455000.0,0.5659340659340659,False,20,34,0,True,ok
BB7 3,2,429000.0,83,77.04708602019711,34,273975.0,0.5658362989323844,False,20,34,0,True,ok
W1T 1,2,1487500.0,24,99.1726487407227,24,950000.0,0.5657894736842106,False,20,24,13,True,ok
W4 2,2,1020000.0,383,98.18104392261831,15,651500.0,0.5656178050652341,False,20,15,0,True,ok
IP15 5,2,540000.0,147,88.00340674047938,9,345000.0,0.5652173913043479,False,20,9,0,True,ok
ST4 8,2,265995.0,618,42.584255992213166,31,170000.0,0.5646764705882352,False,20,31,0,True,ok
PO7 4,2,661000.0,43,93.83744981141258,25,422475.0,0.5645896206876146,False,20,25,0,True,ok
LE7 4,2,430000.0,179,77.35125927728434,34,275000.0,0.5636363636363637,False,20,34,0,True,ok
SP3 5,2,585000.0,98,90.9295534736586,30,374375.0,0.5626043405676127,False,20,30,0,True,ok
SW13 9,2,1460000.0,245,99.12398101958875,7,935000.0,0.5614973262032086,False,20,7,0,True,ok
M1 3,2,359130.0,134,64.80107068986494,13,230000.0,0.5614347826086956,False,20,13,2,True,ok
NE39 1,2,257500.0,144,39.76761163158535,31,165000.0,0.5606060606060606,False,20,31,0,True,ok
EN10 7,2,655000.0,353,93.63061199659326,24,420000.0,0.5595238095238095,False,20,24,0,True,ok
B15 3,2,362500.0,206,65.65883927485096,22,232619.5,0.5583388322990979,False,20,22,0,True,ok
BL8 4,2,347475.0,196,62.531938191994165,22,223000.0,0.5581838565022421,False,20,22,0,True,ok
PE9 3,2,450000.0,290,80.05840126536074,38,288875.0,0.5577672003461704,False,20,38,0,True,ok
HP17 0,2,810000.0,45,96.77576347487528,23,520000.0,0.5576923076923077,False,20,23,0,True,ok
L18 3,2,472500.0,146,82.40053534493246,24,303500.0,0.556836902800659,False,20,24,0,True,ok
BS37 9,2,560000.0,32,89.33568560652148,17,360000.0,0.5555555555555556,False,20,17,0,True,ok
GL53 0,2,595000.0,293,91.2823944518798,18,382500.0,0.5555555555555556,False,20,18,0,True,ok
NE34 6,2,210000.0,315,25.6053047816036,11,135000.0,0.5555555555555556,False,20,11,0,True,ok
W8 6,2,1898000.0,239,99.51332278866042,18,1221250.0,0.554145342886387,False,20,18,0,True,ok
GL19 4,2,495000.0,109,84.52366467940139,34,318750.0,0.5529411764705883,False,20,34,0,True,ok
SY14 7,2,450000.0,121,80.05840126536074,27,290000.0,0.5517241379310345,False,20,27,0,True,ok
SA7 0,2,257500.0,82,39.76761163158535,15,166000.0,0.5512048192771084,False,20,15,0,True,ok
HA6 3,2,950000.0,187,97.8525368049641,20,612500.0,0.5510204081632653,False,20,20,0,True,ok
TN8 7,2,775000.0,69,96.28300279839397,40,499987.5,0.5500387509687743,False,20,40,0,True,ok
BH24 2,2,662500.0,297,93.8557002068378,24,427750.0,0.5488018702513151,False,20,24,2,True,ok
SG10 6,2,685000.0,62,94.41537899987831,20,442500.0,0.5480225988700564,False,20,20,0,True,ok
SA4 9,2,280000.0,417,46.40467210122886,15,181000.0,0.5469613259668509,False,20,15,0,True,ok
B95 6,2,547500.0,52,88.35016425355883,22,354006.25,0.5465828640031072,False,20,22,0,True,ok
SO51 9,2,800000.0,37,96.67842803260736,26,517500.0,0.5458937198067633,False,20,26,0,True,ok
LD3 7,2,282000.0,215,47.08602019710428,28,182450.0,0.5456289394354619,False,20,28,0,True,ok
N2 9,2,1080000.0,234,98.35746441172893,19,700000.0,0.5428571428571429,False,20,19,0,True,ok
LE17 5,2,442500.0,220,79.02421219126414,34,286987.5,0.5418790016986803,False,20,34,0,True,ok
L39 9,2,370000.0,5,67.1067039785862,19,240000.0,0.5416666666666667,True,20,19,0,True,ok
PL23 1,2,420000.0,194,75.5627205256114,10,272500.0,0.5412844036697249,False,20,10,0,True,ok
TA17 8,2,486250.0,36,83.82406618810074,14,315500.0,0.5412044374009508,False,20,14,0,True,ok
BH20 5,2,570000.0,121,89.97444944640466,13,370000.0,0.5405405405405406,False,20,13,0,True,ok
GL52 9,2,510000.0,166,85.96544591799488,16,331250.0,0.5396226415094341,False,20,16,0,True,ok
CA21 2,2,250000.0,32,37.717483878817376,8,162500.0,0.5384615384615385,False,20,8,0,True,ok
KT10 9,2,1030000.0,243,98.2175447134688,22,670000.0,0.5373134328358209,False,20,22,0,True,ok
CA1 1,2,230500.0,80,32.193697530113155,11,149995.0,0.5367178905963532,False,20,11,1,True,ok
L6 2,2,170000.0,37,14.296143083100135,23,110750.0,0.5349887133182845,False,20,23,3,True,ok
NE26 4,2,290000.0,199,48.89280934420246,17,189000.0,0.5343915343915344,False,20,17,0,True,ok
RG18 9,2,675000.0,213,94.12945613821633,23,440000.0,0.5340909090909092,False,20,22,0,True,ok
LS16 9,2,510000.0,257,85.96544591799488,20,332500.0,0.5338345864661653,False,20,20,0,True,ok
NW11 0,2,1200000.0,100,98.70422192480837,17,782500.0,0.5335463258785942,False,20,17,0,True,ok
SR6 8,2,230000.0,258,31.71918724905706,16,150000.0,0.5333333333333334,False,20,16,0,True,ok
PO34 5,2,440000.0,123,78.6652877479012,6,287000.0,0.5331010452961673,False,20,6,0,True,ok
L23 4,2,399995.0,96,72.22289816279353,31,261112.5,0.5318875963425727,False,20,30,4,True,ok
NE2 4,2,245000.0,113,36.05061442997932,27,160000.0,0.53125,False,20,27,2,True,ok
NG8 1,2,310000.0,264,53.948168876992334,17,202500.0,0.5308641975308641,False,20,17,0,True,ok
LL19 9,2,270000.0,197,43.569777345175815,10,176375.0,0.5308291991495393,False,20,10,0,True,ok
SA42 0,2,375000.0,88,68.18956077381677,10,245000.0,0.5306122448979591,False,20,10,0,True,ok
SW1A 1,2,2425000.0,8,99.67149288234576,24,1585000.0,0.5299684542586751,True,20,22,8,True,ok
CF82 6,2,244750.0,90,35.74644117289208,11,160000.0,0.5296875000000001,False,20,11,0,True,ok
BS9 4,2,635000.0,366,93.02834894756052,12,415500.0,0.5282791817087846,False,20,12,0,True,ok
BL5 1,2,275000.0,102,44.84730502494221,21,180000.0,0.5277777777777777,False,20,21,0,True,ok
DA12 3,2,550000.0,71,88.66650444092954,23,360000.0,0.5277777777777777,False,20,23,0,True,ok
BS24 0,2,443000.0,81,79.0728799123981,17,290000.0,0.5275862068965518,False,20,17,0,True,ok
GU25 4,2,843750.0,210,97.05560287139556,17,552500.0,0.5271493212669682,False,20,17,0,True,ok
TN15 0,2,770000.0,165,96.21000121669304,30,505000.0,0.5247524752475248,False,20,30,0,True,ok
NE2 2,2,267500.0,196,42.84584499330819,20,175500.0,0.5242165242165242,False,20,20,2,True,ok
SO40 7,2,495000.0,199,84.52366467940139,14,325000.0,0.523076923076923,False,20,14,0,True,ok
ST5 3,2,254250.0,425,38.66650444092956,15,167125.0,0.5213163799551235,False,20,15,0,True,ok
L8 7,2,220000.0,63,28.555785375349803,29,144725.0,0.5201243738124028,False,20,28,7,True,ok
WR13 6,2,490000.0,189,84.0917386543375,34,322500.0,0.5193798449612403,False,20,34,0,True,ok
TS9 7,2,447500.0,74,79.51697286774547,21,295000.0,0.5169491525423728,False,20,21,0,True,ok
BB4 8,2,230423.0,492,32.181530599829664,18,152000.0,0.5159407894736843,False,20,18,0,True,ok
TN7 4,2,720000.0,61,95.2670641197226,37,475000.0,0.5157894736842106,False,20,37,0,True,ok
DN10 5,2,375000.0,79,68.18956077381677,20,247498.75,0.5151591674705427,False,20,20,0,True,ok
NE69 7,2,500000.0,25,85.14417812385935,9,330000.0,0.5151515151515151,False,20,9,1,True,ok
L34 1,2,249225.0,160,36.97530113152452,22,164497.5,0.5150686180641044,False,20,22,3,True,ok
CT10 1,2,405000.0,388,73.17191872490571,8,267375.0,0.514726507713885,False,20,8,0,True,ok
SO24 0,2,780000.0,99,96.40467210122884,29,515000.0,0.5145631067961165,False,20,29,0,True,ok
RH5 6,2,920000.0,97,97.62744859471955,43,607500.0,0.51440329218107,False,20,43,0,True,ok
YO61 4,2,537500.0,67,87.88782090278623,23,355000.0,0.5140845070422535,False,20,23,0,True,ok
TN15 9,2,825000.0,55,96.93393356856063,16,545000.0,0.5137614678899083,False,20,16,0,True,ok
BS9 1,2,605500.0,316,91.86032364034554,23,400000.0,0.5137499999999999,False,20,23,0,True,ok
S20 6,2,279995.0,155,45.91191142474754,13,185000.0,0.5134864864864865,False,20,13,0,True,ok
NE66 3,2,401000.0,198,72.85557853753498,11,265000.0,0.5132075471698114,False,20,11,0,True,ok
SK11 0,2,432795.0,190,77.75885144178125,44,286123.75,0.5126147340093228,False,20,44,0,True,ok
PO19 5,2,605000.0,148,91.79340552378636,15,399995.0,0.5125189064863311,False,20,15,0,True,ok
B92 0,2,492500.0,193,84.34116072514904,28,325875.0,0.5113156885308785,False,20,28,0,True,ok
DH1 2,2,210000.0,353,25.6053047816036,18,139000.0,0.5107913669064748,False,20,18,0,True,ok
L34 2,2,249249.5,148,36.987468061808,22,165000.0,0.5106030303030302,False,20,22,0,True,ok
SW3 6,2,1917500.0,117,99.52548971894392,20,1269500.0,0.5104371799921228,False,20,20,0,True,ok
L35 7,2,256750.0,130,39.61552500304173,17,170000.0,0.5102941176470588,False,20,17,0,True,ok
L32 1,2,197000.0,79,21.936975301131525,18,130500.0,0.5095785440613028,False,20,18,3,True,ok
WR9 0,2,422500.0,200,76.00073001581701,39,280000.0,0.5089285714285714,False,20,39,0,True,ok
CM16 7,2,745000.0,276,95.83282637790484,30,493750.0,0.5088607594936709,False,20,30,0,True,ok
B79 9,2,430000.0,83,77.35125927728434,32,285000.0,0.5087719298245614,False,20,32,0,True,ok
B62 0,2,361750.0,230,65.5432534371578,29,240000.0,0.5072916666666667,False,20,29,0,True,ok
L25 4,2,370000.0,142,67.1067039785862,23,245500.0,0.5071283095723014,False,20,23,2,True,ok
W11 2,2,1295000.0,236,98.87455894877722,14,860000.0,0.5058139534883721,False,20,14,0,True,ok
NW10 1,2,775000.0,123,96.28300279839397,18,514750.0,0.5055852355512385,False,20,18,0,True,ok
M28 2,2,380000.0,290,69.34541915074827,16,252500.0,0.504950495049505,False,20,16,0,True,ok
FY8 5,2,338104.0,307,60.91981992943181,9,225000.0,0.5026844444444445,False,20,9,0,True,ok
E1W 2,2,817425.0,406,96.82443119600924,15,544000.0,0.5026194852941177,False,20,15,3,True,ok
SL5 9,2,820000.0,349,96.86701545200144,22,546250.0,0.5011441647597255,False,20,22,0,True,ok
HG3 3,2,517500.0,200,86.50687431561018,27,344995.0,0.5000217394454991,False,20,27,0,True,ok
CB23 4,2,585000.0,40,90.9295534736586,23,390000.0,0.5,False,20,23,0,True,ok
L37 1,2,442500.0,110,79.02421219126414,10,295000.0,0.5,False,20,10,0,True,ok
NE16 5,2,240000.0,501,34.59058279596058,27,160000.0,0.5,False,20,27,0,True,ok
RG25 2,2,675000.0,105,94.12945613821633,38,450000.0,0.5,False,20,38,0,True,ok
YO60 7,2,465000.0,95,81.53059982966298,25,310000.0,0.5,False,20,25,0,True,ok
DE4 5,2,382475.0,340,69.80167903637911,27,255000.0,0.4999019607843138,False,20,27,0,True,ok
GL2 8,2,470000.0,151,82.10852901812873,25,313500.0,0.4992025518341307,False,20,25,0,True,ok
HX3 8,2,275000.0,361,44.84730502494221,24,183500.0,0.4986376021798364,False,20,24,0,True,ok
HP4 1,2,630000.0,261,92.87626231901692,26,420383.0,0.498633389076152,False,20,26,0,True,ok
NW11 8,2,1191250.0,92,98.63730380824916,19,795000.0,0.4984276729559749,False,20,19,0,True,ok
B72 1,2,369000.0,425,66.74777953522326,18,246500.0,0.4969574036511155,False,20,18,0,True,ok
BR3 3,2,690000.0,533,94.59179948898893,18,461250.0,0.4959349593495934,False,20,18,0,True,ok
SK4 5,2,355000.0,260,64.21705803625746,22,237500.0,0.4947368421052631,False,20,22,0,True,ok
PR2 5,2,339995.0,255,61.023238836841465,25,227500.0,0.4944835164835164,False,20,25,0,True,ok
N12 7,2,885000.0,159,97.4449446404672,20,592500.0,0.4936708860759493,False,20,20,0,True,ok
M25 3,2,315000.0,148,55.17094537048303,15,211000.0,0.4928909952606635,False,20,15,0,True,ok
E5 0,2,777500.0,394,96.34992091495316,16,520875.0,0.4926805855531557,False,20,16,0,True,ok
L35 1,2,284995.0,181,47.46319503589245,37,191000.0,0.4921204188481676,False,20,37,4,True,ok
LS29 7,2,445000.0,400,79.26146733179219,23,298250.0,0.4920368818105616,False,20,23,0,True,ok
CF23 6,2,402500.0,340,72.95291397980289,23,270000.0,0.4907407407407407,False,20,23,0,True,ok
L18 6,2,472500.0,70,82.40053534493246,17,317000.0,0.4905362776025237,False,20,17,0,True,ok
SK7 1,2,577500.0,564,90.49154398345296,21,387500.0,0.4903225806451612,False,20,21,0,True,ok
SW19 7,2,975802.0,259,98.0289572940747,15,655000.0,0.4897740458015267,False,20,15,0,True,ok
NP7 7,2,420000.0,124,75.5627205256114,27,282000.0,0.4893617021276595,False,20,27,0,True,ok
RG8 9,2,670000.0,117,94.01995376566492,26,450000.0,0.4888888888888889,False,20,26,0,True,ok
RG17 9,2,575000.0,132,90.29687309891716,25,386250.0,0.4886731391585761,False,20,24,0,True,ok
CW6 9,2,472500.0,324,82.40053534493246,31,317500.0,0.4881889763779528,False,20,31,0,True,ok
GU11 2,2,625000.0,58,92.6146733179219,27,420000.0,0.4880952380952381,False,20,27,0,True,ok
L5 9,2,167322.5,16,13.602628056941237,21,112500.0,0.487311111111111,True,20,21,4,True,ok
CF36 3,2,330000.0,511,59.15561503832583,13,222000.0,0.4864864864864864,False,20,13,0,True,ok
BS8 3,2,576000.0,287,90.4002920063268,34,387500.0,0.4864516129032259,False,20,34,0,True,ok
L25 6,2,432500.0,102,77.69193332522205,21,291250.0,0.4849785407725322,False,20,21,0,True,ok
LE15 8,2,490000.0,231,84.0917386543375,38,330000.0,0.4848484848484848,False,20,38,0,True,ok
BN2 7,2,608750.0,230,91.94549215232996,19,410000.0,0.4847560975609757,False,20,19,0,True,ok
CO16 0,2,467500.0,152,81.78002190047451,17,315000.0,0.4841269841269842,False,20,17,0,True,ok
SA2 8,2,345000.0,209,62.16084681834773,14,232500.0,0.4838709677419355,False,20,14,0,True,ok
DH3 4,2,239950.0,279,34.067404793770535,24,161748.75,0.483473597168448,False,20,24,0,True,ok
B61 9,2,418750.0,72,75.2646307336659,36,282487.5,0.4823664763927606,False,20,36,0,True,ok
HX4 0,2,300000.0,71,51.65470251855457,24,202500.0,0.4814814814814814,False,20,24,0,True,ok
NE19 2,2,400000.0,21,72.52707141988076,30,270000.0,0.4814814814814814,False,20,30,1,True,ok
NP44 6,2,272500.0,156,44.11120574279109,15,184000.0,0.4809782608695652,False,20,15,0,True,ok
BS40 8,2,592500.0,158,91.19114247475362,30,400448.0,0.4795928560012785,False,20,30,0,True,ok
GU22 0,2,750000.0,236,95.92407835503104,27,507500.0,0.4778325123152709,False,20,27,0,True,ok
NG9 3,2,325000.0,470,57.99367319625258,33,220000.0,0.4772727272727273,False,20,33,0,True,ok
S35 7,2,325000.0,97,57.99367319625258,39,220000.0,0.4772727272727273,False,20,39,1,True,ok
TA20 3,2,465000.0,73,81.53059982966298,31,315000.0,0.4761904761904763,False,20,31,0,True,ok
HR9 6,2,450000.0,210,80.05840126536074,27,305000.0,0.4754098360655738,False,20,27,0,True,ok
RH20 2,2,672500.0,320,94.06253802165712,21,456250.0,0.4739726027397259,False,20,21,0,True,ok
FY3 0,2,243000.0,81,35.55177028835625,21,164862.5,0.4739555690348016,False,20,21,0,True,ok
CH45 6,2,285000.0,75,47.77345175812143,14,193375.0,0.4738202973497092,False,20,14,0,True,ok
NG16 1,2,280000.0,317,46.40467210122886,21,190000.0,0.4736842105263157,False,20,21,0,True,ok
RH5 5,2,667500.0,136,93.97128604453096,44,453125.0,0.473103448275862,False,20,44,0,True,ok
SW14 7,2,1115000.0,263,98.44871638885508,15,757000.0,0.4729194187582564,False,20,15,0,True,ok
EX5 5,2,430000.0,111,77.35125927728434,25,292000.0,0.4726027397260273,False,20,25,1,True,ok
SL7 2,2,844000.0,192,97.06776980167903,28,573312.5,0.4721465169519241,False,20,28,0,True,ok
RG40 3,2,685000.0,233,94.41537899987831,35,465500.0,0.4715359828141783,False,20,35,0,True,ok
RG4 7,2,640000.0,384,93.16218518067892,20,435000.0,0.4712643678160919,False,20,20,0,True,ok
SW1E 5,2,1875000.0,25,99.50115585837692,12,1275000.0,0.4705882352941177,False,20,12,1,True,ok
TN11 8,2,750000.0,75,95.92407835503104,29,510000.0,0.4705882352941177,False,20,29,0,True,ok
BB9 6,2,240000.0,250,34.59058279596058,28,163250.0,0.4701378254211332,False,20,28,0,True,ok
CF32 0,2,317500.0,170,55.66978951210609,30,216000.0,0.4699074074074074,False,20,30,0,True,ok
CF15 9,2,360000.0,175,65.14174473780265,25,245000.0,0.4693877551020409,False,20,25,0,True,ok
SW19 3,2,815000.0,415,96.80009733544227,26,554875.0,0.4687992791169182,False,20,26,0,True,ok
M21 8,2,470000.0,215,82.10852901812873,21,320000.0,0.46875,False,20,21,0,True,ok
CH1 6,2,345000.0,177,62.16084681834773,35,235000.0,0.4680851063829787,False,20,35,2,True,ok
W1K 6,2,3450000.0,18,99.85399683659811,16,2350000.0,0.4680851063829787,True,20,16,7,True,ok
NP10 0,2,300000.0,91,51.65470251855457,6,204362.5,0.4679796929475808,False,20,6,0,True,ok
W1W 5,2,1409050.5,46,99.05097943788782,22,960000.0,0.4677609375,False,20,22,6,True,ok
PO17 6,2,503997.5,46,85.47268524151357,24,343625.0,0.4667078937795561,False,20,24,0,True,ok
SW15 1,2,935000.0,435,97.70045017642047,9,637500.0,0.4666666666666665,False,20,9,0,True,ok
TQ13 8,2,440000.0,185,78.6652877479012,27,300000.0,0.4666666666666665,False,20,27,0,True,ok
NE26 3,2,365000.0,277,66.10293223019832,15,249000.0,0.465863453815261,False,20,15,0,True,ok
SO51 6,2,635000.0,124,93.02834894756052,28,433500.0,0.4648212226066897,False,20,28,0,True,ok
CV3 6,2,345500.0,435,62.428519284584496,25,236000.0,0.4639830508474576,False,20,25,1,True,ok
SG4 7,2,600000.0,182,91.5439834529748,38,410000.0,0.4634146341463414,False,20,38,0,True,ok
OL11 5,2,250000.0,469,37.717483878817376,18,170875.0,0.463057790782736,False,20,18,1,True,ok
CH60 4,2,558500.0,51,89.19576590826135,15,382000.0,0.462041884816754,False,20,15,0,True,ok
WC1B 3,2,1250000.0,15,98.73463925051708,35,855000.0,0.4619883040935673,True,20,34,19,True,ok
SN13 8,2,558000.0,113,89.18359897797785,27,382000.0,0.4607329842931937,False,20,27,0,True,ok
W5 1,2,750000.0,315,95.92407835503104,25,513500.0,0.4605647517039921,False,20,25,0,True,ok
PR6 8,2,277500.0,285,45.63815549336902,35,190000.0,0.4605263157894737,False,20,35,0,True,ok
PR2 8,2,230000.0,247,31.71918724905706,14,157500.0,0.4603174603174602,False,20,14,0,True,ok
TR5 0,2,460000.0,185,81.13517459544957,12,315000.0,0.4603174603174602,False,20,12,0,True,ok
NE25 9,2,300000.0,576,51.65470251855457,17,205500.0,0.4598540145985401,False,20,17,0,True,ok
NE15 0,2,317500.0,78,55.66978951210609,30,217497.5,0.4597868941022311,False,20,30,0,True,ok
CV13 6,2,364800.0,253,65.83525976396155,32,250000.0,0.4592,False,20,32,0,True,ok
DN35 0,2,236950.0,369,33.73889767611632,10,162500.0,0.4581538461538461,False,20,10,0,True,ok
ME14 3,2,477500.0,72,83.02104878939043,34,327500.0,0.4580152671755726,False,20,34,0,True,ok
LS28 8,2,232000.0,363,32.39445187979073,24,159123.75,0.4579847445777265,False,20,24,0,True,ok
BD13 5,2,277000.0,197,45.49823579510889,23,190000.0,0.4578947368421053,False,20,23,0,True,ok
TS14 8,2,277000.0,255,45.49823579510889,17,190000.0,0.4578947368421053,False,20,17,0,True,ok
N21 2,2,750000.0,232,95.92407835503104,19,514500.0,0.4577259475218658,False,20,19,0,True,ok
SK6 5,2,412500.0,215,74.23652512471104,26,282998.75,0.4576036113233714,False,20,26,0,True,ok
GL55 6,2,546250.0,298,88.25891227643265,21,375000.0,0.4566666666666668,False,20,21,0,True,ok
AL6 9,2,652500.0,210,93.5819442754593,32,448125.0,0.4560669456066946,False,20,32,0,True,ok
EC1V 2,2,995725.0,270,98.10195887577564,14,683875.0,0.4560043867665875,False,20,14,3,True,ok
LE9 2,2,380000.0,269,69.34541915074827,22,261050.0,0.4556598352805976,False,20,22,0,True,ok
CM4 0,2,670000.0,230,94.01995376566492,30,460500.0,0.4549402823018458,False,20,30,0,True,ok
OX27 9,2,575000.0,21,90.29687309891716,26,395250.0,0.454775458570525,False,20,26,0,True,ok
NP18 1,2,305500.0,181,53.029565640588885,25,210000.0,0.4547619047619047,False,20,25,0,True,ok
B93 8,2,600000.0,363,91.5439834529748,16,412500.0,0.4545454545454546,False,20,16,0,True,ok
NR32 5,2,320000.0,166,56.54580849251734,11,220000.0,0.4545454545454546,False,20,11,0,True,ok
NE23 3,2,239975.0,194,34.09173865433751,16,165000.0,0.4543939393939393,False,20,16,0,True,ok
TW19 5,2,692500.0,96,94.65871760554812,26,476250.0,0.4540682414698163,False,20,26,0,True,ok
YO24 1,2,472500.0,269,82.40053534493246,19,325000.0,0.4538461538461538,False,20,19,0,True,ok
IP19 0,2,476250.0,92,82.91762988198079,24,327587.5,0.4538100507497997,False,20,24,0,True,ok
L40 9,2,375500.0,84,68.62757026402238,23,258500.0,0.4526112185686655,False,20,23,0,True,ok
LE2 3,2,352500.0,372,63.736464290059615,19,242672.5,0.4525749724422834,False,20,19,1,True,ok
CB1 7,2,755000.0,143,96.00924686701543,11,520000.0,0.4519230769230768,False,20,11,1,True,ok
HR2 8,2,450000.0,181,80.05840126536074,24,310000.0,0.4516129032258065,False,20,24,0,True,ok
TA11 7,2,450000.0,97,80.05840126536074,23,310000.0,0.4516129032258065,False,20,23,0,True,ok
NG1 2,2,237500.0,6,33.79364886239202,14,163750.0,0.4503816793893129,True,20,14,2,True,ok
SA3 2,2,394875.0,112,71.49288234578415,11,272500.0,0.4490825688073394,False,20,11,0,True,ok
L24 4,2,256250.0,36,39.56077381676603,12,176875.0,0.4487632508833923,False,20,12,1,True,ok
BA11 6,2,499950.0,77,84.84608833191386,30,345112.5,0.4486580462892535,False,20,30,0,True,ok
SW13 0,2,1050000.0,342,98.284462830028,12,724895.0,0.4484856427482602,False,20,12,0,True,ok
CA6 6,2,280000.0,41,46.40467210122886,18,193375.0,0.4479638009049773,False,20,18,0,True,ok
ME14 4,2,523750.0,268,86.85363182868963,23,362000.0,0.4468232044198894,False,20,23,0,True,ok
NG7 1,2,287500.0,275,48.290546295169726,21,198725.0,0.44672285822116,False,20,21,3,True,ok
L39 6,2,360000.0,87,65.14174473780265,34,249000.0,0.4457831325301205,False,20,33,2,True,ok
OX2 8,2,690000.0,235,94.59179948898893,28,477500.0,0.4450261780104712,False,20,27,0,True,ok
B48 7,2,385000.0,211,70.2214381311595,28,266500.0,0.4446529080675423,False,20,28,0,True,ok
NG8 2,2,322000.0,368,57.202822727825776,20,223000.0,0.4439461883408071,False,20,20,0,True,ok
BN16 2,2,462000.0,482,81.34809587541064,7,320000.0,0.4437500000000001,False,20,7,0,True,ok
CA8 2,2,288750.0,68,48.430465993429856,25,200000.0,0.4437500000000001,False,20,25,1,True,ok
GU15 1,2,625000.0,389,92.6146733179219,20,433000.0,0.4434180138568129,False,20,20,0,True,ok
OX29 5,2,635000.0,61,93.02834894756052,25,440000.0,0.4431818181818181,False,20,25,0,True,ok
DE73 7,2,375000.0,63,68.18956077381677,34,260000.0,0.4423076923076923,False,20,34,0,True,ok
WA3 7,2,310000.0,147,53.948168876992334,24,215000.0,0.4418604651162789,False,20,24,0,True,ok
LS29 0,2,432500.0,236,77.69193332522205,25,300000.0,0.4416666666666666,False,20,25,0,True,ok
BR3 6,2,677500.0,278,94.232875045626,17,470000.0,0.4414893617021276,False,20,17,0,True,ok
SW1X 9,2,2735000.0,53,99.79316218518068,20,1897500.0,0.4413702239789197,False,20,20,1,True,ok
EC1R 0,2,1028750.0,40,98.19929431804356,21,713750.0,0.4413309982486866,False,20,20,3,True,ok
N6 6,2,1192500.0,124,98.6555542036744,30,827500.0,0.4410876132930514,False,20,30,0,True,ok
W12 7,2,940000.0,668,97.75520136269618,16,652500.0,0.4406130268199233,False,20,16,0,True,ok
CH46 8,2,265362.0,218,42.55992213164619,10,184250.0,0.4402279511533242,False,20,10,1,True,ok
LA2 8,2,410000.0,118,73.84109989049763,29,285000.0,0.4385964912280702,False,20,29,0,True,ok
WV8 2,2,377500.0,172,68.87090886969217,16,262497.5,0.4381089343708035,False,20,16,0,True,ok
TS25 2,2,170000.0,447,14.296143083100135,24,118250.0,0.437632135306554,False,20,24,4,True,ok
SG13 8,2,625000.0,291,92.6146733179219,30,434750.0,0.4376078205865439,False,20,30,0,True,ok
LL52 0,2,287500.0,110,48.290546295169726,11,200000.0,0.4375,False,20,11,0,True,ok
WC2E 9,2,1566250.0,10,99.24565032242366,18,1090000.0,0.436926605504587,True,20,17,13,True,ok
OL3 7,2,319550.0,216,55.99221316461856,25,222500.0,0.4361797752808989,False,20,25,0,True,ok
CH42 8,2,280000.0,93,46.40467210122886,23,195000.0,0.4358974358974359,False,20,23,1,True,ok
MK5 7,2,476000.0,142,82.8932960214138,15,331500.0,0.4358974358974359,False,20,15,0,True,ok
GU10 4,2,725000.0,336,95.376566492274,26,505000.0,0.4356435643564356,False,20,26,0,True,ok
WN8 7,2,333750.0,170,59.89779778561869,25,232500.0,0.435483870967742,False,20,25,0,True,ok
TF10 8,2,418000.0,137,75.22812994281543,20,291250.0,0.4351931330472103,False,20,20,0,True,ok
EC1A 7,2,975000.0,41,97.98637303808248,19,680000.0,0.4338235294117647,False,20,17,8,True,ok
SA62 6,2,312500.0,204,54.63560043800949,12,218000.0,0.4334862385321101,False,20,12,0,True,ok
BR5 1,2,690000.0,434,94.59179948898893,21,481500.0,0.4330218068535825,False,20,21,0,True,ok
HU16 4,2,230000.0,345,31.71918724905706,20,160500.0,0.4330218068535825,False,20,20,0,True,ok
YO7 2,2,480000.0,85,83.24005353449326,25,335000.0,0.4328358208955223,False,20,25,0,True,ok
GU34 3,2,745000.0,69,95.83282637790484,25,520000.0,0.4326923076923077,False,20,25,0,True,ok
B4 7,2,265000.0,23,42.18274729285801,29,185000.0,0.4324324324324324,False,20,29,6,True,ok
CW5 8,2,435000.0,161,77.95960579145881,24,303750.0,0.4320987654320987,False,20,24,0,True,ok
KT24 6,2,895000.0,233,97.48752889645942,30,625000.0,0.4319999999999999,False,20,30,0,True,ok
WS4 2,2,315000.0,132,55.17094537048303,23,220000.0,0.4318181818181819,False,20,23,0,True,ok
DN14 9,2,266750.0,360,42.73025915561504,20,186311.25,0.4317439231393702,False,20,20,0,True,ok
L18 4,2,415000.0,74,74.71103540576712,17,290000.0,0.4310344827586208,False,20,17,1,True,ok
MK17 9,2,535873.0,326,87.79656892566005,48,374500.0,0.4309025367156207,False,20,48,1,True,ok
N14 7,2,783000.0,159,96.45942328750456,15,547500.0,0.4301369863013697,False,20,15,0,True,ok
BS24 6,2,550000.0,13,88.66650444092954,21,385000.0,0.4285714285714286,True,20,21,0,True,ok
CH65 6,2,250000.0,169,37.717483878817376,9,175000.0,0.4285714285714286,False,20,9,0,True,ok
LL53 7,2,320000.0,162,56.54580849251734,6,224000.0,0.4285714285714286,False,20,6,0,True,ok
NE36 0,2,210000.0,286,25.6053047816036,31,147000.0,0.4285714285714286,False,20,31,0,True,ok
PL3 4,2,270000.0,484,43.569777345175815,16,189000.0,0.4285714285714286,False,20,16,1,True,ok
S32 3,2,525000.0,60,87.06046964350894,12,367500.0,0.4285714285714286,False,20,12,0,True,ok
CM15 8,2,714000.0,290,95.16972867745469,16,499975.0,0.4280714035701785,False,20,16,0,True,ok
EN6 4,2,755000.0,259,96.00924686701543,28,528750.0,0.4278959810874705,False,20,28,0,True,ok
SE1 2,2,688500.0,376,94.53704830271322,16,482500.0,0.4269430051813472,False,20,16,0,True,ok
CV36 5,2,577500.0,121,90.49154398345296,29,405000.0,0.4259259259259258,False,20,29,0,True,ok
M25 9,2,325000.0,328,57.99367319625258,18,227925.0,0.4259076450586816,False,20,18,0,True,ok
TN33 9,2,477500.0,120,83.02104878939043,33,334995.0,0.4253944088717742,False,20,33,0,True,ok
GU21 4,2,741000.0,363,95.79024212191264,25,520000.0,0.425,False,20,25,0,True,ok
WR6 6,2,425000.0,253,76.45698990144787,34,298250.0,0.4249790444258172,False,20,34,0,True,ok
LS22 5,2,550000.0,224,88.66650444092954,29,386000.0,0.4248704663212435,False,20,29,0,True,ok
L3 9,2,160750.0,62,12.227764934906924,18,112875.0,0.424141749723145,False,20,18,10,True,ok
SL5 0,2,785000.0,301,96.48375714807152,26,551250.0,0.4240362811791383,False,20,26,0,True,ok
CH48 7,2,503750.0,38,85.46051831123008,13,353750.0,0.4240282685512366,False,20,13,0,True,ok
SW4 9,2,868000.0,425,97.3354422679158,23,610000.0,0.4229508196721312,False,20,23,0,True,ok
HU1 2,2,137250.0,51,6.703978586202701,12,96500.0,0.4222797927461139,False,20,12,2,True,ok
L10 0,2,200000.0,25,22.885995863243703,16,140625.0,0.4222222222222223,False,20,16,3,True,ok
TN12 7,2,640000.0,107,93.16218518067892,24,450000.0,0.4222222222222223,False,20,24,0,True,ok
DE6 5,2,420000.0,144,75.5627205256114,36,295500.0,0.4213197969543147,False,20,36,0,True,ok
BR7 5,2,639500.0,368,93.08918359897798,23,450000.0,0.4211111111111112,False,20,23,0,True,ok
L16 2,2,295000.0,105,50.121669302834896,30,207875.0,0.4191220685508117,False,20,30,2,True,ok
CH47 6,2,470000.0,31,82.10852901812873,12,331250.0,0.4188679245283018,False,20,12,1,True,ok
W13 8,2,728500.0,269,95.44956807397492,19,513500.0,0.4186952288218111,False,20,19,0,True,ok
BS35 5,2,499950.0,29,84.84608833191386,16,352500.0,0.4182978723404256,False,20,16,0,True,ok
CO7 6,2,468000.0,291,81.8469400170337,29,330000.0,0.4181818181818182,False,20,29,1,True,ok
KT10 8,2,950000.0,264,97.8525368049641,21,670000.0,0.4179104477611941,False,20,21,0,True,ok
L6 0,2,189995.0,230,19.53400657014236,22,134000.0,0.4178731343283581,False,20,22,1,True,ok
CH7 5,2,280000.0,244,46.40467210122886,27,197500.0,0.4177215189873418,False,20,27,0,True,ok
EX13 7,2,490000.0,123,84.0917386543375,24,345625.0,0.4177215189873418,False,20,24,1,True,ok
B17 8,2,320000.0,230,56.54580849251734,21,225732.0,0.4176102634983076,False,20,21,0,True,ok
B75 6,2,460000.0,323,81.13517459544957,27,324500.0,0.4175654853620956,False,20,27,1,True,ok
LL53 8,2,317500.0,88,55.66978951210609,6,224000.0,0.4174107142857142,False,20,6,0,True,ok
BD19 6,2,258635.5,272,40.02920063268037,28,182500.0,0.4171808219178081,False,20,28,0,True,ok
PR3 5,2,339972.5,476,61.00498844141623,27,239950.0,0.4168472598458013,False,20,27,0,True,ok
GL6 6,2,492500.0,225,84.34116072514904,27,347750.0,0.4162473040977714,False,20,27,1,True,ok
SP5 2,2,615000.0,175,92.18883075799975,30,434250.0,0.4162348877374784,False,20,30,0,True,ok
RM16 5,2,500000.0,23,85.14417812385935,14,353250.0,0.4154281670205237,False,20,14,0,True,ok
E14 9,2,625000.0,1341,92.6146733179219,13,441750.0,0.4148273910582909,False,20,13,1,True,ok
L12 3,2,250000.0,28,37.717483878817376,18,176737.5,0.4145271942853101,False,20,18,0,True,ok
MK44 2,2,495000.0,155,84.52366467940139,32,349997.5,0.4142958163986885,False,20,32,0,True,ok
L34 0,2,205000.0,76,24.20610779900231,19,145000.0,0.4137931034482758,False,20,19,5,True,ok
DA13 0,2,530000.0,330,87.43156101715537,27,375000.0,0.4133333333333333,False,20,27,0,True,ok
BL9 8,2,282500.0,363,47.20160603479742,27,200000.0,0.4125000000000001,False,20,27,0,True,ok
BL7 0,2,317750.0,132,55.736707628665286,27,225000.0,0.4122222222222222,False,20,27,0,True,ok
CA12 4,2,390000.0,217,70.97578780873586,28,276225.0,0.4118924789573717,False,20,28,0,True,ok
W4 3,2,900000.0,368,97.51794622216816,16,637500.0,0.411764705882353,False,20,16,0,True,ok
WR8 9,2,480000.0,75,83.24005353449326,35,340000.0,0.411764705882353,False,20,35,0,True,ok
CF14 6,2,385000.0,408,70.2214381311595,21,272750.0,0.4115490375802015,False,20,21,0,True,ok
HG4 3,2,470000.0,111,82.10852901812873,22,333000.0,0.4114114114114113,False,20,22,0,True,ok
SW16 3,2,635000.0,259,93.02834894756052,18,450000.0,0.4111111111111112,False,20,18,0,True,ok
IP13 6,2,477500.0,204,83.02104878939043,24,338500.0,0.4106351550960119,False,20,24,0,True,ok
SE24 9,2,713750.0,324,95.1575617471712,27,506000.0,0.4105731225296443,False,20,27,0,True,ok
B30 1,2,360000.0,286,65.14174473780265,24,255250.0,0.4103819784524976,False,20,24,0,True,ok
SP5 1,2,550000.0,139,88.66650444092954,27,390000.0,0.4102564102564103,False,20,27,0,True,ok
S60 3,2,255000.0,323,39.06801314028471,22,180882.5,0.4097549514187386,False,20,22,0,True,ok
CT10 3,2,370000.0,345,67.1067039785862,8,262500.0,0.4095238095238096,False,20,8,0,True,ok
CM7 4,2,529950.0,181,87.30989171432047,28,376250.0,0.4085049833887042,False,20,28,0,True,ok
GU29 0,2,690000.0,136,94.59179948898893,29,490000.0,0.4081632653061224,False,20,29,0,True,ok
SW11 4,2,999500.0,626,98.11412580605912,21,710000.0,0.4077464788732394,False,20,21,0,True,ok
L39 8,2,401000.0,47,72.85557853753498,25,285000.0,0.407017543859649,False,20,25,1,True,ok
YO26 6,2,450000.0,355,80.05840126536074,23,320000.0,0.40625,False,20,23,0,True,ok
KT21 1,2,765000.0,191,96.15525003041732,18,544075.0,0.4060561503469191,False,20,18,0,True,ok
ME13 0,2,552500.0,76,88.91592651174108,28,393000.0,0.4058524173027991,False,20,28,0,True,ok
SA32 8,2,295000.0,93,50.121669302834896,25,210000.0,0.4047619047619046,False,20,25,0,True,ok
HG2 8,2,495000.0,431,84.52366467940139,19,352500.0,0.4042553191489362,False,20,19,0,True,ok
RH17 5,2,660000.0,280,93.78269862513687,29,470000.0,0.4042553191489362,False,20,29,1,True,ok
HP4 3,2,680000.0,463,94.28762623190168,20,484250.0,0.4042333505420754,False,20,20,0,True,ok
CH64 1,2,435000.0,63,77.95960579145881,23,310000.0,0.403225806451613,False,20,23,5,True,ok
DA3 7,2,545000.0,343,88.21632802044044,26,388497.5,0.4028404301185979,False,20,26,0,True,ok
PL8 2,2,385750.0,156,70.47086020197104,15,275000.0,0.4027272727272728,False,20,15,0,True,ok
LS7 4,2,294500.0,300,49.7688283246137,22,210000.0,0.4023809523809523,False,20,21,3,True,ok
HP23 4,2,631000.0,358,92.93709697043435,34,450000.0,0.4022222222222222,False,20,34,0,True,ok
LS27 7,2,254950.0,561,38.67867137121304,27,182000.0,0.4008241758241757,False,20,27,0,True,ok
PL30 4,2,375000.0,119,68.18956077381677,26,267750.0,0.4005602240896357,False,20,26,0,True,ok
CA4 8,2,280000.0,357,46.40467210122886,21,200000.0,0.3999999999999999,False,20,21,1,True,ok
CH47 7,2,420000.0,37,75.5627205256114,17,300000.0,0.3999999999999999,False,20,17,1,True,ok
M28 1,2,308000.0,613,53.33373889767612,23,220000.0,0.3999999999999999,False,20,23,0,True,ok
NG15 8,2,273000.0,349,44.23895851076773,29,195000.0,0.3999999999999999,False,20,29,0,True,ok
OL10 2,2,280000.0,400,46.40467210122886,26,200000.0,0.3999999999999999,False,20,26,1,True,ok
RG7 2,2,630000.0,44,92.87626231901692,27,450000.0,0.3999999999999999,False,20,27,0,True,ok
SN4 0,2,420000.0,348,75.5627205256114,27,300000.0,0.3999999999999999,False,20,27,0,True,ok
TS26 9,2,140000.0,261,7.409660542645091,13,100000.0,0.3999999999999999,False,20,13,1,True,ok
CF15 8,2,381250.0,366,69.68000973354422,26,272375.0,0.3997246443322624,False,20,26,0,True,ok
B16 0,2,280000.0,128,46.40467210122886,21,200250.0,0.3982521847690388,False,20,21,0,True,ok
KT24 5,2,935000.0,185,97.70045017642047,30,668750.0,0.3981308411214954,False,20,30,0,True,ok
B73 5,2,332750.0,492,59.86129699476822,13,238000.0,0.3981092436974789,False,20,13,0,True,ok
L7 5,2,183000.0,7,17.891470981871276,22,131000.0,0.3969465648854962,True,20,21,2,True,ok
NE61 3,2,356202.0,239,64.48473050249423,35,255000.0,0.3968705882352941,False,20,35,0,True,ok
BR1 2,2,660000.0,415,93.78269862513687,22,472500.0,0.3968253968253967,False,20,22,0,True,ok
BB1 9,2,209500.0,474,25.08212677941356,27,150000.0,0.3966666666666667,False,20,27,0,True,ok
CF36 5,2,310000.0,298,53.948168876992334,13,222000.0,0.3963963963963963,False,20,13,0,True,ok
L3 1,2,188475.0,82,19.345419150748267,24,135000.0,0.3961111111111111,False,20,24,10,True,ok
BS41 8,2,556000.0,33,89.07409660542646,28,398250.0,0.3961079723791587,False,20,28,0,True,ok
OX25 3,2,610000.0,35,92.03674412945614,19,437000.0,0.3958810068649885,False,20,19,0,True,ok
SL7 3,2,670000.0,298,94.01995376566492,27,480000.0,0.3958333333333332,False,20,27,0,True,ok
NG5 4,2,294500.0,356,49.7688283246137,19,211000.0,0.3957345971563981,False,20,19,0,True,ok
LS29 9,2,486250.0,346,83.82406618810074,8,348500.0,0.3952654232424677,False,20,8,0,True,ok
PR1 0,2,265000.0,414,42.18274729285801,15,190000.0,0.394736842105263,False,20,15,0,True,ok
NG18 6,2,264995.0,67,41.80557245406984,15,190000.0,0.3947105263157895,False,20,15,0,True,ok
HX3 7,2,230000.0,423,31.71918724905706,33,165000.0,0.393939393939394,False,20,33,1,True,ok
S35 0,2,313495.0,405,54.72685241513566,23,225000.0,0.3933111111111111,False,20,23,1,True,ok
LL72 8,2,292500.0,29,49.57415744007787,5,209950.0,0.3931888544891642,False,20,5,2,True,ok
NG2 7,2,390000.0,660,70.97578780873586,19,280000.0,0.3928571428571428,False,20,19,1,True,ok
DN9 2,2,279250.0,172,45.84499330818834,21,200500.0,0.3927680798004986,False,20,21,0,True,ok
BH7 7,2,500000.0,137,85.14417812385935,19,359000.0,0.392757660167131,False,20,19,1,True,ok
SW18 5,2,860000.0,633,97.2259398953644,24,617500.0,0.3927125506072875,False,20,24,0,True,ok
HU20 3,2,359950.0,23,64.82540455043193,19,258472.5,0.3926046291191518,False,20,19,0,True,ok
L21 5,2,213000.0,60,26.487407227156588,14,153000.0,0.392156862745098,False,20,14,0,True,ok
B20 1,2,286500.0,138,48.19321085290181,22,205875.0,0.3916211293260474,False,20,22,0,True,ok
CH2 1,2,320000.0,415,56.54580849251734,19,230000.0,0.3913043478260869,False,20,19,1,True,ok
MK44 1,2,425000.0,231,76.45698990144787,28,305500.0,0.3911620294599018,False,20,28,0,True,ok
SM5 3,2,609750.0,258,91.96982601289696,18,438375.0,0.3909324208725406,False,20,18,0,True,ok
B93 9,2,591000.0,292,91.13639128847792,13,425000.0,0.3905882352941177,False,20,13,0,True,ok
LA6 2,2,410000.0,209,73.84109989049763,23,295000.0,0.3898305084745763,False,20,23,0,True,ok
SW11 8,2,1020000.0,518,98.18104392261831,16,734000.0,0.3896457765667576,False,20,16,0,True,ok
M4 5,2,321575.0,269,57.16023847183356,26,231500.0,0.3890928725701943,False,20,26,3,True,ok
DE22 1,2,300000.0,317,51.65470251855457,16,216000.0,0.3888888888888888,False,20,16,0,True,ok
DN4 7,2,250000.0,401,37.717483878817376,17,180000.0,0.3888888888888888,False,20,17,0,True,ok
L39 0,2,300000.0,39,51.65470251855457,36,216000.0,0.3888888888888888,False,20,35,2,True,ok
PE6 9,2,375000.0,275,68.18956077381677,27,270000.0,0.3888888888888888,False,20,27,0,True,ok
DN15 0,2,256000.0,50,39.51818956077381,16,184375.0,0.3884745762711865,False,20,16,0,True,ok
DN36 4,2,225625.0,728,30.587662732692543,22,162500.0,0.3884615384615384,False,20,22,0,True,ok
BN12 5,2,515000.0,319,86.35478768706655,14,371000.0,0.3881401617250675,False,20,14,0,True,ok
TQ9 7,2,465000.0,189,81.53059982966298,21,335000.0,0.3880597014925373,False,20,21,0,True,ok
TS21 1,2,241497.5,368,35.21109624041854,31,174000.0,0.3879166666666667,False,20,31,0,True,ok
SA2 0,2,225000.0,409,30.14356977734517,18,162125.0,0.3878180416345411,False,20,18,1,True,ok
SA19 9,2,302500.0,38,52.4333860566979,25,218000.0,0.3876146788990826,False,20,25,0,True,ok
W1H 2,2,1758500.0,70,99.403820416109,18,1267500.0,0.3873767258382643,False,20,18,3,True,ok
TS25 1,2,152500.0,278,10.074218274729285,22,110000.0,0.3863636363636364,False,20,22,4,True,ok
L21 8,2,193996.0,187,20.914953157318408,23,139950.0,0.3861807788495892,False,20,23,2,True,ok
SN8 2,2,485000.0,212,83.62331183842316,30,350000.0,0.3857142857142857,False,20,30,0,True,ok
WA10 6,2,210000.0,297,25.6053047816036,30,151550.0,0.3856812933025404,False,20,30,5,True,ok
CH60 9,2,540000.0,51,88.00340674047938,13,390000.0,0.3846153846153846,False,20,13,1,True,ok
DL3 7,2,202500.0,220,23.622095145394816,10,146250.0,0.3846153846153846,False,20,10,0,True,ok
L12 0,2,202500.0,297,23.622095145394816,30,146250.0,0.3846153846153846,False,20,30,8,True,ok
SK11 9,2,477500.0,176,83.02104878939043,33,345000.0,0.3840579710144927,False,20,33,0,True,ok
TS24 0,2,145250.0,330,8.559435454434846,13,105000.0,0.3833333333333333,False,20,13,1,True,ok
NE47 9,2,300000.0,95,51.65470251855457,26,216875.0,0.38328530259366,False,20,26,1,True,ok
NN4 7,2,410000.0,36,73.84109989049763,28,296750.0,0.3816343723673125,False,20,28,0,True,ok
BR4 9,2,665000.0,344,93.90436792797178,20,481500.0,0.3811007268951194,False,20,19,0,True,ok
L5 4,2,145000.0,35,8.316096848765056,14,105000.0,0.3809523809523809,False,20,14,1,True,ok
PO41 0,2,435000.0,93,77.95960579145881,6,315000.0,0.3809523809523809,False,20,6,0,True,ok
PE23 4,2,305000.0,127,52.81664436062782,21,221000.0,0.3800904977375565,False,20,21,0,True,ok
CV9 3,2,358750.0,226,64.74631950358925,23,260000.0,0.3798076923076923,False,20,23,0,True,ok
EC3N 4,2,975000.0,2,97.98637303808248,5,707000.0,0.379066478076379,True,20,5,2,True,ok
SR3 1,2,199950.0,473,22.314150139919697,18,145000.0,0.3789655172413793,False,20,18,0,True,ok
NE61 4,2,375000.0,23,68.18956077381677,25,272000.0,0.3786764705882353,False,20,25,0,True,ok
B60 1,2,365000.0,304,66.10293223019832,23,265000.0,0.3773584905660376,False,20,23,0,True,ok
W1G 6,2,1625000.0,30,99.30648497384112,20,1180000.0,0.3771186440677967,False,20,20,3,True,ok
CH44 3,2,210000.0,112,25.6053047816036,17,152500.0,0.3770491803278688,False,20,17,1,True,ok
CM3 4,2,545000.0,335,88.21632802044044,27,396000.0,0.3762626262626263,False,20,27,0,True,ok
NE26 1,2,375000.0,251,68.18956077381677,12,272500.0,0.3761467889908256,False,20,12,0,True,ok
PO14 2,2,399000.0,419,72.15598004623433,11,290000.0,0.3758620689655172,False,20,11,0,True,ok
BS9 3,2,580250.0,332,90.753132984548,20,421750.0,0.3758150563129816,False,20,20,0,True,ok
HP17 9,2,600000.0,31,91.5439834529748,25,436250.0,0.3753581661891116,False,20,25,0,True,ok
EX33 1,2,432500.0,240,77.69193332522205,10,314500.0,0.3751987281399045,False,20,10,0,True,ok
DY7 6,2,385000.0,258,70.2214381311595,21,279975.0,0.3751227788195375,False,20,21,0,True,ok
DN11 9,2,275000.0,299,44.84730502494221,27,200000.0,0.375,False,20,27,0,True,ok
BB7 4,2,329975.0,198,58.7419394086872,33,240000.0,0.3748958333333334,False,20,33,0,True,ok
NP18 3,2,280000.0,279,46.40467210122886,17,203750.0,0.3742331288343559,False,20,17,0,True,ok
LS18 4,2,307000.0,577,53.1816522691325,21,223500.0,0.3736017897091723,False,20,21,0,True,ok
BL2 4,2,278000.0,209,45.75982479620392,21,202500.0,0.3728395061728395,False,20,21,0,True,ok
RM14 2,2,580000.0,351,90.64971407713831,26,422500.0,0.3727810650887573,False,20,26,0,True,ok
CA7 8,2,350000.0,46,63.219369753011314,26,255000.0,0.3725490196078431,False,20,26,0,True,ok
CH65 3,2,228495.0,99,31.07433994403212,10,166500.0,0.3723423423423424,False,20,10,0,True,ok
S65 4,2,240000.0,269,34.59058279596058,27,175000.0,0.3714285714285714,False,20,27,0,True,ok
BA22 7,2,425000.0,139,76.45698990144787,29,310000.0,0.3709677419354837,False,20,29,0,True,ok
S18 7,2,425000.0,62,76.45698990144787,38,310000.0,0.3709677419354837,False,20,38,0,True,ok
B79 0,2,359872.5,326,64.81323762014843,24,262500.0,0.3709428571428572,False,20,24,0,True,ok
SY10 8,2,370000.0,119,67.1067039785862,23,270000.0,0.3703703703703704,False,20,23,0,True,ok
SL5 7,2,755000.0,245,96.00924686701543,26,551250.0,0.3696145124716552,False,20,26,0,True,ok
CT14 8,2,445000.0,102,79.26146733179219,15,325000.0,0.3692307692307692,False,20,15,0,True,ok
NW3 5,2,1150000.0,229,98.53996836598128,23,840000.0,0.369047619047619,False,20,23,0,True,ok
BS31 3,2,547500.0,156,88.35016425355883,27,400000.0,0.3687499999999999,False,20,27,0,True,ok
SM5 4,2,650000.0,193,93.44810804234092,21,475000.0,0.368421052631579,False,20,21,0,True,ok
B74 4,2,430000.0,509,77.35125927728434,18,314250.0,0.3683373110580747,False,20,18,0,True,ok
GL6 9,2,510000.0,159,85.96544591799488,16,372748.0,0.3682165967355961,False,20,16,0,True,ok
SG9 0,2,616250.0,92,92.2496654094172,30,450625.0,0.3675450762829404,False,20,30,0,True,ok
SE1 0,2,776000.0,269,96.32558705438618,16,567500.0,0.3674008810572686,False,20,16,0,True,ok
PO38 2,2,370000.0,121,67.1067039785862,10,270625.0,0.3672055427251732,False,20,10,0,True,ok
DN9 1,2,270000.0,344,43.569777345175815,22,197487.5,0.367175137666941,False,20,22,0,True,ok
S33 8,2,410000.0,15,73.84109989049763,19,300000.0,0.3666666666666667,True,20,19,1,True,ok
SG8 0,2,565000.0,154,89.68244311960093,25,413472.5,0.3664754004196167,False,20,25,0,True,ok
NG25 0,2,375000.0,403,68.18956077381677,31,274500.0,0.3661202185792349,False,20,31,0,True,ok
LN10 6,2,321000.0,383,57.09940382041611,19,235000.0,0.3659574468085107,False,20,19,0,True,ok
NN6 9,2,373500.0,352,67.68463316705196,48,273437.5,0.3659428571428571,False,20,48,0,True,ok
NG23 5,2,375500.0,314,68.62757026402238,39,275000.0,0.3654545454545455,False,20,39,0,True,ok
SN14 7,2,532497.5,98,87.60189804112423,24,390000.0,0.365378205128205,False,20,24,0,True,ok
TF13 6,2,389950.0,145,70.72028227278257,28,285600.0,0.3653711484593838,False,20,28,0,True,ok
GL19 3,2,430000.0,185,77.35125927728434,31,315000.0,0.3650793650793651,False,20,31,0,True,ok
GL7 7,2,580000.0,55,90.64971407713831,30,425000.0,0.3647058823529412,False,20,30,0,True,ok
OX7 6,2,635000.0,313,93.02834894756052,24,465625.0,0.3637583892617448,False,20,24,0,True,ok
DA13 9,2,487500.0,192,83.89706776980168,32,357500.0,0.3636363636363635,False,20,32,0,True,ok
ME9 0,2,497500.0,74,84.7426694245042,26,365000.0,0.3630136986301369,False,20,26,0,True,ok
E11 2,2,695000.0,459,94.72563572210731,24,510000.0,0.3627450980392157,False,20,24,0,True,ok
LS19 6,2,310000.0,305,53.948168876992334,27,227500.0,0.3626373626373627,False,20,26,0,True,ok
BB4 4,2,245250.0,288,36.33653729164132,30,180000.0,0.3625,False,20,30,0,True,ok
KT8 0,2,845000.0,112,97.08602019710428,20,620362.5,0.3621068326986238,False,20,20,0,True,ok
BD17 5,2,277475.0,366,45.57123737680983,27,203750.0,0.3618404907975461,False,20,26,0,True,ok
CW5 6,2,335000.0,785,60.3479742061078,30,246000.0,0.3617886178861789,False,20,30,0,True,ok
ST5 4,2,231500.0,276,32.29711643752281,27,170000.0,0.361764705882353,False,20,27,0,True,ok
NG12 4,2,415000.0,429,74.71103540576712,22,305000.0,0.360655737704918,False,20,22,0,True,ok
BR2 7,2,693625.0,282,94.67088453583162,23,510000.0,0.3600490196078432,False,20,23,0,True,ok
NN6 8,2,425000.0,215,76.45698990144787,28,312500.0,0.3600000000000001,False,20,28,0,True,ok
SP5 4,2,584997.5,58,90.81396763596544,24,430250.0,0.3596687972109238,False,20,24,0,True,ok
M2 1,2,312000.0,5,54.556515391166805,23,229500.0,0.3594771241830066,True,20,22,2,True,ok
EC1V 8,2,975350.0,73,98.01679036379122,19,717500.0,0.3593728222996515,False,20,19,3,True,ok
B43 6,2,297000.0,222,50.626596909599705,26,218500.0,0.3592677345537758,False,20,26,0,True,ok
WA11 8,2,260000.0,289,40.716632193697535,18,191362.5,0.3586779018877783,False,20,18,1,True,ok
W13 9,2,781160.0,594,96.4229224966541,21,574960.0,0.3586336440795881,False,20,21,0,True,ok
LA8 0,2,412602.0,136,74.30344324127023,24,303750.0,0.3583604938271605,False,20,24,0,True,ok
SK4 4,2,407500.0,398,73.39700693515027,15,300000.0,0.3583333333333334,False,20,15,0,True,ok
L3 6,2,153829.5,102,10.293223019832096,29,113250.0,0.358317880794702,False,20,29,9,True,ok
OL3 6,2,274999.0,173,44.42146246502007,16,202500.0,0.3580197530864197,False,20,16,0,True,ok
WA8 9,2,280000.0,478,46.40467210122886,16,206250.0,0.3575757575757576,False,20,16,0,True,ok
BS20 8,2,490000.0,251,84.0917386543375,7,361000.0,0.3573407202216065,False,20,7,0,True,ok
M28 7,2,285000.0,324,47.77345175812143,20,210000.0,0.3571428571428572,False,20,20,0,True,ok
CF31 5,2,284997.5,232,47.47536196617593,15,210000.0,0.3571309523809522,False,20,15,0,True,ok
CV13 0,2,354250.0,280,63.93721863973719,26,261050.0,0.3570197280214517,False,20,26,0,True,ok
SN8 3,2,517000.0,237,86.48254045504319,33,381000.0,0.3569553805774279,False,20,32,0,True,ok
CH3 7,2,430000.0,244,77.35125927728434,25,316900.0,0.3568949195329758,False,20,25,0,True,ok
AL9 7,2,740000.0,206,95.72332400535343,32,545625.0,0.3562428407789233,False,20,32,0,True,ok
LL70 9,2,307500.0,8,53.26682078111692,18,226750.0,0.3561190738699007,True,20,18,4,True,ok
IG7 5,2,733000.0,249,95.57123737680982,16,540625.0,0.3558381502890173,False,20,16,0,True,ok
CH60 1,2,410000.0,71,73.84109989049763,22,302500.0,0.3553719008264462,False,20,22,3,True,ok
BH18 9,2,515000.0,290,86.35478768706655,13,380000.0,0.3552631578947369,False,20,13,0,True,ok
HX7 6,2,257500.0,157,39.76761163158535,19,190000.0,0.3552631578947369,False,20,19,0,True,ok
SO53 1,2,515000.0,201,86.35478768706655,11,380000.0,0.3552631578947369,False,20,11,0,True,ok
HU8 0,2,177500.0,325,16.169850346757514,14,131000.0,0.3549618320610688,False,20,14,0,True,ok
GU32 1,2,690000.0,79,94.59179948898893,26,509498.75,0.3542722136217213,False,20,26,0,True,ok
L23 7,2,373750.0,118,67.70288356247718,14,276000.0,0.3541666666666667,False,20,13,3,True,ok
SO41 6,2,650000.0,133,93.44810804234092,14,480000.0,0.3541666666666667,False,20,14,0,True,ok
OL6 9,2,252497.5,412,38.41708237011802,12,186500.0,0.3538739946380698,False,20,12,0,True,ok
CH61 0,2,440000.0,23,78.6652877479012,22,325000.0,0.3538461538461539,False,20,22,1,True,ok
CM22 7,2,620000.0,206,92.35308431682688,23,457995.0,0.3537265690673479,False,20,23,0,True,ok
RG10 8,2,785000.0,135,96.48375714807152,23,580000.0,0.3534482758620689,False,20,23,0,True,ok
SG5 3,2,540000.0,304,88.00340674047938,36,399125.0,0.3529595991230818,False,20,36,0,True,ok
BD19 4,2,230000.0,424,31.71918724905706,23,170000.0,0.3529411764705883,False,20,23,0,True,ok
CF44 0,2,197500.0,330,22.00389341769072,23,146000.0,0.3527397260273972,False,20,23,0,True,ok
BN12 4,2,495000.0,398,84.52366467940139,10,366000.0,0.3524590163934427,False,20,10,0,True,ok
TA3 6,2,437500.0,152,78.31244676968001,21,323500.0,0.3523956723338486,False,20,21,0,True,ok
LU6 2,2,547500.0,395,88.35016425355883,28,405000.0,0.3518518518518518,False,20,28,0,True,ok
WD3 7,2,920000.0,128,97.62744859471955,14,680750.0,0.3514506059493205,False,20,14,0,True,ok
SO20 8,2,585000.0,100,90.9295534736586,23,433000.0,0.3510392609699768,False,20,23,0,True,ok
NE43 7,2,285000.0,183,47.77345175812143,40,211000.0,0.3507109004739337,False,20,40,0,True,ok
SK17 0,2,395000.0,61,71.68146976517824,38,292500.0,0.3504273504273505,False,20,38,0,True,ok
KT10 0,2,880000.0,405,97.402360384475,23,651798.0,0.3501115376236197,False,20,23,0,True,ok
EC2A 3,2,820000.0,98,96.86701545200144,24,607500.0,0.3497942386831276,False,20,24,5,True,ok
CF48 1,2,193000.0,225,20.81761771505049,24,143000.0,0.3496503496503496,False,20,24,0,True,ok
PE28 0,2,425000.0,207,76.45698990144787,35,315000.0,0.3492063492063493,False,20,35,0,True,ok
TA3 7,2,425000.0,175,76.45698990144787,33,315000.0,0.3492063492063493,False,20,33,0,True,ok
BB8 7,2,237225.0,254,33.7632315366833,23,176000.0,0.3478693181818182,False,20,23,0,True,ok
B96 6,2,417500.0,214,75.18554568682322,32,309750.0,0.347861178369653,False,20,32,0,True,ok
TN11 9,2,625000.0,249,92.6146733179219,29,463750.0,0.3477088948787061,False,20,29,0,True,ok
WD3 3,2,640000.0,499,93.16218518067892,19,475000.0,0.3473684210526315,False,20,19,0,True,ok
NN3 3,2,330000.0,427,59.15561503832583,20,245000.0,0.346938775510204,False,20,20,0,True,ok
M21 9,2,420000.0,403,75.5627205256114,13,311825.0,0.3469093241401426,False,20,13,0,True,ok
CF5 6,2,349497.5,418,62.75702640223872,38,259500.0,0.3468111753371869,False,20,38,0,True,ok
SS9 3,2,505000.0,435,85.6004380094902,13,375000.0,0.3466666666666667,False,20,13,0,True,ok
SA2 9,2,272500.0,312,44.11120574279109,14,202500.0,0.345679012345679,False,20,14,0,True,ok
PL9 0,2,422500.0,157,76.00073001581701,7,314000.0,0.3455414012738853,False,20,7,0,True,ok
BA2 5,2,565000.0,416,89.68244311960093,17,420000.0,0.3452380952380953,False,20,17,0,True,ok
NW11 7,2,1150000.0,213,98.53996836598128,19,855000.0,0.3450292397660819,False,20,19,0,True,ok
YO31 1,2,403500.0,204,73.0198320963621,19,300000.0,0.345,False,20,19,0,True,ok
CW8 2,2,390000.0,435,70.97578780873586,34,290000.0,0.3448275862068966,False,20,34,0,True,ok
YO62 7,2,390000.0,66,70.97578780873586,23,290000.0,0.3448275862068966,False,20,23,0,True,ok
S32 1,2,436000.0,56,78.12385935028591,30,324250.0,0.3446414803392443,False,20,30,3,True,ok
KT7 0,2,830000.0,440,96.97651782455289,22,617500.0,0.3441295546558705,False,20,22,0,True,ok
NR23 1,2,450000.0,143,80.05840126536074,15,335000.0,0.3432835820895523,False,20,15,0,True,ok
SO41 3,2,785000.0,172,96.48375714807152,6,584500.0,0.3430282292557742,False,20,6,0,True,ok
SG11 2,2,605000.0,78,91.79340552378636,26,450625.0,0.3425797503467407,False,20,26,0,True,ok
SW10 0,2,1265000.0,327,98.77114004136756,16,942500.0,0.3421750663129974,False,20,16,0,True,ok
L31 1,2,259598.0,370,40.19953765664923,47,193487.5,0.3416784029976096,False,20,46,6,True,ok
M45 7,2,295500.0,378,50.456259885630864,28,220250.0,0.3416572077185016,False,20,28,0,True,ok
BD11 1,2,275000.0,397,44.84730502494221,23,205000.0,0.3414634146341464,False,20,23,0,True,ok
NN11 6,2,427500.0,114,76.94366711278744,30,318750.0,0.3411764705882352,False,20,30,0,True,ok
LL44 2,2,243975.0,40,35.67343959119114,10,182000.0,0.3405219780219779,False,20,10,0,True,ok
M21 0,2,418000.0,181,75.22812994281543,15,311825.0,0.3404954702156657,False,20,15,0,True,ok
DL7 0,2,335000.0,105,60.3479742061078,34,249986.25,0.3400737040537229,False,20,34,0,True,ok
L17 2,2,261250.0,52,41.30672831244677,13,195000.0,0.3397435897435896,False,20,13,1,True,ok
SK6 6,2,375000.0,290,68.18956077381677,20,280000.0,0.3392857142857142,False,20,20,0,True,ok
NP18 2,2,374995.0,365,67.78196860931986,17,280000.0,0.3392678571428571,False,20,17,0,True,ok
LS1 3,2,232000.0,31,32.39445187979073,13,173250.0,0.3391053391053391,False,20,12,4,True,ok
N10 2,2,750000.0,279,95.92407835503104,20,560200.0,0.3388075687254552,False,20,20,0,True,ok
SE4 1,2,603000.0,615,91.7204039420854,20,450500.0,0.3385127635960043,False,20,20,0,True,ok
MK17 7,2,475000.0,400,82.6621243460275,11,355000.0,0.3380281690140845,False,20,11,0,True,ok
SP11 8,2,490000.0,117,84.0917386543375,24,366250.0,0.3378839590443685,False,20,24,0,True,ok
IP10 0,2,420000.0,124,75.5627205256114,19,314000.0,0.3375796178343948,False,20,19,0,True,ok
WR6 5,2,428000.0,181,76.9801679036379,28,320000.0,0.3374999999999999,False,20,28,0,True,ok
BR7 6,2,595000.0,413,91.2823944518798,22,445000.0,0.3370786516853932,False,20,22,0,True,ok
EC2Y 8,2,910000.0,220,97.5666139433021,22,680750.0,0.3367609254498716,False,20,20,9,True,ok
WA1 1,2,347495.0,138,62.5501885874194,17,260000.0,0.3365192307692308,False,20,17,0,True,ok
ME3 8,2,425000.0,465,76.45698990144787,7,318000.0,0.3364779874213837,False,20,7,0,True,ok
GL7 5,2,568000.0,346,89.82844628300279,27,425000.0,0.3364705882352941,False,20,26,0,True,ok
NP15 1,2,372325.0,202,67.55079693393357,30,278737.5,0.33575496659043,False,20,30,0,True,ok
CH4 9,2,308500.0,126,53.36415622338484,22,231000.0,0.3354978354978355,False,20,22,0,True,ok
RH14 0,2,700000.0,216,94.8473050249422,28,524375.0,0.3349225268176401,False,20,28,0,True,ok
LE65 1,2,367000.0,350,66.52877479012045,26,275000.0,0.3345454545454545,False,20,26,0,True,ok
SE3 0,2,625000.0,221,92.6146733179219,19,468500.0,0.3340448239060831,False,20,19,0,True,ok
BN1 5,2,585000.0,466,90.9295534736586,22,438625.0,0.3337133086349386,False,20,22,1,True,ok
CF64 2,2,320000.0,336,56.54580849251734,14,240000.0,0.3333333333333332,False,20,14,0,True,ok
HU7 3,2,200000.0,939,22.885995863243703,11,150000.0,0.3333333333333332,False,20,11,0,True,ok
M13 9,2,300000.0,91,51.65470251855457,29,225000.0,0.3333333333333332,False,20,29,2,True,ok
NE9 5,2,200000.0,443,22.885995863243703,11,150000.0,0.3333333333333332,False,20,11,0,True,ok
NP7 8,2,425000.0,75,76.45698990144787,25,318750.0,0.3333333333333332,False,20,25,0,True,ok
PR4 4,2,280000.0,274,46.40467210122886,19,210000.0,0.3333333333333332,False,20,19,0,True,ok
RG20 8,2,600000.0,131,91.5439834529748,30,450000.0,0.3333333333333332,False,20,29,0,True,ok
SO16 7,2,421000.0,251,75.84255992213164,30,315750.0,0.3333333333333332,False,20,30,0,True,ok
TQ7 3,2,550000.0,214,88.66650444092954,8,412500.0,0.3333333333333332,False,20,8,0,True,ok
M40 7,2,283976.5,200,47.39019345419151,34,213000.0,0.3332230046948357,False,20,34,1,True,ok
CH49 6,2,279750.0,156,45.85716023847184,19,210000.0,0.3321428571428571,False,20,19,1,True,ok
PO33 4,2,345000.0,234,62.16084681834773,18,259000.0,0.332046332046332,False,20,18,0,True,ok
BD17 6,2,273000.0,304,44.23895851076773,16,205000.0,0.3317073170731708,False,20,15,0,True,ok
TS6 0,2,174590.0,600,15.147828202944396,20,131125.0,0.3314775977121067,False,20,20,0,True,ok
AL3 4,2,750000.0,263,95.92407835503104,22,563375.0,0.3312624805857556,False,20,22,0,True,ok
BS35 3,2,472500.0,160,82.40053534493246,23,355000.0,0.3309859154929577,False,20,23,0,True,ok
SY10 9,2,330000.0,177,59.15561503832583,20,247962.5,0.3308463981448808,False,20,20,0,True,ok
SG4 8,2,530000.0,361,87.43156101715537,45,398250.0,0.3308223477715002,False,20,45,0,True,ok
TA9 4,2,400000.0,149,72.52707141988076,19,300750.0,0.3300083125519535,False,20,19,0,True,ok
BD10 8,2,230000.0,548,31.71918724905706,16,172975.0,0.329671917907212,False,20,16,0,True,ok
HP4 2,2,605000.0,405,91.79340552378636,22,455000.0,0.3296703296703296,False,20,22,0,True,ok
HX7 8,2,238000.0,188,33.90315123494342,40,179000.0,0.3296089385474861,False,20,40,0,True,ok
SW19 8,2,811000.0,666,96.78793040515878,25,610000.0,0.3295081967213114,False,20,25,0,True,ok
NE65 8,2,352250.0,183,63.68171310378391,21,265000.0,0.3292452830188679,False,20,21,0,True,ok
CH4 7,2,371489.5,600,67.48996228251613,16,279500.0,0.3291216457960644,False,20,16,0,True,ok
S36 8,2,347497.5,212,62.56235551770288,26,261500.0,0.3288623326959847,False,20,26,1,True,ok
L19 9,2,385000.0,113,70.2214381311595,15,289750.0,0.3287316652286454,False,20,15,0,True,ok
HU10 7,2,320000.0,593,56.54580849251734,12,240875.0,0.3284898806434873,False,20,12,0,True,ok
YO42 1,2,360000.0,135,65.14174473780265,26,271000.0,0.3284132841328413,False,20,26,0,True,ok
DA5 2,2,538000.0,205,87.91823822849494,23,405000.0,0.328395061728395,False,20,23,0,True,ok
TS4 3,2,165500.0,326,13.347122520987956,24,124625.0,0.3279839518555667,False,20,24,2,True,ok
NE18 0,2,400000.0,37,72.52707141988076,14,301250.0,0.3278008298755186,False,20,14,0,True,ok
L25 7,2,300000.0,161,51.65470251855457,25,226000.0,0.3274336283185841,False,20,25,0,True,ok
TF10 9,2,365000.0,116,66.10293223019832,23,275000.0,0.3272727272727274,False,20,23,0,True,ok
UB10 8,2,683500.0,469,94.33021048789392,24,515000.0,0.3271844660194174,False,20,24,0,True,ok
BH21 7,2,557400.0,87,89.11059739627692,22,420000.0,0.3271428571428572,False,20,22,2,True,ok
SK7 2,2,500000.0,348,85.14417812385935,17,376750.0,0.3271400132714002,False,20,17,0,True,ok
L37 2,2,381500.0,236,69.71042705925295,10,287500.0,0.3269565217391303,False,20,10,2,True,ok
BN25 4,2,485000.0,219,83.62331183842316,10,365500.0,0.3269493844049247,False,20,10,0,True,ok
LE12 5,2,345000.0,424,62.16084681834773,35,260000.0,0.3269230769230768,False,20,35,0,True,ok
SN8 1,2,431250.0,252,77.63718213894634,31,325000.0,0.3269230769230768,False,20,31,0,True,ok
TN30 7,2,569725.0,200,89.87711400413676,20,429375.0,0.3268704512372635,False,20,20,0,True,ok
E7 0,2,607000.0,293,91.88465750091252,18,457500.0,0.326775956284153,False,20,18,0,True,ok
KT11 3,2,895000.0,119,97.48752889645942,25,675000.0,0.3259259259259259,False,20,25,0,True,ok
L10 8,2,238500.0,73,33.95181895607738,27,179987.5,0.325092020279186,False,20,26,1,True,ok
EX6 6,2,397500.0,82,72.0160603479742,25,300000.0,0.3249999999999999,False,20,25,0,True,ok
S66 1,2,265000.0,292,42.18274729285801,25,200000.0,0.3249999999999999,False,20,25,0,True,ok
CT3 4,2,427000.0,187,76.91933325222047,24,322500.0,0.3240310077519379,False,20,24,0,True,ok
S81 8,2,277450.0,491,45.5529869813846,38,209559.0,0.3239708149017699,False,20,38,0,True,ok
L36 9,2,235000.0,76,33.14271809222533,19,177500.0,0.323943661971831,False,20,19,1,True,ok
EN2 9,2,695000.0,41,94.72563572210731,13,525000.0,0.3238095238095237,False,20,13,0,True,ok
PO22 7,2,407500.0,282,73.39700693515027,8,307875.0,0.323589118960617,False,20,8,0,True,ok
CH64 4,2,362500.0,101,65.65883927485096,19,274000.0,0.3229927007299269,False,20,19,3,True,ok
CT4 6,2,465000.0,146,81.53059982966298,30,351500.0,0.3229018492176387,False,20,30,0,True,ok
RG6 7,2,560000.0,239,89.33568560652148,23,423500.0,0.3223140495867769,False,20,22,0,True,ok
NR12 8,2,390000.0,315,70.97578780873586,22,295000.0,0.3220338983050848,False,20,22,0,True,ok
CR8 3,2,667500.0,220,93.97128604453096,16,505000.0,0.3217821782178218,False,20,16,0,True,ok
GL9 1,2,497250.0,54,84.69400170337023,36,376248.75,0.3215990750799837,False,20,36,0,True,ok
SR2 0,2,185000.0,494,18.43289937948656,14,140000.0,0.3214285714285714,False,20,14,0,True,ok
SY3 8,2,370000.0,460,67.1067039785862,28,280062.5,0.3211336755188574,False,20,28,0,True,ok
RH13 0,2,615000.0,172,92.18883075799975,22,465625.0,0.3208053691275168,False,20,22,0,True,ok
B45 8,2,350000.0,544,63.219369753011314,27,265000.0,0.320754716981132,False,20,27,0,True,ok
LL17 0,2,257500.0,323,39.76761163158535,26,194987.5,0.3205974741970638,False,20,26,0,True,ok
CH45 8,2,240000.0,134,34.59058279596058,18,181750.0,0.3204951856946354,False,20,18,0,True,ok
EX31 2,2,330000.0,363,59.15561503832583,8,250000.0,0.32,False,20,8,0,True,ok
EX6 7,2,412500.0,94,74.23652512471104,27,312500.0,0.32,False,20,27,0,True,ok
GL7 3,2,540000.0,197,88.00340674047938,30,409125.0,0.3198900091659029,False,20,30,0,True,ok
RG8 7,2,620000.0,202,92.35308431682688,27,469750.0,0.3198509845662587,False,20,27,0,True,ok
BB2 7,2,272950.0,426,44.208541185059005,28,206875.0,0.3193957703927492,False,20,28,0,True,ok
CR2 0,2,560000.0,369,89.33568560652148,15,424500.0,0.3191990577149588,False,20,14,0,True,ok
BR4 0,2,637500.0,274,93.07093320355274,20,483250.0,0.3191929643041904,False,20,20,0,True,ok
GL20 6,2,455000.0,99,80.72149896581092,33,345000.0,0.318840579710145,False,20,33,0,True,ok
LL15 2,2,287500.0,80,48.290546295169726,27,218000.0,0.3188073394495412,False,20,27,0,True,ok
BL5 3,2,240000.0,831,34.59058279596058,27,182000.0,0.3186813186813186,False,20,27,0,True,ok
M30 9,2,290000.0,409,48.89280934420246,17,220000.0,0.3181818181818181,False,20,17,0,True,ok
NW11 6,2,1065000.0,207,98.34529748144544,24,808000.0,0.318069306930693,False,20,24,0,True,ok
ME8 0,2,425000.0,333,76.45698990144787,10,322500.0,0.317829457364341,False,20,10,0,True,ok
YO23 7,2,450000.0,38,80.05840126536074,28,341500.0,0.3177159590043923,False,20,28,0,True,ok
L36 5,2,245000.0,151,36.05061442997932,37,185997.5,0.3172220056721193,False,20,37,4,True,ok
WS14 0,2,395000.0,300,71.68146976517824,28,300000.0,0.3166666666666666,False,20,28,0,True,ok
YO19 6,2,395000.0,257,71.68146976517824,24,300000.0,0.3166666666666666,False,20,24,0,True,ok
BS41 9,2,517500.0,200,86.50687431561018,28,393250.0,0.315956770502225,False,20,28,0,True,ok
RG20 7,2,563500.0,62,89.57294074704953,31,428250.0,0.3158201984821949,False,20,31,0,True,ok
NG18 4,2,250000.0,604,37.717483878817376,23,190000.0,0.3157894736842106,False,20,23,0,True,ok
NW4 2,2,821000.0,155,96.90959970799368,19,624000.0,0.3157051282051282,False,20,19,0,True,ok
CA28 9,2,181500.0,438,17.496045747657867,9,138000.0,0.3152173913043479,False,20,9,0,True,ok
FY6 7,2,239950.0,885,34.067404793770535,24,182500.0,0.3147945205479452,False,20,24,0,True,ok
AL1 4,2,795000.0,391,96.61759338118992,17,605000.0,0.3140495867768595,False,20,17,0,True,ok
BH14 9,2,416875.0,302,75.10646063998053,14,317250.0,0.3140267927501969,False,20,14,0,True,ok
S7 2,2,370000.0,352,67.1067039785862,15,281611.0,0.3138691315325039,False,20,15,0,True,ok
IG8 9,2,718000.0,317,95.21839639858864,19,546500.0,0.3138151875571819,False,20,19,0,True,ok
DL10 6,2,322500.0,106,57.26974084438496,26,245625.0,0.3129770992366412,False,20,26,0,True,ok
S10 3,2,430000.0,383,77.35125927728434,17,327500.0,0.3129770992366412,False,20,17,0,True,ok
RG22 5,2,428250.0,356,77.01058522934665,12,326275.0,0.3125431001455827,False,20,12,0,True,ok
B94 6,2,525000.0,121,87.06046964350894,27,400000.0,0.3125,False,20,27,0,True,ok
SP7 0,2,525000.0,123,87.06046964350894,24,400000.0,0.3125,False,20,24,0,True,ok
L40 6,2,333000.0,48,59.87346392505171,18,253750.0,0.3123152709359607,False,20,18,1,True,ok
L24 1,2,212500.0,58,26.40832218031391,17,162000.0,0.3117283950617284,False,20,17,1,True,ok
EX39 1,2,334475.0,750,59.946465506752645,9,255000.0,0.3116666666666667,False,20,9,0,True,ok
NE4 7,2,199995.0,84,22.393235186762382,13,152500.0,0.3114426229508196,False,20,13,2,True,ok
L10 2,2,229500.0,52,31.23251003771748,19,175000.0,0.3114285714285714,False,20,18,2,True,ok
OL4 4,2,267500.0,332,42.84584499330819,14,204000.0,0.3112745098039216,False,20,14,0,True,ok
BN7 1,2,590000.0,362,91.08772356734396,15,450000.0,0.3111111111111111,False,20,15,0,True,ok
MK45 5,2,480000.0,205,83.24005353449326,30,366250.0,0.3105802047781569,False,20,30,0,True,ok
GU8 4,2,760000.0,178,96.09441537899988,26,579975.0,0.3104013104013103,False,20,26,0,True,ok
LS25 5,2,285000.0,243,47.77345175812143,20,217500.0,0.3103448275862068,False,20,20,0,True,ok
SW8 1,2,735750.0,432,95.64423895851075,16,561543.75,0.3102273865571472,False,20,16,0,True,ok
IP12 4,2,425000.0,348,76.45698990144787,16,324375.0,0.3102119460500963,False,20,16,0,True,ok
HR6 0,2,419250.0,162,75.30113152451636,23,320000.0,0.3101562499999999,False,20,23,0,True,ok
S10 2,2,327500.0,122,58.62635357099404,17,250000.0,0.31,False,20,17,0,True,ok
NW7 3,2,740000.0,161,95.72332400535343,27,565000.0,0.3097345132743363,False,20,27,0,True,ok
NP12 1,2,203000.0,308,23.74984791337145,18,155000.0,0.3096774193548386,False,20,18,0,True,ok
BN8 6,2,550000.0,126,88.66650444092954,35,420000.0,0.3095238095238095,False,20,35,0,True,ok
CB23 2,2,550000.0,69,88.66650444092954,24,420000.0,0.3095238095238095,False,20,24,0,True,ok
WR12 7,2,525000.0,297,87.06046964350894,23,401000.0,0.3092269326683292,False,20,23,0,True,ok
B20 2,2,249999.0,181,37.14563815549337,15,191000.0,0.3088952879581152,False,20,15,0,True,ok
SE15 4,2,676000.0,335,94.20854118505902,18,516500.0,0.3088092933204258,False,20,18,0,True,ok
LL22 8,2,256000.0,230,39.51818956077381,26,195625.0,0.3086261980830671,False,20,26,0,True,ok
SE17 1,2,634600.0,323,92.99184815671006,19,485000.0,0.3084536082474227,False,20,19,0,True,ok
GU28 9,2,700000.0,83,94.8473050249422,17,535000.0,0.3084112149532709,False,20,17,0,True,ok
TR19 6,2,410000.0,153,73.84109989049763,8,313500.0,0.3078149920255184,False,20,8,0,True,ok
CA28 6,2,170000.0,416,14.296143083100135,11,130000.0,0.3076923076923077,False,20,11,0,True,ok
EX23 0,2,425000.0,156,76.45698990144787,16,325000.0,0.3076923076923077,False,20,16,0,True,ok
TN2 5,2,595000.0,507,91.2823944518798,17,455000.0,0.3076923076923077,False,20,17,0,True,ok
N21 3,2,685000.0,209,94.41537899987831,22,524250.0,0.3066285169289462,False,20,22,0,True,ok
HA3 0,2,657500.0,200,93.72186397371944,24,503250.0,0.3065076999503229,False,20,24,0,True,ok
NP11 3,2,202500.0,136,23.622095145394816,19,155000.0,0.3064516129032257,False,20,19,0,True,ok
LL29 6,2,268500.0,98,43.07701666869449,12,205625.0,0.3057750759878419,False,20,12,0,True,ok
GU9 8,2,652500.0,386,93.5819442754593,24,499750.0,0.3056528264132065,False,20,24,0,True,ok
PL30 5,2,355000.0,121,64.21705803625746,24,271913.25,0.3055634471655941,False,20,24,0,True,ok
NE34 7,2,186000.0,278,18.88915926511741,10,142500.0,0.3052631578947369,False,20,10,0,True,ok
CR8 1,2,620000.0,189,92.35308431682688,16,475062.75,0.3050907485379563,False,20,16,0,True,ok
NP10 9,2,290000.0,546,48.89280934420246,21,222250.0,0.3048368953880764,False,20,21,0,True,ok
BL1 5,2,250000.0,463,37.717483878817376,22,191625.0,0.3046314416177429,False,20,22,1,True,ok
NG9 6,2,300000.0,361,51.65470251855457,28,230000.0,0.3043478260869565,False,20,28,0,True,ok
N14 6,2,782500.0,176,96.44117289207934,18,600000.0,0.3041666666666667,False,20,18,0,True,ok
CA5 6,2,299950.0,211,50.98552135296265,25,230000.0,0.3041304347826086,False,20,25,0,True,ok
DN22 9,2,327500.0,116,58.62635357099404,16,251250.0,0.3034825870646767,False,20,16,0,True,ok
FY8 4,2,305000.0,507,52.81664436062782,14,234000.0,0.3034188034188034,False,20,14,0,True,ok
SA19 7,2,290000.0,93,48.89280934420246,27,222500.0,0.303370786516854,False,20,27,0,True,ok
LE14 2,2,417000.0,265,75.13079450054751,39,320000.0,0.3031250000000001,False,20,39,0,True,ok
W8 5,2,1775000.0,189,99.41598734639253,18,1362500.0,0.3027522935779816,False,20,18,0,True,ok
EX20 4,2,386250.0,114,70.519527923105,25,296500.0,0.302698145025295,False,20,25,0,True,ok
YO26 9,2,485000.0,63,83.62331183842316,26,372500.0,0.3020134228187918,False,20,26,0,True,ok
MK8 1,2,440825.0,760,78.92687674899624,14,338750.0,0.3013284132841327,False,20,14,0,True,ok
DN37 8,2,260250.0,6,41.19114247475362,19,199995.0,0.3012825320633017,True,20,19,0,True,ok
NE30 3,2,324000.0,370,57.47049519406254,13,249000.0,0.3012048192771084,False,20,13,0,True,ok
OX18 4,2,572500.0,212,90.14478647037352,27,440000.0,0.3011363636363635,False,20,27,0,True,ok
RG41 4,2,605000.0,147,91.79340552378636,23,465000.0,0.3010752688172042,False,20,23,0,True,ok
SO15 4,2,335000.0,127,60.3479742061078,12,257500.0,0.3009708737864078,False,20,12,0,True,ok
CF82 8,2,200000.0,188,22.885995863243703,20,153750.0,0.3008130081300812,False,20,20,0,True,ok
CV11 6,2,320150.0,972,57.03856916899866,28,246250.0,0.3001015228426396,False,20,28,0,True,ok
CF14 4,2,383500.0,360,69.8807640832218,15,295000.0,0.3,False,20,15,0,True,ok
S35 8,2,260000.0,180,40.716632193697535,24,200000.0,0.3,False,20,24,1,True,ok
WF8 4,2,246995.0,396,36.50079085046843,19,190000.0,0.2999736842105263,False,20,19,0,True,ok
S2 1,2,194995.0,463,21.03053899501156,23,150000.0,0.2999666666666667,False,20,23,0,True,ok
M15 4,2,289700.0,1143,48.46088331913858,27,223000.0,0.2991031390134528,False,20,26,2,True,ok
LS15 9,2,300000.0,154,51.65470251855457,17,230995.0,0.2987294097274833,False,20,17,0,True,ok
L17 7,2,250000.0,247,37.717483878817376,13,192500.0,0.2987012987012987,False,20,13,0,True,ok
OL15 0,2,250000.0,162,37.717483878817376,20,192500.0,0.2987012987012987,False,20,20,1,True,ok
SK7 3,2,425000.0,265,76.45698990144787,19,327250.0,0.2987012987012987,False,20,19,0,True,ok
PO12 2,2,330000.0,471,59.15561503832583,14,254125.0,0.2985735366453517,False,20,14,0,True,ok
L37 7,2,370000.0,129,67.1067039785862,21,285000.0,0.2982456140350877,False,20,21,1,True,ok
EX23 8,2,363500.0,418,65.76225818226061,7,280000.0,0.2982142857142857,False,20,7,0,True,ok
B71 3,2,270000.0,413,43.569777345175815,26,208000.0,0.2980769230769231,False,20,26,0,True,ok
BD15 8,2,236245.0,102,33.65372916413189,13,182000.0,0.2980494505494506,False,20,13,0,True,ok
WS9 0,2,324500.0,328,57.50091251977126,28,250000.0,0.298,False,20,28,0,True,ok
BA9 8,2,452000.0,46,80.5268280812751,24,348237.5,0.2979647510678775,False,20,24,0,True,ok
ST17 0,2,330000.0,493,59.15561503832583,28,254250.0,0.2979351032448378,False,20,28,0,True,ok
M4 6,2,292000.0,227,49.47682199780995,17,225000.0,0.2977777777777777,False,20,17,1,True,ok
IG10 1,2,680000.0,303,94.28762623190168,14,524000.0,0.2977099236641221,False,20,14,0,True,ok
PR25 5,2,272500.0,214,44.11120574279109,15,210000.0,0.2976190476190476,False,20,15,0,True,ok
EC1V 1,2,886500.0,126,97.4571115707507,24,683250.0,0.2974753018660812,False,20,24,4,True,ok
SY4 2,2,360000.0,233,65.14174473780265,16,277498.75,0.2973031410051396,False,20,16,0,True,ok
LL12 8,2,280000.0,267,46.40467210122886,16,215875.0,0.2970469021424435,False,20,16,0,True,ok
SO19 4,2,345000.0,48,62.16084681834773,11,266000.0,0.2969924812030076,False,20,11,0,True,ok
CV7 8,2,311750.0,550,54.5017642048911,34,240497.5,0.2962712710111332,False,20,34,1,True,ok
L15 5,2,246250.0,74,36.47645698990144,22,190000.0,0.2960526315789473,False,20,22,2,True,ok
WS13 8,2,375750.0,626,68.64582065944762,35,290000.0,0.2956896551724137,False,20,35,0,True,ok
GL7 6,2,533000.0,275,87.6262319016912,31,411375.0,0.2956548161652992,False,20,30,0,True,ok
NE23 8,2,259097.5,672,40.17520379608225,23,200000.0,0.2954874999999999,False,20,23,0,True,ok
CO6 5,2,500000.0,16,85.14417812385935,17,386000.0,0.2953367875647668,True,20,17,0,True,ok
NP44 1,2,255000.0,487,39.06801314028471,20,196862.5,0.2953203377992253,False,20,20,0,True,ok
LA21 8,2,395000.0,45,71.68146976517824,17,305000.0,0.2950819672131148,False,20,17,1,True,ok
TQ13 9,2,395000.0,449,71.68146976517824,28,305000.0,0.2950819672131148,False,20,28,0,True,ok
CT4 8,2,505000.0,59,85.6004380094902,25,390000.0,0.2948717948717949,False,20,25,0,True,ok
BA12 0,2,440000.0,173,78.6652877479012,29,340000.0,0.2941176470588236,False,20,29,0,True,ok
WA9 5,2,220000.0,633,28.555785375349803,24,170000.0,0.2941176470588236,False,20,24,0,True,ok
CH63 1,2,377500.0,12,68.87090886969217,29,291750.0,0.2939160239931448,True,20,29,2,True,ok
HP10 8,2,775000.0,170,96.28300279839397,24,599000.0,0.2938230383973288,False,20,24,0,True,ok
SO22 5,2,685000.0,453,94.41537899987831,15,529448.0,0.2938003354437073,False,20,15,0,True,ok
CH8 8,2,258750.0,226,40.06570142353084,29,200000.0,0.2937499999999999,False,20,29,0,True,ok
RH13 6,2,572000.0,279,90.09611874923957,31,442250.0,0.2933860938383268,False,20,31,0,True,ok
NN14 3,2,375000.0,190,68.18956077381677,36,289997.5,0.2931145958154812,False,20,36,0,True,ok
SW1X 8,2,2537500.0,78,99.70799367319626,20,1962500.0,0.2929936305732483,False,20,20,1,True,ok
N1 1,2,847500.0,366,97.1042705925295,16,655625.0,0.2926596758817921,False,20,16,0,True,ok
S10 4,2,420000.0,253,75.5627205256114,34,325000.0,0.2923076923076924,False,20,34,1,True,ok
EN9 2,2,535000.0,184,87.71140041367563,32,414000.0,0.2922705314009661,False,20,32,0,True,ok
NG9 5,2,284250.0,306,47.43886117532546,13,220000.0,0.2920454545454545,False,20,13,0,True,ok
PO6 1,2,375000.0,300,68.18956077381677,16,290250.0,0.2919896640826873,False,20,16,0,True,ok
TW2 6,2,655250.0,416,93.67319625258548,20,507500.0,0.2911330049261083,False,20,20,0,True,ok
BN20 9,2,418000.0,239,75.22812994281543,24,323750.0,0.2911196911196911,False,20,24,0,True,ok
LN5 0,2,325000.0,304,57.99367319625258,36,251875.0,0.2903225806451612,False,20,36,1,True,ok
SK8 4,2,400000.0,324,72.52707141988076,24,310000.0,0.2903225806451612,False,20,24,0,True,ok
SP11 0,2,500000.0,99,85.14417812385935,30,387500.0,0.2903225806451612,False,20,29,0,True,ok
NG3 5,2,264500.0,562,41.76907166321937,33,205000.0,0.2902439024390244,False,20,33,2,True,ok
SM7 1,2,740000.0,235,95.72332400535343,20,574075.0,0.2890301789835823,False,20,20,0,True,ok
BL8 2,2,257750.0,384,39.83452974814454,22,200000.0,0.28875,False,20,22,0,True,ok
S25 5,2,250000.0,95,37.717483878817376,26,194000.0,0.2886597938144331,False,20,26,0,True,ok
PE3 6,2,310500.0,256,54.36792797177272,21,241000.0,0.2883817427385893,False,20,21,1,True,ok
DE6 3,2,380000.0,182,69.34541915074827,27,295000.0,0.2881355932203389,False,20,27,0,True,ok
OX7 3,2,560000.0,198,89.33568560652148,28,434750.0,0.2880966072455433,False,20,28,0,True,ok
SO31 5,2,342500.0,285,61.747171188709096,13,266000.0,0.287593984962406,False,20,13,0,True,ok
DY14 9,2,412000.0,69,74.1635235430101,17,320000.0,0.2875000000000001,False,20,17,0,True,ok
LS15 4,2,325000.0,213,57.99367319625258,34,252500.0,0.2871287128712871,False,20,34,0,True,ok
IP29 4,2,440000.0,163,78.6652877479012,24,341875.0,0.287020109689214,False,20,24,0,True,ok
OX4 1,2,592000.0,287,91.16680861418664,22,460000.0,0.2869565217391303,False,20,21,0,True,ok
SY7 8,2,366750.0,104,66.46794013870301,25,285000.0,0.2868421052631578,False,20,25,0,True,ok
LS1 4,2,214500.0,70,26.663827716267186,25,166750.0,0.2863568215892054,False,20,24,5,True,ok
B75 5,2,399975.0,368,72.19856430222656,28,311000.0,0.2860932475884243,False,20,28,1,True,ok
WN6 0,2,253950.0,889,38.6178367197956,20,197500.0,0.2858227848101267,False,20,20,0,True,ok
DE13 8,2,360000.0,359,65.14174473780265,37,280000.0,0.2857142857142858,False,20,37,0,True,ok
MK46 5,2,450000.0,373,80.05840126536074,29,350000.0,0.2857142857142858,False,20,29,0,True,ok
WR10 3,2,440000.0,173,78.6652877479012,28,342500.0,0.2846715328467153,False,20,28,0,True,ok
SO32 2,2,439997.5,944,78.44019953765665,28,342500.0,0.2846642335766423,False,20,28,0,True,ok
SW3 2,2,2100000.0,159,99.58632437036135,27,1635000.0,0.2844036697247707,False,20,27,1,True,ok
SK13 6,2,323000.0,204,57.36707628665288,14,251500.0,0.2842942345924453,False,20,14,0,True,ok
BD18 4,2,244000.0,363,35.69777345175812,23,190000.0,0.2842105263157894,False,20,22,0,True,ok
RM4 1,2,610000.0,171,92.03674412945614,39,475000.0,0.2842105263157894,False,20,39,0,True,ok
M24 1,2,260000.0,456,40.716632193697535,24,202500.0,0.2839506172839505,False,20,24,0,True,ok
SO15 5,2,320828.0,413,57.07506995984913,19,250000.0,0.283312,False,20,19,1,True,ok
BN14 0,2,510000.0,261,85.96544591799488,17,397500.0,0.2830188679245282,False,20,17,0,True,ok
NE67 5,2,340000.0,120,61.309161698503466,14,265000.0,0.2830188679245282,False,20,14,1,True,ok
GU20 6,2,657500.0,174,93.72186397371944,25,512500.0,0.2829268292682927,False,20,25,0,True,ok
SW7 3,2,1635000.0,152,99.33081883440808,18,1274500.0,0.2828560219693998,False,20,18,0,True,ok
L36 8,2,185997.5,272,18.834408078841708,36,145000.0,0.2827413793103448,False,20,36,9,True,ok
RH8 0,2,609250.0,362,91.95765908261345,24,475062.75,0.2824621589463707,False,20,24,0,True,ok
EX5 2,2,420000.0,165,75.5627205256114,30,327500.0,0.2824427480916029,False,20,30,1,True,ok
W3 0,2,705000.0,136,94.9689743277771,17,550000.0,0.2818181818181817,False,20,17,0,True,ok
B29 4,2,314000.0,138,54.82418785740357,20,245000.0,0.2816326530612245,False,20,20,0,True,ok
B63 1,2,307500.0,229,53.26682078111692,19,239950.0,0.2815169827047301,False,20,19,0,True,ok
IP6 9,2,410000.0,171,73.84109989049763,31,319997.5,0.2812600098438269,False,20,31,0,True,ok
S66 3,2,205000.0,235,24.20610779900231,16,160000.0,0.28125,False,20,16,0,True,ok
PO20 8,2,490000.0,351,84.0917386543375,5,382500.0,0.2810457516339868,False,20,5,0,True,ok
NG32 2,2,365000.0,112,66.10293223019832,24,285000.0,0.2807017543859649,False,20,24,0,True,ok
YO61 2,2,460000.0,62,81.13517459544957,20,359237.5,0.2804899265806047,False,20,20,0,True,ok
BH18 8,2,449950.0,269,79.62039177515513,15,351500.0,0.2800853485064012,False,20,15,0,True,ok
GU5 9,2,800000.0,103,96.67842803260736,28,625000.0,0.28,False,20,28,0,True,ok
TN22 3,2,608000.0,159,91.92724175690472,26,475000.0,0.28,False,20,26,0,True,ok
TN25 5,2,480000.0,129,83.24005353449326,29,375000.0,0.28,False,20,29,0,True,ok
SR5 1,2,190000.0,157,19.959849130064487,16,148500.0,0.2794612794612794,False,20,16,0,True,ok
WF14 8,2,243000.0,271,35.55177028835625,20,190000.0,0.2789473684210526,False,20,20,0,True,ok
CW12 2,2,360000.0,508,65.14174473780265,28,281500.0,0.2788632326820603,False,20,28,0,True,ok
WD3 5,2,860000.0,317,97.2259398953644,20,672500.0,0.278810408921933,False,20,20,0,True,ok
CH61 2,2,390000.0,17,70.97578780873586,15,305000.0,0.278688524590164,True,20,15,0,True,ok
LA23 1,2,390000.0,101,70.97578780873586,27,305000.0,0.278688524590164,False,20,27,0,True,ok
NW11 9,2,782500.0,132,96.44117289207934,16,612000.0,0.2785947712418299,False,20,16,0,True,ok
L31 3,2,280000.0,57,46.40467210122886,19,219000.0,0.278538812785388,False,20,18,0,True,ok
CA7 0,2,295000.0,45,50.121669302834896,16,230750.0,0.2784398699891657,False,20,16,0,True,ok
HA9 9,2,650000.0,133,93.44810804234092,25,508500.0,0.2782694198623401,False,20,25,0,True,ok
IP13 7,2,420000.0,133,75.5627205256114,26,328587.5,0.2781983489937991,False,20,26,0,True,ok
M33 4,2,442500.0,389,79.02421219126414,20,346250.0,0.2779783393501804,False,20,20,0,True,ok
W1F 8,2,1622950.0,48,99.2943180435576,15,1270000.0,0.2779133858267717,False,20,13,9,True,ok
WF14 0,2,230000.0,346,31.71918724905706,19,180000.0,0.2777777777777777,False,20,19,0,True,ok
IG3 9,2,530000.0,277,87.43156101715537,22,415000.0,0.2771084337349396,False,20,22,0,True,ok
B47 5,2,360000.0,268,65.14174473780265,14,282000.0,0.2765957446808511,False,20,14,0,True,ok
LL37 2,2,247000.0,26,36.56162550188588,8,193500.0,0.276485788113695,False,20,8,1,True,ok
BH23 6,2,485000.0,5,83.62331183842316,32,380000.0,0.2763157894736843,True,20,32,0,True,ok
LS20 8,2,348412.5,274,62.70835868110476,26,273000.0,0.2762362637362636,False,20,25,0,True,ok
EX16 7,2,419500.0,166,75.31329845479985,22,328750.0,0.2760456273764258,False,20,22,0,True,ok
CB6 2,2,370000.0,717,67.1067039785862,25,289995.0,0.2758840669666718,False,20,25,0,True,ok
CH43 0,2,248680.0,180,36.877965689256605,21,195000.0,0.2752820512820513,False,20,21,1,True,ok
NG8 3,2,230000.0,369,31.71918724905706,18,180375.0,0.275121275121275,False,20,18,0,True,ok
PR26 6,2,255000.0,276,39.06801314028471,18,200000.0,0.2749999999999999,False,20,18,0,True,ok
IG8 0,2,720000.0,318,95.2670641197226,13,565000.0,0.2743362831858407,False,20,13,0,True,ok
ST12 9,2,295000.0,177,50.121669302834896,19,231500.0,0.2742980561555075,False,20,19,0,True,ok
EX4 0,2,377500.0,10,68.87090886969217,16,296250.0,0.2742616033755274,True,20,16,0,True,ok
B14 7,2,308950.0,299,53.40065701423531,18,242500.0,0.2740206185567011,False,20,18,0,True,ok
TS15 9,2,293000.0,715,49.65324248692056,29,230000.0,0.2739130434782608,False,20,29,0,True,ok
BA15 2,2,484000.0,152,83.48947560530479,30,380000.0,0.2736842105263157,False,20,30,0,True,ok
CT15 6,2,403750.0,94,73.0502494220708,13,317000.0,0.2736593059936909,False,20,13,0,True,ok
LS29 6,2,379850.0,394,69.04732935880278,13,298250.0,0.2735959765297568,False,20,13,0,True,ok
CA14 1,2,199950.0,353,22.314150139919697,17,156997.5,0.2735871590311947,False,20,17,0,True,ok
SR7 8,2,136250.0,282,6.551891957659082,17,107000.0,0.2733644859813084,False,20,17,0,True,ok
LE11 3,2,331000.0,300,59.64229224966541,16,260000.0,0.273076923076923,False,20,16,0,True,ok
B28 8,2,305500.0,324,53.029565640588885,17,240000.0,0.2729166666666667,False,20,17,0,True,ok
EX22 7,2,350000.0,169,63.219369753011314,20,275000.0,0.2727272727272727,False,20,20,0,True,ok
LA12 8,2,385000.0,96,70.2214381311595,22,302500.0,0.2727272727272727,False,20,22,1,True,ok
OX20 1,2,572500.0,275,90.14478647037352,23,450000.0,0.2722222222222221,False,20,23,0,True,ok
WR13 5,2,432500.0,169,77.69193332522205,22,340000.0,0.2720588235294117,False,20,22,0,True,ok
EC1R 1,2,907750.0,32,97.55444701301862,22,713750.0,0.2718038528896673,False,20,22,2,True,ok
HU12 8,2,178000.0,555,16.303686579875897,13,140000.0,0.2714285714285713,False,20,13,0,True,ok
NE31 2,2,177995.0,467,16.25501885874194,19,140000.0,0.2713928571428572,False,20,19,0,True,ok
HA5 4,2,750000.0,276,95.92407835503104,20,590000.0,0.271186440677966,False,20,20,0,True,ok
LL35 0,2,287250.0,70,48.241878574035766,12,226000.0,0.2710176991150441,False,20,12,1,True,ok
LS28 5,2,260500.0,595,41.2154763353206,25,205000.0,0.2707317073170732,False,20,25,0,True,ok
HP16 9,2,737000.0,179,95.65640588879424,29,580000.0,0.2706896551724138,False,20,29,0,True,ok
CT4 5,2,463765.5,146,81.3845966662611,28,365000.0,0.2705904109589041,False,20,28,0,True,ok
EX2 4,2,375000.0,307,68.18956077381677,16,295250.0,0.2701100762066046,False,20,16,0,True,ok
B13 8,2,308000.0,221,53.33373889767612,22,242500.0,0.2701030927835051,False,20,22,0,True,ok
LE16 8,2,399995.0,551,72.22289816279353,41,315000.0,0.2698253968253967,False,20,41,0,True,ok
TF9 4,2,365000.0,267,66.10293223019832,27,287500.0,0.2695652173913043,False,20,27,0,True,ok
GL5 5,2,457000.0,207,80.86141866407105,17,360000.0,0.2694444444444444,False,20,17,0,True,ok
WF7 7,2,235000.0,356,33.14271809222533,19,185122.5,0.2694297019541114,False,20,19,0,True,ok
S36 7,2,333750.0,86,59.89779778561869,23,263000.0,0.2690114068441065,False,20,23,1,True,ok
DL5 4,2,162750.0,424,12.525854726852415,16,128250.0,0.2690058479532164,False,20,16,0,True,ok
OL11 4,2,220000.0,213,28.555785375349803,20,173375.0,0.2689257390050468,False,20,20,1,True,ok
RH3 7,2,675000.0,175,94.12945613821633,19,532000.0,0.268796992481203,False,20,19,0,True,ok
TN25 4,2,475750.0,192,82.86896216084682,31,375000.0,0.2686666666666666,False,20,31,0,True,ok
SA10 7,2,215000.0,340,26.998418299063147,17,169497.5,0.2684552869511349,False,20,17,0,True,ok
CF5 1,2,317000.0,601,55.56637060469644,19,250000.0,0.268,False,20,19,0,True,ok
LS8 2,2,355000.0,416,64.21705803625746,19,280000.0,0.2678571428571428,False,20,19,0,True,ok
OX1 2,2,640000.0,31,93.16218518067892,10,505000.0,0.2673267326732673,False,20,9,0,True,ok
DE6 2,2,367500.0,154,66.61394330210489,27,290000.0,0.2672413793103447,False,20,27,0,True,ok
NP44 3,2,255000.0,406,39.06801314028471,24,201237.5,0.2671594508975712,False,20,24,0,True,ok
BN3 5,2,535250.0,500,87.78440199537657,10,422500.0,0.2668639053254438,False,20,10,0,True,ok
AL2 3,2,665000.0,297,93.90436792797178,41,525000.0,0.2666666666666666,False,20,41,0,True,ok
NE9 6,2,190000.0,502,19.959849130064487,19,150000.0,0.2666666666666666,False,20,19,0,True,ok
PO30 4,2,380000.0,127,69.34541915074827,13,300000.0,0.2666666666666666,False,20,13,0,True,ok
SA12 8,2,190000.0,297,19.959849130064487,15,150000.0,0.2666666666666666,False,20,15,0,True,ok
RG8 0,2,595000.0,223,91.2823944518798,27,469750.0,0.2666311868014901,False,20,27,0,True,ok
N22 7,2,695000.0,241,94.72563572210731,20,548750.0,0.2665148063781322,False,20,20,0,True,ok
S72 9,2,220000.0,179,28.555785375349803,24,173750.0,0.2661870503597121,False,20,24,0,True,ok
YO16 6,2,220000.0,599,28.555785375349803,6,173750.0,0.2661870503597121,False,20,6,0,True,ok
LL39 1,2,245000.0,15,36.05061442997932,8,193500.0,0.2661498708010337,True,20,8,0,True,ok
NR20 5,2,392500.0,210,71.34687918238228,27,310000.0,0.2661290322580645,False,20,27,0,True,ok
NG21 9,2,244995.0,669,35.75860810317557,17,193500.0,0.2661240310077519,False,20,17,0,True,ok
LA23 3,2,452500.0,90,80.56332887212557,18,357500.0,0.2657342657342658,False,20,18,0,True,ok
LS8 1,2,350000.0,391,63.219369753011314,14,276562.5,0.2655367231638419,False,20,14,0,True,ok
WN5 7,2,230250.0,426,32.16328020440443,25,182000.0,0.26510989010989,False,20,25,1,True,ok
TA7 9,2,380000.0,125,69.34541915074827,24,300375.0,0.2650853100291301,False,20,24,0,True,ok
E14 5,2,610000.0,29,92.03674412945614,8,482350.0,0.2646418575723022,False,20,8,1,True,ok
CW11 2,2,327500.0,88,58.62635357099404,18,259000.0,0.2644787644787645,False,20,18,0,True,ok
PE12 0,2,305500.0,270,53.029565640588885,20,241687.5,0.2640289630204293,False,20,20,0,True,ok
NR16 1,2,397975.0,198,72.06472806910817,29,315000.0,0.2634126984126983,False,20,29,0,True,ok
LS17 0,2,505000.0,43,85.6004380094902,21,400000.0,0.2624999999999999,False,20,21,0,True,ok
DE13 7,2,385000.0,221,70.2214381311595,24,304997.5,0.2623054287330224,False,20,24,0,True,ok
M41 8,2,325000.0,252,57.99367319625258,18,257500.0,0.2621359223300972,False,20,18,0,True,ok
W7 2,2,650000.0,222,93.44810804234092,27,515000.0,0.2621359223300972,False,20,27,0,True,ok
S42 6,2,265000.0,675,42.18274729285801,23,210000.0,0.2619047619047618,False,20,23,0,True,ok
DN20 9,2,253000.0,295,38.52658474266942,23,200500.0,0.2618453865336658,False,20,23,1,True,ok
SO43 7,2,485000.0,191,83.62331183842316,38,384375.0,0.2617886178861788,False,20,38,0,True,ok
YO23 2,2,410000.0,171,73.84109989049763,23,325000.0,0.2615384615384615,False,20,23,0,True,ok
CM6 3,2,523500.0,402,86.83538143326439,27,415000.0,0.2614457831325301,False,20,27,0,True,ok
TN21 9,2,485000.0,90,83.62331183842316,29,384500.0,0.2613784135240571,False,20,29,0,True,ok
CA6 4,2,280000.0,161,46.40467210122886,26,221997.5,0.2612754648137929,False,20,26,1,True,ok
LS8 4,2,280000.0,153,46.40467210122886,15,222000.0,0.2612612612612612,False,20,15,0,True,ok
TW17 9,2,567500.0,136,89.8162793527193,19,450000.0,0.261111111111111,False,20,19,0,True,ok
WA15 8,2,500000.0,394,85.14417812385935,21,396500.0,0.2610340479192938,False,20,21,0,True,ok
DE45 1,2,380000.0,357,69.34541915074827,42,301500.0,0.2603648424543947,False,20,42,2,True,ok
WF14 9,2,230000.0,353,31.71918724905706,18,182500.0,0.2602739726027396,False,20,18,0,True,ok
CA13 0,2,231500.0,471,32.29711643752281,26,183748.75,0.2598725161395656,False,20,26,0,True,ok
SM1 3,2,525000.0,446,87.06046964350894,17,416750.0,0.2597480503899221,False,20,17,0,True,ok
TN3 9,2,598306.0,161,91.38581335928944,35,475000.0,0.2595915789473684,False,20,35,0,True,ok
SN26 8,2,412500.0,58,74.23652512471104,15,327500.0,0.2595419847328244,False,20,14,0,True,ok
TS5 5,2,150500.0,294,9.824796203917751,15,119497.5,0.2594405740705872,False,20,15,3,True,ok
L6 8,2,170000.0,45,14.296143083100135,25,135000.0,0.2592592592592593,False,20,25,3,True,ok
NG9 1,2,277000.0,575,45.49823579510889,27,220000.0,0.259090909090909,False,20,27,0,True,ok
CH47 0,2,417000.0,55,75.13079450054751,12,331250.0,0.2588679245283019,False,20,12,1,True,ok
BB3 3,2,197000.0,693,21.936975301131525,25,156500.0,0.2587859424920127,False,20,25,0,True,ok
BD16 3,2,298250.0,222,50.82126779413554,23,237000.0,0.2584388185654007,False,20,22,0,True,ok
HU14 3,2,321000.0,422,57.09940382041611,14,255111.25,0.258274576287796,False,20,14,0,True,ok
PO6 2,2,335000.0,454,60.3479742061078,20,266250.0,0.2582159624413145,False,20,20,0,True,ok
RG9 4,2,725000.0,127,95.376566492274,25,576250.0,0.2581344902386118,False,20,25,0,True,ok
LL16 4,2,249999.5,160,37.15780508577686,26,198750.0,0.2578591194968553,False,20,26,0,True,ok
LL40 2,2,245250.0,80,36.33653729164132,23,194975.0,0.2578535709706373,False,20,23,1,True,ok
E11 3,2,600000.0,402,91.5439834529748,25,477008.0,0.2578405393620233,False,20,25,0,True,ok
S40 3,2,285500.0,454,48.108042340917386,13,227000.0,0.2577092511013215,False,20,13,0,True,ok
SW14 8,2,950000.0,463,97.8525368049641,23,755350.0,0.2576951082279737,False,20,23,0,True,ok
ME7 3,2,393000.0,269,71.41988076408322,22,312500.0,0.2576,False,20,22,0,True,ok
IP22 2,2,415000.0,212,74.71103540576712,23,330000.0,0.2575757575757575,False,20,23,0,True,ok
WV6 8,2,315650.0,487,55.44470130186154,21,251000.0,0.2575697211155379,False,20,21,1,True,ok
WF3 2,2,261495.0,485,41.34322910329723,21,208000.0,0.2571874999999999,False,20,21,0,True,ok
BS40 7,2,550000.0,53,88.66650444092954,18,437500.0,0.2571428571428571,False,20,18,1,True,ok
N8 8,2,825000.0,297,96.93393356856063,16,656250.0,0.2571428571428571,False,20,16,0,True,ok
YO61 1,2,439995.0,232,78.42194914223141,22,349997.5,0.2571375509825071,False,20,22,0,True,ok
DT6 4,2,460000.0,329,81.13517459544957,15,366000.0,0.2568306010928962,False,20,15,0,True,ok
L17 4,2,245000.0,84,36.05061442997932,17,195000.0,0.2564102564102564,False,20,17,1,True,ok
NN13 5,2,490000.0,206,84.0917386543375,33,390000.0,0.2564102564102564,False,20,33,0,True,ok
GL50 2,2,402000.0,507,72.90424625866893,19,320000.0,0.2562500000000001,False,20,19,0,True,ok
YO41 4,2,380000.0,81,69.34541915074827,23,302500.0,0.256198347107438,False,20,23,0,True,ok
SE9 1,2,565000.0,429,89.68244311960093,24,450000.0,0.2555555555555555,False,20,24,0,True,ok
LL12 0,2,285000.0,345,47.77345175812143,21,227000.0,0.2555066079295154,False,20,21,0,True,ok
L12 9,2,230000.0,128,31.71918724905706,24,183237.5,0.2552015826454739,False,20,24,2,True,ok
RG4 9,2,620000.0,271,92.35308431682688,42,494000.0,0.2550607287449393,False,20,41,0,True,ok
LA22 0,2,467500.0,88,81.78002190047451,16,372500.0,0.2550335570469799,False,20,16,0,True,ok
S20 5,2,235000.0,212,33.14271809222533,24,187247.5,0.2550234315544935,False,20,24,1,True,ok
HR3 6,2,389000.0,105,70.66553108650687,25,309995.0,0.2548589493378925,False,20,25,0,True,ok
SO53 4,2,450000.0,277,80.05840126536074,17,358750.0,0.254355400696864,False,20,17,0,True,ok
CA11 0,2,370000.0,212,67.1067039785862,37,295000.0,0.2542372881355932,False,20,37,0,True,ok
SA8 3,2,224500.0,220,29.705560287139555,18,179000.0,0.2541899441340782,False,20,18,0,True,ok
KT20 6,2,712500.0,250,95.12714442146246,21,568150.0,0.2540702279327642,False,20,21,0,True,ok
B47 6,2,395000.0,129,71.68146976517824,25,315000.0,0.2539682539682539,False,20,25,0,True,ok
BD23 6,2,400000.0,210,72.52707141988076,35,319000.0,0.2539184952978057,False,20,35,0,True,ok
SY8 4,2,413750.0,156,74.35211096240418,22,330000.0,0.2537878787878789,False,20,22,0,True,ok
PE28 9,2,425000.0,249,76.45698990144787,32,339000.0,0.2536873156342183,False,20,32,0,True,ok
GU5 0,2,733275.0,250,95.58340430709332,23,585000.0,0.2534615384615384,False,20,23,0,True,ok
CM21 0,2,548125.0,278,88.41708237011801,28,437312.5,0.2533943118479349,False,20,28,0,True,ok
NE7 7,2,235000.0,619,33.14271809222533,27,187500.0,0.2533333333333334,False,20,27,2,True,ok
S26 5,2,240000.0,226,34.59058279596058,24,191500.0,0.2532637075718016,False,20,24,1,True,ok
TF6 6,2,335237.5,226,60.65214746319504,34,267497.5,0.2532360115515097,False,20,34,0,True,ok
CF11 9,2,333750.0,428,59.89779778561869,24,266375.0,0.2529328953542937,False,20,24,0,True,ok
S25 1,2,268750.0,50,43.137851320111935,25,214497.5,0.2529283558083428,False,20,25,0,True,ok
CW5 7,2,310000.0,449,53.948168876992334,26,247500.0,0.2525252525252526,False,20,26,0,True,ok
CH3 9,2,405000.0,199,73.17191872490571,24,323450.0,0.2521255217189673,False,20,24,0,True,ok
CH47 5,2,410000.0,30,73.84109989049763,13,327500.0,0.2519083969465649,False,20,13,1,True,ok
CO7 7,2,410000.0,455,73.84109989049763,24,327500.0,0.2519083969465649,False,20,24,1,True,ok
SL2 4,2,575000.0,191,90.29687309891716,20,459500.0,0.251360174102285,False,20,20,1,True,ok
CB21 6,2,585000.0,64,90.9295534736586,12,467500.0,0.2513368983957218,False,20,12,0,True,ok
CH63 5,2,249950.0,153,37.04830271322545,25,199750.0,0.2513141426783478,False,20,25,3,True,ok
TW5 9,2,530000.0,171,87.43156101715537,18,423562.5,0.2512911317692194,False,20,18,0,True,ok
ST19 9,2,335000.0,193,60.3479742061078,31,267750.0,0.2511671335200747,False,20,31,0,True,ok
W1K 2,2,3400000.0,25,99.84182990631464,21,2717500.0,0.25114995400184,False,20,20,6,True,ok
L25 8,2,275250.0,148,45.28531451514783,17,220000.0,0.2511363636363637,False,20,17,0,True,ok
L16 7,2,375322.5,50,68.60931986859715,17,300000.0,0.2510749999999999,False,20,17,0,True,ok
LL30 3,2,272000.0,281,44.04428762623191,7,217500.0,0.2505747126436781,False,20,7,0,True,ok
GU8 6,2,705000.0,127,94.9689743277771,29,563800.0,0.250443419652359,False,20,29,0,True,ok
DE23 4,2,300000.0,75,51.65470251855457,21,240000.0,0.25,False,20,21,0,True,ok
DH7 0,2,175000.0,265,15.500669181165591,29,140000.0,0.25,False,20,29,0,True,ok
HP18 9,2,556250.0,260,89.08626353570995,31,445000.0,0.25,False,20,31,0,True,ok
L40 8,2,350000.0,21,63.219369753011314,25,280000.0,0.25,False,20,25,1,True,ok
LA8 9,2,375000.0,117,68.18956077381677,29,300000.0,0.25,False,20,29,0,True,ok
LN8 2,2,300000.0,63,51.65470251855457,21,240000.0,0.25,False,20,21,1,True,ok
LS10 1,2,206250.0,198,24.6806180800584,26,165000.0,0.25,False,20,26,2,True,ok
NE38 8,2,205000.0,290,24.20610779900231,19,164000.0,0.25,False,20,19,0,True,ok
NR13 6,2,350000.0,693,63.219369753011314,25,280000.0,0.25,False,20,25,0,True,ok
TF5 0,2,300000.0,186,51.65470251855457,17,240000.0,0.25,False,20,17,0,True,ok
TR3 6,2,400000.0,346,72.52707141988076,15,320000.0,0.25,False,20,15,0,True,ok
TS5 7,2,165000.0,290,13.079450054751184,17,132000.0,0.25,False,20,17,0,True,ok
CB21 5,2,531000.0,237,87.56539725027376,32,425000.0,0.2494117647058824,False,20,32,0,True,ok
RM2 5,2,537000.0,287,87.845236646794,25,430000.0,0.2488372093023256,False,20,25,0,True,ok
BD1 2,2,122500.0,54,3.990753132984548,16,98125.0,0.2484076433121018,False,20,16,1,True,ok
IG11 9,2,490000.0,335,84.0917386543375,20,392500.0,0.2484076433121018,False,20,20,0,True,ok
LL32 8,2,245000.0,275,36.05061442997932,15,196250.0,0.2484076433121018,False,20,15,0,True,ok
NW3 6,2,1150000.0,191,98.53996836598128,24,921250.0,0.2483039348710991,False,20,24,0,True,ok
BS22 9,2,332000.0,423,59.721377296508095,11,266000.0,0.2481203007518797,False,20,11,1,True,ok
DY3 4,2,320000.0,106,56.54580849251734,30,256500.0,0.2475633528265106,False,20,30,0,True,ok
DE22 2,2,315000.0,745,55.17094537048303,20,252500.0,0.2475247524752475,False,20,20,0,True,ok
L28 3,2,154500.0,6,10.372308066674778,12,123875.0,0.2472250252270433,True,20,12,5,True,ok
RG8 8,2,550000.0,197,88.66650444092954,38,440987.5,0.2472008843788089,False,20,38,0,True,ok
GU27 3,2,697500.0,260,94.78647037352476,18,559400.0,0.2468716481944941,False,20,18,0,True,ok
SS9 2,2,480000.0,397,83.24005353449326,10,385000.0,0.2467532467532467,False,20,10,0,True,ok
EX9 7,2,467500.0,60,81.78002190047451,18,375000.0,0.2466666666666666,False,20,18,0,True,ok
OL15 8,2,230000.0,293,31.71918724905706,12,184500.0,0.2466124661246611,False,20,12,1,True,ok
DN14 0,2,232000.0,345,32.39445187979073,20,186186.25,0.2460640890506147,False,20,20,0,True,ok
CB22 6,2,603000.0,42,91.7204039420854,10,484000.0,0.2458677685950412,False,20,10,0,True,ok
DN3 1,2,187500.0,381,19.17508212677941,19,150500.0,0.2458471760797342,False,20,19,1,True,ok
MK17 8,2,450000.0,663,80.05840126536074,32,361250.0,0.245674740484429,False,20,32,0,True,ok
CB22 5,2,615000.0,338,92.18883075799975,28,493725.0,0.2456326902627981,False,20,28,1,True,ok
B60 4,2,355000.0,160,64.21705803625746,30,285000.0,0.2456140350877194,False,20,30,0,True,ok
L39 5,2,355000.0,213,64.21705803625746,19,285000.0,0.2456140350877194,False,20,19,2,True,ok
NE66 2,2,330000.0,283,59.15561503832583,17,265000.0,0.2452830188679244,False,20,17,1,True,ok
NE66 4,2,330000.0,71,59.15561503832583,17,265000.0,0.2452830188679244,False,20,17,1,True,ok
NE31 1,2,162500.0,457,12.471103540576712,11,130500.0,0.2452107279693487,False,20,11,0,True,ok
NG23 7,2,305000.0,227,52.81664436062782,25,245000.0,0.2448979591836735,False,20,25,1,True,ok
NW6 6,2,840000.0,317,97.03735247597032,23,675000.0,0.2444444444444444,False,20,23,0,True,ok
SY4 1,2,336000.0,132,60.706898649470745,27,270000.0,0.2444444444444444,False,20,27,0,True,ok
N6 4,2,930000.0,187,97.6761163158535,21,747500.0,0.2441471571906355,False,20,21,0,True,ok
LS25 3,2,325000.0,38,57.99367319625258,25,261250.0,0.2440191387559809,False,20,25,0,True,ok
YO13 0,2,311000.0,308,54.422679158048425,17,250000.0,0.244,False,20,17,0,True,ok
SE16 6,2,560000.0,173,89.33568560652148,6,450275.0,0.2436844150796735,False,20,6,0,True,ok
CT15 7,2,429000.0,153,77.04708602019711,23,345000.0,0.2434782608695651,False,20,23,0,True,ok
HX3 0,2,236250.0,360,33.67197955955712,27,190000.0,0.2434210526315789,False,20,27,1,True,ok
WS15 3,2,345000.0,153,62.16084681834773,32,277500.0,0.2432432432432432,False,20,32,0,True,ok
ST5 2,2,220000.0,419,28.555785375349803,17,177000.0,0.2429378531073447,False,20,17,0,True,ok
TN18 5,2,550000.0,84,88.66650444092954,23,442500.0,0.2429378531073447,False,20,23,0,True,ok
EC1M 4,2,850000.0,5,97.14077138337996,20,683875.0,0.2429171997806616,True,20,18,6,True,ok
E1W 1,2,707000.0,105,95.0237255140528,10,569000.0,0.242530755711775,False,20,10,3,True,ok
SA32 7,2,300000.0,99,51.65470251855457,25,241450.0,0.2424932698281217,False,20,25,0,True,ok
CW6 0,2,410000.0,297,73.84109989049763,25,330000.0,0.2424242424242424,False,20,25,0,True,ok
CF64 4,2,323000.0,318,57.36707628665288,25,260000.0,0.2423076923076923,False,20,25,0,True,ok
BL2 3,2,250000.0,421,37.717483878817376,20,201250.0,0.2422360248447204,False,20,20,0,True,ok
BA1 5,2,572500.0,284,90.14478647037352,18,461000.0,0.2418655097613882,False,20,18,0,True,ok
NP15 2,2,388125.0,50,70.60469643508944,24,312625.0,0.2415033986405437,False,20,24,0,True,ok
IP22 1,2,409655.0,258,73.54909356369387,20,330000.0,0.2413787878787878,False,20,20,0,True,ok
TN12 8,2,560000.0,79,89.33568560652148,16,451250.0,0.2409972299168974,False,20,16,0,True,ok
PR4 3,2,290000.0,443,48.89280934420246,28,233725.0,0.240774414375869,False,20,28,0,True,ok
NG17 3,2,229495.0,544,31.220343107434,19,185000.0,0.2405135135135134,False,20,19,0,True,ok
DT6 6,2,490000.0,143,84.0917386543375,13,395000.0,0.240506329113924,False,20,13,1,True,ok
EX13 8,2,491500.0,24,84.28640953887334,16,396250.0,0.2403785488958991,False,20,16,1,True,ok
OX7 4,2,555000.0,60,89.01326195400901,23,447500.0,0.2402234636871507,False,20,23,0,True,ok
RG2 6,2,465000.0,317,81.53059982966298,21,375000.0,0.24,False,20,21,0,True,ok
NW7 2,2,695000.0,210,94.72563572210731,25,560500.0,0.239964317573595,False,20,25,0,True,ok
NE61 2,2,272000.0,623,44.04428762623191,19,219372.5,0.2399001698025049,False,20,19,0,True,ok
LN2 2,2,305000.0,473,52.81664436062782,23,246000.0,0.2398373983739836,False,20,23,1,True,ok
HP23 6,2,602500.0,162,91.70215354666018,31,486000.0,0.2397119341563787,False,20,31,0,True,ok
LE2 2,2,375000.0,315,68.18956077381677,26,302498.75,0.2396745441096863,False,20,26,1,True,ok
BA2 4,2,585000.0,302,90.9295534736586,15,472000.0,0.2394067796610168,False,20,15,0,True,ok
CM16 6,2,513000.0,301,86.17836719795595,38,414000.0,0.2391304347826086,False,20,38,0,True,ok
E9 7,2,687500.0,312,94.518797907288,24,555000.0,0.2387387387387387,False,20,24,0,True,ok
NG5 2,2,220000.0,231,28.555785375349803,20,177625.0,0.2385643912737509,False,20,20,1,True,ok
NE38 9,2,202500.0,150,23.622095145394816,23,163497.5,0.2385510481811648,False,20,23,0,True,ok
DE73 8,2,334997.5,324,60.04380094902056,26,270500.0,0.2384380776340111,False,20,26,0,True,ok
DL3 8,2,295000.0,331,50.121669302834896,20,238248.75,0.2382016694736068,False,20,20,0,True,ok
RG14 3,2,585000.0,84,90.9295534736586,18,472500.0,0.2380952380952381,False,20,18,0,True,ok
B73 6,2,385000.0,402,70.2214381311595,20,311000.0,0.2379421221864952,False,20,20,0,True,ok
TS17 5,2,247500.0,631,36.67112787443728,16,200000.0,0.2375,False,20,16,0,True,ok
CF35 6,2,245000.0,603,36.05061442997932,29,198000.0,0.2373737373737374,False,20,29,0,True,ok
CM3 2,2,490000.0,339,84.0917386543375,31,396000.0,0.2373737373737374,False,20,31,0,True,ok
HD8 9,2,270950.0,721,43.94086871882224,24,219000.0,0.2372146118721461,False,20,24,0,True,ok
DY8 3,2,299975.0,478,51.02810560895487,11,242500.0,0.2370103092783504,False,20,11,0,True,ok
CF3 6,2,292995.0,349,49.62890862635357,20,236875.0,0.2369182058047494,False,20,20,0,True,ok
E4 7,2,560000.0,427,89.33568560652148,26,452750.0,0.236885698509111,False,20,26,0,True,ok
BD15 0,2,235000.0,224,33.14271809222533,15,190000.0,0.2368421052631579,False,20,15,0,True,ok
LL57 2,2,235000.0,255,33.14271809222533,7,190000.0,0.2368421052631579,False,20,7,0,True,ok
TW1 1,2,725000.0,399,95.376566492274,12,586225.0,0.2367265128576912,False,20,12,0,True,ok
WN2 2,2,218250.0,451,27.89877114004137,20,176500.0,0.2365439093484418,False,20,20,0,True,ok
HA2 7,2,660000.0,192,93.78269862513687,14,533750.0,0.2365339578454333,False,20,14,0,True,ok
TS11 8,2,185000.0,131,18.43289937948656,24,149612.5,0.2365276965494194,False,20,24,0,True,ok
TN39 4,2,400000.0,565,72.52707141988076,16,323500.0,0.2364760432766615,False,20,16,0,True,ok
PE9 4,2,366250.0,206,66.42535588271079,24,296250.0,0.2362869198312236,False,20,24,0,True,ok
PR3 0,2,298497.5,472,50.84560165470252,36,241462.5,0.236206450276958,False,20,36,0,True,ok
PO30 3,2,343000.0,72,61.82625623555177,20,277487.5,0.236091715843056,False,20,20,0,True,ok
HR1 4,2,377000.0,249,68.74315610171554,23,305000.0,0.2360655737704917,False,20,23,0,True,ok
M25 2,2,277000.0,120,45.49823579510889,22,224123.75,0.2359243498290564,False,20,22,0,True,ok
LA8 8,2,380000.0,115,69.34541915074827,21,307500.0,0.2357723577235773,False,20,21,0,True,ok
TA10 0,2,380000.0,154,69.34541915074827,23,307500.0,0.2357723577235773,False,20,23,0,True,ok
DE65 6,2,340000.0,490,61.309161698503466,40,275250.0,0.2352406902815622,False,20,40,0,True,ok
MK18 5,2,470000.0,47,82.10852901812873,34,380500.0,0.2352168199737188,False,20,34,0,True,ok
L1 3,2,190000.0,13,19.959849130064487,15,153829.5,0.235133703223374,True,20,15,2,True,ok
TS16 0,2,247000.0,649,36.56162550188588,25,200000.0,0.2350000000000001,False,20,25,0,True,ok
WC1E 7,2,1130000.0,15,98.4913006448473,17,915000.0,0.2349726775956284,True,20,17,9,True,ok
LE14 4,2,389000.0,260,70.66553108650687,28,315000.0,0.2349206349206349,False,20,28,0,True,ok
NG11 6,2,355000.0,669,64.21705803625746,22,287500.0,0.2347826086956521,False,20,22,0,True,ok
LS12 6,2,217000.0,116,27.539846696678428,19,175750.0,0.2347083926031294,False,20,19,0,True,ok
NE13 8,2,292000.0,163,49.47682199780995,18,236497.5,0.2346853560819881,False,20,18,0,True,ok
WD6 3,2,715750.0,166,95.19406253802168,29,580000.0,0.2340517241379309,False,20,29,0,True,ok
DE23 3,2,290000.0,253,48.89280934420246,22,235000.0,0.2340425531914893,False,20,22,0,True,ok
PL29 3,2,435000.0,55,77.95960579145881,8,352500.0,0.2340425531914893,False,20,8,0,True,ok
WA15 6,2,435000.0,522,77.95960579145881,21,352500.0,0.2340425531914893,False,20,21,0,True,ok
IG7 6,2,625000.0,132,92.6146733179219,28,506475.0,0.2340194481465027,False,20,28,0,True,ok
M41 5,2,346750.0,238,62.4832704708602,17,281000.0,0.2339857651245551,False,20,17,0,True,ok
CT3 1,2,415500.0,238,75.03345905827959,28,336810.25,0.2336322899911744,False,20,28,0,True,ok
NR2 2,2,290000.0,338,48.89280934420246,17,235250.0,0.2327311370882041,False,20,17,0,True,ok
NR2 3,2,290000.0,553,48.89280934420246,15,235250.0,0.2327311370882041,False,20,15,0,True,ok
HA5 1,2,755000.0,262,96.00924686701543,18,612500.0,0.2326530612244897,False,20,18,0,True,ok
S26 1,2,271000.0,76,43.96520257938922,20,219875.0,0.2325184764070493,False,20,20,0,True,ok
ST18 9,2,330000.0,195,59.15561503832583,33,267750.0,0.2324929971988796,False,20,33,0,True,ok
M20 5,2,395000.0,153,71.68146976517824,25,320500.0,0.2324492979719188,False,20,25,0,True,ok
CH64 6,2,382000.0,153,69.76517824552866,19,310000.0,0.2322580645161289,False,20,19,2,True,ok
SK6 4,2,325000.0,273,57.99367319625258,20,263750.0,0.2322274881516588,False,20,20,0,True,ok
HU9 5,2,160750.0,284,12.227764934906924,11,130500.0,0.2318007662835248,False,20,11,0,True,ok
RG7 3,2,465000.0,422,81.53059982966298,19,377500.0,0.2317880794701987,False,20,19,0,True,ok
B1 3,2,231472.5,260,32.27886604209758,16,187917.25,0.2317788813959336,False,20,16,3,True,ok
BA1 7,2,505000.0,255,85.6004380094902,30,410000.0,0.2317073170731707,False,20,30,0,True,ok
BD20 8,2,272500.0,313,44.11120574279109,26,221250.0,0.231638418079096,False,20,26,0,True,ok
SY4 3,2,345000.0,127,62.16084681834773,25,280125.0,0.2315930388219544,False,20,25,0,True,ok
TN20 6,2,585000.0,121,90.9295534736586,23,475000.0,0.2315789473684211,False,20,23,0,True,ok
FY8 3,2,250000.0,700,37.717483878817376,11,203000.0,0.2315270935960591,False,20,11,0,True,ok
HU17 8,2,310000.0,590,53.948168876992334,19,251750.0,0.2313803376365442,False,20,19,0,True,ok
IP7 7,2,394000.0,120,71.46854848521717,27,320000.0,0.2312499999999999,False,20,27,1,True,ok
CM23 1,2,570000.0,127,89.97444944640466,24,463000.0,0.2311015118790496,False,20,24,0,True,ok
CB3 0,2,600000.0,304,91.5439834529748,29,487500.0,0.2307692307692308,False,20,28,1,True,ok
WA5 9,2,260000.0,158,40.716632193697535,24,211250.0,0.2307692307692308,False,20,24,0,True,ok
MK1 1,2,392500.0,14,71.34687918238228,17,319000.0,0.2304075235109717,True,20,17,0,True,ok
TN26 1,2,475000.0,85,82.6621243460275,24,386198.5,0.229937454443764,False,20,24,0,True,ok
TA24 7,2,380000.0,57,69.34541915074827,27,309000.0,0.2297734627831715,False,20,27,0,True,ok
PO7 3,2,422475.0,172,75.95814575982479,14,343687.5,0.2292416803055101,False,20,14,0,True,ok
TS5 8,2,185000.0,553,18.43289937948656,21,150500.0,0.2292358803986711,False,20,21,2,True,ok
NP12 0,2,190500.0,270,20.397858620270107,27,155000.0,0.2290322580645161,False,20,27,0,True,ok
DA7 5,2,487000.0,392,83.85448351380947,18,396250.0,0.2290220820189275,False,20,18,0,True,ok
WA16 0,2,510000.0,376,85.96544591799488,27,415000.0,0.2289156626506023,False,20,27,0,True,ok
N10 3,2,830000.0,355,96.97651782455289,19,675500.0,0.2287194670614358,False,20,19,0,True,ok
TS18 4,2,180000.0,208,16.912033094050372,17,146500.0,0.2286689419795222,False,20,17,0,True,ok
L18 9,2,379000.0,116,68.99866163766882,20,308500.0,0.2285251215559156,False,20,20,0,True,ok
SO53 5,2,535000.0,182,87.71140041367563,24,435500.0,0.2284730195177955,False,20,24,0,True,ok
SK8 7,2,455000.0,311,80.72149896581092,17,370452.0,0.2282292982626628,False,20,17,0,True,ok
ME19 4,2,525000.0,493,87.06046964350894,12,427500.0,0.2280701754385965,False,20,12,0,True,ok
CH44 2,2,221000.0,146,29.13979802895729,19,180000.0,0.2277777777777778,False,20,19,0,True,ok
BB5 2,2,170000.0,329,14.296143083100135,16,138487.5,0.2275476126004152,False,20,16,0,True,ok
AL4 0,2,700000.0,388,94.8473050249422,28,570250.0,0.2275317843051294,False,20,28,0,True,ok
DE7 6,2,270000.0,495,43.569777345175815,31,220000.0,0.2272727272727273,False,20,31,0,True,ok
S33 0,2,382500.0,64,69.8260128969461,20,311750.0,0.2269446672012831,False,20,20,2,True,ok
CT18 8,2,392000.0,155,71.2677941355396,21,319500.0,0.2269170579029733,False,20,21,0,True,ok
HA7 3,2,687000.0,213,94.50054751186276,20,560000.0,0.2267857142857143,False,20,20,0,True,ok
SE1 8,2,757500.0,124,96.08224844871638,13,617500.0,0.2267206477732792,False,20,13,0,True,ok
LL61 5,2,257500.0,110,39.76761163158535,7,209950.0,0.226482495832341,False,20,7,0,True,ok
CM16 5,2,610000.0,171,92.03674412945614,9,497500.0,0.2261306532663316,False,20,9,0,True,ok
YO19 5,2,380000.0,146,69.34541915074827,21,310000.0,0.2258064516129032,False,20,21,0,True,ok
WR9 7,2,340000.0,598,61.309161698503466,37,277500.0,0.2252252252252251,False,20,37,0,True,ok
PR7 1,2,245000.0,246,36.05061442997932,19,200000.0,0.2250000000000001,False,20,19,0,True,ok
WV11 3,2,220500.0,352,29.078963377539846,25,180000.0,0.2250000000000001,False,20,25,1,True,ok
RG42 7,2,592500.0,68,91.19114247475362,22,483750.0,0.2248062015503875,False,20,22,0,True,ok
SE6 1,2,545000.0,402,88.21632802044044,15,445000.0,0.2247191011235956,False,20,15,0,True,ok
SE24 0,2,632500.0,312,92.96751429614308,22,516500.0,0.2245885769603097,False,20,22,0,True,ok
PR8 2,2,300000.0,439,51.65470251855457,14,244998.75,0.2244960433471599,False,20,14,0,True,ok
DN5 8,2,180000.0,432,16.912033094050372,21,147000.0,0.2244897959183673,False,20,21,1,True,ok
WA5 3,2,318247.5,818,55.80970921036622,19,260000.0,0.2240288461538462,False,20,19,0,True,ok
MK17 0,2,465000.0,232,81.53059982966298,49,380000.0,0.2236842105263157,False,20,49,1,True,ok
LL18 6,2,225000.0,153,30.14356977734517,16,183875.0,0.2236573759347382,False,20,16,0,True,ok
WA3 2,2,260000.0,557,40.716632193697535,16,212500.0,0.2235294117647059,False,20,16,0,True,ok
DN9 3,2,244997.5,378,35.77077503345906,22,200250.0,0.2234581772784019,False,20,22,0,True,ok
BR3 4,2,526000.0,587,87.23689013261954,19,430000.0,0.2232558139534883,False,20,19,0,True,ok
NE5 1,2,255000.0,896,39.06801314028471,24,208500.0,0.2230215827338129,False,20,24,0,True,ok
B3 1,2,233250.0,210,32.61345662489354,19,190834.5,0.2222632700062095,False,20,19,5,True,ok
DY3 3,2,275000.0,377,44.84730502494221,21,225000.0,0.2222222222222223,False,20,21,0,True,ok
GU34 4,2,605000.0,161,91.79340552378636,32,495000.0,0.2222222222222223,False,20,32,0,True,ok
LS28 7,2,220000.0,407,28.555785375349803,23,180000.0,0.2222222222222223,False,20,23,0,True,ok
S35 1,2,220000.0,295,28.555785375349803,19,180000.0,0.2222222222222223,False,20,19,0,True,ok
SK9 7,2,550000.0,345,88.66650444092954,27,450000.0,0.2222222222222223,False,20,27,0,True,ok
WF12 7,2,220000.0,521,28.555785375349803,21,180000.0,0.2222222222222223,False,20,21,0,True,ok
NG14 5,2,323247.5,464,57.40357707750334,21,264500.0,0.2221077504725896,False,20,21,0,True,ok
LE12 8,2,317725.0,782,55.724540698381794,30,260000.0,0.2220192307692308,False,20,30,0,True,ok
LL45 2,2,217500.0,26,27.661515999513327,14,178000.0,0.2219101123595506,False,20,14,0,True,ok
PO36 0,2,309000.0,154,53.44324127022752,19,253000.0,0.2213438735177866,False,20,19,0,True,ok
HP22 4,2,524995.0,251,86.90229954982358,36,430000.0,0.2209186046511628,False,20,36,0,True,ok
GL51 4,2,410000.0,89,73.84109989049763,22,336000.0,0.2202380952380953,False,20,22,0,True,ok
M3 2,2,312500.0,2,54.63560043800949,13,256125.0,0.2201073694485114,True,20,12,1,True,ok
WF4 4,2,255000.0,313,39.06801314028471,29,209000.0,0.2200956937799043,False,20,29,0,True,ok
L23 0,2,262250.0,196,41.4466480107069,27,215000.0,0.2197674418604651,False,20,27,0,True,ok
M28 3,2,250000.0,636,37.717483878817376,24,205000.0,0.2195121951219512,False,20,24,0,True,ok
PL6 5,2,250000.0,525,37.717483878817376,14,205000.0,0.2195121951219512,False,20,14,0,True,ok
SM6 8,2,475000.0,338,82.6621243460275,13,389500.0,0.2195121951219512,False,20,13,0,True,ok
ME15 0,2,499995.0,165,84.91300644847306,27,410000.0,0.2195,False,20,27,0,True,ok
AL8 6,2,504500.0,228,85.4909356369388,12,413750.0,0.2193353474320241,False,20,12,0,True,ok
BN23 6,2,320000.0,283,56.54580849251734,10,262500.0,0.2190476190476191,False,20,10,0,True,ok
M1 5,2,320000.0,358,56.54580849251734,26,262500.0,0.2190476190476191,False,20,25,3,True,ok
NG34 0,2,295000.0,231,50.121669302834896,28,242000.0,0.2190082644628099,False,20,28,0,True,ok
OX27 0,2,515000.0,52,86.35478768706655,29,422500.0,0.2189349112426035,False,20,29,0,True,ok
LE10 3,2,323000.0,314,57.36707628665288,37,265000.0,0.2188679245283018,False,20,37,0,True,ok
EX16 9,2,390000.0,123,70.97578780873586,31,320000.0,0.21875,False,20,31,0,True,ok
NR4 7,2,340000.0,593,61.309161698503466,17,279000.0,0.2186379928315411,False,20,17,0,True,ok
S42 7,2,340000.0,184,61.309161698503466,34,279000.0,0.2186379928315411,False,20,34,0,True,ok
DH1 5,2,199225.0,646,22.204647767368293,23,163497.5,0.2185201608587288,False,20,23,0,True,ok
CF3 3,2,265000.0,360,42.18274729285801,14,217500.0,0.2183908045977012,False,20,14,1,True,ok
IG1 3,2,600000.0,202,91.5439834529748,21,492500.0,0.218274111675127,False,20,21,0,True,ok
BL0 0,2,241750.0,272,35.2597639615525,24,198500.0,0.2178841309823678,False,20,24,0,True,ok
TR17 0,2,377500.0,32,68.87090886969217,13,310000.0,0.217741935483871,False,20,13,0,True,ok
L5 0,2,131500.0,20,5.876627326925417,18,108000.0,0.2175925925925925,False,20,18,3,True,ok
LA5 0,2,385000.0,209,70.2214381311595,8,316250.0,0.2173913043478261,False,20,8,0,True,ok
SY3 9,2,350000.0,266,63.219369753011314,18,287500.0,0.2173913043478261,False,20,18,0,True,ok
HA5 5,2,687500.0,214,94.518797907288,19,565000.0,0.2168141592920354,False,20,19,0,True,ok
WA2 8,2,247000.0,213,36.56162550188588,26,203000.0,0.2167487684729063,False,20,26,0,True,ok
RG24 7,2,547500.0,253,88.35016425355883,27,450000.0,0.2166666666666665,False,20,27,0,True,ok
L35 6,2,263000.0,48,41.59873463925052,20,216250.0,0.2161849710982659,False,20,20,0,True,ok
SK12 1,2,435000.0,799,77.95960579145881,28,357726.0,0.2160144915382165,False,20,28,0,True,ok
TR26 3,2,410000.0,73,73.84109989049763,15,337250.0,0.2157153446997777,False,20,15,0,True,ok
CR2 9,2,577500.0,252,90.49154398345296,20,475062.75,0.2156288827107577,False,20,20,0,True,ok
SA45 9,2,299000.0,73,50.90643630611997,10,246000.0,0.2154471544715446,False,20,10,0,True,ok
NW3 3,2,977500.0,244,98.05329115464168,28,804337.5,0.2152858719132204,False,20,28,1,True,ok
YO42 4,2,350000.0,165,63.219369753011314,21,288000.0,0.2152777777777776,False,20,21,0,True,ok
TF2 9,2,295000.0,725,50.121669302834896,20,242750.0,0.21524201853759,False,20,20,1,True,ok
EN7 5,2,565000.0,392,89.68244311960093,29,465000.0,0.2150537634408602,False,20,29,0,True,ok
DH4 6,2,196975.0,502,21.912641440564546,30,162123.75,0.2149669619657823,False,20,30,0,True,ok
BB12 0,2,170000.0,294,14.296143083100135,19,139975.0,0.2145025897481693,False,20,19,0,True,ok
CA7 2,2,255000.0,111,39.06801314028471,16,209975.0,0.214430289320157,False,20,16,0,True,ok
HG5 9,2,425000.0,214,76.45698990144787,21,350000.0,0.2142857142857142,False,20,21,0,True,ok
SA63 4,2,297500.0,36,50.71784888672588,20,245000.0,0.2142857142857142,False,20,20,0,True,ok
SK9 5,2,510000.0,309,85.96544591799488,16,420000.0,0.2142857142857142,False,20,16,0,True,ok
LE7 3,2,363000.0,491,65.74400778683538,31,299000.0,0.214046822742475,False,20,31,0,True,ok
NE4 9,2,197250.0,290,21.9613091616985,22,162500.0,0.2138461538461538,False,20,22,1,True,ok
SW20 0,2,795000.0,357,96.61759338118992,21,655000.0,0.2137404580152671,False,20,21,0,True,ok
SE22 8,2,625000.0,430,92.6146733179219,23,515000.0,0.2135922330097086,False,20,23,0,True,ok
WF3 4,2,257000.0,553,39.66419272417569,20,211875.0,0.2129793510324484,False,20,20,0,True,ok
CF23 8,2,294750.0,286,49.78707872003893,23,243000.0,0.212962962962963,False,20,23,0,True,ok
WF3 3,2,240150.0,446,35.089426937583646,26,198000.0,0.2128787878787879,False,20,26,0,True,ok
B17 0,2,285000.0,295,47.77345175812143,21,235000.0,0.2127659574468086,False,20,21,0,True,ok
CM3 1,2,485000.0,157,83.62331183842316,35,400000.0,0.2124999999999999,False,20,35,0,True,ok
CM3 3,2,485000.0,338,83.62331183842316,26,400000.0,0.2124999999999999,False,20,26,0,True,ok
SO31 9,2,442500.0,420,79.02421219126414,7,365000.0,0.2123287671232876,False,20,7,0,True,ok
TS20 1,2,165000.0,475,13.079450054751184,24,136125.0,0.2121212121212121,False,20,24,1,True,ok
WF3 1,2,243000.0,444,35.55177028835625,28,200500.0,0.2119700748129676,False,20,28,0,True,ok
HP6 5,2,730000.0,238,95.51040272539238,21,602500.0,0.2116182572614107,False,20,21,0,True,ok
LA3 2,2,201125.0,450,23.45784158656771,7,166000.0,0.2115963855421687,False,20,7,0,True,ok
OX17 1,2,433750.0,172,77.81968609319868,31,358012.5,0.2115498760518137,False,20,31,0,True,ok
DE72 2,2,315000.0,199,55.17094537048303,23,260000.0,0.2115384615384614,False,20,23,0,True,ok
S26 3,2,236250.0,84,33.67197955955712,22,195000.0,0.2115384615384614,False,20,22,0,True,ok
SO20 6,2,630000.0,167,92.87626231901692,28,520000.0,0.2115384615384614,False,20,28,0,True,ok
NG3 6,2,257000.0,489,39.66419272417569,23,212192.0,0.211167244759463,False,20,23,0,True,ok
DL5 7,2,142000.0,361,7.829419637425477,18,117250.0,0.211087420042644,False,20,18,0,True,ok
SW12 8,2,775000.0,623,96.28300279839397,19,640000.0,0.2109375,False,20,19,0,True,ok
L18 2,2,367500.0,82,66.61394330210489,24,303500.0,0.2108731466227347,False,20,24,1,True,ok
CT5 2,2,430525.0,380,77.60068134809588,10,355561.5,0.2108313189138868,False,20,10,0,True,ok
LL58 8,2,280000.0,131,46.40467210122886,7,231250.0,0.2108108108108108,False,20,7,1,True,ok
TW2 7,2,625000.0,321,92.6146733179219,18,516237.5,0.2106830673866195,False,20,18,0,True,ok
L16 4,2,319000.0,28,55.91312811777589,17,263500.0,0.2106261859582543,False,20,17,0,True,ok
HU1 1,2,115000.0,65,3.02956564058888,9,95000.0,0.2105263157894736,False,20,9,2,True,ok
HU1 3,2,115000.0,77,3.02956564058888,9,95000.0,0.2105263157894736,False,20,9,2,True,ok
RH17 7,2,575000.0,252,90.29687309891716,39,475000.0,0.2105263157894736,False,20,39,1,True,ok
EX17 4,2,374500.0,107,67.72721742304417,22,309375.0,0.2105050505050505,False,20,22,0,True,ok
HD9 3,2,325000.0,159,57.99367319625258,14,268500.0,0.2104283054003723,False,20,14,0,True,ok
TN14 6,2,730000.0,87,95.51040272539238,28,603153.0,0.2103065059777535,False,20,28,0,True,ok
SE22 0,2,625000.0,472,92.6146733179219,18,516500.0,0.2100677637947725,False,20,18,0,True,ok
CO10 5,2,425000.0,74,76.45698990144787,22,351250.0,0.209964412811388,False,20,22,1,True,ok
MK43 8,2,447500.0,342,79.51697286774547,31,370000.0,0.2094594594594594,False,20,31,0,True,ok
BS25 1,2,447497.5,238,79.48655554203674,23,370000.0,0.2094527027027026,False,20,23,1,True,ok
ST21 6,2,323750.0,216,57.44616133349556,33,267750.0,0.2091503267973855,False,20,33,0,True,ok
IP28 6,2,399000.0,191,72.15598004623433,32,330000.0,0.209090909090909,False,20,32,0,True,ok
MK46 4,2,404999.0,239,73.07458328263779,24,335000.0,0.2089522388059701,False,20,24,0,True,ok
TA13 5,2,373250.0,202,67.67246623676846,16,308750.0,0.2089068825910931,False,20,16,0,True,ok
LS28 9,2,220000.0,310,28.555785375349803,23,182000.0,0.2087912087912087,False,20,23,0,True,ok
NR11 7,2,383750.0,102,69.92334833921402,14,317500.0,0.2086614173228347,False,20,14,0,True,ok
M45 6,2,255000.0,200,39.06801314028471,13,211000.0,0.2085308056872037,False,20,13,0,True,ok
HX6 4,2,250000.0,253,37.717483878817376,40,206875.0,0.2084592145015105,False,20,40,0,True,ok
SL6 9,2,650000.0,196,93.44810804234092,28,537907.5,0.2083862002295933,False,20,28,0,True,ok
NP12 2,2,216250.0,394,27.454678184694004,25,178975.0,0.2082693113563347,False,20,25,0,True,ok
EX33 2,2,380000.0,194,69.34541915074827,10,314500.0,0.2082670906200319,False,20,10,0,True,ok
SR2 9,2,162500.0,225,12.471103540576712,13,134500.0,0.20817843866171,False,20,13,0,True,ok
E3 5,2,570000.0,345,89.97444944640466,19,472000.0,0.2076271186440677,False,20,19,0,True,ok
PL9 8,2,332075.0,778,59.75179462221681,13,275000.0,0.2075454545454544,False,20,13,0,True,ok
L39 7,2,338000.0,59,60.87723567343959,36,280000.0,0.207142857142857,False,20,35,3,True,ok
SY13 4,2,382500.0,114,69.8260128969461,23,316900.0,0.2070053644682865,False,20,23,0,True,ok
OX25 4,2,519000.0,58,86.57987589731111,19,430000.0,0.2069767441860466,False,20,19,0,True,ok
SE3 8,2,565000.0,253,89.68244311960093,20,468125.0,0.2069425901201602,False,20,20,0,True,ok
NR4 6,2,350000.0,429,63.219369753011314,22,290000.0,0.2068965517241379,False,20,22,0,True,ok
KT8 9,2,722500.0,215,95.32789877114004,30,598725.0,0.2067309699778696,False,20,30,0,True,ok
WA5 8,2,285000.0,267,47.77345175812143,12,236250.0,0.2063492063492062,False,20,12,0,True,ok
BS4 2,2,395000.0,406,71.68146976517824,22,327500.0,0.2061068702290076,False,20,22,0,True,ok
NE29 9,2,249000.0,268,36.94488380581579,19,206500.0,0.2058111380145277,False,20,19,0,True,ok
N16 0,2,705000.0,251,94.9689743277771,17,585000.0,0.205128205128205,False,20,17,0,True,ok
SK4 2,2,332000.0,328,59.721377296508095,19,275500.0,0.2050816696914701,False,20,19,0,True,ok
CW3 0,2,390000.0,120,70.97578780873586,23,323750.0,0.2046332046332046,False,20,23,0,True,ok
DA5 3,2,530000.0,321,87.43156101715537,17,440000.0,0.2045454545454545,False,20,17,0,True,ok
TS8 9,2,190000.0,756,19.959849130064487,22,157750.0,0.2044374009508716,False,20,22,0,True,ok
EC1V 0,2,855000.0,36,97.18335563937218,20,710000.0,0.204225352112676,False,20,19,5,True,ok
LS6 3,2,270000.0,207,43.569777345175815,20,224250.0,0.2040133779264215,False,20,20,1,True,ok
CV35 7,2,472500.0,250,82.40053534493246,36,392500.0,0.2038216560509553,False,20,36,0,True,ok
RG17 7,2,495000.0,81,84.52366467940139,26,411250.0,0.2036474164133739,False,20,26,0,True,ok
L18 7,2,355000.0,71,64.21705803625746,18,295000.0,0.2033898305084744,False,20,18,1,True,ok
YO62 5,2,355000.0,149,64.21705803625746,25,295000.0,0.2033898305084744,False,20,25,0,True,ok
HR6 9,2,370000.0,201,67.1067039785862,28,307497.5,0.2032618151367085,False,20,28,0,True,ok
BH8 9,2,400000.0,330,72.52707141988076,16,332500.0,0.2030075187969924,False,20,16,1,True,ok
SG14 3,2,500000.0,383,85.14417812385935,34,415625.0,0.2030075187969924,False,20,34,0,True,ok
CW4 7,2,319995.0,405,56.03479742061078,17,266000.0,0.2029887218045112,False,20,17,0,True,ok
TR12 6,2,399950.0,163,72.18639737194306,13,332500.0,0.2028571428571428,False,20,13,0,True,ok
NP7 0,2,318750.0,164,55.86446039664192,23,265000.0,0.2028301886792451,False,20,23,0,True,ok
BS25 5,2,445000.0,113,79.26146733179219,21,370000.0,0.2027027027027026,False,20,21,1,True,ok
LD3 8,2,237500.0,132,33.79364886239202,27,197500.0,0.2025316455696202,False,20,27,0,True,ok
RG42 5,2,583200.0,187,90.80180070568196,26,485000.0,0.2024742268041237,False,20,26,0,True,ok
GU52 6,2,505000.0,271,85.6004380094902,21,420000.0,0.2023809523809523,False,20,21,0,True,ok
E16 2,2,498875.0,1068,84.80350407592164,12,415000.0,0.2021084337349397,False,20,12,1,True,ok
GU24 0,2,560000.0,107,89.33568560652148,35,466000.0,0.2017167381974249,False,20,35,0,True,ok
BD24 0,2,364999.0,90,65.84742669424503,20,303750.0,0.2016427983539095,False,20,20,0,True,ok
SA67 8,2,302500.0,170,52.4333860566979,22,251750.0,0.201588877855015,False,20,22,1,True,ok
SE21 8,2,615000.0,398,92.18883075799975,16,512000.0,0.201171875,False,20,16,0,True,ok
KT17 2,2,657500.0,277,93.72186397371944,22,547500.0,0.2009132420091324,False,20,22,0,True,ok
B74 3,2,365000.0,513,66.10293223019832,23,304000.0,0.200657894736842,False,20,23,0,True,ok
RM1 4,2,515000.0,463,86.35478768706655,18,429000.0,0.2004662004662005,False,20,18,0,True,ok
